도형번호,지형지물부호,관리번호,행정읍면동,도엽번호,관리기관,설치일자,위치구분,표지종류,지주형식,높이,규격
1151,AE210,8.89E+11,41590259,376161482C,MNG244,2016-01-01,PLC001,AEC014,IPG011,0,2100X450(6)
1152,AE210,8.89E+11,41590259,376161482C,MNG244,2016-01-01,PLC001,AEC014,IPG011,0,1050X260(5)
1153,AE210,8.89E+11,41590259,376161482C,MNG244,2016-01-01,PLC001,AEC014,IPG010,0,2100X450(6)
1154,AE210,8.89E+11,41590259,376161482C,MNG244,2016-01-01,PLC002,AEC014,IPG010,0,1050X260(5)
1155,AE210,2.12E+11,41590259,376161414C,MNG244,2014-06-01,PLC001,AEC012,IPG002,7,6.5X2.0/2.0X0.5
1156,AE210,99920150916,41590320,376160315B,MNG244,1990-01-01,PLC000,AEC000,IPG000,0, 
1157,AE210,99920150918,41590320,376160305D,MNG244,1990-01-01,PLC000,AEC000,IPG000,0, 
1158,AE210,100197,41590570,376160577D,MNG244,1900-01-01,PLC002,AEC005,IPG001,1.8,사각형1.10X1.70
1159,AE210,100071,41590259,376161516D,MNG244,1996-01-01,PLC001,AEC003,IPG004,2,사각형1.00X0.50
1160,AE210,1.00E+12,41590256,376161725B,MNG244,2010-01-01,PLC001,AEC007,IPG002,4.5,250*150
1161,AE210,500145,41590540,377130271A,MNG244,1900-01-01,PLC001,AEC004,IPG002,5.2,사각형3.6×2.2
1162,AE210,500106,41590530,377130198A,MNG244,1900-01-01,PLC001,AEC006,IPG001,2,오각형0.26×0.44
1163,AE210,500033,41590570,377130154B,MNG244,1900-01-01,PLC002,AEC004,IPG002,5.2,사각형3.0×2.0
1164,AE210,200111,41590400,376161949A,MNG244,1900-01-01,PLC001,AEC004,IPG002,5,3.6X2.2
1165,AE210,100032,41590253,376160928B,MNG244,1900-01-01,PLC001,AEC006,IPG001,1.5,오각형0.26X0.44
1166,AE210,100041,41590253,376160908D,MNG244,1900-01-01,PLC001,AEC006,IPG002,5,사각형3.60X2.20
1167,AE210,500107,41590530,377130188A,MNG244,1900-01-01,PLC001,AEC004,IPG002,5.2,사각형0.45×2.2
1168,AE210,100061,41590253,376160479B,MNG244,1900-01-01,PLC001,AEC006,IPG001,1.5,오각형0.26X0.44
1169,AE210,200086,41590259,376161569A,MNG244,1900-01-01,PLC001,AEC004,IPG002,5,3.6X2.2
1170,AE210,99920150833,41590262,376160743D,MNG244,1990-01-01,PLC000,AEC000,IPG000,0, 
1171,AE210,99920150834,41590262,376160743D,MNG244,1990-01-01,PLC000,AEC000,IPG000,0, 
1172,AE210,401019,41590259,376161431D,MNG244,2004-07-31,PLC001,AEC004,IPG004,10,5mX2.5m
1173,AE210,8.89E+11,41590259,376161463C,MNG244,2016-01-01,PLC001,AEC014,IPG011,0,1150X260(6)
1174,AE210,8.89E+11,41590259,376161463C,MNG244,2016-01-01,PLC001,AEC014,IPG010,0,1650X450(5)
1175,AE210,2.15E+11,41590588,377130391B,MNG244,2014-01-01,PLC001,AEC004,IPG003,6.5,4.5X2.0
1176,AE210,2.15E+11,41590590,377130392B,MNG244,2014-01-01,PLC001,AEC004,IPG003,6.5,4.5X2.0
1177,AE210,8.89E+11,41590259,376161464C,MNG244,2016-01-01,PLC001,AEC014,IPG010,0,950X260(6)
1178,AE210,500112,41590550,377130223C,MNG244,1900-01-01,PLC002,AEC004,IPG003,5.2,3.7×1.35
1179,AE210,500115,41590550,377130223C,MNG244,1900-01-01,PLC001,AEC003,IPG005,5.2,3.6×2.2
1180,AE210,500114,41590550,377130223C,MNG244,1900-01-01,PLC002,AEC003,IPG002,5.2,3.6×2.2
1181,AE210,99920151094,41590350,376150948D,MNG244,1990-01-01,PLC000,AEC000,IPG000,0, 
1182,AE210,2.12E+11,41590330,376160195A,MNG244,2012-12-10,PLC001,AEC007,IPG001,5.3,0.7X0.26
1183,AE210,402045,41590520,377130169A,MNG244,2006-06-20,PLC001,AEC004,IPG002,0, 
1184,AE210,99920150766,41590310,376122422D,MNG244,1990-01-01,PLC000,AEC000,IPG000,0, 
1185,AE210,99920150767,41590310,376122422D,MNG244,1990-01-01,PLC000,AEC000,IPG000,0, 
1186,AE210,99920150768,41590310,376122413C,MNG244,1990-01-01,PLC000,AEC000,IPG000,0, 
1187,AE210,8.89E+11,41590259,376161482D,MNG244,2016-01-01,PLC002,AEC014,IPG011,0,900X260(5)
1188,AE210,100202,41590560,376160577A,MNG244,2004-01-01,PLC001,AEC004,IPG003,5,사각형3.70X1.35
1189,AE210,100079,41590410,376161048B,MNG244,2004-01-01,PLC001,AEC004,IPG002,5,사각형3.60X2.20
1190,AE210,100077,41590253,376160597C,MNG244,2001-01-01,PLC001,AEC004,IPG002,5,사각형3.60X2.20
1191,AE210,8.89E+11,41590259,376161464B,MNG244,2016-01-01,PLC001,AEC014,IPG011,0,950X260(6)
1192,AE210,2.15E+11,41590588,377130803B,MNG244,2014-01-01,PLC002,AEC004,IPG003,6.5,4.5X2.0
1193,AE210,99920150105,41590256,376161678C,MNG244,1990-01-01,PLC000,AEC000,IPG000,0, 
1194,AE210,200074,41590259,376161442C,MNG244,1900-01-01,PLC001,AEC004,IPG002,5,5.0X2.5
1195,AE210,200005,41590360,376160817D,MNG244,1900-01-01,PLC001,AEC002,IPG004,2,3.6X2.2
1196,AE210,100103,41590410,376161068C,MNG244,1900-01-01,PLC001,AEC004,IPG002,5,사각형5.00X2.50
1197,AE210,2.15E+11,41590588,377130394D,MNG244,2014-01-01,PLC001,AEC004,IPG002,6.5,4.5X2.0
1198,AE210,99920150339,41590360,376161405A,MNG244,1990-01-01,PLC000,AEC000,IPG000,0, 
1199,AE210,99920150392,41590360,376160994D,MNG244,1990-01-01,PLC000,AEC000,IPG000,0, 
1200,AE210,99920150393,41590360,376160994D,MNG244,1990-01-01,PLC000,AEC000,IPG000,0, 
1201,AE210,200108,41590400,376162031C,MNG244,1900-01-01,PLC001,AEC004,IPG002,5,3.6X2.2
1202,AE210,99920150761,41590310,376122432B,MNG244,1990-01-01,PLC000,AEC000,IPG000,0, 
1203,AE210,8.89E+11,41590259,376161482C,MNG244,2016-01-01,PLC001,AEC014,IPG011,0,1150X260(6)
1204,AE210,8.89E+11,41590259,376161462A,MNG244,2016-01-01,PLC003,AEC004,IPG005,5,3300X2800
1944,AE210,99920151024,41590330,376160185D,MNG244,1990-01-01,PLC000,AEC000,IPG000,0, 
1945,AE210,99920151025,41590330,376160185D,MNG244,1990-01-01,PLC000,AEC000,IPG000,0, 
1946,AE210,99920151026,41590330,376160185D,MNG244,1990-01-01,PLC000,AEC000,IPG000,0, 
1947,AE210,99920151023,41590330,376160185C,MNG244,1990-01-01,PLC000,AEC000,IPG000,0, 
1948,AE210,99920151027,41590330,376160184D,MNG244,1990-01-01,PLC000,AEC000,IPG000,0, 
1949,AE210,99920151028,41590330,376160183B,MNG244,1990-01-01,PLC000,AEC000,IPG000,0, 
1950,AE210,99920150082,41590370,376161793B,MNG244,1990-01-01,PLC000,AEC000,IPG000,0, 
1951,AE210,2.15E+11,41590600,377130728B,MNG244,2014-01-01,PLC001,AEC004,IPG002,5,3.0X2.0
1952,AE210,2.15E+11,41590600,377130298B,MNG244,2014-01-01,PLC002,AEC004,IPG002,5,3.0X2.0
1953,AE210,100020,41590253,376160965A,MNG244,2001-01-01,PLC002,AEC004,IPG002,5,사각형3.60X2.20
1954,AE210,100078,41590253,376161007B,MNG244,2001-01-01,PLC001,AEC004,IPG002,5,사각형3.60X2.20
1955,AE210,200092,41590400,376161585C,MNG244,1900-01-01,PLC001,AEC004,IPG002,5,5.0X2.5
1956,AE210,99920151147,41590340,376150566C,MNG244,1990-01-01,PLC000,AEC000,IPG000,0, 
1957,AE210,99920151158,41590340,376150565D,MNG244,1990-01-01,PLC000,AEC000,IPG000,0, 
1958,AE210,8.89E+11,41590259,376161461A,MNG135,2011-03-09,PLC001,AEC004,IPG002,0,4.0*2.5+2.1*0.7
1959,AE210,8.89E+11,41590259,376161461A,MNG135,2011-03-09,PLC001,AEC006,IPG004,0,3.7*1.0
1960,AE210,8.89E+11,41590259,376161461A,MNG135,2011-03-09,PLC001,AEC004,IPG002,0,4.0*2.5+2.1*0.7
1961,AE210,99920150802,41590360,376160827C,MNG244,1990-01-01,PLC000,AEC000,IPG000,0, 
1962,AE210,411118,41590585,377130267C,MNG244,2007-04-01,PLC002,AEC004,IPG003,5.55,3.70X1.35
1963,AE210,411119,41590585,377130266B,MNG244,2007-04-01,PLC001,AEC004,IPG003,5.55,3.70X1.35
1964,AE210,411120,41590585,377130266B,MNG244,2007-04-01,PLC001,AEC004,IPG002,5.55,3.70X1.35
1965,AE210,8.89E+11,41590259,376161464A,MNG244,2016-01-01,PLC001,AEC014,IPG010,0,900X260(5)
1966,AE210,100131,41590253,376160513C,MNG244,1900-01-01,PLC001,AEC004,IPG002,5,사각형3.60X2.20
1967,AE210,200016,41590360,376160870A,MNG244,2001-01-01,PLC001,AEC004,IPG002,5,3.6X2.2
1968,AE210,200019,41590360,376160870A,MNG244,1900-01-01,PLC001,AEC004,IPG002,5,3.6X2.2
1969,AE210,99920150091,41590256,376161690C,MNG244,1990-01-01,PLC000,AEC000,IPG000,0, 
1970,AE210,8.89E+11,41590259,376161463A,MNG244,2016-01-01,PLC001,AEC004,IPG002,5,3700X1400
1971,AE210,8.89E+11,41590259,376161464B,MNG244,2016-01-01,PLC001,AEC014,IPG011,0,1250X450(5)
1972,AE210,99920150953,41590262,376160257D,MNG244,1990-01-01,PLC000,AEC000,IPG000,0, 
1973,AE210,8.89E+11,41590259,376161482C,MNG244,2016-01-01,PLC002,AEC014,IPG011,0,1050X260(5)
1974,AE210,8.89E+11,41590259,376161472B,MNG244,2016-01-01,PLC002,AEC014,IPG011,0,1150X260(6)
1975,AE210,99920151153,41590340,376150566D,MNG244,1990-01-01,PLC000,AEC000,IPG000,0, 
1976,AE210,9.00E+13,41590000,377130831B,MNG305,2016-01-01,PLC002,AEC004,IPG002,5.5,4.45X2.2
1977,AE210,9.00E+13,41590000,377130832B,MNG305,2016-01-01,PLC001,AEC004,IPG003,5,3.7X1.35
1978,AE210,2.11E+11,41590550,377130243C,MNG244,2015-01-01,PLC002,AEC004,IPG002,5,4.45X2.20
1979,AE210,500121,41590550,377130243B,MNG244,1900-01-01,PLC002,AEC004,IPG002,5.2,사각형3.6×2.2
1980,AE210,99920150926,41590262,376160274A,MNG244,1990-01-01,PLC000,AEC000,IPG000,0, 
1981,AE210,8.89E+11,41590259,376161481C,MNG244,2016-01-01,PLC001,AEC014,IPG010,0,1150X260(6)
1982,AE210,5.32E+11,41590350,376150926C,MNG244,2015-01-01,PLC001,AEC004,IPG003,5.41,4.5X1.4
1983,AE210,8.89E+11,41590259,376161492B,MNG244,2016-01-01,PLC001,AEC014,IPG011,0,2000X450(5)
1984,AE210,99920150360,41590259,376161350B,MNG244,1990-01-01,PLC000,AEC000,IPG000,0, 
1985,AE210,99920150013,41590360,376160869A,MNG244,1990-01-01,PLC000,AEC000,IPG000,0, 
1986,AE210,99920150012,41590360,376160858D,MNG244,1990-01-01,PLC000,AEC000,IPG000,0, 
1987,AE210,8.89E+11,41590259,376161482C,MNG244,2016-01-01,PLC001,AEC014,IPG011,0,2000X450(5)
1988,AE210,200080,41590259,376161557B,MNG244,1900-01-01,PLC002,AEC004,IPG002,5,3.6X2.2
1989,AE210,401023,41590259,376161441B,MNG244,2004-07-31,PLC002,AEC004,IPG002,10,5mX2.5m
1990,AE210,2.15E+11,41590590,377130382B,MNG244,2014-01-01,PLC001,AEC002,IPG003,5.5,4.5X2.0
1991,AE210,2.15E+11,41590590,377130381B,MNG244,2014-01-01,PLC001,AEC002,IPG003,6.5,4.5X2.0
1992,AE210,2.15E+11,41590590,377130381B,MNG244,2014-01-01,PLC002,AEC002,IPG003,6.5,4.5X2.0
1993,AE210,100016,41590253,376160958C,MNG244,1900-01-01,PLC001,AEC006,IPG001,2,사각형1.20X1.00
1994,AE210,8.89E+11,41590259,376161463A,MNG244,2016-01-01,PLC002,AEC004,IPG002,5,4500X1400
1995,AE210,100088,41590410,376161048D,MNG244,1900-01-01,PLC002,AEC004,IPG002,5,사각형3.60X2.20
1996,AE210,100046,41590253,376160903A,MNG244,2003-01-01,PLC001,AEC006,IPG001,2,사각형1.20X1.00
1997,AE210,500157,41590570,377130192D,MNG244,1900-01-01,PLC002,AEC011,IPG001,2,사각형1.2×1.2
2738,AE210,2.12E+11,41590360,376161405C,MNG244,2014-06-01,PLC002,AEC004,IPG004,2.2,1.6X0.6
2739,AE210,2.12E+11,41590360,376161405C,MNG244,2014-06-01,PLC002,AEC004,IPG002,7.7,4.0X2.5
2740,AE210,810032,41590262,376160706B,MNG244,2015-02-01,PLC001,AEC004,IPG002,6,5.55X1.35
2741,AE210,810033,41590262,376160296D,MNG244,2015-02-01,PLC001,AEC007,IPG004,2.5,1.0X0.8
2742,AE210,99920151083,41590350,376151001A,MNG244,1990-01-01,PLC000,AEC000,IPG000,0, 
2743,AE210,99920151092,41590350,376150958B,MNG244,1990-01-01,PLC000,AEC000,IPG000,0, 
2744,AE210,200044,41590259,376161320D,MNG244,1900-01-01,PLC002,AEC003,IPG004,0, 
2745,AE210,500171,41590410,377130621D,MNG244,2004-01-01,PLC002,AEC011,IPG001,2,사각형1.1×1.7
2746,AE210,500065,41590540,377130170C,MNG244,1900-01-01,PLC002,AEC004,IPG002,5.2,사각형3.7×1.35
2747,AE210,100050,41590253,376160909A,MNG244,1900-01-01,PLC001,AEC004,IPG002,5,사각형5.00X2.50
2748,AE210,8.89E+11,41590259,376161481A,MNG244,2016-01-01,PLC002,AEC014,IPG010,0,1250X450(5)
2749,AE210,8.89E+11,41590259,376161463C,MNG244,2016-01-01,PLC001,AEC014,IPG011,0,1150X260(6)
2750,AE210,8.89E+11,41590259,376161463C,MNG244,2016-01-01,PLC002,AEC014,IPG011,0,1150X260(6)
2751,AE210,8.89E+11,41590259,376161471C,MNG244,2016-01-01,PLC002,AEC014,IPG010,0,700X260(5)
2752,AE210,8.89E+11,41590259,376161471C,MNG244,2016-01-01,PLC001,AEC014,IPG010,0,700X260(5)
2753,AE210,8.89E+11,41590259,376161471C,MNG244,2016-01-01,PLC001,AEC014,IPG010,0,700X260(5)
2754,AE210,8.89E+11,41590259,376161471C,MNG244,2016-01-01,PLC001,AEC014,IPG010,0,950X260(6)
2755,AE210,411026,41590586,377130715B,MNG244,2007-04-01,PLC002,AEC004,IPG003,5.55,5.55X1.35
2756,AE210,411027,41590586,377130715B,MNG244,2007-04-01,PLC001,AEC004,IPG003,5.55,5.55X1.35
2757,AE210,411028,41590586,377130715B,MNG244,2007-04-01,PLC001,AEC004,IPG003,5.55,5.55X1.35
2758,AE210,411029,41590586,377130715C,MNG244,2007-04-01,PLC001,AEC004,IPG003,5.55,5.55X1.35
2759,AE210,500076,41590520,377130177C,MNG244,1900-01-01,PLC002,AEC004,IPG002,5.2,사각형4.45×2.2
2760,AE210,99920150418,41590360,376160890C,MNG244,1990-01-01,PLC000,AEC000,IPG000,0, 
2761,AE210,99920150419,41590360,376160890C,MNG244,1990-01-01,PLC000,AEC000,IPG000,0, 
2762,AE210,99920150329,41590259,376161416B,MNG244,1990-01-01,PLC000,AEC000,IPG000,0, 
2763,AE210,99920150875,41590320,376160385A,MNG244,1990-01-01,PLC000,AEC000,IPG000,0, 
2764,AE210,99920150882,41590320,376160355A,MNG244,1990-01-01,PLC000,AEC000,IPG000,0, 
2765,AE210,99920150890,41590320,376160345D,MNG244,1990-01-01,PLC000,AEC000,IPG000,0, 
2766,AE210,99920150891,41590320,376160345B,MNG244,1990-01-01,PLC000,AEC000,IPG000,0, 
2767,AE210,99920150892,41590320,376160335D,MNG244,1990-01-01,PLC000,AEC000,IPG000,0, 
2768,AE210,99920150902,41590320,376160326C,MNG244,1990-01-01,PLC000,AEC000,IPG000,0, 
2769,AE210,100092,41590410,376161068A,MNG244,1900-01-01,PLC002,AEC004,IPG002,5,사각형3.60X2.20
2770,AE210,99920151193,41590340,376150423B,MNG244,1990-01-01,PLC000,AEC000,IPG000,0, 
2771,AE210,99920150333,41590253,376161416B,MNG244,1990-01-01,PLC000,AEC000,IPG000,0, 
2772,AE210,411139,41590585,377130285A,MNG244,2007-04-01,PLC001,AEC004,IPG003,5.55,5.55X1.35
2773,AE210,99920150818,41590320,376160806A,MNG244,1990-01-01,PLC000,AEC000,IPG000,0, 
2774,AE210,8.89E+11,41590259,376161465C,MNG244,2016-01-01,PLC002,AEC014,IPG011,0,1700X450(6)
2775,AE210,2.15E+11,41590588,377130804D,MNG244,2014-01-01,PLC002,AEC004,IPG002,6.5,4.5X2.0
2776,AE210,100205,41590253,376160577A,MNG244,1900-01-01,PLC002,AEC004,IPG003,5,사각형3.70X1.35
2777,AE210,100048,41590253,376160499C,MNG244,1900-01-01,PLC002,AEC004,IPG001,2.5,사각형1.10X1.70
2778,AE210,200088,41590400,376161569A,MNG244,1900-01-01,PLC002,AEC004,IPG002,5,3.6X2.2
2779,AE210,8.89E+11,41590259,376161901A,MNG244,2016-01-01,PLC002,AEC014,IPG010,0,700X260(5)
2780,AE210,2.15E+11,41590588,377130394A,MNG244,2014-01-01,PLC001,AEC004,IPG003,6.5,4.5X2.0
2781,AE210,2.15E+11,41590588,377130394A,MNG244,2014-01-01,PLC002,AEC004,IPG003,6.5,4.5X2.0
2782,AE210,9.99E+11,41590330,376160666C,MNG244,2016-11-01,PLC001,AEC004,IPG003,6,3.7*1.4
2783,AE210,200011,41590360,376160951C,MNG244,2001-01-01,PLC002,AEC007,IPG001,2, 
2784,AE210,500082,41590520,377130177D,MNG244,1900-01-01,PLC001,AEC004,IPG003,5.2,사각혁5.55×1.35
2785,AE210,8.89E+11,41590259,376161425D,MNG244,2009-01-01,PLC001,AEC005,IPG001,0, 
2786,AE210,8.89E+11,41590259,376161425C,MNG244,2009-01-01,PLC001,AEC004,IPG002,5,3.6*2.2
2787,AE210,2.12E+11,41590330,376160623A,MNG244,2013-06-01,PLC002, ,IPG003,10,1.05x0.26
2788,AE210,8.89E+11,41590259,376161474A,MNG244,2016-01-01,PLC001,AEC014,IPG011,0,2000X450(5)
2789,AE210,402048,41590540,377130180A,MNG244,2006-06-20,PLC002,AEC004,IPG002,0, 
2790,AE210,99920150856,41590330,376160619D,MNG244,1990-01-01,PLC000,AEC000,IPG000,0, 
2791,AE210,99920150858,41590330,376160619A,MNG244,1990-01-01,PLC000,AEC000,IPG000,0, 
2792,AE210,2.15E+11,41590588,377130200D,MNG244,2014-01-01,PLC002,AEC004,IPG003,6.5,4.5X2.0
370,AE210,99920150300,41590259,376161437D,MNG244,1990-01-01,PLC000,AEC000,IPG000,0, 
371,AE210,99920150298,41590259,376161437B,MNG244,1990-01-01,PLC000,AEC000,IPG000,0, 
372,AE210,99920150301,41590259,376161436D,MNG244,1990-01-01,PLC000,AEC000,IPG000,0, 
373,AE210,99920150302,41590259,376161436D,MNG244,1990-01-01,PLC000,AEC000,IPG000,0, 
374,AE210,99920150580,41590370,376161200A,MNG244,1990-01-01,PLC000,AEC000,IPG000,0, 
375,AE210,99920150001,41590330,376151026C,MNG244,1990-01-01,PLC000,AEC000,IPG000,0, 
376,AE210,8.89E+11,41590259,376161472D,MNG244,2016-01-01,PLC001,AEC014,IPG011,0,1150X260(6)
377,AE210,8.89E+11,41590259,376161473A,MNG244,2016-01-01,PLC002,AEC014,IPG011,0,1050X260(5)
378,AE210,2.15E+11,41590600,377130710B,MNG244,2014-01-01,PLC001,AEC004,IPG003,6.5,3.5X2.0
379,AE210,8.89E+11,41590259,376161360D,MNG135,2011-03-09,PLC002,AEC004,IPG002,0,4.0*2.5
380,AE210,8.89E+11,41590259,376161370A,MNG135,2011-03-09,PLC001,AEC004,IPG002,0,3.7*1.0
381,AE210,8.89E+11,41590259,376161370A,MNG135,2011-03-09,PLC001,AEC004,IPG002,0,3.6*2.2+1.8*0.6
382,AE210,8.89E+11,41590259,376161461C,MNG135,2011-03-09,PLC002,AEC006,IPG004,0,3.7*1.0
383,AE210,99920150552,41590256,376161272D,MNG244,1990-01-01,PLC000,AEC000,IPG000,0, 
384,AE210,5.11E+11,41590600,377130758D,MNG244,2014-01-01,PLC002,AEC004,IPG002,7.7,4.45x2.2
385,AE210,300049,41590350,376151051C,MNG244,1900-01-01,PLC002,AEC004,IPG002,5,5.0X2.5
386,AE210,8.89E+11,41590259,376161464B,MNG244,2016-01-01,PLC002,AEC014,IPG011,0,2000X450(5)
387,AE210,99920150841,41590262,376160739D,MNG244,1990-01-01,PLC000,AEC000,IPG000,0, 
388,AE210,99920150844,41590262,376160730C,MNG244,1990-01-01,PLC000,AEC000,IPG000,0, 
389,AE210,99920150845,41590262,376160730C,MNG244,1990-01-01,PLC000,AEC000,IPG000,0, 
390,AE210,99920150846,41590262,376160730C,MNG244,1990-01-01,PLC000,AEC000,IPG000,0, 
391,AE210,2.12E+11,41590256,376161266B,MNG244,2010-01-01,PLC002,AEC005,IPG004,2.5,2.2x1.2
392,AE210,411148,41590585,377130705A,MNG244,2007-04-01,PLC002,AEC004,IPG003,5.55,5.55X1.35
393,AE210,411149,41590585,377130705A,MNG244,2007-04-01,PLC002,AEC004,IPG003,5.55,5.55X1.35
394,AE210,411150,41590585,377130704A,MNG244,2007-04-01,PLC001,AEC004,IPG003,5.55,5.55X1.35
395,AE210,411151,41590586,377130704A,MNG244,2007-04-01,PLC001,AEC004,IPG003,5.55,5.55X1.35
396,AE210,100196,41590570,376160588A,MNG244,1900-01-01,PLC002,AEC004,IPG002,5,사각형4.45X2.20
397,AE210,5.11E+11,41590600,377130739B,MNG244,2014-01-01,PLC002,AEC004,IPG006,0,1.8X0.6
398,AE210,8.89E+11,41590256,376161726C,MNG244,2010-01-01,PLC002,AEC999,IPG002,0,"어린이보호구역,여기부터400m,속도를"
399,AE210,8.89E+11,41590256,376161725D,MNG244,2010-01-01,PLC002,AEC999,IPG001,2.5,"어린이보호구역,과속방지턱,30Km"
400,AE210,99920150724,41590320,376160328A,MNG244,1990-01-01,PLC000,AEC000,IPG000,0, 
401,AE210,500031,41590520,377130145B,MNG244,1900-01-01,PLC001,AEC007,IPG003,5,오각형0.9×0.5
402,AE210,99920150800,41590360,376160832B,MNG244,1990-01-01,PLC000,AEC000,IPG000,0, 
403,AE210,99920150598,41590360,376160876A,MNG244,1990-01-01,PLC000,AEC000,IPG000,0, 
404,AE210,99920150599,41590360,376160876A,MNG244,1990-01-01,PLC000,AEC000,IPG000,0, 
405,AE210,8.89E+11,41590259,376161461A,MNG135,2011-03-09,PLC002,AEC006,IPG004,0,3.7*1.0
406,AE210,8.89E+11,41590259,376161463A,MNG244,2016-01-01,PLC002,AEC014,IPG010,0,1300X260(6)
407,AE210,2.15E+11,41590590,377130288D,MNG244,2014-01-01,PLC001,AEC004,IPG002,5,4.45X2.2
408,AE210,2.15E+11,41590600,377130778A,MNG244,2014-01-01,PLC002,AEC004,IPG003,5,5.55X1.35
409,AE210,2.15E+11,41590600,377130777D,MNG244,2014-01-01,PLC001,AEC004,IPG002,5.5,4.5X1.0
410,AE210,99920150824,41590320,376160805A,MNG244,1990-01-01,PLC000,AEC000,IPG000,0, 
411,AE210,99920150869,41590320,376160394C,MNG244,1990-01-01,PLC000,AEC000,IPG000,0, 
412,AE210,99920150876,41590262,376160372C,MNG244,1990-01-01,PLC000,AEC000,IPG000,0, 
413,AE210,100073,41590410,376161517A,MNG244,1996-01-01,PLC001,AEC006,IPG001,2.5,사각형1.20X1.10
414,AE210,8.89E+11,41590259,376161453B,MNG244,2016-01-01,PLC001,AEC014,IPG011,0,2000X450(5)
415,AE210,5.11E+11,41590600,377130759C,MNG244,2014-01-01,PLC001,AEC004,IPG003,7.4,5.55x1.35/1.8x0.6
416,AE210,99920150576,41590370,376161214A,MNG244,1990-01-01,PLC000,AEC000,IPG000,0, 
417,AE210,99920150577,41590370,376161214A,MNG244,1990-01-01,PLC000,AEC000,IPG000,0, 
418,AE210,99920150559,41590256,376161264B,MNG244,1990-01-01,PLC000,AEC000,IPG000,0, 
419,AE210,99920150927,41590262,376160274A,MNG244,1990-01-01,PLC000,AEC000,IPG000,0, 
420,AE210,810007,41590262,376160283C,MNG244,1900-01-01,PLC001,AEC002,IPG002,5,3.6X2.2
421,AE210,200102,41590400,376161929D,MNG244,1900-01-01,PLC002,AEC006,IPG001,2,1.2X1.2
422,AE210,8.89E+11,41590259,376161464B,MNG244,2016-01-01,PLC002,AEC004,IPG003,5,4500X1400
423,AE210,99920150815,41590320,376160807B,MNG244,1990-01-01,PLC000,AEC000,IPG000,0, 
424,AE210,8.89E+11,41590259,376161390D,MNG244,2016-01-01,PLC002,AEC014,IPG010,0,2000X450(5)
1205,AE210,9.00E+13,41590000,377130831A,MNG305,2016-01-01,PLC001,AEC004,IPG002,5.5,4.45X2.2
1206,AE210,9.00E+13,41590000,377130831A,MNG305,2016-01-01,PLC002,AEC004,IPG002,5.5,4.45X2.2
1207,AE210,9.00E+13,41590000,377130831D,MNG305,2016-01-01,PLC001,AEC004,IPG003,5,5.55X1.35
1208,AE210,9.00E+13,41590000,377130821C,MNG305,2016-01-01,PLC002,AEC004,IPG003,5,5.55X1.45
1209,AE210,9.00E+13,41590000,377130841D,MNG305,2016-01-01,PLC001,AEC004,IPG002,5.5,4.55X2.0
1210,AE210,9.00E+13,41590000,377130841B,MNG305,2016-01-01,PLC002,AEC004,IPG002,5.5,4.55X2.0
1211,AE210,9.00E+13,41590000,377130831D,MNG305,2016-01-01,PLC002,AEC004,IPG003,5,5.55X1.35
1212,AE210,9.00E+13,41590000,377130831D,MNG305,2016-01-01,PLC002,AEC004,IPG003,5,5.55X1.35
1213,AE210,9.00E+13,41590000,377130831A,MNG305,2016-01-01,PLC001,AEC001,IPG002,8,6.0X3.0
1214,AE210,9.00E+13,41590000,377130831A,MNG305,2016-01-01,PLC002,AEC007,IPG999,6.5,0.6X0.8
1215,AE210,9.00E+13,41590000,377130883D,MNG305,2016-01-01,PLC002,AEC001,IPG002,7,5.0X4.0
1216,AE210,9.00E+13,41590000,377130883C,MNG305,2016-01-01,PLC001,AEC004,IPG003,5,3.5X2.0
1217,AE210,5.32E+11,41590350,376150916C,MNG244,2015-01-01,PLC999,AEC004,IPG002,5,방향4.0X2.5/보조2.1X0.7
1218,AE210,9.99E+11,41590330,376160665D,MNG244,2016-11-01,PLC001,AEC004,IPG003,6,4.5*1.4
1219,AE210,8.89E+11,41590259,376161464C,MNG244,2016-01-01,PLC002,AEC014,IPG010,0,950X260(6)
1220,AE210,8.89E+11,41590259,376161464C,MNG244,2016-01-01,PLC002,AEC014,IPG010,0,855X260(4)
1221,AE210,402026,41590520,377130169D,MNG244,2006-06-20,PLC002,AEC004,IPG003,0, 
1222,AE210,402027,41590520,377130169D,MNG244,2006-06-20,PLC001,AEC004,IPG003,0, 
1223,AE210,402028,41590520,377130169D,MNG244,2006-06-20,PLC001,AEC004,IPG002,0, 
1224,AE210,402029,41590520,377130169C,MNG244,2006-06-20,PLC001,AEC004,IPG003,0, 
1225,AE210,402030,41590520,377130169C,MNG244,2006-06-20,PLC002,AEC004,IPG002,0, 
1226,AE210,8.89E+11,41590259,376161481D,MNG244,2016-01-01,PLC001,AEC014,IPG011,0,1920X450(4)
1227,AE210,8.89E+11,41590259,376161481D,MNG244,2016-01-01,PLC001,AEC014,IPG011,0,2100X450(6)
1228,AE210,8.89E+11,41590259,376161471D,MNG244,2016-01-01,PLC002,AEC014,IPG011,0,1250X450(5)
1229,AE210,500176,41590570,377130622D,MNG244,1900-01-01,PLC001,AEC003,IPG002,5.2,사각형3.6×2.3
1230,AE210,100047,41590253,376160499C,MNG244,1900-01-01,PLC001,AEC004,IPG002,5,사각형5.00X2.50
1231,AE210,200052,41590259,376161421D,MNG244,1900-01-01,PLC002,AEC004,IPG004,2,3.6X2.2
1232,AE210,8.89E+11,41590259,376161370A,MNG135,2011-03-09,PLC002,AEC004,IPG002,0,4.45*2.2
1233,AE210,411169,41590585,377130285C,MNG244,2007-04-01,PLC002,AEC004,IPG003,5.55,5.55X1.35
1234,AE210,411170,41590585,377130285C,MNG244,2007-04-01,PLC001,AEC004,IPG003,5.55,5.55X1.35
1235,AE210,810010,41590262,376160274A,MNG244,1900-01-01,PLC002,AEC004,IPG002,5,3.6X2.2
1236,AE210,810011,41590262,376160284A,MNG244,1900-01-01,PLC001,AEC002,IPG002,5,3.6X2.2
1237,AE210,99920150579,41590370,376161208D,MNG244,1990-01-01,PLC000,AEC000,IPG000,0, 
1238,AE210,8.89E+11,41590259,376161482C,MNG244,2016-01-01,PLC001,AEC014,IPG011,0,2100X450(6)
1239,AE210,8.89E+11,41590259,376161482C,MNG244,2016-01-01,PLC001,AEC014,IPG011,0,1050X260(5)
1240,AE210,8.89E+11,41590259,376161482C,MNG244,2016-01-01,PLC002,AEC014,IPG011,0,1150X260(6)
1241,AE210,8.89E+11,41590259,376161463D,MNG244,2016-01-01,PLC002,AEC014,IPG010,0,950X260(6)
1242,AE210,8.89E+11,41590259,376161390D,MNG244,2016-01-01,PLC002,AEC014,IPG013,0,1150X260(6)
1243,AE210,8.89E+11,41590259,376161390D,MNG244,2016-01-01,PLC002,AEC014,IPG013,0,1050X260(5)
1244,AE210,99920151074,41590350,376151032A,MNG244,1990-01-01,PLC000,AEC000,IPG000,0, 
1245,AE210,8.89E+11,41590259,376161475A,MNG244,2016-01-01,PLC002,AEC014,IPG017,0,1170X450(4)
1246,AE210,8.89E+11,41590259,376161475A,MNG244,2016-01-01,PLC001,AEC014,IPG010,0,1700X450(6)
1247,AE210,1.00E+12,41590256,376161725B,MNG244,2010-01-01,PLC001,AEC004,IPG002,4.5,185*135 2개
1248,AE210,99920151012,41590330,376160622B,MNG244,1990-01-01,PLC000,AEC000,IPG000,0, 
1249,AE210,99920151068,41590330,376151035A,MNG244,1990-01-01,PLC000,AEC000,IPG000,0, 
1250,AE210,8.89E+11,41590259,376161482C,MNG244,2016-01-01,PLC002,AEC014,IPG011,0,1150X260(6)
1251,AE210,8.89E+11,41590259,376161390D,MNG244,2016-01-01,PLC002,AEC014,IPG013,0,1050X260(5)
1252,AE210,99920150814,41590320,376160807A,MNG244,1990-01-01,PLC000,AEC000,IPG000,0, 
1253,AE210,8.89E+11,41590259,376161481A,MNG244,2016-01-01,PLC001,AEC014,IPG010,0,1050X260(5)
1254,AE210,8.89E+11,41590259,376161471D,MNG244,2016-01-01,PLC002,AEC014,IPG010,0,1200X350(5)
1998,AE210,8.89E+11,41590259,376161472B,MNG244,2016-01-01,PLC001,AEC014,IPG011,0,1150X260(6)
1999,AE210,8.89E+11,41590259,376161463A,MNG244,2016-01-01,PLC002,AEC014,IPG010,0,1150X260(6)
2000,AE210,8.89E+11,41590259,376161462A,MNG244,2016-01-01,PLC003,AEC004,IPG012,0,5400X2800
2001,AE210,2.15E+11,41590600,377130710D,MNG244,2014-01-01,PLC001,AEC004,IPG003,5,5.55X1.35
2002,AE210,2.15E+11,41590600,377130710B,MNG244,2014-01-01,PLC001,AEC004,IPG003,5,3.7X1.5
2003,AE210,500151,41590570,377130602A,MNG244,1900-01-01,PLC002,AEC004,IPG002,5.2,사각형3.6×2.2
2004,AE210,99920150263,41590259,376161470A,MNG244,1990-01-01,PLC000,AEC000,IPG000,0, 
2005,AE210,8.89E+11,41590259,376161472B,MNG244,2016-01-01,PLC001,AEC014,IPG011,0,2100X450(6)
2006,AE210,99920151081,41590350,376151023C,MNG244,1990-01-01,PLC000,AEC000,IPG000,0, 
2007,AE210,426032,41590253,376160573A,MNG244,2008-07-24,PLC002,AEC004,IPG003,5.2,1850*1350*3
2008,AE210,99920150350,41590259,376161360A,MNG244,1990-01-01,PLC000,AEC000,IPG000,0, 
2009,AE210,8.89E+11,41590259,376161453B,MNG244,2016-01-01,PLC001,AEC014,IPG011,0,2000X450(5)
2010,AE210,8.89E+11,41590259,376161453B,MNG244,2016-01-01,PLC001,AEC014,IPG011,0,1150X260(6)
2011,AE210,99920150791,41590360,376160844A,MNG244,1990-01-01,PLC000,AEC000,IPG000,0, 
2012,AE210,99920150795,41590360,376160834C,MNG244,1990-01-01,PLC000,AEC000,IPG000,0, 
2013,AE210,99920150797,41590360,376160834C,MNG244,1990-01-01,PLC000,AEC000,IPG000,0, 
2014,AE210,99920150799,41590360,376160833D,MNG244,1990-01-01,PLC000,AEC000,IPG000,0, 
2015,AE210,8.89E+11,41590259,376161465C,MNG244,2016-01-01,PLC001,AEC014,IPG011,0,1250X450(5)
2016,AE210,300006,41590310,376122493D,MNG244,1900-01-01,PLC001,AEC004,IPG002,5,5.0X2.5
2017,AE210,300007,41590310,376122494D,MNG244,1900-01-01,PLC001,AEC007,IPG001,2, 
2018,AE210,300008,41590310,376122493D,MNG244,1900-01-01,PLC002,AEC004,IPG002,5,5.0X2.5
2019,AE210,300009,41590310,376122493D,MNG244,1900-01-01,PLC002,AEC004,IPG002,5,5.0X2.5
2020,AE210,5.11E+11,41590600,377130759A,MNG244,2014-01-01,PLC001,AEC004,IPG003,7.4,5.55x1.35
2021,AE210,5.11E+11,41590600,377130749C,MNG244,2014-01-01,PLC001,AEC004,IPG002,7.7,4.45x2.2
2022,AE210,401013,41590259,376161441A,MNG244,2004-07-31,PLC001,AEC004,IPG002,10,4.3mX1.35m
2023,AE210,99920151061,41590350,376151042B,MNG244,1990-01-01,PLC000,AEC000,IPG000,0, 
2024,AE210,99920151065,41590350,376151042B,MNG244,1990-01-01,PLC000,AEC000,IPG000,0, 
2025,AE210,99920151069,41590350,376151033C,MNG244,1990-01-01,PLC000,AEC000,IPG000,0, 
2026,AE210,99920151071,41590350,376151032D,MNG244,1990-01-01,PLC000,AEC000,IPG000,0, 
2027,AE210,99920151070,41590350,376151032C,MNG244,1990-01-01,PLC000,AEC000,IPG000,0, 
2028,AE210,5.11E+11,41590600,377130768B,MNG244,2014-01-01,PLC001,AEC004,IPG003,7.4,5.55x1.35
2029,AE210,5.11E+11,41590600,377130758D,MNG244,2014-01-01,PLC001,AEC004,IPG003,7.4,5.55x1.35
2030,AE210,99920150109,41590410,377131143A,MNG244,1990-01-01,PLC000,AEC000,IPG000,0, 
2031,AE210,8.89E+11,41590259,376161482C,MNG244,2016-01-01,PLC002,AEC014,IPG011,0,1920X450(4)
2032,AE210,500001,41590410,377131128C,MNG244,1900-01-01,PLC002,AEC004,IPG002,5,사각형3.6×2.2
2033,AE210,500029,41590520,377130146A,MNG244,1900-01-01,PLC001,AEC004,IPG004,2,사각형3.0×2.0
2034,AE210,100144,41590253,376160460D,MNG244,1900-01-01,PLC001,AEC006,IPG001,1.3,오각형0.26X0.44
2035,AE210,99920150893,41590320,376160333A,MNG244,1990-01-01,PLC000,AEC000,IPG000,0, 
2036,AE210,9.99E+11,41590330,376160664A,MNG244,2016-11-01,PLC002,AEC004,IPG003,6,4.5*1.4
2037,AE210,9.99E+11,41590330,376160663A,MNG244,2016-11-01,PLC001,AEC004,IPG003,6,3.7*1.4
2038,AE210,9.99E+11,41590330,376160664A,MNG244,2016-11-01,PLC001,AEC004,IPG003,6,4.5*1.4
2039,AE210,9.99E+11,41590330,376160663B,MNG244,2016-11-01,PLC002,AEC004,IPG003,6,3.7*1.4
2040,AE210,9.99E+11,41590330,376160666A,MNG244,2016-11-01,PLC002,AEC004,IPG003,6,4.5*1.4
2041,AE210,8.89E+11,41590256,376161725B,MNG244,2010-01-01,PLC002,AEC004,IPG003,0,2방향(좌-우정읍사무소)(우-수원향남)
2042,AE210,411183,41590585,377130255B,MNG244,2007-04-01,PLC002,AEC004,IPG003,5.55,3.70X1.35
2043,AE210,8.89E+11,41590259,376161474A,MNG244,2016-01-01,PLC002,AEC014,IPG011,0,1150X260(6)
2044,AE210,8.89E+11,41590259,376161491A,MNG244,2016-01-01,PLC001,AEC014,IPG011,0,950X260(6)
2045,AE210,8.89E+11,41590259,376161491A,MNG244,2016-01-01,PLC001,AEC014,IPG011,0,1150X260(6)
2046,AE210,99920150021,41590370,376162342A,MNG244,1990-01-01,PLC000,AEC000,IPG000,0, 
2047,AE210,99920150498,41590370,376161708C,MNG244,1990-01-01,PLC000,AEC000,IPG000,0, 
2048,AE210,99920151031,41590340,376160172D,MNG244,1990-01-01,PLC000,AEC000,IPG000,0, 
2049,AE210,2.12E+11,41590259,376161423B,MNG244,2014-06-01,PLC002,AEC004,IPG002,7.7,4.0X2.5/1.8X0.6
2050,AE210,100017,41590253,376160968A,MNG244,1900-01-01,PLC002,AEC006,IPG001,1.5,오각형0.26X0.44
2793,AE210,100034,41590253,376160928B,MNG244,1900-01-01,PLC002,AEC004,IPG001,3.5,사각형1.10X1.70
2794,AE210,8.89E+11,41590259,376161483B,MNG244,2016-01-01,PLC002,AEC004,IPG003,5,3700X1400
2795,AE210,8.89E+11,41590259,376161475D,MNG244,2016-01-01,PLC001,AEC006,IPG001,2.6,1100X1700
2796,AE210,8.89E+11,41590259,376161475D,MNG244,2016-01-01,PLC001,AEC005,IPG012,0,1800X600
2797,AE210,5.11E+11,41590600,377130778A,MNG244,2014-01-01,PLC002,AEC004,IPG003,7.4,5.55x1.35
2798,AE210,99920150751,41590310,376122471D,MNG244,1990-01-01,PLC000,AEC000,IPG000,0, 
2799,AE210,99920150753,41590310,376122462A,MNG244,1990-01-01,PLC000,AEC000,IPG000,0, 
2800,AE210,402004,41590540,377130180D,MNG244,2006-06-20,PLC002,AEC004,IPG003,0, 
2801,AE210,99920150521,41590360,376161342D,MNG244,1990-01-01,PLC000,AEC000,IPG000,0, 
2802,AE210,99920150522,41590360,376161341D,MNG244,1990-01-01,PLC000,AEC000,IPG000,0, 
2803,AE210,411144,41590585,377130284C,MNG244,2007-04-01,PLC001,AEC004,IPG003,5.55,5.55X1.35
2804,AE210,99920150990,41590310,376122367A,MNG244,1990-01-01,PLC000,AEC000,IPG000,0, 
2805,AE210,99920150204,41590259,376161829A,MNG244,1990-01-01,PLC000,AEC000,IPG000,0, 
2806,AE210,8.89E+11,41590256,376161725C,MNG244,2010-01-01,PLC001,AEC999,IPG002,0,내용무
2807,AE210,8.89E+11,41590259,376161475A,MNG244,2016-01-01,PLC002,AEC014,IPG010,0,1250X450(5)
2808,AE210,8.89E+11,41590259,376161475A,MNG244,2016-01-01,PLC001,AEC014,IPG010,0,1650X450(5)
2809,AE210,99920150555,41590256,376161271C,MNG244,1990-01-01,PLC000,AEC000,IPG000,0, 
2810,AE210,99920150381,41590410,376161000B,MNG244,1990-01-01,PLC000,AEC000,IPG000,0, 
2811,AE210,8.89E+11,41590259,376161481D,MNG244,2016-01-01,PLC001,AEC014,IPG011,0,1920X450(4)
2812,AE210,8.89E+11,41590259,376161481D,MNG244,2016-01-01,PLC001,AEC014,IPG011,0,2100X450(6)
2813,AE210,8.89E+11,41590259,376161493A,MNG244,2016-01-01,PLC002,AEC014,IPG011,0,2000X450(5)
2814,AE210,8.89E+11,41590259,376161493A,MNG244,2016-01-01,PLC002,AEC014,IPG011,0,1050X260(5)
2815,AE210,8.89E+11,41590259,376161493A,MNG244,2016-01-01,PLC002,AEC014,IPG011,0,950X260(6)
2816,AE210,100204,41590253,376160566D,MNG244,1900-01-01,PLC002,AEC004,IPG003,5,사각형3.70X1.35
2817,AE210,100035,41590253,376160938B,MNG244,1900-01-01,PLC001,AEC004,IPG001,3.5,사각형1.10X1.70
2818,AE210,200031,41590360,376160890D,MNG244,1900-01-01,PLC001,AEC004,IPG002,5,3.6X2.2
2819,AE210,8.89E+11,41590259,376161463C,MNG244,2016-01-01,PLC002,AEC014,IPG011,0,1570X460(4)
2820,AE210,8.89E+11,41590259,376161474A,MNG244,2016-01-01,PLC001,AEC014,IPG011,0,950X260(6)
2821,AE210,99920150527,41590360,376161315A,MNG244,1990-01-01,PLC000,AEC000,IPG000,0, 
2822,AE210,99920150837,41590262,376160740C,MNG244,1990-01-01,PLC000,AEC000,IPG000,0, 
2823,AE210,99920150839,41590262,376160740C,MNG244,1990-01-01,PLC000,AEC000,IPG000,0, 
2824,AE210,500089,41590520,377130178D,MNG244,1900-01-01,PLC001,AEC004,IPG003,5.2,사각형5.55×1.35
2825,AE210,200017,41590360,376160870A,MNG244,1900-01-01,PLC001,AEC004,IPG002,5,5.0X2.5
2826,AE210,426002,41590253,376160470C,MNG244,2008-07-24,PLC002,AEC004,IPG003,5.2,1850*1350*2
2827,AE210,426003,41590253,376160470C,MNG244,2008-07-24,PLC002,AEC004,IPG002,5.5,4000*2500
2828,AE210,8.89E+11,41590259,376161453B,MNG244,2016-01-01,PLC002,AEC014,IPG011,0,1570X450(4)
2829,AE210,8.89E+11,41590259,376161453B,MNG244,2016-01-01,PLC002,AEC014,IPG011,0,900X260(5)
2830,AE210,100212,41590253,376160555D,MNG244,1900-01-01,PLC001,AEC004,IPG002,5,사각형3.60X2.20
2831,AE210,99920150654,41590600,377130718C,MNG244,1990-01-01,PLC000,AEC000,IPG000,0, 
2832,AE210,99920150656,41590600,377130718A,MNG244,1990-01-01,PLC000,AEC000,IPG000,0, 
2833,AE210,2.12E+11,41590256,376161265B,MNG244,2010-01-01,PLC001,AEC004,IPG002,5,4.45x2.20
2834,AE210,99920150560,41590256,376161254C,MNG244,1990-01-01,PLC000,AEC000,IPG000,0, 
2835,AE210,426049,41590253,376160561B,MNG244,2008-07-24,PLC001,AEC004,IPG003,5.2,1850*1350*3
2836,AE210,426050,41590253,376160561B,MNG244,2008-07-24,PLC002,AEC004,IPG003,5.2,1850*1350*3
2837,AE210,426051,41590253,376160562A,MNG244,2008-07-24,PLC002,AEC004,IPG002,5.5,4000*2500
2838,AE210,426052,41590253,376160561B,MNG244,2008-07-24,PLC002,AEC004,IPG002,5.5,4000*2500
2839,AE210,1.21E+13,41590540,377130170C,MNG244,2017-12-01,PLC999,AEC004,IPG002,5,4.5X1.4
2840,AE210,500066,41590540,377130170C,MNG244,1900-01-01,PLC002,AEC004,IPG002,5.2,3.6X2.2
2841,AE210,411016,41590586,377130726B,MNG244,2007-04-01,PLC001,AEC004,IPG003,5.55,3.70X1.35
2842,AE210,2.12E+11,41590256,376161169A,MNG244,2015-01-01,PLC002,AEC004,IPG002,5.8,3.6x2.2
2843,AE210,5.11E+11,41590600,377130778C,MNG244,2014-01-01,PLC002,AEC004,IPG003,7.4,5.55x1.35
2844,AE210,99920150074,41590256,376162120A,MNG244,1990-01-01,PLC000,AEC000,IPG000,0, 
425,AE210,99920150441,41590259,376161847A,MNG244,1990-01-01,PLC000,AEC000,IPG000,0, 
426,AE210,99920150728,41590320,376160318C,MNG244,1990-01-01,PLC000,AEC000,IPG000,0, 
427,AE210,99920150900,41590320,376160326B,MNG244,1990-01-01,PLC000,AEC000,IPG000,0, 
428,AE210,2.12E+11,41590253,376160564C,MNG244,2016-11-01,PLC001,AEC002,IPG006,0,1.5X0.6
429,AE210,8.89E+11,41590259,376161463A,MNG244,2016-01-01,PLC001,AEC014,IPG011,0,1920X450(4)
430,AE210,411167,41590585,377130286C,MNG244,2007-04-01,PLC002,AEC004,IPG003,5.55,5.55X1.35
431,AE210,411068,41590587,377130281B,MNG244,2007-04-01,PLC002,AEC004,IPG003,5.55,3.70X1.35
432,AE210,100194,41590570,376160588B,MNG244,1900-01-01,PLC002,AEC004,IPG002,5,사각형3.60X2.20
433,AE210,2.12E+11,41590330,376160195A,MNG244,2012-12-10,PLC001,AEC004,IPG004,2.9,1.6X1.2
434,AE210,2.12E+11,41590330,376160195A,MNG244,2012-12-10,PLC002,AEC007,IPG001,5.3,0.7X0.26
435,AE912,2.12E+11,41590330,376160195A,MNG244,2012-12-10,PLC002,AEC013,IPG001,1,0.4X0.6
436,AE210,500016,41590410,377130671B,MNG244,1900-01-01,PLC001,AEC004,IPG002,5,사각형3.6×2.2
437,AE210,100211,41590253,376160556C,MNG244,2001-01-01,PLC001,AEC004,IPG002,5,사각형4.45X2.20
438,AE210,500020,41590410,377130661C,MNG244,1900-01-01,PLC001,AEC004,IPG004,5,사각형3.6×2.2
439,AE210,401017,41590259,376161431D,MNG244,2004-07-31,PLC002,AEC004,IPG002,10,4.3mX1.35m
440,AE210,99920151000,41590310,376122347B,MNG244,1990-01-01,PLC000,AEC000,IPG000,0, 
441,AE210,99920150776,41590310,376122358A,MNG244,1990-01-01,PLC000,AEC000,IPG000,0, 
442,AE210,99920150777,41590310,376122348C,MNG244,1990-01-01,PLC000,AEC000,IPG000,0, 
443,AE210,99920150778,41590310,376122348C,MNG244,1990-01-01,PLC000,AEC000,IPG000,0, 
444,AE210,99920150987,41590310,376122376C,MNG244,1990-01-01,PLC000,AEC000,IPG000,0, 
445,AE210,99920171041,41590510,376160214B,MNG244,2017-01-01,PLC002,AEC004,IPG002,5,4.45X2.2
446,AE210,99920171032,41590510,376122293B,MNG244,2017-01-01,PLC001,AEC999,IPG006,0,1.8X0.6
447,AE210,99920150948,41590262,376160258C,MNG244,1990-01-01,PLC000,AEC000,IPG000,0, 
448,AE210,8.89E+11,41590259,376161482C,MNG244,2016-01-01,PLC002,AEC014,IPG011,0,1050X260(5)
449,AE210,8.89E+11,41590259,376161482C,MNG244,2016-01-01,PLC001,AEC014,IPG011,0,2000X450(5)
450,AE210,8.89E+11,41590256,376161725D,MNG244,2010-01-01,PLC001,AEC999,IPG001,2.5,"어린이보호구역,30Km"
451,AE210,8.89E+11,41590256,376161725D,MNG244,2010-01-01,PLC001,AEC999,IPG001,2.5,"어린이보호구역,과속방지턱,30Km"
452,AE210,8.89E+11,41590256,376161725D,MNG244,2010-01-01,PLC002,AEC999,IPG001,0,"어린이보호구역,과속방지턱,30Km"
453,AE210,99920150374,41590360,376161319D,MNG244,1990-01-01,PLC000,AEC000,IPG000,0, 
454,AE210,99920150375,41590360,376161319D,MNG244,1990-01-01,PLC000,AEC000,IPG000,0, 
455,AE210,411136,41590585,377130285B,MNG244,2007-04-01,PLC001,AEC004,IPG003,5.55,5.55X1.35
456,AE210,411137,41590585,377130285B,MNG244,2007-04-01,PLC001,AEC004,IPG003,5.55,5.55X1.35
457,AE210,411138,41590585,377130285B,MNG244,2007-04-01,PLC002,AEC004,IPG003,5.55,5.55X1.35
458,AE210,411140,41590585,377130285A,MNG244,2007-04-01,PLC001,AEC004,IPG003,5.55,5.55X1.35
459,AE210,426011,41590253,376160561C,MNG244,2008-07-24,PLC002,AEC004,IPG003,5.2,1850*1350*3
460,AE210,426012,41590253,376160470D,MNG244,2008-07-24,PLC001,AEC004,IPG003,5.2,1850*1350*2
461,AE210,426013,41590253,376160561C,MNG244,2008-07-24,PLC001,AEC004,IPG003,5.2,1850*1350*2
462,AE210,99920150413,41590360,376160899C,MNG244,1990-01-01,PLC000,AEC000,IPG000,0, 
463,AE210,500178,41590253,376160470B,MNG244,1900-01-01,PLC002,AEC004,IPG002,5,사각형3.6×2.2
464,AE210,100085,41590410,376161058A,MNG244,1900-01-01,PLC001,AEC002,IPG002,5,사각형2.00X1.00
465,AE210,100107,41590410,376161067D,MNG244,1996-01-01,PLC001,AEC004,IPG002,5,사각형5.00X2.50
466,AE210,426006,41590253,376160564C,MNG244,2008-07-24,PLC001,AEC004,IPG002,5.5,4000*2500
467,AE210,411010,41590586,377130716A,MNG244,2007-04-01,PLC001,AEC004,IPG003,5.55,5.55X1.35
468,AE210,8.89E+11,41590259,376161473B,MNG244,2016-01-01,PLC002,AEC014,IPG011,0,1150X260(6)
469,AE210,8.89E+11,41590259,376161473B,MNG244,2016-01-01,PLC002,AEC014,IPG011,0,2450X450(6)
470,AE210,5.32E+11,41590350,376150946B,MNG244,2015-01-01,PLC002,AEC004,IPG003,5.41,4.5X1.4
471,AE210,2.12E+11,41590370,376161726D,MNG244,2015-01-01,PLC001,AEC004,IPG002,5.8,4.45X2.2
472,AE210,8.89E+11,41590259,376161464C,MNG244,2016-01-01,PLC002,AEC014,IPG010,0,900X260(5)
473,AE210,2.12E+11,41590259,376161423B,MNG244,2014-06-01,PLC002,AEC004,IPG002,7.7,4.0X2.5
474,AE210,99920151145,41590340,376150566B,MNG244,1990-01-01,PLC000,AEC000,IPG000,0, 
475,AE210,8.89E+11,41590259,376161473A,MNG244,2016-01-01,PLC002,AEC014,IPG010,0,1150X260(6)
476,AE210,99920150940,41590262,376160264D,MNG244,1990-01-01,PLC000,AEC000,IPG000,0, 
477,AE210,99920150968,41590262,376160199B,MNG244,1990-01-01,PLC000,AEC000,IPG000,0, 
1255,AE210,401010,41590259,376161441A,MNG244,2004-07-31,PLC001,AEC004,IPG002,10,5.55mX1.35m
1256,AE210,99920150445,41590259,376161847A,MNG244,1990-01-01,PLC000,AEC000,IPG000,0, 
1257,AE210,99920150137,41590400,376161977A,MNG244,1990-01-01,PLC000,AEC000,IPG000,0, 
1258,AE210,99920150141,41590400,376161948D,MNG244,1990-01-01,PLC000,AEC000,IPG000,0, 
1259,AE210,2.15E+11,41590590,377130393B,MNG244,2014-01-01,PLC002,AEC004,IPG002,5.5,4.5X2.0
1260,AE210,411178,41590585,377130274D,MNG244,2007-04-01,PLC001,AEC004,IPG003,5.55,3.70X1.35
1261,AE210,99920150386,41590360,376160995D,MNG244,1990-01-01,PLC000,AEC000,IPG000,0, 
1262,AE210,99920150387,41590360,376160995D,MNG244,1990-01-01,PLC000,AEC000,IPG000,0, 
1263,AE210,99920150388,41590360,376160995D,MNG244,1990-01-01,PLC000,AEC000,IPG000,0, 
1264,AE210,99920150389,41590360,376160995D,MNG244,1990-01-01,PLC000,AEC000,IPG000,0, 
1265,AE210,99920150390,41590360,376160995B,MNG244,1990-01-01,PLC000,AEC000,IPG000,0, 
1266,AE210,8.89E+11,41590259,376161483B,MNG244,2016-01-01,PLC001,AEC014,IPG011,0,950X260(6)
1267,AE210,8.89E+11,41590259,376161481D,MNG244,2016-01-01,PLC001,AEC014,IPG011,0,1050X260(5)
1268,AE210,8.89E+11,41590259,376161481D,MNG244,2016-01-01,PLC002,AEC014,IPG011,0,2000X450(5)
1269,AE210,99920150928,41590262,376160274A,MNG244,1990-01-01,PLC000,AEC000,IPG000,0, 
1270,AE210,99920150929,41590262,376160273D,MNG244,1990-01-01,PLC000,AEC000,IPG000,0, 
1271,AE210,99920150935,41590262,376160265C,MNG244,1990-01-01,PLC000,AEC000,IPG000,0, 
1272,AE210,99920150701,41590310,376160416A,MNG244,1990-01-01,PLC000,AEC000,IPG000,0, 
1273,AE210,8.89E+11,41590259,376161481C,MNG244,2016-01-01,PLC002,AEC014,IPG010,0,1050X260(5)
1274,AE210,8.89E+11,41590259,376161463B,MNG244,2016-01-01,PLC002,AEC004,IPG003,5,4500X1400
1275,AE210,8.89E+11,41590259,376161464C,MNG244,2016-01-01,PLC001,AEC004,IPG003,5,3700X1350
1276,AE210,810034,41590262,376160296D,MNG244,2015-02-01,PLC002,AEC001,IPG003,5.5,0.95X0.35
1277,AE210,411160,41590585,377130295C,MNG244,2007-04-01,PLC001,AEC004,IPG003,5.55,5.55X1.35
1278,AE210,411161,41590585,377130295C,MNG244,2007-04-01,PLC001,AEC004,IPG003,5.55,5.55X1.35
1279,AE210,300057,41590350,376151062B,MNG244,1992-01-01,PLC001,AEC004,IPG002,5,5.0X2.5
1280,AE210,2.12E+11,41590253,376160555D,MNG244,2013-01-01,PLC002,AEC004,IPG002,0,3.6x2.2
1281,AE210,99920150038,41590370,376162243D,MNG244,1990-01-01,PLC000,AEC000,IPG000,0, 
1282,AE210,99920150037,41590370,376162243C,MNG244,1990-01-01,PLC000,AEC000,IPG000,0, 
1283,AE210,99920150039,41590370,376162243C,MNG244,1990-01-01,PLC000,AEC000,IPG000,0, 
1284,AE210,100080,41590410,376161048A,MNG244,2004-01-01,PLC002,AEC004,IPG002,5,사각형3.60X2.20
1285,AE210,100086,41590410,376161058A,MNG244,1900-01-01,PLC001,AEC006,IPG001,1.5,사각형1.20X1.00
1286,AE210,100122,41590410,376161077C,MNG244,1996-01-01,PLC002,AEC003,IPG999,0, 
1287,AE210,100168,41590253,376160542A,MNG244,2005-01-01,PLC002,AEC004,IPG002,5,사각형4.45X2.20
1288,AE210,426041,41590253,376160562B,MNG244,2008-07-24,PLC002,AEC004,IPG003,5.2,1850*1350*3
1289,AE210,426042,41590253,376160562B,MNG244,2008-07-24,PLC001,AEC004,IPG003,5.2,1850*1350*3
1290,AE210,426043,41590253,376160552C,MNG244,2008-07-24,PLC002,AEC004,IPG003,5.2,1850*1350*2
1291,AE210,100043,41590253,376160908D,MNG244,1900-01-01,PLC002,AEC004,IPG002,5,사각형3.60X2.20
1292,AE210,426031,41590253,376160573B,MNG244,2008-07-24,PLC001,AEC004,IPG003,5.2,1850*1350*3
1293,AE210,200039,41590360,376161310D,MNG244,1900-01-01,PLC001,AEC004,IPG002,5,3.6X2.2
1294,AE210,99920150830,41590262,376160743D,MNG244,1990-01-01,PLC000,AEC000,IPG000,0, 
1295,AE210,100044,41590253,376160908D,MNG244,1900-01-01,PLC001,AEC004,IPG002,5,사각형3.60X2.20
1296,AE210,2.12E+11,41590259,376161423B,MNG244,2014-06-01,PLC001,AEC004,IPG002,7.7,4.0X2.5
1297,AE210,411111,41590585,377130297B,MNG244,2007-04-01,PLC001,AEC004,IPG003,5.55,5.55X1.35
1298,AE210,411112,41590585,377130297B,MNG244,2007-04-01,PLC002,AEC004,IPG003,5.55,5.55X1.35
1299,AE210,100217,41590253,376160555A,MNG244,1900-01-01,PLC002,AEC002,IPG004,2,사각형3.60X2.20
1300,AE210,810006,41590262,376160283D,MNG244,1900-01-01,PLC001,AEC004,IPG002,5,3.6X2.2
1301,AE210,100007,41590253,376160976B,MNG244,1900-01-01,PLC002,AEC006,IPG001,2,사각형1.20X1.00
1302,AE210,2.15E+11,41590588,377130200B,MNG244,2014-01-01,PLC001,AEC004,IPG003,6.5,4.5X2.0
1303,AE210,99920151144,41590340,376150566B,MNG244,1990-01-01,PLC000,AEC000,IPG000,0, 
1304,AE210,500014,41590410,377130671B,MNG244,1900-01-01,PLC001,AEC005,IPG001,2,사각형1.1×1.7
1305,AE210,99920150010,41590360,376161405A,MNG244,1990-01-01,PLC000,AEC000,IPG000,0, 
1306,AE210,500123,41590550,377130234C,MNG244,1900-01-01,PLC001,AEC004,IPG003,5.2,3.7×1.35
1307,AE210,500127,41590550,377130234C,MNG244,1900-01-01,PLC001,AEC004,IPG003,5.2,3.7×1.35
1308,AE210,8.89E+11,41590259,376161491A,MNG244,2016-01-01,PLC001,AEC014,IPG010,0,1050X260(5)
1309,AE210,8.89E+11,41590259,376161491A,MNG244,2016-01-01,PLC001,AEC014,IPG010,0,1050X260(5)
1310,AE210,99920151040,41590350,376151512B,MNG244,1990-01-01,PLC000,AEC000,IPG000,0, 
2051,AE210,99920150078,41590256,376162110C,MNG244,1990-01-01,PLC000,AEC000,IPG000,0, 
2052,AE210,99920150048,41590256,376162232A,MNG244,1990-01-01,PLC000,AEC000,IPG000,0, 
2053,AE210,99920150049,41590256,376162232A,MNG244,1990-01-01,PLC000,AEC000,IPG000,0, 
2054,AE210,99920150050,41590256,376162231C,MNG244,1990-01-01,PLC000,AEC000,IPG000,0, 
2055,AE210,99920150053,41590256,376162211C,MNG244,1990-01-01,PLC000,AEC000,IPG000,0, 
2056,AE210,99920150056,41590256,376162170D,MNG244,1990-01-01,PLC000,AEC000,IPG000,0, 
2057,AE210,99920150905,41590320,376160326A,MNG244,1990-01-01,PLC000,AEC000,IPG000,0, 
2058,AE210,100008,41590253,376160977A,MNG244,1900-01-01,PLC001,AEC004,IPG002,5,사각형3.60X2.20
2059,AE210,99920151141,41590340,376150576D,MNG244,1990-01-01,PLC000,AEC000,IPG000,0, 
2060,AE210,99920151142,41590340,376150576D,MNG244,1990-01-01,PLC000,AEC000,IPG000,0, 
2061,AE210,99920151130,41590340,376150577D,MNG244,1990-01-01,PLC000,AEC000,IPG000,0, 
2062,AE210,411117,41590585,377130267C,MNG244,2007-04-01,PLC001,AEC004,IPG003,5.55,3.70X1.35
2063,AE210,8.89E+11,41590259,376161436B,MNG244,2009-01-01,PLC002,AEC004,IPG004,0, 
2064,AE210,426017,41590253,376160561D,MNG244,2008-07-24,PLC002,AEC004,IPG003,5.2,1850*1350*2
2065,AE210,426018,41590253,376160572A,MNG244,2008-07-24,PLC002,AEC004,IPG003,5.2, 
2066,AE210,99920150697,41590310,376160419B,MNG244,1990-01-01,PLC000,AEC000,IPG000,0, 
2067,AE210,99920150700,41590310,376160416B,MNG244,1990-01-01,PLC000,AEC000,IPG000,0, 
2068,AE210,99920150703,41590310,376160416B,MNG244,1990-01-01,PLC000,AEC000,IPG000,0, 
2069,AE210,411173,41590585,377130284D,MNG244,2007-04-01,PLC001,AEC004,IPG003,5.55,5.55X1.35
2070,AE210,300052,41590350,376151061B,MNG244,1900-01-01,PLC002,AEC004,IPG002,5,5.0X2.5
2071,AE210,99920150280,41590259,376161451A,MNG244,1990-01-01,PLC000,AEC000,IPG000,0, 
2072,AE210,99920150294,41590259,376161441D,MNG244,1990-01-01,PLC000,AEC000,IPG000,0, 
2073,AE210,2.15E+11,41590590,377130381B,MNG244,2014-01-01,PLC002,AEC002,IPG003,6.5,4.5X2.0
2074,AE210,2.15E+11,41590590,377130381D,MNG244,2014-01-01,PLC002,AEC002,IPG003,6.5,4.5X2.0
2075,AE210,99920150125,41590400,376162018D,MNG244,1990-01-01,PLC000,AEC000,IPG000,0, 
2076,AE210,99920150733,41590320,376160309C,MNG244,1990-01-01,PLC000,AEC000,IPG000,0, 
2077,AE210,99920150734,41590320,376160309C,MNG244,1990-01-01,PLC000,AEC000,IPG000,0, 
2078,AE210,2.15E+11,41590590,377130394A,MNG244,2014-01-01,PLC001,AEC004,IPG003,6.5,4.5X2.0
2079,AE210,99920150894,41590320,376160327B,MNG244,1990-01-01,PLC000,AEC000,IPG000,0, 
2080,AE210,99920150864,41590320,376160396B,MNG244,1990-01-01,PLC000,AEC000,IPG000,0, 
2081,AE210,99920150871,41590320,376160386D,MNG244,1990-01-01,PLC000,AEC000,IPG000,0, 
2082,AE210,100009,41590253,376160977A,MNG244,1900-01-01,PLC002,AEC004,IPG002,5,사각형3.60X2.20
2083,AE210,100166,41590253,376160532C,MNG244,2005-01-01,PLC001,AEC004,IPG002,5,사각형3.60X2.20
2084,AE210,500034,41590570,377130155A,MNG244,1900-01-01,PLC001,AEC004,IPG004,5.2,사각형3.0×2.0
2085,AE210,2.15E+11,41590590,377130288B,MNG244,2014-01-01,PLC001,AEC004,IPG003,5,3.7X1.35
2086,AE210,2.15E+11,41590590,377130288B,MNG244,2014-01-01,PLC001,AEC004,IPG002,5,4.45X2.2
2087,AE210,8.89E+11,41590259,376161482D,MNG244,2016-01-01,PLC002,AEC014,IPG010,0,1920X450(4)
2088,AE210,9.99E+11,41590330,376160653B,MNG244,2016-11-01,PLC001,AEC004,IPG002,6.3,4.45*2.0
2089,AE210,500052,41590540,377130179B,MNG244,1900-01-01,PLC002,AEC004,IPG002,5.2,사각형4.45×2.2
2090,AE210,99920150561,41590370,376161248A,MNG244,1990-01-01,PLC000,AEC000,IPG000,0, 
2091,AE210,99920150567,41590370,376161239D,MNG244,1990-01-01,PLC000,AEC000,IPG000,0, 
2092,AE210,99920150502,41590256,376161608C,MNG244,1990-01-01,PLC000,AEC000,IPG000,0, 
2093,AE210,8.89E+11,41590259,376161300B,MNG244,2016-01-01,PLC001,AEC014,IPG011,0,2100X450(6)
2094,AE210,100226,41590340,376150540C,MNG244,2013-11-01,PLC002,AEC004,IPG002,7.5,3.350 x 2.050
2095,AE210,100227,41590340,376150540D,MNG244,2013-11-01,PLC001,AEC004,IPG002,7.5,3.350 x 2.050
2096,AE210,99920150941,41590262,376160264D,MNG244,1990-01-01,PLC000,AEC000,IPG000,0, 
2097,AE210,2.12E+11,41590253,376160512B,MNG244,2012-06-01,PLC001,AEC004,IPG002,0, 
2098,AE210,500180,41590253,376160470B,MNG244,1900-01-01,PLC001,AEC004,IPG002,5,사각형3.6×2.2
2099,AE210,100029,41590253,376160938D,MNG244,1900-01-01,PLC002,AEC004,IPG001,3.5,사각형1.10X1.70
2100,AE210,100187,41590570,376160589C,MNG244,1900-01-01,PLC002,AEC004,IPG002,5,사각형3.60X2.20
2101,AE210,500075,41590520,377130177A,MNG244,1900-01-01,PLC002,AEC004,IPG002,5.2,사각형3.6×2.2
2102,AE210,100127,41590410,376161097A,MNG244,1996-01-01,PLC001,AEC004,IPG002,5,사각형5.00X2.50
2103,AE210,8.89E+11,41590259,376161473C,MNG244,2016-01-01,PLC002,AEC014,IPG011,0,1050X260(5)
2104,AE210,99920150383,41590360,376160996A,MNG244,1990-01-01,PLC000,AEC000,IPG000,0, 
2105,AE210,99920150384,41590360,376160996A,MNG244,1990-01-01,PLC000,AEC000,IPG000,0, 
2106,AE210,500048,41590520,377130167C,MNG244,1900-01-01,PLC002,AEC002,IPG002,5.2,사각형3.6×2.2
2107,AE210,8.89E+11,41590259,376161463D,MNG244,2016-01-01,PLC002,AEC014,IPG011,0,1150X260(6)
2108,AE210,411179,41590585,377130274D,MNG244,2007-04-01,PLC002,AEC004,IPG003,5.55,3.70X1.35
2845,AE210,500072,41590570,377130171D,MNG244,1900-01-01,PLC001,AEC002,IPG004,5.2,사각형3.6×2.2
2846,AE210,100173,41590253,376160542A,MNG244,2005-01-01,PLC001,AEC006,IPG001,1.5,오각형0.26X0.44
2847,AE210,8.89E+11,41590259,376161475A,MNG244,2016-01-01,PLC001,AEC015,IPG002,5,4450X2200
2848,AE210,8.89E+11,41590259,376161475A,MNG244,2016-01-01,PLC002,AEC015,IPG002,5,4450X2200
2849,AE210,99920150689,41590310,376160501C,MNG244,1990-01-01,PLC000,AEC000,IPG000,0, 
2850,AE210,100218,41590253,376160555A,MNG244,1900-01-01,PLC002,AEC004,IPG002,5,사각형3.60X2.20
2851,AE210,8.89E+11,41590259,376161473B,MNG244,2016-01-01,PLC002,AEC014,IPG011,0,2000X450(5)
2852,AE210,8.89E+11,41590259,376161473B,MNG244,2016-01-01,PLC002,AEC014,IPG011,0,1050X260(5)
2853,AE210,99920150394,41590360,376160994A,MNG244,1990-01-01,PLC000,AEC000,IPG000,0, 
2854,AE210,99920150395,41590360,376160994A,MNG244,1990-01-01,PLC000,AEC000,IPG000,0, 
2855,AE210,200047,41590259,376161422D,MNG244,1900-01-01,PLC002,AEC002,IPG004,2,3.0X2.4
2856,AE210,200063,41590259,376161531D,MNG244,1900-01-01,PLC001,AEC004,IPG002,5,5.0X2.5
2857,AE210,100011,41590253,376160965D,MNG244,1900-01-01,PLC001,AEC002,IPG004,5,사각형3.60X2.20
2858,AE210,500173,41590570,377130622D,MNG244,1900-01-01,PLC001,AEC004,IPG004,5.2,사각형3.6×2.2
2859,AE210,100142,41590253,376160551C,MNG244,1900-01-01,PLC002,AEC006,IPG001,0.7,오각형0.26X0.44
2860,AE210,300039,41590340,376150577A,MNG244,1900-01-01,PLC001,AEC004,IPG002,5,5.0X2.5
2861,AE210,2.12E+11,41590256,376161266D,MNG244,2010-01-01,PLC002,AEC004,IPG002,5,4.45x2.20
2862,AE210,2.15E+11,41590590,377130381A,MNG244,2014-01-01,PLC002,AEC004,IPG003,6.5,4.5X2.0
2863,AE210,2.15E+11,41590590,377130200B,MNG244,2014-01-01,PLC002,AEC002,IPG003,6.5,4.5X2.0
2864,AE210,2.15E+11,41590588,377130394A,MNG244,2014-01-01,PLC001,AEC004,IPG002,5.5,4.5X2.0
2865,AE210,8.89E+11,41590259,376161390D,MNG244,2016-01-01,PLC002,AEC014,IPG013,0,1050X260(5)
2866,AE210,99920150313,41590259,376161433D,MNG244,1990-01-01,PLC000,AEC000,IPG000,0, 
2867,AE210,99920150314,41590259,376161433D,MNG244,1990-01-01,PLC000,AEC000,IPG000,0, 
2868,AE210,99920150315,41590259,376161433D,MNG244,1990-01-01,PLC000,AEC000,IPG000,0, 
2869,AE210,99920150317,41590259,376161433D,MNG244,1990-01-01,PLC000,AEC000,IPG000,0, 
2870,AE210,99920150318,41590259,376161433D,MNG244,1990-01-01,PLC000,AEC000,IPG000,0, 
2871,AE210,99920150316,41590259,376161433C,MNG244,1990-01-01,PLC000,AEC000,IPG000,0, 
2872,AE210,5.32E+11,41590350,376150935B,MNG244,2015-01-01,PLC002,AEC004,IPG003,5.41,4.5X1.4
2873,AE210,5.32E+11,41590350,376150935B,MNG244,2015-01-01,PLC001,AEC004,IPG003,5.41,4.5X1.4
2874,AE210,8.89E+11,41590259,376161474A,MNG244,2016-01-01,PLC002,AEC014,IPG011,0,1050X260(5)
2875,AE210,411153,41590586,377130704A,MNG244,2007-04-01,PLC002,AEC004,IPG003,5.55,5.55X1.35
2876,AE210,411154,41590585,377130294D,MNG244,2007-04-01,PLC002,AEC004,IPG003,5.55,3.70X1.35
2877,AE210,411155,41590585,377130294C,MNG244,2007-04-01,PLC001,AEC004,IPG003,5.55,3.70X1.35
2878,AE210,99920150883,41590320,376160355D,MNG244,1990-01-01,PLC000,AEC000,IPG000,0, 
2879,AE210,99920150884,41590320,376160355D,MNG244,1990-01-01,PLC000,AEC000,IPG000,0, 
2880,AE210,99920150885,41590320,376160355D,MNG244,1990-01-01,PLC000,AEC000,IPG000,0, 
2881,AE210,99920150683,41590360,376160858D,MNG244,1990-01-01,PLC000,AEC000,IPG000,0, 
2882,AE210,411056,41590587,377130702B,MNG244,2007-04-01,PLC001,AEC004,IPG003,5.55,5.55X1.35
2883,AE210,411057,41590587,377130292D,MNG244,2007-04-01,PLC002,AEC004,IPG003,5.55,5.55X1.35
2884,AE210,9.99E+11,41590330,376160654A,MNG244,2016-11-01,PLC001,AEC004,IPG003,6,4.5*1.4
2885,AE210,99920150641,41590600,377130748C,MNG244,1990-01-01,PLC000,AEC000,IPG000,0, 
2886,AE210,99920150028,41590370,376162331A,MNG244,1990-01-01,PLC000,AEC000,IPG000,0, 
2887,AE210,99920150029,41590370,376162321C,MNG244,1990-01-01,PLC000,AEC000,IPG000,0, 
2888,AE210,99920150030,41590370,376162321C,MNG244,1990-01-01,PLC000,AEC000,IPG000,0, 
2889,AE210,99920150031,41590370,376162321A,MNG244,1990-01-01,PLC000,AEC000,IPG000,0, 
2890,AE210,500170,41590570,377130612C,MNG244,2004-01-01,PLC001,AEC004,IPG004,5.2,사각형3.6×2.2
2891,AE210,411021,41590586,377130717C,MNG244,2007-04-01,PLC001,AEC004,IPG003,5.55,3.70X1.35
2892,AE210,200029,41590360,376160981A,MNG244,1900-01-01,PLC002,AEC004,IPG002,5,3.6X2.2
2893,AE210,100228,41590340,376150539C,MNG244,2013-11-01,PLC002,AEC004,IPG002,7.5,3.350 x 2.050
2894,AE210,8.89E+11,41590259,376161481D,MNG244,2016-01-01,PLC002,AEC014,IPG010,0,1800X350(6)
2895,AE210,411129,41590585,377130277C,MNG244,2007-04-01,PLC001,AEC004,IPG003,5.55,3.70X1.35
2896,AE210,99920150575,41590370,376161214C,MNG244,1990-01-01,PLC000,AEC000,IPG000,0, 
2897,AE210,99920150878,41590320,376160365B,MNG244,1990-01-01,PLC000,AEC000,IPG000,0, 
2898,AE210,99920151090,41590350,376150958B,MNG244,1990-01-01,PLC000,AEC000,IPG000,0, 
2899,AE210,200033,41590360,376160890D,MNG244,1900-01-01,PLC001,AEC004,IPG002,5,3.6X2.2
478,AE210,200076,41590259,376161441D,MNG244,1900-01-01,PLC001,AEC004,IPG004,2,3.6X2.2
479,AE210,411186,41590585,377130268C,MNG244,2007-04-01,PLC002,AEC007,IPG004,2,4.0X8.0
480,AE210,200057,41590259,376161340B,MNG244,1991-01-01,PLC001,AEC004,IPG002,5,3.6X2.2
481,AE210,8.89E+11,41590259,376161464B,MNG244,2016-01-01,PLC001,AEC004,IPG003,5,5550X1350
482,AE210,8.89E+11,41590259,376161464A,MNG244,2016-01-01,PLC001,AEC004,IPG003,5,4500X1400
483,AE210,500036,41590520,377130145D,MNG244,1900-01-01,PLC001,AEC003,IPG004,5.2,사각형1.85×1.35
484,AE210,100010,41590253,376160977A,MNG244,1900-01-01,PLC002,AEC006,IPG001,0, 
485,AE210,8.89E+11,41590259,376161473A,MNG244,2016-01-01,PLC002,AEC014,IPG010,0,1150X260(6)
486,AE210,5.32E+11,41590350,376150927B,MNG244,2015-01-01,PLC999,AEC004,IPG003,5.41,방향4.5X1.4/노선0.54x0.628
487,AE210,99920150673,41590590,377130279B,MNG244,1990-01-01,PLC000,AEC000,IPG000,0, 
488,AE210,99920150736,41590320,376160309B,MNG244,1990-01-01,PLC000,AEC000,IPG000,0, 
489,AE210,99920150737,41590320,376160309B,MNG244,1990-01-01,PLC000,AEC000,IPG000,0, 
490,AE210,8.89E+11,41590259,376161482B,MNG244,2016-01-01,PLC002,AEC014,IPG011,0,1150X260(6)
491,AE210,8.89E+11,41590259,376161464C,MNG244,2016-01-01,PLC002,AEC014,IPG010,0,1150X260(6)
492,AE210,2.12E+11,41590370,376161726D,MNG244,2015-01-01,PLC001,AEC004,IPG002,5.8,3.6X2.2/1.8X0.6
493,AE210,411086,41590587,377130272A,MNG244,2007-04-01,PLC002,AEC004,IPG003,5.55,5.55X1.35
494,AE210,8.89E+11,41590259,376161493A,MNG244,2016-01-01,PLC001,AEC014,IPG011,0,950X260(6)
495,AE210,8.89E+11,41590259,376161493A,MNG244,2016-01-01,PLC001,AEC014,IPG011,0,1050X260(5)
496,AE210,8.89E+11,41590259,376161493A,MNG244,2016-01-01,PLC002,AEC014,IPG011,0,1170X450(4)
497,AE210,8.89E+11,41590259,376161493A,MNG244,2016-01-01,PLC002,AEC014,IPG011,0,1050X260(5)
498,AE210,8.89E+11,41590259,376161493A,MNG244,2016-01-01,PLC002,AEC014,IPG011,0,950X260(6)
499,AE210,8.89E+11,41590259,376161493A,MNG244,2016-01-01,PLC002,AEC014,IPG011,0,1700X450(6)
500,AE210,2.12E+11,41590256,376161169B,MNG244,2015-01-01,PLC002,AEC004,IPG002,5.8,3.6x2.2
501,AE210,411049,41590585,377130292D,MNG244,2007-04-01,PLC001,AEC004,IPG003,5.55,5.55X1.35
502,AE210,411050,41590587,377130291D,MNG244,2007-04-01,PLC002,AEC004,IPG003,5.55,3.70X1.35
503,AE210,411152,41590585,377130704A,MNG244,2007-04-01,PLC002,AEC004,IPG003,5.55,5.55X1.35
504,AE210,8.89E+11,41590259,376161471D,MNG244,2016-01-01,PLC002,AEC014,IPG010,0,900X260(5)
505,AE210,8.89E+11,41590259,376161471D,MNG244,2016-01-01,PLC002,AEC014,IPG010,0,950X260(6)
506,AE210,200037,41590360,376160800D,MNG244,1900-01-01,PLC002,AEC004,IPG002,5,3.6X2.2
507,AE210,8.89E+11,41590256,376161725D,MNG244,2010-01-01,PLC002,AEC999,IPG001,2.5,"어린이보호구역,30Km"
508,AE210,8.22E+13,41590350,376150973B,MNG244,2017-12-31,PLC002,AEC004,IPG002,5,3.0X2.0
509,AE210,8.89E+11,41590259,376161464C,MNG244,2016-01-01,PLC002,AEC014,IPG011,0,2000X450(5)
510,AE210,411132,41590585,377130256C,MNG244,2007-04-01,PLC001,AEC004,IPG003,5.55,5.55X1.35
511,AE210,99920151093,41590350,376150948B,MNG244,1990-01-01,PLC000,AEC000,IPG000,0, 
512,AE210,99920151095,41590350,376150938D,MNG244,1990-01-01,PLC000,AEC000,IPG000,0, 
513,AE210,8.89E+11,41590259,376161482D,MNG244,2016-01-01,PLC001,AEC014,IPG011,0,2100X460(6)
514,AE210,99920150356,41590259,376161359D,MNG244,1990-01-01,PLC000,AEC000,IPG000,0, 
515,AE210,99920150355,41590259,376161359B,MNG244,1990-01-01,PLC000,AEC000,IPG000,0, 
516,AE210,500081,41590520,377130177D,MNG244,1900-01-01,PLC002,AEC004,IPG002,5.2,사각형4.45×3.2
517,AE210,2.12E+11,41590350,376150957A,MNG244,2014-11-27,PLC002,AEC004,IPG002,7.5,4.0X2.5/2.1X0.7
518,AE210,2.12E+11,41590350,376150957A,MNG244,2014-11-27,PLC999,AEC004,IPG002,7.5,4.0X2.5/2.1X0.7
519,AE210,8.89E+11,41590259,376161453B,MNG244,2016-01-01,PLC001,AEC014,IPG011,0,950X260(6)
520,AE210,2.15E+11,41590588,377130391B,MNG244,2014-01-01,PLC002,AEC004,IPG003,6.5,3.5X2.0
521,AE210,426053,41590253,376160561B,MNG244,2008-07-24,PLC002,AEC004,IPG002,5.5,4000*2500
522,AE210,8.89E+11,41590259,376161482D,MNG244,2016-01-01,PLC002,AEC014,IPG010,0,1150X260(6)
523,AE210,8.89E+11,41590259,376161483B,MNG244,2016-01-01,PLC001,AEC014,IPG011,0,950X260(6)
524,AE210,99920150003,41590320,376160325D,MNG244,1990-01-01,PLC000,AEC000,IPG000,0, 
525,AE210,8.89E+11,41590259,376161482D,MNG244,2016-01-01,PLC001,AEC014,IPG017,0,900X260(5)
1311,AE210,8.89E+11,41590259,376161492B,MNG244,2016-01-01,PLC001,AEC004,IPG003,5,3700X1400
1312,AE210,8.89E+11,41590256,376161735B,MNG244,2010-01-01,PLC001,AEC999,IPG001,2.5,어린이보호구역해제
1313,AE210,411184,41590585,377130267D,MNG244,2007-04-01,PLC002,AEC007,IPG001,2,0.8X0.8
1314,AE210,500142,41590540,377130170D,MNG244,1900-01-01,PLC001,AEC004,IPG002,5.2,사각형3.6×2.2
1315,AE210,100147,41590253,376160552C,MNG244,1900-01-01,PLC001,AEC004,IPG004,2,사각형2.50X1.75
1316,AE210,500111,41590530,377130198B,MNG244,1900-01-01,PLC002,AEC004,IPG003,5.2,사각형3.7×1.35
1317,AE210,200008,41590360,376160952A,MNG244,2001-01-01,PLC001,AEC007,IPG001,2, 
1318,AE210,8.89E+11,41590259,376161481A,MNG244,2016-01-01,PLC002,AEC014,IPG010,0,1050X260(5)
1319,AE210,8.89E+11,41590259,376161370A,MNG135,2011-03-09,PLC002,AEC006,IPG002,0,1.1*1.7
1320,AE210,99920150067,41590256,376162120D,MNG244,1990-01-01,PLC000,AEC000,IPG000,0, 
1321,AE210,99920150068,41590256,376162120D,MNG244,1990-01-01,PLC000,AEC000,IPG000,0, 
1322,AE210,99920150245,41590259,376161477B,MNG244,1990-01-01,PLC000,AEC000,IPG000,0, 
1323,AE210,99920150265,41590259,376161469D,MNG244,1990-01-01,PLC000,AEC000,IPG000,0, 
1324,AE210,99920150266,41590259,376161469C,MNG244,1990-01-01,PLC000,AEC000,IPG000,0, 
1325,AE210,402015,41590540,377130190A,MNG244,2006-06-20,PLC001,AEC004,IPG003,0, 
1326,AE210,402016,41590540,377130190C,MNG244,2006-06-20,PLC001,AEC004,IPG002,0, 
1327,AE210,411064,41590585,377130283B,MNG244,2007-04-01,PLC001,AEC004,IPG003,5.55,5.55X1.35
1328,AE210,100014,41590253,376160958C,MNG244,1900-01-01,PLC002,AEC006,IPG001,2,사각형1.20X1.00
1329,AE210,500179,41590253,376160470B,MNG244,1900-01-01,PLC002,AEC004,IPG002,5,사각형3.6×2.2
1330,AE210,99920150407,41590360,376160981A,MNG244,1990-01-01,PLC000,AEC000,IPG000,0, 
1331,AE210,99920150417,41590360,376160890D,MNG244,1990-01-01,PLC000,AEC000,IPG000,0, 
1332,AE210,99920150416,41590360,376160890C,MNG244,1990-01-01,PLC000,AEC000,IPG000,0, 
1333,AE210,411004,41590585,377130284B,MNG244,2007-04-01,PLC002,AEC004,IPG003,5.55,5.55X1.35
1334,AE210,411005,41590586,377130717C,MNG244,2007-04-01,PLC002,AEC004,IPG003,5.55,3.70X1.35
1335,AE210,411006,41590586,377130717A,MNG244,2007-04-01,PLC002,AEC004,IPG004,2,3.60X2.20
1336,AE210,411007,41590586,377130717A,MNG244,2007-04-01,PLC002,AEC004,IPG003,5.55,3.70X1.35
1337,AE210,411008,41590586,377130725A,MNG244,2007-04-01,PLC002,AEC004,IPG003,5.55,5.55X1.35
1338,AE210,411009,41590586,377130716D,MNG244,2007-04-01,PLC002,AEC004,IPG003,5.55,3.70X1.35
1339,AE210,100006,41590253,376160976B,MNG244,1900-01-01,PLC002,AEC004,IPG002,5,사각형3.60X2.20
1340,AE210,99920150505,41590370,376161393D,MNG244,1990-01-01,PLC000,AEC000,IPG000,0, 
1341,AE210,100081,41590410,376161038D,MNG244,2004-01-01,PLC001,AEC004,IPG002,5,사각형3.60X2.20
1342,AE210,5.11E+11,41590600,377130739B,MNG244,2014-01-01,PLC002,AEC004,IPG003,1.7,5.55X1.35
1343,AE210,8.89E+11,41590256,376161725C,MNG244,2010-01-01,PLC001,AEC999,IPG001,0,"어린이보호구역,주정차금지,견인지역"
1344,AE210,8.89E+11,41590256,376161725C,MNG244,2010-01-01,PLC001,AEC999,IPG001,2.5,"어린이보호구역,천천히"
1345,AE210,8.89E+11,41590259,376161463C,MNG244,2016-01-01,PLC002,AEC014,IPG010,0,1150X260(6)
1346,AE210,200083,41590259,376161558B,MNG244,1900-01-01,PLC002,AEC004,IPG002,5,3.6X2.2
1347,AE210,100024,41590253,376160948C,MNG244,1900-01-01,PLC002,AEC004,IPG002,5,사각형5.00X2.50
1348,AE210,8.89E+11,41590259,376161464D,MNG244,2016-01-01,PLC002,AEC014,IPG011,0,700X260(5)
1349,AE210,8.89E+11,41590259,376161464D,MNG244,2016-01-01,PLC001,AEC014,IPG011,0,1700X450(6)
1350,AE210,99920150151,41590400,376161944A,MNG244,1990-01-01,PLC000,AEC000,IPG000,0, 
1351,AE210,99920150152,41590400,376161943B,MNG244,1990-01-01,PLC000,AEC000,IPG000,0, 
1352,AE210,8.89E+11,41590259,376161369B,MNG135,2011-03-09,PLC002,AEC004,IPG002,0,4.45*2.2
1353,AE210,99920150100,41590256,376161679C,MNG244,1990-01-01,PLC000,AEC000,IPG000,0, 
1354,AE210,8.89E+11,41590259,376161464C,MNG244,2016-01-01,PLC002,AEC014,IPG011,0,950X260(6)
1355,AE210,402023,41590540,377130180A,MNG244,2006-06-20,PLC001,AEC004,IPG003,0, 
1356,AE210,8.89E+11,41590259,376161482C,MNG244,2016-01-01,PLC002,AEC014,IPG011,0,2000X450(5)
1357,AE210,411181,41590585,377130285B,MNG244,2007-04-01,PLC002,AEC004,IPG003,5.55,5.55X1.35
1358,AE210,8.89E+11,41590259,376161482D,MNG244,2016-01-01,PLC001,AEC014,IPG010,0,855X260(4)
1359,AE210,8.89E+11,41590259,376161482D,MNG244,2016-01-01,PLC001,AEC014,IPG010,0,900X260(5)
1360,AE210,8.89E+11,41590259,376161482D,MNG244,2016-01-01,PLC001,AEC014,IPG017,0,900X260(5)
1361,AE210,8.89E+11,41590259,376161810B,MNG244,2016-01-01,PLC002,AEC014,IPG011,0,1250X450(5)
1362,AE210,500132,41590550,377130253B,MNG244,1900-01-01,PLC001,AEC004,IPG002,5.2,사각형3.6×2.2
1363,AE210,8.89E+11,41590259,376161491A,MNG244,2016-01-01,PLC002,AEC014,IPG011,0,1700X450(6)
2109,AE210,500070,41590520,377130169D,MNG244,1900-01-01,PLC001,AEC004,IPG002,5.2,사각형4.45×2.2
2110,AE210,99920150455,41590370,376161823A,MNG244,1990-01-01,PLC000,AEC000,IPG000,0, 
2111,AE210,99920150469,41590370,376161760D,MNG244,1990-01-01,PLC000,AEC000,IPG000,0, 
2112,AE210,99920150440,41590370,376161847C,MNG244,1990-01-01,PLC000,AEC000,IPG000,0, 
2113,AE210,500166,41590530,377130609A,MNG244,1900-01-01,PLC001,AEC006,IPG001,2,사가형0.26×0.44
2114,AE210,100203,41590570,376160577A,MNG244,1900-01-01,PLC001,AEC004,IPG003,5,사각형3.70X1.35
2115,AE210,500105,41590530,377130187B,MNG244,1900-01-01,PLC002,AEC004,IPG002,5.2,사각형4.45×2.2
2116,AE210,500077,41590520,377130177C,MNG244,1900-01-01,PLC001,AEC004,IPG002,5.2,사각형3.6×2.2
2117,AE210,99920151162,41590340,376150546A,MNG244,1990-01-01,PLC000,AEC000,IPG000,0, 
2118,AE210,99920151166,41590340,376150537A,MNG244,1990-01-01,PLC000,AEC000,IPG000,0, 
2119,AE210,99920151167,41590340,376150536B,MNG244,1990-01-01,PLC000,AEC000,IPG000,0, 
2120,AE210,99920151112,41590340,376150586A,MNG244,1990-01-01,PLC000,AEC000,IPG000,0, 
2121,AE210,99920151113,41590340,376150586A,MNG244,1990-01-01,PLC000,AEC000,IPG000,0, 
2122,AE210,99920151115,41590340,376150586A,MNG244,1990-01-01,PLC000,AEC000,IPG000,0, 
2123,AE210,99920151127,41590340,376150577A,MNG244,1990-01-01,PLC000,AEC000,IPG000,0, 
2124,AE210,99920151128,41590340,376150577A,MNG244,1990-01-01,PLC000,AEC000,IPG000,0, 
2125,AE210,300020,41590320,376160326A,MNG244,1900-01-01,PLC001,AEC004,IPG002,5,5.0X2.5
2126,AE210,500021,41590410,377130661C,MNG244,1900-01-01,PLC002,AEC004,IPG004,5,사각형3.6×2.2
2127,AE210,500061,41590520,377130169C,MNG244,1900-01-01,PLC002,AEC004,IPG003,5.2,사각형5.55×1.35
2128,AE210,200026,41590360,376160981A,MNG244,1900-01-01,PLC001,AEC004,IPG002,5,3.6X2.2
2129,AE210,1.00E+12,41590256,376161725A,MNG244,2010-01-01,PLC001,AEC007,IPG002,4.5,200*150
2130,AE210,1.00E+12,41590256,376161725A,MNG244,2010-01-01,PLC002,AEC004,IPG002,4.5,185*135 2개
2131,AE210,9.99E+11,41590550,377130234B,MNG244,2009-01-01,PLC001,AEC003,IPG002,5, 
2132,AE210,8.89E+11,41590259,376161472D,MNG244,2016-01-01,PLC002,AEC014,IPG011,0,1150X260(6)
2133,AE210,8.89E+11,41590259,376161472D,MNG244,2016-01-01,PLC002,AEC014,IPG011,0,1650X450(5)
2134,AE210,99920150857,41590330,376160619B,MNG244,1990-01-01,PLC000,AEC000,IPG000,0, 
2135,AE210,99920151059,41590350,376151051D,MNG244,1990-01-01,PLC000,AEC000,IPG000,0, 
2136,AE210,99920151058,41590350,376151051C,MNG244,1990-01-01,PLC000,AEC000,IPG000,0, 
2137,AE210,402013,41590540,377130190A,MNG244,2006-06-20,PLC002,AEC004,IPG003,0, 
2138,AE210,99920150874,41590320,376160386D,MNG244,1990-01-01,PLC000,AEC000,IPG000,0, 
2139,AE210,8.89E+11,41590259,376161369B,MNG135,2011-03-09,PLC001,AEC004,IPG002,0,3.6*2.2
2140,AE210,8.89E+11,41590259,376161359C,MNG135,2011-03-09,PLC001,AEC004,IPG002,0,5.0*2.5
2141,AE210,8.89E+11,41590259,376161300B,MNG244,2016-01-01,PLC001,AEC014,IPG010,0,2000X450(5)
2142,AE210,99920150634,41590600,377130768C,MNG244,1990-01-01,PLC000,AEC000,IPG000,0, 
2143,AE210,200075,41590259,376161441D,MNG244,1900-01-01,PLC002,AEC004,IPG002,5,5.0X2.5
2144,AE210,500162,41590530,377130608B,MNG244,1900-01-01,PLC001,AEC004,IPG002,5.2,사각형3.6×2.2
2145,AE210,500144,41590540,377130180B,MNG244,1900-01-01,PLC002,AEC004,IPG002,5.2,사각형3.6×2.2
2146,AE210,100151,41590310,376160511B,MNG244,1900-01-01,PLC001,AEC004,IPG004,2,사각형3.60X2.20
2147,AE210,100123,41590410,376161077D,MNG244,1996-01-01,PLC002,AEC004,IPG002,5,사각형5.00X2.50
2148,AE210,1.00E+12,41590256,376161724B,MNG244,2010-01-01,PLC001,AEC004,IPG002,4.5,185*135 3개
2149,AE210,99920150757,41590310,376122435A,MNG244,1990-01-01,PLC000,AEC000,IPG000,0, 
2150,AE210,99920150759,41590310,376122434B,MNG244,1990-01-01,PLC000,AEC000,IPG000,0, 
2151,AE210,99920150769,41590310,376122413D,MNG244,1990-01-01,PLC000,AEC000,IPG000,0, 
2152,AE210,99920150739,41590310,376122493D,MNG244,1990-01-01,PLC000,AEC000,IPG000,0, 
2153,AE210,99920150740,41590310,376122493D,MNG244,1990-01-01,PLC000,AEC000,IPG000,0, 
2154,AE210,100118,41590410,376161084B,MNG244,1900-01-01,PLC002,AEC006,IPG001,1.5,사각형1.20X1.00
2155,AE210,8.89E+11,41590259,376161475A,MNG244,2016-01-01,PLC002,AEC014,IPG010,0,700X260(5)
2156,AE210,8.89E+11,41590259,376161462D,MNG244,2016-01-01,PLC001,AEC004,IPG003,5,3700X1400
2157,AE210,8.89E+11,41590259,376161453B,MNG244,2016-01-01,PLC002,AEC004,IPG002,5,5000X2500
2158,AE210,2.15E+11,41590588,377130803B,MNG244,2014-01-01,PLC001,AEC004,IPG003,6.5,4.5X2.0
2159,AE210,500097,41590570,377130185C,MNG244,1900-01-01,PLC002,AEC007,IPG001,2.5,사각형0.7×1.1
2160,AE210,500039,41590520,377130156C,MNG244,1900-01-01,PLC001,AEC007,IPG004,5.2,사각형3.62.2
2161,AE210,500133,41590550,377130243D,MNG244,1900-01-01,PLC001,AEC007,IPG002,5.2,사각형3.6×2.2
2162,AE210,99920150879,41590320,376160365B,MNG244,1990-01-01,PLC000,AEC000,IPG000,0, 
2163,AE210,99920151064,41590350,376151042C,MNG244,1990-01-01,PLC000,AEC000,IPG000,0, 
2164,AE210,8.89E+11,41590259,376161472B,MNG244,2016-01-01,PLC002,AEC014,IPG011,0,1920X450(4)
2949,AE210,2.15E+11,41590590,377130391B,MNG244,2014-01-01,PLC002,AEC004,IPG003,6.5,4.5X2.0
2950,AE210,99920151089,41590350,376150959B,MNG244,1990-01-01,PLC000,AEC000,IPG000,0, 
2951,AE210,99920151088,41590350,376150959A,MNG244,1990-01-01,PLC000,AEC000,IPG000,0, 
2952,AE210,8.89E+11,41590259,376161359C,MNG135,2011-03-09,PLC001,AEC009,IPG004,0,3.0*4.0
2953,AE210,99920150574,41590370,376161214D,MNG244,1990-01-01,PLC000,AEC000,IPG000,0, 
2954,AE210,99920150603,41590360,376160867C,MNG244,1990-01-01,PLC000,AEC000,IPG000,0, 
2955,AE210,5.11E+11,41590600,377130758A,MNG244,2014-01-01,PLC002,AEC004,IPG003,7.4,5.55x1.35
2956,AE210,99920150373,41590360,376161319D,MNG244,1990-01-01,PLC000,AEC000,IPG000,0, 
2957,AE210,401020,41590259,376161441B,MNG244,2004-07-31,PLC002,AEC004,IPG002,10,5mX2.5m
2958,AE210,402011,41590540,377130190C,MNG244,2006-06-20,PLC002,AEC004,IPG002,0, 
2959,AE210,500174,41590410,377130622C,MNG244,2004-01-01,PLC001,AEC004,IPG004,5.2,사각형3.6×2.2
2960,AE210,411054,41590587,377130701B,MNG244,2007-04-01,PLC001,AEC004,IPG003,5.55,5.55X1.35
2961,AE210,411055,41590587,377130701B,MNG244,2007-04-01,PLC002,AEC004,IPG003,5.55,5.55X1.35
2962,AE210,300051,41590350,376151052D,MNG244,1992-01-01,PLC001,AEC004,IPG004,2,3.6X2.2
2963,AE210,300053,41590350,376151062A,MNG244,1900-01-01,PLC002,AEC004,IPG004,2,3.6X2.2
2964,AE210,99920150817,41590320,376160806B,MNG244,1990-01-01,PLC000,AEC000,IPG000,0, 
2965,AE210,200045,41590259,376161330B,MNG244,1900-01-01,PLC001,AEC004,IPG002,0, 
2966,AE210,99920150437,41590370,376161851C,MNG244,1990-01-01,PLC000,AEC000,IPG000,0, 
2967,AE210,8.89E+11,41590259,376161482B,MNG244,2016-01-01,PLC001,AEC015,IPG002,5,3600X2200
2968,AE210,8.89E+11,41590259,376161472D,MNG244,2016-01-01,PLC002,AEC004,IPG003,5,3700X1400
2969,AE210,411051,41590587,377130291D,MNG244,2007-04-01,PLC002,AEC004,IPG003,5.55,3.70X1.35
2970,AE210,411052,41590587,377130291D,MNG244,2007-04-01,PLC001,AEC004,IPG003,5.55,3.70X1.35
2971,AE210,411053,41590587,377130701B,MNG244,2007-04-01,PLC001,AEC004,IPG003,5.55,5.55X1.35
2972,AE210,99920150868,41590320,376160395B,MNG244,1990-01-01,PLC000,AEC000,IPG000,0, 
2973,AE210,500143,41590540,377130180B,MNG244,1900-01-01,PLC001,AEC004,IPG003,5.2,사각형3.7×1.35
2974,AE210,500032,41590570,377130154B,MNG244,1900-01-01,PLC002,AEC007,IPG003,5,오각형0.9×0.3
2975,AE210,8.89E+11,41590259,376161482A,MNG244,2016-01-01,PLC001,AEC014,IPG011,0,1200X350(5)
2976,AE210,8.22E+13,41590350,376150900D,MNG244,2017-12-31,PLC001,AEC007,IPG006,0,0.6X0.1
2977,AE210,8.22E+13,41590350,376150966C,MNG244,2017-12-31,PLC002,AEC004,IPG002,5,3.7X1.4+1.8X0.6
2978,AE210,4.22E+13,41590259,376161442A,MNG244,2017-12-01,PLC001,AEC004,IPG003,5,5.55X1.35
2979,AE210,9.00E+13,41590000,377130832B,MNG305,2016-01-01,PLC002,AEC004,IPG003,5,3.7X1.35
2980,AE210,9.00E+13,41590000,377130832B,MNG305,2016-01-01,PLC002,AEC004,IPG003,5.5,3.7X1.35
2981,AE210,99920150861,41590262,376160610C,MNG244,1990-01-01,PLC000,AEC000,IPG000,0, 
2982,AE210,99920150979,41590262,376160100D,MNG244,1990-01-01,PLC000,AEC000,IPG000,0, 
2983,AE210,99920150982,41590262,376160100B,MNG244,1990-01-01,PLC000,AEC000,IPG000,0, 
2984,AE210,100216,41590560,376160545B,MNG244,1900-01-01,PLC001,AEC003,IPG001,1.5,T형
2985,AE210,500094,41590570,377130184C,MNG244,1900-01-01,PLC002,AEC004,IPG002,5.2,사각형3.6×2.2
2986,AE210,500085,41590520,377130178C,MNG244,1900-01-01,PLC002,AEC004,IPG002,5.2,사각형5.55×3.5
2987,AE210,8.89E+11,41590259,376161471C,MNG244,2016-01-01,PLC002,AEC014,IPG010,0,1200X350(5)
2988,AE210,100033,41590253,376160928B,MNG244,1900-01-01,PLC002,AEC006,IPG001,1.5,오각형0.26X0.44
2989,AE210,2.12E+11,41590360,376161404D,MNG244,2014-06-01,PLC001,AEC004,IPG002,7.7,4.0X2.5
2990,AE210,99920151032,41590340,376160172D,MNG244,1990-01-01,PLC000,AEC000,IPG000,0, 
2991,AE210,99920151034,41590340,376160172C,MNG244,1990-01-01,PLC000,AEC000,IPG000,0, 
2992,AE210,100097,41590410,376161069B,MNG244,1900-01-01,PLC001,AEC005,IPG001,2,사각형1.10X1.70
2993,AE210,99920150007,41590259,376161476C,MNG244,1990-01-01,PLC000,AEC000,IPG000,0, 
2994,AE210,8.89E+11,41590259,376161473B,MNG244,2016-01-01,PLC002,AEC014,IPG011,0,950X260(6)
2995,AE210,8.89E+11,41590259,376161482C,MNG244,2016-01-01,PLC002,AEC014,IPG010,0,900X260(5)
2996,AE210,402046,41590520,377130168B,MNG244,2006-06-20,PLC001,AEC004,IPG003,0, 
2997,AE210,402047,41590520,377130168A,MNG244,2006-06-20,PLC002,AEC004,IPG002,0, 
2998,AE210,99920150022,41590370,376162342A,MNG244,1990-01-01,PLC000,AEC000,IPG000,0, 
2999,AE210,2.06E+11,41590000,377130718B,MNG244,2016-01-01,PLC001,AEC004,IPG003,6.5,5.55X1.35
3000,AE210,200042,41590360,376161320A,MNG244,1900-01-01,PLC002,AEC004,IPG002,5,3.6X2.2
3001,AE210,2.11E+11,41590550,377130252C,MNG244,2014-12-01,PLC001,AEC004,IPG002,7.7,3.0x2.0
3002,AE210,8.89E+11,41590259,376161481C,MNG244,2016-01-01,PLC001,AEC014,IPG011,0,950X260(6)
526,AE210,2.12E+11,41590253,376160523A,MNG244,2012-06-01,PLC002,AEC003,IPG002,0, 
527,AE210,8.89E+11,41590259,376161426D,MNG244,2009-01-01,PLC001,AEC004,IPG004,0, 
528,AE210,100192,41590570,376160588D,MNG244,1900-01-01,PLC002,AEC004,IPG002,5,사각형4.45X2.20
529,AE210,99920151075,41590330,376151030B,MNG244,1990-01-01,PLC000,AEC000,IPG000,0, 
530,AE210,99920151076,41590330,376151027C,MNG244,1990-01-01,PLC000,AEC000,IPG000,0, 
531,AE210,99920151077,41590330,376151026D,MNG244,1990-01-01,PLC000,AEC000,IPG000,0, 
532,AE210,99920150349,41590259,376161360A,MNG244,1990-01-01,PLC000,AEC000,IPG000,0, 
533,AE210,8.89E+11,41590259,376161464A,MNG244,2016-01-01,PLC001,AEC014,IPG011,0,2000X450(5)
534,AE210,8.89E+11,41590259,376161464A,MNG244,2016-01-01,PLC001,AEC014,IPG011,0,1150X260(6)
535,AE210,8.89E+11,41590259,376161464A,MNG244,2016-01-01,PLC001,AEC014,IPG011,0,1150X260(6)
536,AE210,5.32E+11,41590350,376150925C,MNG244,2015-01-01,PLC001,AEC004,IPG003,5.41,4.5X1.4
537,AE210,8.89E+11,41590256,376161725D,MNG244,2010-01-01,PLC001,AEC999,IPG002,0,"어린이보호구역,30Km,횡단보도,여기부"
538,AE210,8.89E+11,41590259,376161463B,MNG244,2016-01-01,PLC001,AEC014,IPG010,0,1300X260(6)
539,AE210,8.89E+11,41590259,376161463B,MNG244,2016-01-01,PLC001,AEC014,IPG010,0,700X260(5)
540,AE210,8.89E+11,41590259,376161474A,MNG244,2016-01-01,PLC001,AEC014,IPG011,0,2000X450(5)
541,AE210,8.89E+11,41590259,376161474A,MNG244,2016-01-01,PLC002,AEC014,IPG011,0,1050X260(5)
542,AE210,8.89E+11,41590360,376161368D,MNG135,2011-03-09,PLC002,AEC004,IPG002,0,5.0*2.5
543,AE210,99920150549,41590370,376161279D,MNG244,1990-01-01,PLC000,AEC000,IPG000,0, 
544,AE210,99920150596,41590360,376160884C,MNG244,1990-01-01,PLC000,AEC000,IPG000,0, 
545,AE210,99920150447,41590370,376161842B,MNG244,1990-01-01,PLC000,AEC000,IPG000,0, 
546,AE210,500175,41590570,377130622D,MNG244,1900-01-01,PLC002,AEC003,IPG002,5.2,사각형3.6×2.2
547,AE210,99920151021,41590330,376160186A,MNG244,1990-01-01,PLC000,AEC000,IPG000,0, 
548,AE210,8.89E+11,41590259,376161464A,MNG244,2016-01-01,PLC002,AEC014,IPG011,0,2000X450(5)
549,AE210,402024,41590540,377130189B,MNG244,2006-06-20,PLC002,AEC004,IPG003,0, 
550,AE210,402025,41590520,377130169C,MNG244,2006-06-20,PLC001,AEC004,IPG002,0, 
551,AE210,100224,41590360,376160977C,MNG244,1900-01-01,PLC002,AEC003,IPG004,2,사각형1.00X0.50
552,AE210,100121,41590410,376161077C,MNG244,1996-01-01,PLC002,AEC005,IPG001,2,사각형1.10X1.70
553,AE210,100189,41590570,376160589C,MNG244,1900-01-01,PLC001,AEC004,IPG004,2.6,사각형2.50X1.75
554,AE210,99920150708,41590310,376160410B,MNG244,1990-01-01,PLC000,AEC000,IPG000,0, 
555,AE210,99920150743,41590310,376122490D,MNG244,1990-01-01,PLC000,AEC000,IPG000,0, 
556,AE210,99920150771,41590310,376122400D,MNG244,1990-01-01,PLC000,AEC000,IPG000,0, 
557,AE210,99920150320,41590259,376161427A,MNG244,1990-01-01,PLC000,AEC000,IPG000,0, 
558,AE210,99920150325,41590259,376161417C,MNG244,1990-01-01,PLC000,AEC000,IPG000,0, 
559,AE210,99920150805,41590360,376160825A,MNG244,1990-01-01,PLC000,AEC000,IPG000,0, 
560,AE210,9.99E+11,41590330,376160653B,MNG244,2016-11-01,PLC001,AEC004,IPG003,6,3.7*1.4
561,AE210,9.99E+11,41590330,376160653B,MNG244,2016-11-01,PLC002,AEC004,IPG002,6.3,4.45*2.0
562,AE210,401002,41590259,376161340B,MNG244,2004-07-31,PLC002,AEC004,IPG002,10,5mX2.5m
563,AE210,100030,41590253,376160948A,MNG244,1900-01-01,PLC001,AEC004,IPG002,5,사각형5.00X2.50
564,AE210,8.89E+11,41590259,376161491B,MNG244,2016-01-01,PLC001,AEC014,IPG010,0,1050X260(5)
565,AE210,8.89E+11,41590259,376161473B,MNG244,2016-01-01,PLC001,AEC014,IPG011,0,1050X260(5)
566,AE210,8.89E+11,41590259,376161473B,MNG244,2016-01-01,PLC001,AEC014,IPG011,0,1050X260(5)
567,AE210,411113,41590585,377130287A,MNG244,2007-04-01,PLC001,AEC004,IPG003,5.55,5.55X1.35
568,AE210,411114,41590585,377130287A,MNG244,2007-04-01,PLC002,AEC004,IPG003,5.55,5.55X1.35
569,AE210,8.89E+11,41590259,376161491A,MNG244,2016-01-01,PLC002,AEC014,IPG011,0,2100X450(6)
570,AE210,8.89E+11,41590259,376161491A,MNG244,2016-01-01,PLC002,AEC014,IPG011,0,950X260(6)
571,AE210,8.89E+11,41590259,376161491A,MNG244,2016-01-01,PLC001,AEC014,IPG011,0,1150X260(6)
572,AE210,99920151050,41590350,376151072B,MNG244,1990-01-01,PLC000,AEC000,IPG000,0, 
573,AE210,8.89E+11,41590259,376161491A,MNG244,2016-01-01,PLC001,AEC014,IPG011,0,1700X450(6)
574,AE210,2.15E+11,41590588,377130803B,MNG244,2014-01-01,PLC001,AEC004,IPG003,6.5,4.5X2.0
575,AE210,8.89E+11,41590259,376161482C,MNG244,2016-01-01,PLC001,AEC014,IPG011,0,1150X260(6)
576,AE210,8.89E+11,41590259,376161482C,MNG244,2016-01-01,PLC002,AEC014,IPG010,0,1150X260(6)
1364,AE210,500009,41590410,377131113B,MNG244,1900-01-01,PLC002,AEC006,IPG001,2,사각형1.2×1.1
1365,AE210,99920150307,41590259,376161435D,MNG244,1990-01-01,PLC000,AEC000,IPG000,0, 
1366,AE210,100054,41590253,376160956C,MNG244,2001-01-01,PLC001,AEC004,IPG002,5,사각형3.60X2.20
1367,AE210,100031,41590253,376160948A,MNG244,1900-01-01,PLC002,AEC006,IPG001,1.5,오각형0.26X0.44
1368,AE210,8.89E+11,41590259,376161462D,MNG244,2016-01-01,PLC002,AEC014,IPG011,0,1050X260(5)
1369,AE210,500140,41590550,377130262A,MNG244,1900-01-01,PLC001,AEC006,IPG001,2,사각형1.2×1.1
1370,AE210,8.89E+11,41590259,376161472D,MNG244,2016-01-01,PLC001,AEC014,IPG011,0,900X260(5)
1371,AE210,8.89E+11,41590259,376161300B,MNG244,2016-01-01,PLC002,AEC014,IPG010,0,1650X450(5)
1372,AE210,8.89E+11,41590259,376161462A,MNG244,2016-01-01,PLC003,AEC004,IPG012,0,3300X2800
1373,AE210,8.89E+11,41590259,376161462A,MNG244,2016-01-01,PLC003,AEC004,IPG012,0,3300X2800
1374,AE210,99920150273,41590259,376161461C,MNG244,1990-01-01,PLC000,AEC000,IPG000,0, 
1375,AE210,99920150254,41590259,376161471A,MNG244,1990-01-01,PLC000,AEC000,IPG000,0, 
1376,AE210,99920150272,41590259,376161461C,MNG244,1990-01-01,PLC000,AEC000,IPG000,0, 
1377,AE210,99920150252,41590259,376161471A,MNG244,1990-01-01,PLC000,AEC000,IPG000,0, 
1378,AE210,100185,41590570,376160589C,MNG244,1900-01-01,PLC002,AEC004,IPG002,5,사각형3.60X2.20
1379,AE210,500103,41590520,377130185D,MNG244,1900-01-01,PLC001,AEC004,IPG002,5.2,사각형3.6×2.2
1380,AE210,300050,41590350,376151051C,MNG244,1900-01-01,PLC001,AEC004,IPG002,5,5.0X2.5
1381,AE210,411045,41590585,377130703A,MNG244,2007-04-01,PLC002,AEC004,IPG003,5.55,5.55X1.35
1382,AE210,1,41590340,376150540C,MNG244,2013-11-01,PLC002,AEC004,IPG004,2,1.800 x 0.900
1383,AE210,8.89E+11,41590259,376161435A,MNG244,2009-01-01,PLC002,AEC004,IPG002,5,3.6*2.2
1384,AE210,100087,41590410,376161058B,MNG244,1900-01-01,PLC002,AEC006,IPG001,1.5,사각형1.20X1.00
1385,AE210,8.89E+11,41590259,376161461B,MNG135,2011-03-09,PLC002,AEC006,IPG002,0,3.7*1.0
1386,AE210,8.89E+11,41590259,376161481A,MNG244,2016-01-01,PLC002,AEC014,IPG999,0,1050X260(5)
1387,AE210,8.89E+11,41590259,376161473A,MNG244,2016-01-01,PLC002,AEC014,IPG010,0,1050X260(5)
1388,AE210,99920150816,41590320,376160806A,MNG244,1990-01-01,PLC000,AEC000,IPG000,0, 
1389,AE210,99920150823,41590320,376160805B,MNG244,1990-01-01,PLC000,AEC000,IPG000,0, 
1390,AE210,99920150825,41590320,376160805B,MNG244,1990-01-01,PLC000,AEC000,IPG000,0, 
1391,AE210,8.89E+11,41590259,376161810B,MNG244,2016-01-01,PLC001,AEC014,IPG010,0,700X260(5)
1392,AE210,8.89E+11,41590259,376161810B,MNG244,2016-01-01,PLC001,AEC014,IPG011,0,1250X450(5)
1393,AE210,426047,41590253,376160551C,MNG244,2008-07-24,PLC002,AEC002,IPG003,5.2,1850*1350*2
1394,AE210,8.89E+11,41590259,376161471C,MNG244,2016-01-01,PLC002,AEC014,IPG010,0,700X260(5)
1395,AE210,8.89E+11,41590259,376161471C,MNG244,2016-01-01,PLC002,AEC014,IPG010,0,700X260(5)
1396,AE210,402018,41590540,377130190B,MNG244,2006-06-20,PLC002,AEC004,IPG002,0, 
1397,AE210,99920150218,41590259,376161548C,MNG244,1990-01-01,PLC000,AEC000,IPG000,0, 
1398,AE210,99920150217,41590259,376161548A,MNG244,1990-01-01,PLC000,AEC000,IPG000,0, 
1399,AE210,99920150219,41590259,376161547B,MNG244,1990-01-01,PLC000,AEC000,IPG000,0, 
1400,AE210,8.89E+11,41590259,376161491A,MNG244,2016-01-01,PLC002,AEC014,IPG014,0,700X260(5)
1401,AE210,8.89E+11,41590259,376161491A,MNG244,2016-01-01,PLC001,AEC014,IPG011,0,950X260(6)
1402,AE210,99920150073,41590256,376162120D,MNG244,1990-01-01,PLC000,AEC000,IPG000,0, 
1403,AE210,8.89E+11,41590259,376161464B,MNG244,2016-01-01,PLC001,AEC014,IPG011,0,950X260(6)
1404,AE210,8.89E+11,41590259,376161300B,MNG244,2016-01-01,PLC001,AEC014,IPG011,0,1150X260(6)
1405,AE210,402042,41590520,377130168B,MNG244,2006-06-20,PLC002,AEC004,IPG003,0, 
1406,AE210,402043,41590520,377130168B,MNG244,2006-06-20,PLC001,AEC004,IPG003,0, 
1407,AE210,500055,41590520,377130179A,MNG244,1900-01-01,PLC001,AEC004,IPG003,5.2,사각형5.55×1.35
1408,AE210,5.11E+11,41590600,377130739B,MNG244,2014-01-01,PLC001,AEC004,IPG002,7.7,4.45X2.2/1.8X0.6
1409,AE210,99920151016,41590330,376160613D,MNG244,1990-01-01,PLC000,AEC000,IPG000,0, 
1410,AE210,99920151015,41590330,376160613B,MNG244,1990-01-01,PLC000,AEC000,IPG000,0, 
1411,AE210,99920150438,41590259,376161847B,MNG244,1990-01-01,PLC000,AEC000,IPG000,0, 
1412,AE210,99920150446,41590259,376161847B,MNG244,1990-01-01,PLC000,AEC000,IPG000,0, 
1413,AE210,100175,41590253,376160532D,MNG244,1900-01-01,PLC001,AEC004,IPG001,2,사각형1.00X1.80
1414,AE210,8.89E+11,41590259,376161810D,MNG244,2016-01-01,PLC002,AEC014,IPG011,0,1150X260(6)
1415,AE210,1.00E+12,41590256,376161724A,MNG244,2010-01-01,PLC002,AEC004,IPG002,4.5,185*135 3개
2165,AE210,99920151146,41590340,376150566D,MNG244,1990-01-01,PLC000,AEC000,IPG000,0, 
2166,AE210,99920151148,41590340,376150566D,MNG244,1990-01-01,PLC000,AEC000,IPG000,0, 
2167,AE210,99920151151,41590340,376150566D,MNG244,1990-01-01,PLC000,AEC000,IPG000,0, 
2168,AE210,8.89E+11,41590259,376161453C,MNG244,2016-01-01,PLC002,AEC014,IPG010,0,1300X260(6)
2169,AE210,8.89E+11,41590259,376161483B,MNG244,2016-01-01,PLC001,AEC014,IPG011,0,700X260(5)
2170,AE210,8.89E+11,41590259,376161483B,MNG244,2016-01-01,PLC001,AEC014,IPG011,0,1700X450(6)
2171,AE210,8.89E+11,41590259,376161483B,MNG244,2016-01-01,PLC001,AEC014,IPG011,0,1250X450(5)
2172,AE210,99920151170,41590340,376150528B,MNG244,1990-01-01,PLC000,AEC000,IPG000,0, 
2173,AE210,99920151171,41590340,376150528B,MNG244,1990-01-01,PLC000,AEC000,IPG000,0, 
2174,AE210,99920151172,41590340,376150528B,MNG244,1990-01-01,PLC000,AEC000,IPG000,0, 
2175,AE210,99920151168,41590340,376150528A,MNG244,1990-01-01,PLC000,AEC000,IPG000,0, 
2176,AE210,99920151176,41590340,376150520A,MNG244,1990-01-01,PLC000,AEC000,IPG000,0, 
2177,AE210,99920151177,41590340,376150519B,MNG244,1990-01-01,PLC000,AEC000,IPG000,0, 
2178,AE210,99920151178,41590340,376150519B,MNG244,1990-01-01,PLC000,AEC000,IPG000,0, 
2179,AE210,99920150365,41590259,376161340C,MNG244,1990-01-01,PLC000,AEC000,IPG000,0, 
2180,AE210,99920150366,41590259,376161340C,MNG244,1990-01-01,PLC000,AEC000,IPG000,0, 
2181,AE210,99920150353,41590259,376161360D,MNG244,1990-01-01,PLC000,AEC000,IPG000,0, 
2182,AE210,99920150076,41590256,376162110C,MNG244,1990-01-01,PLC000,AEC000,IPG000,0, 
2183,AE210,99920150079,41590256,376162110C,MNG244,1990-01-01,PLC000,AEC000,IPG000,0, 
2184,AE210,99920150080,41590256,376162110A,MNG244,1990-01-01,PLC000,AEC000,IPG000,0, 
2185,AE210,99920150011,41590259,376161350D,MNG244,1990-01-01,PLC000,AEC000,IPG000,0, 
2186,AE210,5.32E+11,41590350,376150946B,MNG244,2015-01-01,PLC001,AEC004,IPG003,5.41,4.5X1.4
2187,AE210,2.15E+11,41590600,377130777B,MNG244,2014-01-01,PLC002,AEC004,IPG999,4.5,3.5X2.0
2188,AE210,8.89E+11,41590259,376161300B,MNG244,2016-01-01,PLC001,AEC004,IPG003,5,3700X1400
2189,AE210,8.89E+11,41590259,376161482D,MNG244,2016-01-01,PLC001,AEC014,IPG010,0,1920X450(4)
2190,AE210,99920150071,41590256,376162120A,MNG244,1990-01-01,PLC000,AEC000,IPG000,0, 
2191,AE210,500002,41590410,377131128C,MNG244,1900-01-01,PLC002,AEC003,IPG002,5,사각형3.6×2.2
2192,AE210,500130,41590550,377130253B,MNG244,1900-01-01,PLC002,AEC004,IPG002,5.2,사각혀3.6×2.2
2193,AE210,5.11E+11,41590600,377130759A,MNG244,2014-01-01,PLC002,AEC004,IPG003,7.4,5.55x1.35
2194,AE210,411159,41590585,377130295C,MNG244,2007-04-01,PLC002,AEC004,IPG003,5.55,5.55X1.35
2195,AE210,8.89E+11,41590259,376161464B,MNG244,2016-01-01,PLC002,AEC014,IPG011,0,700X260(5)
2196,AE210,8.89E+11,41590259,376161464B,MNG244,2016-01-01,PLC002,AEC014,IPG011,0,700X260(5)
2197,AE210,8.89E+11,41590259,376161464B,MNG244,2016-01-01,PLC002,AEC014,IPG011,0,950X260(6)
2198,AE210,8.89E+11,41590259,376161464B,MNG244,2016-01-01,PLC002,AEC014,IPG011,0,950X260(6)
2199,AE210,99920150201,41590259,376161838C,MNG244,1990-01-01,PLC000,AEC000,IPG000,0, 
2200,AE210,99920150202,41590259,376161838C,MNG244,1990-01-01,PLC000,AEC000,IPG000,0, 
2201,AE210,99920150203,41590259,376161838C,MNG244,1990-01-01,PLC000,AEC000,IPG000,0, 
2202,AE210,99920150200,41590259,376161838A,MNG244,1990-01-01,PLC000,AEC000,IPG000,0, 
2203,AE210,8.89E+11,41590259,376161464D,MNG244,2016-01-01,PLC001,AEC014,IPG011,0,700X260(5)
2204,AE210,200115,41590259,376161421B,MNG244,1900-01-01,PLC001,AEC007,IPG001,0, 
2205,AE210,99920150564,41590370,376161239A,MNG244,1990-01-01,PLC000,AEC000,IPG000,0, 
2206,AE210,99920151129,41590340,376150577C,MNG244,1990-01-01,PLC000,AEC000,IPG000,0, 
2207,AE210,99920151137,41590340,376150577C,MNG244,1990-01-01,PLC000,AEC000,IPG000,0, 
2208,AE210,402035,41590540,377130180C,MNG244,2006-06-20,PLC001,AEC004,IPG002,0, 
2209,AE210,402036,41590540,377130189B,MNG244,2006-06-20,PLC001,AEC004,IPG003,0, 
2210,AE210,820002,41590256,376161734B,MNG244,1900-01-01,PLC002,AEC006,IPG001,2,1.2X1.2
2211,AE210,820003,41590256,376161724B,MNG244,1900-01-01,PLC002,AEC006,IPG001,2,1.2X1.2
2212,AE210,820004,41590256,376161724D,MNG244,1900-01-01,PLC001,AEC006,IPG001,2,1.2X1.2
2213,AE210,411030,41590586,377130715A,MNG244,2007-04-01,PLC002,AEC004,IPG003,5.55,5.55X1.35
2214,AE210,8.89E+11,41590259,376161464A,MNG244,2016-01-01,PLC001,AEC014,IPG011,0,2100X450(6)
2215,AE210,8.89E+11,41590259,376161481D,MNG244,2016-01-01,PLC001,AEC014,IPG011,0,1050X260(5)
2216,AE210,99920150304,41590259,376161436C,MNG244,1990-01-01,PLC000,AEC000,IPG000,0, 
2217,AE210,2.15E+11,41590588,377130804A,MNG244,2014-01-01,PLC002,AEC004,IPG003,6.5,4.5X2.0
2218,AE210,500160,41590530,377130609A,MNG244,1900-01-01,PLC002,AEC004,IPG002,5.2,사각형3.6×2.2
3056,AE210,8.89E+11,41590259,376161491C,MNG244,2016-01-01,PLC002,AEC014,IPG003,5,1650X450(5)
3057,AE210,8.89E+11,41590259,376161472D,MNG244,2016-01-01,PLC001,AEC004,IPG003,5,3700X1400
3058,AE210,99920171003,41273570,376122211B,MNG244,2017-01-01,PLC001,AEC006,IPG999,0,1.2X1.1
3059,AE210,99920171020,41590340,376122262B,MNG244,2017-01-01,PLC002,AEC006,IPG001,3.4,1.2X1.1
3060,AE210,99920171019,41590340,376122252C,MNG244,2017-01-01,PLC002,AEC002,IPG002,5,4.35X3.50
3061,AE210,99920171017,41590510,376122241B,MNG244,2017-01-01,PLC002,AEC004,IPG002,5,4.0X2.5
3062,AE210,99920171015,41590510,376122231D,MNG244,2017-01-01,PLC002,AEC999,IPG006,0,1.8X0.6
3063,AE210,99920171016,41590510,376122231D,MNG244,2017-01-01,PLC002,AEC004,IPG002,5,4.0X2.5
3064,AE210,99920171018,41590340,376122252C,MNG244,2017-01-01,PLC001,AEC004,IPG002,5,4.45X2.2
3065,AE210,99920171021,41590340,376122262D,MNG244,2017-01-01,PLC002,AEC999,IPG006,0,1.8X0.6
3066,AE210,99920171022,41590340,376122262D,MNG244,2017-01-01,PLC002,AEC004,IPG002,5,4.45X2.2
3067,AE210,99920171023,41590340,376122263C,MNG244,2017-01-01,PLC002,AEC999,IPG006,0,1.8X0.6
3068,AE210,99920171024,41590340,376122263C,MNG244,2017-01-01,PLC002,AEC004,IPG002,5,4.45X2.2
3069,AE210,99920171002,41590510,376160235B,MNG244,2017-01-01,PLC002,AEC999,IPG999,4,2.4x1.2
3070,AE210,99920171055,41590510,376160235B,MNG244,2017-01-01,PLC002,AEC004,IPG002,5,4.45X2.2
3071,AE210,99920171053,41590510,376160235A,MNG244,2017-01-01,PLC002,AEC999,IPG006,5,1.8X0.6
3072,AE210,8.89E+11,41590256,376161725D,MNG244,2010-01-01,PLC002,AEC999,IPG001,2.5,"어린이보호,과속방지턱,30Km"
3073,AE210,99920150951,41590262,376160257C,MNG244,1990-01-01,PLC000,AEC000,IPG000,0, 
3074,AE210,100082,41590410,376160960B,MNG244,1900-01-01,PLC001,AEC003,IPG004,1.5,사각형0.60X0.20
3075,AE210,8.89E+11,41590256,376161725C,MNG244,2010-01-01,PLC001,AEC004,IPG003,0,2방향(직-수원안중향냠발안)(우-조암
3076,AE210,8.89E+11,41590256,376161725C,MNG244,2010-01-01,PLC002,AEC004,IPG003,0,2방향(좌-삼괴중고등학교)(우-수원안
3077,AE210,8.89E+11,41590256,376161725C,MNG244,2010-01-01,PLC002,AEC999,IPG002,0,어린이보호구역
3078,AE210,411011,41590586,377130727C,MNG244,2007-04-01,PLC001,AEC004,IPG003,5.55,3.70X1.35
3079,AE210,8.89E+11,41590259,376161481D,MNG244,2016-01-01,PLC002,AEC014,IPG010,0,1050X260(5)
3080,AE210,300029,41590340,376150568C,MNG244,1900-01-01,PLC002,AEC004,IPG004,2,3.6X2.2
3081,AE210,300030,41590340,376150566D,MNG244,1900-01-01,PLC002,AEC004,IPG002,5,5.0X2.5
3082,AE210,300031,41590340,376150566D,MNG244,1900-01-01,PLC002,AEC006,IPG001,2,1.2X1.2
3083,AE210,99920151013,41590330,376160622D,MNG244,1990-01-01,PLC000,AEC000,IPG000,0, 
3084,AE210,99920151010,41590330,376160623C,MNG244,1990-01-01,PLC000,AEC000,IPG000,0, 
3085,AE210,8.89E+11,41590259,376161482D,MNG244,2016-01-01,PLC002,AEC014,IPG011,0,1150X260(6)
3086,AE210,8.89E+11,41590259,376161482D,MNG244,2016-01-01,PLC001,AEC014,IPG011,0,1150X260(6)
3087,AE210,8.89E+11,41590259,376161481C,MNG244,2016-01-01,PLC002,AEC014,IPG011,0,950X260(6)
3088,AE210,8.89E+11,41590259,376161481C,MNG244,2016-01-01,PLC001,AEC014,IPG011,0,1150X260(6)
3089,AE210,99920150154,41590400,376161943D,MNG244,1990-01-01,PLC000,AEC000,IPG000,0, 
3090,AE210,8.89E+11,41590259,376161484A,MNG244,2016-01-01,PLC002,AEC014,IPG011,0,950X260(6)
3091,AE210,8.89E+11,41590259,376161484A,MNG244,2016-01-01,PLC002,AEC014,IPG011,0,700X260(5)
3092,AE210,8.89E+11,41590259,376161484A,MNG244,2016-01-01,PLC001,AEC014,IPG011,0,700X260(5)
3093,AE210,8.89E+11,41590259,376161463D,MNG244,2016-01-01,PLC001,AEC014,IPG011,0,1050X260(5)
3094,AE210,99920150597,41590360,376160884C,MNG244,1990-01-01,PLC000,AEC000,IPG000,0, 
3095,AE210,99920171034,41590510,376122293D,MNG244,2017-01-01,PLC001,AEC999,IPG001,1.6,0.6X0.3
3096,AE210,99920151063,41590350,376151042C,MNG244,1990-01-01,PLC000,AEC000,IPG000,0, 
3097,AE210,8.89E+11,41590259,376161481C,MNG244,2016-01-01,PLC002,AEC014,IPG011,0,1150X260(6)
3098,AE210,5.32E+11,41590350,376150927C,MNG244,2015-01-01,PLC002,AEC004,IPG003,5.4,3.7X1.4
577,AE210,8.89E+11,41590259,376161390D,MNG244,2016-01-01,PLC002,AEC014,IPG011,0,1050X260(5)
578,AE210,8.89E+11,41590259,376161390D,MNG244,2016-01-01,PLC002,AEC014,IPG011,0,1150X260(6)
579,AE210,99920150937,41590262,376160265C,MNG244,1990-01-01,PLC000,AEC000,IPG000,0, 
580,AE210,8.89E+11,41590259,376161810B,MNG244,2016-01-01,PLC001,AEC004,IPG003,5,3700X1400
581,AE210,8.89E+11,41590259,376161810B,MNG244,2016-01-01,PLC002,AEC004,IPG003,5,3700X1400
582,AE210,5.32E+11,41590350,376150936C,MNG244,2015-01-01,PLC002,AEC004,IPG003,5.41,4.5X1.4
583,AE210,5.32E+11,41590350,376150936C,MNG244,2015-01-01,PLC002,AEC004,IPG003,5.41,4.5X1.4
584,AE210,5.32E+11,41590350,376150936C,MNG244,2015-01-01,PLC001,AEC004,IPG003,5.41,4.5X1.4
585,AE210,8.89E+11,41590259,376161473A,MNG244,2016-01-01,PLC002,AEC014,IPG011,0,1150X260(6)
586,AE210,3076600001,41590600,377130760B,MNG000,2014-01-01, ,AEC007,IPG004,0, 
587,AE210,2.12E+11,41590259,376161423C,MNG244,2014-06-01,PLC001,AEC004,IPG002,7.7,4.0X2.5/1.8X0.6
588,AE210,2.12E+11,41590259,376161423C,MNG244,2014-06-01,PLC002,AEC012,IPG002,7.7,3.6X2.2
589,AE210,100153,41590253,376160511B,MNG244,1900-01-01,PLC002,AEC004,IPG004,2,사각형3.60X2.20
590,AE210,8.89E+11,41590259,376161474A,MNG244,2016-01-01,PLC002,AEC014,IPG011,0,950X260(6)
591,AE210,100148,41590253,376160551B,MNG244,1900-01-01,PLC002,AEC004,IPG004,2,사각형3.60X2.20
592,AE210,99920150550,41590256,376161273A,MNG244,1990-01-01,PLC000,AEC000,IPG000,0, 
593,AE210,99920150551,41590256,376161273A,MNG244,1990-01-01,PLC000,AEC000,IPG000,0, 
594,AE210,500122,41590550,377130234C,MNG244,1900-01-01,PLC002,AEC004,IPG003,5.2,사각형3.7×1.35
595,AE210,200098,41590400,376161929A,MNG244,1900-01-01,PLC001,AEC004,IPG004,2,3.6X2.2
596,AE210,8.89E+11,41590259,376161481A,MNG244,2016-01-01,PLC002,AEC014,IPG010,0,1450X350(5)
597,AE210,8.89E+11,41590259,376161481A,MNG244,2016-01-01,PLC002,AEC014,IPG010,0,1450X350(5)
598,AE210,500042,41590520,377130165D,MNG244,1900-01-01,PLC002,AEC004,IPG002,5.2,사각형4.0×2.85
599,AE210,8.89E+11,41590259,376161435B,MNG244,2009-01-01,PLC002,AEC004,IPG002,5,3.6*2.2
600,AE210,8.89E+11,41590259,376161435B,MNG244,2009-01-01,PLC002,AEC005,IPG001,0, 
601,AE210,99920150685,41590360,376160858A,MNG244,1990-01-01,PLC000,AEC000,IPG000,0, 
602,AE210,99920150792,41590360,376160837A,MNG244,1990-01-01,PLC000,AEC000,IPG000,0, 
603,AE210,99920150803,41590360,376160827A,MNG244,1990-01-01,PLC000,AEC000,IPG000,0, 
604,AE210,99920150809,41590360,376160817C,MNG244,1990-01-01,PLC000,AEC000,IPG000,0, 
605,AE210,99920150810,41590360,376160816B,MNG244,1990-01-01,PLC000,AEC000,IPG000,0, 
606,AE210,99920150811,41590360,376160816B,MNG244,1990-01-01,PLC000,AEC000,IPG000,0, 
607,AE210,99920150812,41590360,376160816B,MNG244,1990-01-01,PLC000,AEC000,IPG000,0, 
608,AE210,99920150422,41590360,376160889C,MNG244,1990-01-01,PLC000,AEC000,IPG000,0, 
609,AE210,99920150425,41590360,376160889A,MNG244,1990-01-01,PLC000,AEC000,IPG000,0, 
610,AE210,99920150426,41590360,376160879A,MNG244,1990-01-01,PLC000,AEC000,IPG000,0, 
611,AE210,99920150427,41590360,376160879A,MNG244,1990-01-01,PLC000,AEC000,IPG000,0, 
612,AE210,99920150428,41590360,376160869C,MNG244,1990-01-01,PLC000,AEC000,IPG000,0, 
613,AE210,99920150431,41590360,376160869A,MNG244,1990-01-01,PLC000,AEC000,IPG000,0, 
614,AE210,2.12E+11,41590253,376160574B,MNG244,2016-11-01,PLC001,AEC002,IPG002,7.5,4.0X2.5
615,AE210,2.12E+11,41590253,376160564D,MNG244,2016-11-01,PLC002,AEC002,IPG006,0,1.5X0.6
616,AE210,820006,41590256,376161735A,MNG244,1900-01-01,PLC002,AEC004,IPG002,5,3.6X2.2
617,AE210,8.89E+11,41590259,376161481C,MNG244,2016-01-01,PLC001,AEC014,IPG010,0,1050X260(5)
618,AE210,8.89E+11,41590259,376161481C,MNG244,2016-01-01,PLC001,AEC014,IPG010,0,2000X450(5)
619,AE210,8.89E+11,41590259,376161481D,MNG244,2016-01-01,PLC002,AEC014,IPG010,0,1800X350(6)
620,AE210,8.89E+11,41590259,376161481D,MNG244,2016-01-01,PLC002,AEC014,IPG010,0,1450X350(5)
621,AE210,100068,41590253,376160499B,MNG244,1900-01-01,PLC001,AEC006,IPG001,1.5,사각혀1.20X1.10
622,AE210,411041,41590586,377130705B,MNG244,2007-04-01,PLC001,AEC004,IPG003,5.55,3.70X1.35
623,AE210,2.15E+11,41590590,377130383A,MNG244,2014-01-01,PLC002,AEC002,IPG003,6.5,4.5X2.0
624,AE210,99920150548,41590370,376161279D,MNG244,1990-01-01,PLC000,AEC000,IPG000,0, 
625,AE210,8.89E+11,41590259,376161482D,MNG244,2016-01-01,PLC001,AEC014,IPG010,0,1150X260(6)
626,AE210,500056,41590520,377130179A,MNG244,1900-01-01,PLC002,AEC004,IPG003,5.2,사각형5.55×1.35
627,AE210,8.89E+11,41590259,376161810B,MNG244,2016-01-01,PLC001,AEC014,IPG011,0,1150X260(6)
1416,AE210,99920150538,41590370,376161289B,MNG244,1990-01-01,PLC000,AEC000,IPG000,0, 
1417,AE210,99920150539,41590370,376161289B,MNG244,1990-01-01,PLC000,AEC000,IPG000,0, 
1418,AE210,99920151035,41590340,376160171D,MNG244,1990-01-01,PLC000,AEC000,IPG000,0, 
1419,AE210,500086,41590520,377130178B,MNG244,1900-01-01,PLC001,AEC004,IPG003,5.2,사각형5.55×1.35
1420,AE210,99920150675,41590590,377130270A,MNG244,1990-01-01,PLC000,AEC000,IPG000,0, 
1421,AE210,99920151014,41590330,376160622D,MNG244,1990-01-01,PLC000,AEC000,IPG000,0, 
1422,AE210,99920150043,41590256,376162242C,MNG244,1990-01-01,PLC000,AEC000,IPG000,0, 
1423,AE210,99920150044,41590256,376162241B,MNG244,1990-01-01,PLC000,AEC000,IPG000,0, 
1424,AE210,99920150047,41590256,376162241A,MNG244,1990-01-01,PLC000,AEC000,IPG000,0, 
1425,AE210,200056,41590259,376161433A,MNG244,1900-01-01,PLC001,AEC004,IPG002,5,5.0X2.5
1426,AE210,500096,41590570,377130193B,MNG244,1900-01-01,PLC002,AEC004,IPG002,5.2,사각형3.6×2.2
1427,AE210,500019,41590410,377130661C,MNG244,1900-01-01,PLC002,AEC004,IPG002,5,사각형3.6×2.2
1428,AE210,100190,41590570,376160588D,MNG244,1900-01-01,PLC002,AEC004,IPG002,5,사각형3.60X2.20
1429,AE210,100051,41590253,376160909A,MNG244,1900-01-01,PLC002,AEC004,IPG002,5,사각형5.00X2.50
1430,AE210,8.89E+11,41590256,376161735B,MNG244,2010-01-01,PLC001,AEC004,IPG003,0,"2방향(좌-수원안중향남발안,평택포승"
1431,AE210,411095,41590587,377130273A,MNG244,2007-04-01,PLC002,AEC004,IPG003,5.55,3.70X1.35
1432,AE210,411096,41590587,377130273A,MNG244,2007-04-01,PLC001,AEC004,IPG003,5.55,3.70X1.35
1433,AE210,411097,41590585,377130273D,MNG244,2007-04-01,PLC001,AEC004,IPG003,5.55,3.70X1.35
1434,AE210,411098,41590587,377130262D,MNG244,2007-04-01,PLC001,AEC004,IPG003,5.55,5.55X1.35
1435,AE210,411099,41590587,377130262D,MNG244,2007-04-01,PLC002,AEC004,IPG003,5.55,5.55X1.35
1436,AE210,411100,41590585,377130268D,MNG244,2007-04-01,PLC002,AEC004,IPG003,5.55,3.70X1.35
1437,AE210,411101,41590585,377130268D,MNG244,2007-04-01,PLC001,AEC004,IPG003,5.55,3.70X1.35
1438,AE210,411102,41590585,377130255B,MNG244,2007-04-01,PLC001,AEC004,IPG003,5.55,3.70X1.35
1439,AE210,8.89E+11,41590259,376161463D,MNG244,2016-01-01,PLC001,AEC014,IPG011,0,1050X260(5)
1440,AE210,500035,41590520,377130156A,MNG244,1900-01-01,PLC002,AEC006,IPG001,2,오각형0.26×0.44
1441,AE210,200021,41590360,376160870D,MNG244,1900-01-01,PLC001,AEC006,IPG001,2,1.2X1.2
1442,AE210,2.12E+11,41590330,376160623A,MNG244,2013-06-01,PLC002, ,IPG003,10,1.05x0.26
1443,AE210,200087,41590400,376161569A,MNG244,1900-01-01,PLC001,AEC003,IPG004,2, 
1444,AE210,99920150404,41590360,376160982A,MNG244,1990-01-01,PLC000,AEC000,IPG000,0, 
1445,AE210,99920150405,41590360,376160982A,MNG244,1990-01-01,PLC000,AEC000,IPG000,0, 
1446,AE210,8.89E+11,41590259,376161463D,MNG244,2016-01-01,PLC002,AEC014,IPG010,0,900X260(5)
1447,AE210,8.89E+11,41590259,376161463D,MNG244,2016-01-01,PLC002,AEC014,IPG011,0,2000X450(5)
1448,AE210,200062,41590259,376161532C,MNG244,1900-01-01,PLC001,AEC005,IPG001,2,1.2X1.6
1449,AE210,99920150511,41590360,376161377A,MNG244,1990-01-01,PLC000,AEC000,IPG000,0, 
1450,AE210,8.89E+11,41590259,376161464C,MNG244,2016-01-01,PLC002,AEC014,IPG011,0,1050X260(5)
1451,AE210,500006,41590410,377131127B,MNG244,1900-01-01,PLC002,AEC004,IPG002,5,사각형3.6×2.2
1452,AE210,411084,41590587,377130272B,MNG244,2007-04-01,PLC002,AEC004,IPG003,5.55,3.70X1.35
1453,AE210,411085,41590587,377130272A,MNG244,2007-04-01,PLC001,AEC004,IPG003,5.55,5.55X1.35
1454,AE210,500046,41590520,377130177A,MNG244,1900-01-01,PLC002,AEC006,IPG001,2,오각형0.26×0.44
1455,AE210,500059,41590520,377130168D,MNG244,1900-01-01,PLC001,AEC004,IPG002,5.2,사각형3.6×2.2
1456,AE210,8.89E+11,41590259,376161464A,MNG244,2016-01-01,PLC001,AEC014,IPG011,0,1050X260(5)
1457,AE210,8.89E+11,41590259,376161464A,MNG244,2016-01-01,PLC002,AEC014,IPG011,0,1250X450(5)
1458,AE210,5.32E+11,41590350,376150936C,MNG244,2015-01-01,PLC002,AEC004,IPG003,5.41,4.5X1.4
1459,AE210,5.32E+11,41590350,376150936C,MNG244,2015-01-01,PLC001,AEC004,IPG003,5.41,4.5X1.4
1460,AE210,500083,41590520,377130177D,MNG244,1900-01-01,PLC001,AEC004,IPG002,5.2,사각형4.45×2.2
1461,AE210,100157,41590253,376160512B,MNG244,1900-01-01,PLC001,AEC003,IPG004,3.5,사각형3.60X2.20
1462,AE210,99920150008,41590259,376161476C,MNG244,1990-01-01,PLC000,AEC000,IPG000,0, 
1463,AE210,99920150006,41590259,376161476C,MNG244,1990-01-01,PLC000,AEC000,IPG000,0, 
1464,AE210,99920150009,41590360,376161405A,MNG244,1990-01-01,PLC000,AEC000,IPG000,0, 
1465,AE210,500053,41590520,377130179A,MNG244,1900-01-01,PLC001,AEC004,IPG003,5.2,사각형5.55×1.35
1466,AE210,100004,41590253,376160977C,MNG244,1900-01-01,PLC002,AEC004,IPG002,5,사각형3.60X2.20
1467,AE210,2.12E+11,41590253,376160512D,MNG244,2012-06-01,PLC001,AEC004,IPG002,0, 
1468,AE210,8.89E+11,41590259,376161464C,MNG244,2016-01-01,PLC001,AEC004,IPG003,5,3700X1400
1469,AE210,8.89E+11,41590259,376161463C,MNG244,2016-01-01,PLC002,AEC014,IPG011,0,1570X450(4)
2219,AE210,100075,41590410,376161097C,MNG244,1996-01-01,PLC002,AEC004,IPG002,5,사각형5.00X2.50
2220,AE210,500069,41590520,377130169D,MNG244,1900-01-01,PLC001,AEC004,IPG002,5.2,사각형5.55×1.35
2221,AE210,411185,41590585,377130267D,MNG244,2007-04-01,PLC002,AEC004,IPG002,5,4.0X2.5
2222,AE210,2.12E+11,41590330,376160645A,MNG244,2013-06-01,PLC002, ,IPG003,10,1.05x0.26
2223,AE210,2.12E+11,41590330,376160646D,MNG244,2013-06-01,PLC002, ,IPG003,10,1.05x0.26
2224,AE210,401018,41590259,376161441B,MNG244,2004-07-31,PLC001,AEC004,IPG002,10,5.55mX1.35m
2225,AE210,100090,41590410,376161067B,MNG244,1900-01-01,PLC002,AEC004,IPG002,5,사각형3.60X2.20
2226,AE210,810035,41590262,376160287D,MNG244,2015-02-01,PLC001,AEC007,IPG004,2.5,1.0X0.8
2227,AE210,810037,41590262,376160287D,MNG244,2015-02-01,PLC001,AEC001,IPG003,5.5,0.95X0.35
2228,AE210,500067,41590520,377130170C,MNG244,1900-01-01,PLC001,AEC004,IPG002,5.2,사각형4.45×2.2
2229,AE210,401001,41590259,376161340B,MNG244,2004-07-31,PLC001,AEC004,IPG002,10,5mX2.5m
2230,AE210,5.32E+11,41590350,376150926D,MNG244,2015-01-01,PLC001,AEC004,IPG003,5.4,3.7X1.4
2231,AE210,5.32E+11,41590350,376150926D,MNG244,2015-01-01,PLC001,AEC004,IPG003,5.4,3.7X1.4
2232,AE210,8.89E+11,41590259,376161300B,MNG244,2016-01-01,PLC001,AEC014,IPG010,0,1050X260(5)
2233,AE210,8.89E+11,41590259,376161300B,MNG244,2016-01-01,PLC001,AEC014,IPG010,0,1050X260(5)
2234,AE210,8.89E+11,41590259,376161464C,MNG244,2016-01-01,PLC001,AEC014,IPG011,0,950X260(6)
2235,AE210,99920150358,41590259,376161350D,MNG244,1990-01-01,PLC000,AEC000,IPG000,0, 
2236,AE210,99920150372,41590360,376161328D,MNG244,1990-01-01,PLC000,AEC000,IPG000,0, 
2237,AE210,99920150370,41590360,376161328C,MNG244,1990-01-01,PLC000,AEC000,IPG000,0, 
2238,AE210,99920150523,41590360,376161327B,MNG244,1990-01-01,PLC000,AEC000,IPG000,0, 
2239,AE210,99920150525,41590360,376161317C,MNG244,1990-01-01,PLC000,AEC000,IPG000,0, 
2240,AE210,411088,41590585,377130282D,MNG244,2007-04-01,PLC001,AEC004,IPG003,5.55,5.55X1.35
2241,AE210,8.89E+11,41590259,376161481C,MNG244,2016-01-01,PLC002,AEC014,IPG010,0,1050X260(5)
2242,AE210,8.89E+11,41590259,376161471C,MNG244,2016-01-01,PLC002,AEC014,IPG010,0,700X260(5)
2243,AE210,8.89E+11,41590259,376161471C,MNG244,2016-01-01,PLC002,AEC014,IPG010,0,950X260(6)
2244,AE210,8.89E+11,41590259,376161471C,MNG244,2016-01-01,PLC001,AEC014,IPG010,0,1250X450(5)
2245,AE210,99920150415,41590360,376160899A,MNG244,1990-01-01,PLC000,AEC000,IPG000,0, 
2246,AE210,411107,41590585,377130257C,MNG244,2007-04-01,PLC001,AEC003,IPG005,5,19.00X2.00
2247,AE210,411124,41590585,377130286C,MNG244,2007-04-01,PLC001,AEC004,IPG003,5.55,3.70X1.35
2248,AE210,411058,41590587,377130292D,MNG244,2007-04-01,PLC002,AEC004,IPG003,5.55,5.55X1.35
2249,AE210,99920150732,41590320,376160309A,MNG244,1990-01-01,PLC000,AEC000,IPG000,0, 
2250,AE210,99920150730,41590310,376160310A,MNG244,1990-01-01,PLC000,AEC000,IPG000,0, 
2251,AE210,99920150731,41590310,376160310A,MNG244,1990-01-01,PLC000,AEC000,IPG000,0, 
2252,AE210,800003,41590330,376160185D,MNG244,1900-01-01,PLC002,AEC006,IPG001,2.92,1.2X1.1
2253,AE210,810003,41590262,376160281D,MNG244,1900-01-01,PLC002,AEC004,IPG002,5,3.6X2.2
2254,AE210,100018,41590253,376160956D,MNG244,2001-01-01,PLC001,AEC004,IPG002,5,사각형3.60X2.20
2255,AE210,411001,41590586,377130727C,MNG244,2007-04-01,PLC002,AEC004,IPG003,5.55,3.70X1.35
2256,AE210,411002,41590586,377130704B,MNG244,2007-04-01,PLC001,AEC004,IPG003,5.55,5.55X1.35
2257,AE210,411003,41590585,377130297B,MNG244,2007-04-01,PLC001,AEC004,IPG003,5.55,5.55X1.35
2258,AE210,8.89E+11,41590259,376161481D,MNG244,2016-01-01,PLC002,AEC014,IPG010,0,1050X260(5)
2259,AE210,99920150295,41590259,376161441D,MNG244,1990-01-01,PLC000,AEC000,IPG000,0, 
2260,AE210,2.15E+11,41590590,377130394A,MNG244,2014-01-01,PLC002,AEC004,IPG003,6.5,4.5X2.0
2261,AE210,99920150775,41590310,376122390D,MNG244,1990-01-01,PLC000,AEC000,IPG000,0, 
2262,AE210,2.12E+11,41590350,376150957A,MNG244,2014-11-27,PLC001,AEC004,IPG002,7.5,4.0X2.5/2.1X0.7
2263,AE210,99920150569,41590370,376161224B,MNG244,1990-01-01,PLC000,AEC000,IPG000,0, 
2264,AE210,99920150570,41590370,376161224B,MNG244,1990-01-01,PLC000,AEC000,IPG000,0, 
2265,AE210,8.89E+11,41590259,376161463A,MNG244,2016-01-01,PLC002,AEC014,IPG010,0,1050X260(5)
2266,AE210,8.89E+11,41590259,376161474A,MNG244,2016-01-01,PLC002,AEC004,IPG003,5,3700X1400
2267,AE210,8.89E+11,41590259,376161481C,MNG244,2016-01-01,PLC002,AEC014,IPG010,0,1050X260(5)
2268,AE210,99920150677,41590590,377130269B,MNG244,1990-01-01,PLC000,AEC000,IPG000,0, 
2269,AE210,99920150236,41590259,376161486A,MNG244,1990-01-01,PLC000,AEC000,IPG000,0, 
2270,AE210,99920150397,41590360,376160986D,MNG244,1990-01-01,PLC000,AEC000,IPG000,0, 
2271,AE210,99920151041,41590350,376151512C,MNG244,1990-01-01,PLC000,AEC000,IPG000,0, 
2900,AE210,9.00E+13,41590420,377130854D,MNG244,,PLC002,AEC004,IPG006,0,4.5X1.4
2901,AE210,9.00E+13,41590420,377130769D,MNG244,,PLC001,AEC004,IPG006,0,4.5X1.4
2902,AE210,99920150481,41590370,376161736A,MNG244,1990-01-01,PLC000,AEC000,IPG000,0, 
2903,AE210,99920150568,41590360,376161239D,MNG244,1990-01-01,PLC000,AEC000,IPG000,0, 
2904,AE210,99920150041,41590256,376162242D,MNG244,1990-01-01,PLC000,AEC000,IPG000,0, 
2905,AE210,99920150042,41590256,376162242D,MNG244,1990-01-01,PLC000,AEC000,IPG000,0, 
2906,AE210,99920150045,41590256,376162241D,MNG244,1990-01-01,PLC000,AEC000,IPG000,0, 
2907,AE210,99920150046,41590256,376162241D,MNG244,1990-01-01,PLC000,AEC000,IPG000,0, 
2908,AE210,99920150040,41590256,376162242C,MNG244,1990-01-01,PLC000,AEC000,IPG000,0, 
2909,AE210,402005,41590540,377130179D,MNG244,2006-06-20,PLC002,AEC004,IPG002,0, 
2910,AE210,402006,41590520,377130167B,MNG244,2006-06-20,PLC001,AEC004,IPG003,0, 
2911,AE210,402007,41590520,377130168B,MNG244,2006-06-20,PLC002,AEC004,IPG003,0, 
2912,AE210,402008,41590540,377130179C,MNG244,2006-06-20,PLC002,AEC004,IPG003,0, 
2913,AE210,8.89E+11,41590259,376161471A,MNG244,2016-01-01,PLC002,AEC014,IPG010,0,950X260(6)
2914,AE210,8.89E+11,41590259,376161471A,MNG244,2016-01-01,PLC002,AEC014,IPG010,0,1150X260(6)
2915,AE210,99920151160,41590340,376150556D,MNG244,1990-01-01,PLC000,AEC000,IPG000,0, 
2916,AE210,99920150714,41590310,376160402B,MNG244,1990-01-01,PLC000,AEC000,IPG000,0, 
2917,AE210,99920150257,41590259,376161470C,MNG244,1990-01-01,PLC000,AEC000,IPG000,0, 
2918,AE210,99920150259,41590259,376161470C,MNG244,1990-01-01,PLC000,AEC000,IPG000,0, 
2919,AE210,8.89E+11,41590259,376161492B,MNG244,2016-01-01,PLC001,AEC014,IPG011,0,1150X260(6)
2920,AE210,8.89E+11,41590259,376161463C,MNG244,2016-01-01,PLC001,AEC014,IPG010,0,1300X260(5)
2921,AE210,8.89E+11,41590259,376161463C,MNG244,2016-01-01,PLC001,AEC014,IPG010,0,1150X260(6)
2922,AE210,8.89E+11,41590259,376161463C,MNG244,2016-01-01,PLC001,AEC014,IPG010,0,1050X260(5)
2923,AE210,8.89E+11,41590259,376161463C,MNG244,2016-01-01,PLC002,AEC014,IPG010,0,1050X260(5)
2924,AE210,2.15E+11,41590600,377130298B,MNG244,2014-01-01,PLC002,AEC004,IPG002,5,3.0X2.0
2925,AE210,8.89E+11,41590259,376161901A,MNG244,2016-01-01,PLC002,AEC014,IPG010,0,700X260(5)
2926,AE210,8.89E+11,41590259,376161464C,MNG244,2016-01-01,PLC002,AEC014,IPG010,0,1300X260(6)
2927,AE210,8.89E+11,41590259,376161464C,MNG244,2016-01-01,PLC002,AEC014,IPG010,0,1250X450(5)
2928,AE210,99920150674,41590590,377130279B,MNG244,1990-01-01,PLC000,AEC000,IPG000,0, 
2929,AE210,99920150678,41590590,377130269D,MNG244,1990-01-01,PLC000,AEC000,IPG000,0, 
2930,AE210,8.89E+11,41590259,376161453C,MNG244,2016-01-01,PLC001,AEC014,IPG011,0,1150X260(6)
2931,AE210,8.89E+11,41590259,376161453C,MNG244,2016-01-01,PLC002,AEC014,IPG010,0,1150X260(6)
2932,AE210,8.89E+11,41590259,376161481D,MNG244,2016-01-01,PLC002,AEC014,IPG010,0,1800X350(6)
2933,AE210,8.89E+11,41590259,376161481D,MNG244,2016-01-01,PLC002,AEC014,IPG010,0,1450X350(5)
2934,AE210,2.13E+11,41590340,376150439C,MNG244,2016-01-01,PLC001,AEC006,IPG004,1.5,1.5X1.0
2935,AE210,5.32E+11,41590350,376150936A,MNG244,2015-01-01,PLC001,AEC004,IPG003,5.41,4.5X1.4
2936,AE210,8.89E+11,41590259,376161482D,MNG244,2016-01-01,PLC001,AEC014,IPG011,0,1050X260(5)
2937,AE210,99920171037,41590510,376122293D,MNG244,2017-01-01,PLC002,AEC999,IPG006,0,1.8X0.6
2938,AE210,99920171038,41590510,376122293D,MNG244,2017-01-01,PLC002,AEC004,IPG002,5,4.45X2.2
2939,AE210,8.89E+11,41590259,376161473A,MNG244,2016-01-01,PLC002,AEC014,IPG010,0,2000X450(5)
2940,AE210,8.89E+11,41590259,376161471D,MNG244,2016-01-01,PLC002,AEC014,IPG011,0,700X260(5)
2941,AE210,2.15E+11,41590600,377130718B,MNG244,2014-01-01,PLC002,AEC007,IPG999,4.5,3.7X1.35
2942,AE210,8.89E+11,41590259,376161491A,MNG244,2016-01-01,PLC001,AEC014,IPG011,0,1150X260(6)
2943,AE210,8.89E+11,41590360,376161358D,MNG135,2011-03-09,PLC002,AEC011,IPG002,0,3.0*2.25
2944,AE210,8.89E+11,41590360,376161358D,MNG135,2011-03-09,PLC002,AEC011,IPG002,0,3.0*2.25
2945,AE210,5.11E+11,41590600,377130758C,MNG244,2014-01-01,PLC001,AEC004,IPG003,7.4,5.55x1.35
2946,AE210,1.00E+12,41590256,376161724C,MNG244,2010-01-01,PLC002,AEC004,IPG002,4.5,500*250
2947,AE210,300014,41590310,376160405B,MNG244,1900-01-01,PLC001,AEC004,IPG002,5,5.0X2.5
2948,AE210,2.15E+11,41590600,377130200D,MNG244,2014-01-01,PLC001,AEC004,IPG003,6.5,4.5X2.0
628,AE210,500092,41590540,377130179D,MNG244,1900-01-01,PLC001,AEC004,IPG002,5.2,사각형4.45×2.2
629,AE210,2.15E+11,41590590,377130382B,MNG244,2014-01-01,PLC001,AEC002,IPG003,6.5,4.5X2.0
630,AE210,2.15E+11,41590590,377130382A,MNG244,2014-01-01,PLC002,AEC002,IPG003,6.5,4.5X2.0
631,AE210,8.89E+11,41590259,376161465C,MNG244,2016-01-01,PLC002,AEC014,IPG011,0,1170X450(4)
632,AE210,8.89E+11,41590259,376161465C,MNG244,2016-01-01,PLC002,AEC014,IPG011,0,700X260(5)
633,AE210,8.89E+11,41590259,376161463A,MNG244,2016-01-01,PLC002,AEC014,IPG010,0,1050X260(5)
634,AE210,500012,41590410,377130671D,MNG244,1900-01-01,PLC001,AEC005,IPG001,2,사각형1.1×1.7
635,AE210,200028,41590360,376160981A,MNG244,1900-01-01,PLC001,AEC004,IPG004,2,3.6X2.2
636,AE210,2.12E+11,41590370,376161725D,MNG244,2015-01-01,PLC002,AEC004,IPG002,5.8,3.6X2.2
637,AE210,8.89E+11,41590259,376161482D,MNG244,2016-01-01,PLC001,AEC014,IPG010,0,1150X260(6)
638,AE210,426048,41590253,376160551D,MNG244,2008-07-24,PLC002,AEC004,IPG002,5.5,4000*2500
639,AE210,300001,41590310,376122493C,MNG244,1900-01-01,PLC002,AEC004,IPG002,5,5.0X2.5
640,AE210,300002,41590310,376122493C,MNG244,1900-01-01,PLC002,AEC007,IPG001,2, 
641,AE210,300003,41590310,376122493D,MNG244,1900-01-01,PLC001,AEC004,IPG002,5,5.0X2.5
642,AE210,300004,41590310,376122494C,MNG244,1900-01-01,PLC001,AEC007,IPG001,2, 
643,AE210,300005,41590310,376122494D,MNG244,1900-01-01,PLC001,AEC004,IPG002,5,5.0X2.5
644,AE210,1.00E+12,41590256,376161725B,MNG244,2010-01-01,PLC002,AEC007,IPG002,4.5,250*150
645,AE210,99920151155,41590340,376150566D,MNG244,1990-01-01,PLC000,AEC000,IPG000,0, 
646,AE210,99920151156,41590340,376150566D,MNG244,1990-01-01,PLC000,AEC000,IPG000,0, 
647,AE210,99920150291,41590259,376161441C,MNG244,1990-01-01,PLC000,AEC000,IPG000,0, 
648,AE210,99920150292,41590259,376161441C,MNG244,1990-01-01,PLC000,AEC000,IPG000,0, 
649,AE210,99920150638,41590600,377130758C,MNG244,1990-01-01,PLC000,AEC000,IPG000,0, 
650,AE210,99920150636,41590600,377130758A,MNG244,1990-01-01,PLC000,AEC000,IPG000,0, 
651,AE210,99920150639,41590600,377130748B,MNG244,1990-01-01,PLC000,AEC000,IPG000,0, 
652,AE210,99920150640,41590600,377130748B,MNG244,1990-01-01,PLC000,AEC000,IPG000,0, 
653,AE210,2.15E+11,41590590,377130288D,MNG244,2014-01-01,PLC001,AEC004,IPG003,5.5,4.5X2.0
654,AE210,2.15E+11,41590590,377130278B,MNG244,2014-01-01,PLC001,AEC004,IPG002,5,4.45x2.2
655,AE210,2.15E+11,41590590,377130278D,MNG244,2014-01-01,PLC001,AEC004,IPG002,5,4.45X2.2
656,AE210,99920150396,41590360,376160986D,MNG244,1990-01-01,PLC000,AEC000,IPG000,0, 
657,AE210,99920150400,41590360,376160986D,MNG244,1990-01-01,PLC000,AEC000,IPG000,0, 
658,AE210,500015,41590410,377130672A,MNG244,1900-01-01,PLC001,AEC004,IPG004,5,사각형3.6×2.2
659,AE210,99920150518,41590360,376161342D,MNG244,1990-01-01,PLC000,AEC000,IPG000,0, 
660,AE210,2.12E+11,41590370,376161266D,MNG244,2010-01-01,PLC002,AEC004,IPG002,5,4.45x2.20
661,AE210,411130,41590585,377130256C,MNG244,2007-04-01,PLC001,AEC004,IPG003,5.55,5.55X1.35
662,AE210,411131,41590585,377130256C,MNG244,2007-04-01,PLC002,AEC004,IPG003,5.55,5.55X1.35
663,AE210,2.15E+11,41590588,377130815A,MNG244,2014-01-01,PLC001,AEC004,IPG002,6.5,4.5X2.0
664,AE210,99920150772,41590310,376122400D,MNG244,1990-01-01,PLC000,AEC000,IPG000,0, 
665,AE210,99920150430,41590360,376160869B,MNG244,1990-01-01,PLC000,AEC000,IPG000,0, 
666,AE210,99920150429,41590360,376160869A,MNG244,1990-01-01,PLC000,AEC000,IPG000,0, 
667,AE210,99920150433,41590360,376160868B,MNG244,1990-01-01,PLC000,AEC000,IPG000,0, 
668,AE210,99920150432,41590360,376160868A,MNG244,1990-01-01,PLC000,AEC000,IPG000,0, 
669,AE210,99920150601,41590360,376160867C,MNG244,1990-01-01,PLC000,AEC000,IPG000,0, 
670,AE210,99920150600,41590360,376160867B,MNG244,1990-01-01,PLC000,AEC000,IPG000,0, 
671,AE210,411123,41590585,377130286C,MNG244,2007-04-01,PLC001,AEC004,IPG003,5.55,5.55X1.35
672,AE210,411038,41590586,377130706C,MNG244,2007-04-01,PLC001,AEC004,IPG003,5.55,5.55X1.35
673,AE210,411039,41590586,377130706C,MNG244,2007-04-01,PLC001,AEC004,IPG003,5.55,5.55X1.35
674,AE210,402039,41590540,377130179D,MNG244,2006-06-20,PLC001,AEC004,IPG003,0, 
675,AE210,402040,41590520,377130168A,MNG244,2006-06-20,PLC002,AEC004,IPG002,0, 
676,AE210,99920150221,41590259,376161537D,MNG244,1990-01-01,PLC000,AEC000,IPG000,0, 
677,AE210,99920150222,41590259,376161537D,MNG244,1990-01-01,PLC000,AEC000,IPG000,0, 
678,AE210,99920150223,41590259,376161537A,MNG244,1990-01-01,PLC000,AEC000,IPG000,0, 
679,AE210,100167,41590253,376160542A,MNG244,2005-01-01,PLC001,AEC004,IPG001,2,가로오각형1.8X1.0
680,AE210,8.89E+11,41590259,376161473B,MNG244,2016-01-01,PLC001,AEC014,IPG011,0,1150X260(6)
681,AE210,8.89E+11,41590259,376161473B,MNG244,2016-01-01,PLC001,AEC014,IPG011,0,950X260(6)
682,AE210,100229,41590340,376150538A,MNG244,2013-11-01,PLC001,AEC004,IPG002,7.5,3.350 x 2.050
683,AE210,411042,41590586,377130705B,MNG244,2007-04-01,PLC001,AEC004,IPG003,5.55,3.70X1.35
684,AE210,99920150113,41590400,376162039D,MNG244,1990-01-01,PLC000,AEC000,IPG000,0, 
1470,AE210,99920151043,41590350,376151511D,MNG244,1990-01-01,PLC000,AEC000,IPG000,0, 
1471,AE210,99920150831,41590262,376160743D,MNG244,1990-01-01,PLC000,AEC000,IPG000,0, 
1472,AE210,99920150023,41590370,376162342A,MNG244,1990-01-01,PLC000,AEC000,IPG000,0, 
1473,AE210,820010,41590256,376161743B,MNG244,1900-01-01,PLC002,AEC004,IPG003,5,3.6X2.2
1474,AE210,99920150348,41590259,376161360A,MNG244,1990-01-01,PLC000,AEC000,IPG000,0, 
1475,AE210,8.89E+11,41590259,376161482D,MNG244,2016-01-01,PLC002,AEC014,IPG011,0,1150X260(6)
1476,AE210,8.89E+11,41590259,376161473A,MNG244,2016-01-01,PLC002,AEC014,IPG011,0,2000X450(5)
1477,AE210,2.15E+11,41590590,377130290D,MNG244,2014-01-01,PLC002,AEC002,IPG003,6.5,4.5X2.0
1478,AE210,2.15E+11,41590590,377130290B,MNG244,2014-01-01,PLC002,AEC004,IPG003,6.5,3.5X2.0
1479,AE210,2.15E+11,41590590,377130290B,MNG244,2014-01-01,PLC001,AEC002,IPG003,6.5,4.5X2.0
1480,AE210,2.15E+11,41590590,377130290B,MNG244,2014-01-01,PLC002,AEC004,IPG003,6.5,3.5X2.0
1481,AE210,2.15E+11,41590600,377130788A,MNG244,2014-01-01,PLC002,AEC004,IPG002,5,4.45X2.2
1482,AE210,2.15E+11,41590600,377130788A,MNG244,2014-01-01,PLC001,AEC002,IPG003,5,5.55X1.35
1483,AE210,2.15E+11,41590590,377130396D,MNG244,2014-01-01,PLC002,AEC004,IPG002,6.5,4.5X2.0
1484,AE210,411108,41590585,377130266A,MNG244,2007-04-01,PLC002,AEC004,IPG003,5.55,3.70X1.35
1485,AE210,411109,41590585,377130287D,MNG244,2007-04-01,PLC001,AEC004,IPG003,5.55,5.55X1.35
1486,AE210,99920150215,41590259,376161560B,MNG244,1990-01-01,PLC000,AEC000,IPG000,0, 
1487,AE210,99920151005,41590262,376122264A,MNG244,1990-01-01,PLC000,AEC000,IPG000,0, 
1488,AE210,99920150964,41590262,376160204B,MNG244,1990-01-01,PLC000,AEC000,IPG000,0, 
1489,AE210,8.22E+13,41590350,376150966C,MNG244,2017-12-31,PLC002,AEC012,IPG004,2,1.5X1.0
1490,AE210,8.22E+13,41590350,376150965D,MNG244,2017-12-31,PLC002,AEC004,IPG002,5,3.7X1.4+1.8X0.6
1491,AE210,99920150451,41590370,376161835B,MNG244,1990-01-01,PLC000,AEC000,IPG000,0, 
1492,AE210,99920150457,41590370,376161813C,MNG244,1990-01-01,PLC000,AEC000,IPG000,0, 
1493,AE210,99920150458,41590370,376161813C,MNG244,1990-01-01,PLC000,AEC000,IPG000,0, 
1494,AE210,99920150460,41590370,376161803C,MNG244,1990-01-01,PLC000,AEC000,IPG000,0, 
1495,AE210,99920150004,41590370,376162332C,MNG244,1990-01-01,PLC000,AEC000,IPG000,0, 
1496,AE210,99920150090,41590256,376161694D,MNG244,1990-01-01,PLC000,AEC000,IPG000,0, 
1497,AE210,8.89E+11,41590259,376161464A,MNG244,2016-01-01,PLC001,AEC014,IPG011,0,700X260(5)
1498,AE210,8.89E+11,41590259,376161464A,MNG244,2016-01-01,PLC001,AEC014,IPG011,0,1150X260(6)
1499,AE210,5.11E+11,41590600,377130768D,MNG244,2014-01-01,PLC002,AEC004,IPG003,7.4,3.7x1.35
1500,AE210,8.89E+11,41590259,376161464C,MNG244,2016-01-01,PLC001,AEC014,IPG011,0,1065X260(5)
1501,AE210,8.89E+11,41590259,376161464C,MNG244,2016-01-01,PLC001,AEC014,IPG010,0,2100X450(5)
1502,AE210,8.89E+11,41590259,376161464C,MNG244,2016-01-01,PLC001,AEC014,IPG010,0,1250X450(5)
1503,AE210,8.89E+11,41590259,376161464D,MNG244,2016-01-01,PLC002,AEC014,IPG011,0,1170X450(4)
1504,AE210,100143,41590253,376160551C,MNG244,1900-01-01,PLC002,AEC004,IPG002,5,사각형3.60X2.20
1505,AE210,200040,41590360,376161320B,MNG244,1900-01-01,PLC001,AEC007,IPG001,0, 
1506,AE210,99920150785,41590310,376122300C,MNG244,1990-01-01,PLC000,AEC000,IPG000,0, 
1507,AE210,99920150808,41590360,376160817C,MNG244,1990-01-01,PLC000,AEC000,IPG000,0, 
1508,AE210,99920150156,41590400,376161943B,MNG244,1990-01-01,PLC000,AEC000,IPG000,0, 
1509,AE210,8.89E+11,41590259,376161481C,MNG244,2016-01-01,PLC001,AEC014,IPG011,0,1170X450(4)
1510,AE210,402014,41590540,377130190A,MNG244,2006-06-20,PLC001,AEC004,IPG002,0, 
1511,AE210,8.89E+11,41590259,376161463A,MNG244,2016-01-01,PLC002,AEC014,IPG010,0,1050X260(5)
1512,AE210,2.15E+11,41590600,377130778C,MNG244,2014-01-01,PLC001,AEC007,IPG007,5,6.0X1.0
1513,AE210,99920150027,41590370,376162331C,MNG244,1990-01-01,PLC000,AEC000,IPG000,0, 
1514,AE210,99920150534,41590370,376161299B,MNG244,1990-01-01,PLC000,AEC000,IPG000,0, 
1515,AE210,99920150535,41590370,376161299B,MNG244,1990-01-01,PLC000,AEC000,IPG000,0, 
1516,AE210,100069,41590253,376160499A,MNG244,1900-01-01,PLC001,AEC004,IPG001,1.5,오각형0.40X0.60
1517,AE210,99920150906,41590320,376160326A,MNG244,1990-01-01,PLC000,AEC000,IPG000,0, 
1518,AE210,99920150907,41590320,376160325A,MNG244,1990-01-01,PLC000,AEC000,IPG000,0, 
1519,AE210,99920150806,41590360,376160825A,MNG244,1990-01-01,PLC000,AEC000,IPG000,0, 
1520,AE210,2.12E+11,41590256,376161169B,MNG244,2015-01-01,PLC999,AEC004,IPG002,5.8,3.6x2.2
1521,AE210,8.89E+11,41590259,376161482B,MNG244,2016-01-01,PLC002,AEC015,IPG007,5,4500X1700
1522,AE210,8.89E+11,41590259,376161300D,MNG244,2016-01-01,PLC001,AEC014,IPG010,0,700X260(5)
1523,AE210,99920150556,41590256,376161271C,MNG244,1990-01-01,PLC000,AEC000,IPG000,0, 
2272,AE210,5.42E+11,41590350,376150924C,MNG244,2015-06-01,PLC002,AEC004,IPG003,5.5,3.6X1.2
2273,AE210,5.42E+11,41590350,376150925C,MNG244,2015-06-01,PLC001,AEC004,IPG003,5.5,3.6X1.2
2274,AE210,8.89E+11,41590259,376161300B,MNG244,2016-01-01,PLC002,AEC014,IPG010,0,1050X260(5)
2275,AE210,99920150934,41590262,376160266A,MNG244,1990-01-01,PLC000,AEC000,IPG000,0, 
2276,AE210,99920150936,41590262,376160265B,MNG244,1990-01-01,PLC000,AEC000,IPG000,0, 
2277,AE210,99920150938,41590262,376160265B,MNG244,1990-01-01,PLC000,AEC000,IPG000,0, 
2278,AE210,8.89E+11,41590259,376161369A,MNG135,2011-03-09,PLC002,AEC006,IPG002,0,3.3*2.8
2279,AE210,99920150966,41590262,376160204B,MNG244,1990-01-01,PLC000,AEC000,IPG000,0, 
2280,AE210,99920151001,41590262,376122284B,MNG244,1990-01-01,PLC000,AEC000,IPG000,0, 
2281,AE210,99920150954,41590262,376160255C,MNG244,1990-01-01,PLC000,AEC000,IPG000,0, 
2282,AE210,99920150606,41590262,376160782A,MNG244,1990-01-01,PLC000,AEC000,IPG000,0, 
2283,AE210,820005,41590256,376161724D,MNG244,1900-01-01,PLC001,AEC004,IPG002,5,3.6X2.2
2284,AE210,200043,41590360,376161320C,MNG244,1900-01-01,PLC001,AEC004,IPG002,5,3.6X2.2
2285,AE210,820007,41590256,376161735A,MNG244,1900-01-01,PLC002,AEC006,IPG001,2,1.2X1.2
2286,AE210,820008,41590256,376161734C,MNG244,1900-01-01,PLC002,AEC006,IPG001,2,1.2X1.2
2287,AE210,820009,41590256,376161734C,MNG244,1900-01-01,PLC002,AEC004,IPG001,5,5.0X2.5
2288,AE210,99920150544,41590256,376161281B,MNG244,1990-01-01,PLC000,AEC000,IPG000,0, 
2289,AE210,5.32E+11,41590350,376150925A,MNG244,2015-01-01,PLC001,AEC004,IPG003,5.41,4.5X1.4
2290,AE210,300033,41590340,376150567C,MNG244,1900-01-01,PLC002,AEC004,IPG002,5,5.0X2.5
2291,AE210,300034,41590340,376150577A,MNG244,1900-01-01,PLC002,AEC007,IPG001,2, 
2292,AE210,500161,41590530,377130609A,MNG244,1900-01-01,PLC001,AEC004,IPG002,5.2,사각형4.45×2.2
2293,AE210,500068,41590540,377130170C,MNG244,1900-01-01,PLC002,AEC004,IPG002,5.2,사각형3.6×2.2
2294,AE210,99920150773,41590310,376122399D,MNG244,1990-01-01,PLC000,AEC000,IPG000,0, 
2295,AE210,99920150735,41590320,376160309B,MNG244,1990-01-01,PLC000,AEC000,IPG000,0, 
2296,AE210,8.89E+11,41590259,376161463C,MNG244,2016-01-01,PLC002,AEC014,IPG010,0,1050X260(5)
2297,AE210,8.89E+11,41590259,376161463C,MNG244,2016-01-01,PLC002,AEC014,IPG011,0,1050X260(5)
2298,AE210,100191,41590570,376160588D,MNG244,1900-01-01,PLC001,AEC004,IPG002,5,사각형4.45X2.20
2299,AE210,99920150741,41590310,376122493B,MNG244,1990-01-01,PLC000,AEC000,IPG000,0, 
2300,AE210,99920150746,41590310,376122484C,MNG244,1990-01-01,PLC000,AEC000,IPG000,0, 
2301,AE210,99920150237,41590259,376161486A,MNG244,1990-01-01,PLC000,AEC000,IPG000,0, 
2302,AE210,99920150238,41590259,376161486A,MNG244,1990-01-01,PLC000,AEC000,IPG000,0, 
2303,AE210,99920150749,41590310,376122474B,MNG244,1990-01-01,PLC000,AEC000,IPG000,0, 
2304,AE210,99920150752,41590310,376122465C,MNG244,1990-01-01,PLC000,AEC000,IPG000,0, 
2305,AE210,99920150754,41590310,376122455A,MNG244,1990-01-01,PLC000,AEC000,IPG000,0, 
2306,AE210,2.12E+11,41590253,376160512D,MNG244,2012-06-01,PLC002,AEC004,IPG002,0, 
2307,AE210,500022,41590410,377130661A,MNG244,1900-01-01,PLC002,AEC005,IPG001,2,사각형1.1×1.7
2308,AE210,200106,41590400,376161940C,MNG244,1900-01-01,PLC001,AEC004,IPG002,5,3.6X2.2
2309,AE210,200048,41590259,376161422D,MNG244,1900-01-01,PLC001,AEC004,IPG002,5,3.6X2.2
2310,AE210,99920150376,41590360,376161319D,MNG244,1990-01-01,PLC000,AEC000,IPG000,0, 
2311,AE210,99920150377,41590360,376161319D,MNG244,1990-01-01,PLC000,AEC000,IPG000,0, 
2312,AE210,5.32E+11,41590350,376150913C,MNG244,2015-01-01,PLC002,AEC004,IPG003,5.4,3.7X1.4
2313,AE210,5.32E+11,41590350,376150912B,MNG244,2015-01-01,PLC001,AEC004,IPG003,5.4,3.7X1.4
2314,AE210,5.32E+11,41590350,376150912B,MNG244,2015-01-01,PLC999,AEC004,IPG003,5.5,방향3.7x1.4/노선0.54x0.628
2315,AE210,8.89E+11,41590259,376161464A,MNG244,2016-01-01,PLC002,AEC014,IPG011,0,1050X260(5)
2316,AE210,8.89E+11,41590259,376161482D,MNG244,2016-01-01,PLC001,AEC014,IPG011,0,1050X260(5)
2317,AE210,99920150870,41590320,376160386A,MNG244,1990-01-01,PLC000,AEC000,IPG000,0, 
2318,AE210,99920150723,41590320,376160398C,MNG244,1990-01-01,PLC000,AEC000,IPG000,0, 
2319,AE210,99920151057,41590330,376151060C,MNG244,1990-01-01,PLC000,AEC000,IPG000,0, 
2320,AE210,99920150399,41590360,376160986B,MNG244,1990-01-01,PLC000,AEC000,IPG000,0, 
2321,AE210,8.89E+11,41590259,376161453C,MNG244,2016-01-01,PLC001,AEC004,IPG003,5,4500X1400
2322,AE210,411180,41590587,377130262D,MNG244,2007-04-01,PLC001,AEC004,IPG003,5.55,5.55X1.35
2323,AE210,99920150985,41590310,376122376A,MNG244,1990-01-01,PLC000,AEC000,IPG000,0, 
2324,AE210,99920150988,41590310,376122367B,MNG244,1990-01-01,PLC000,AEC000,IPG000,0, 
2325,AE210,99920150813,41590360,376160815D,MNG244,1990-01-01,PLC000,AEC000,IPG000,0, 
3003,AE210,411094,41590587,377130273D,MNG244,2007-04-01,PLC001,AEC004,IPG003,5.55,3.70X1.35
3004,AE210,99920151047,41590350,376151077C,MNG244,1990-01-01,PLC000,AEC000,IPG000,0, 
3005,AE210,99920151051,41590350,376151069A,MNG244,1990-01-01,PLC000,AEC000,IPG000,0, 
3006,AE210,100052,41590253,376160497D,MNG244,1900-01-01,PLC002,AEC004,IPG002,5,사각형3.60X2.20
3007,AE210,8.89E+11,41590256,376161735B,MNG244,2010-01-01,PLC002,AEC999,IPG999,2.5,"어린이보호구역,30Km,여기부터400m,속도"
3008,AE210,300024,41590320,376160324C,MNG244,1900-01-01,PLC002,AEC004,IPG002,5,5.0X2.5
3009,AE210,99920150662,41590590,377130393A,MNG244,1990-01-01,PLC000,AEC000,IPG000,0, 
3010,AE210,99920150664,41590590,377130392B,MNG244,1990-01-01,PLC000,AEC000,IPG000,0, 
3011,AE210,99920150660,41590590,377130397B,MNG244,1990-01-01,PLC000,AEC000,IPG000,0, 
3012,AE210,99920150594,41590256,376161150C,MNG244,1990-01-01,PLC000,AEC000,IPG000,0, 
3013,AE210,99920150536,41590256,376161293A,MNG244,1990-01-01,PLC000,AEC000,IPG000,0, 
3014,AE210,99920150520,41590360,376161342D,MNG244,1990-01-01,PLC000,AEC000,IPG000,0, 
3015,AE210,8.89E+11,41590360,376161358C,MNG135,2011-03-09,PLC001,AEC004,IPG002,0,4.45*2.2
3016,AE210,8.89E+11,41590360,376161358D,MNG135,2011-03-09,PLC001,AEC004,IPG002,0,3.3*2.8
3017,AE210,8.89E+11,41590259,376161359C,MNG135,2011-03-09,PLC001,AEC009,IPG001,0,1.2*1.2
3018,AE210,8.89E+11,41590259,376161463C,MNG244,2016-01-01,PLC002,AEC014,IPG011,0,1150X260(6)
3019,AE210,200030,41590360,376160981A,MNG244,1900-01-01,PLC002,AEC002,IPG004,2,1.6X1.2
3020,AE210,99920150057,41590256,376162170A,MNG244,1990-01-01,PLC000,AEC000,IPG000,0, 
3021,AE210,99920150058,41590256,376162170A,MNG244,1990-01-01,PLC000,AEC000,IPG000,0, 
3022,AE210,99920150781,41590310,376122300B,MNG244,1990-01-01,PLC000,AEC000,IPG000,0, 
3023,AE210,99920150784,41590310,376122300B,MNG244,1990-01-01,PLC000,AEC000,IPG000,0, 
3024,AE210,99920150992,41590310,376122366D,MNG244,1990-01-01,PLC000,AEC000,IPG000,0, 
3025,AE210,99920150695,41590310,376160419A,MNG244,1990-01-01,PLC000,AEC000,IPG000,0, 
3026,AE210,99920150696,41590310,376160419A,MNG244,1990-01-01,PLC000,AEC000,IPG000,0, 
3027,AE210,99920150699,41590310,376160419A,MNG244,1990-01-01,PLC000,AEC000,IPG000,0, 
3028,AE210,8.89E+11,41590259,376161464A,MNG244,2016-01-01,PLC002,AEC014,IPG011,0,1150X260(6)
3029,AE210,99920150233,41590259,376161487B,MNG244,1990-01-01,PLC000,AEC000,IPG000,0, 
3030,AE210,99920150161,41590400,376161929A,MNG244,1990-01-01,PLC000,AEC000,IPG000,0, 
3031,AE210,8.89E+11,41590259,376161472D,MNG244,2016-01-01,PLC001,AEC014,IPG011,0,1200X350(5)
3032,AE210,500109,41590530,377130188C,MNG244,1900-01-01,PLC001,AEC004,IPG002,5.2,사각형0.45×2.2
3033,AE210,100099,41590410,376161076B,MNG244,1900-01-01,PLC002,AEC004,IPG002,5,사각형5.00X2.50
3034,AE210,200027,41590360,376160981A,MNG244,1900-01-01,PLC002,AEC004,IPG002,5,3.6X2.2
3035,AE210,99920150554,41590256,376161271D,MNG244,1990-01-01,PLC000,AEC000,IPG000,0, 
3036,AE210,8.89E+11,41590259,376161464A,MNG244,2016-01-01,PLC001,AEC014,IPG011,0,700X260(5)
3037,AE210,8.89E+11,41590259,376161463C,MNG244,2016-01-01,PLC002,AEC004,IPG003,5,3700X1400
3038,AE210,8.89E+11,41590259,376161465C,MNG244,2016-01-01,PLC001,AEC014,IPG011,0,1170X450(4)
3039,AE210,8.89E+11,41590259,376161465C,MNG244,2016-01-01,PLC001,AEC014,IPG011,0,700X260(5)
3040,AE210,5.32E+11,41590350,376150925C,MNG244,2015-01-01,PLC002,AEC004,IPG003,5.41,4.5X1.4
3041,AE210,5.32E+11,41590350,376150925D,MNG244,2015-01-01,PLC001,AEC004,IPG003,5.41,4.5X1.4
3042,AE210,5.32E+11,41590350,376150925D,MNG244,2015-01-01,PLC001,AEC004,IPG003,5.41,4.5X1.4
3043,AE210,2.12E+11,41590370,376161269C,MNG244,2010-01-01,PLC001,AEC004,IPG002,4,3.6x2.2
3044,AE210,500100,41590570,377130185C,MNG244,1900-01-01,PLC001,AEC004,IPG002,5.2,사각형3.6×2.2
3045,AE210,500084,41590520,377130187B,MNG244,1900-01-01,PLC002,AEC004,IPG002,5.2,사각형4.45×2.2
3046,AE210,9.99E+11,41590330,376160632C,MNG244,2016-11-01,PLC002,AEC004,IPG003,6,3.7*1.4
3047,AE210,8.89E+11,41590259,376161901A,MNG244,2016-01-01,PLC002,AEC014,IPG010,0,700X260(5)
3048,AE210,5.11E+11,41590600,377130739D,MNG244,2014-01-01,PLC001,AEC004,IPG003,7.4,5.55x1.35
3049,AE210,411177,41590585,377130283B,MNG244,2007-04-01,PLC002,AEC004,IPG003,5.55,5.55X1.35
3050,AE210,8.89E+11,41590259,376161464C,MNG244,2016-01-01,PLC002,AEC014,IPG011,0,1065X260(5)
3051,AE210,99920150368,41590360,376161329B,MNG244,1990-01-01,PLC000,AEC000,IPG000,0, 
3052,AE210,99920150514,41590360,376161377A,MNG244,1990-01-01,PLC000,AEC000,IPG000,0, 
3053,AE210,100162,41590253,376160512B,MNG244,1900-01-01,PLC001,AEC004,IPG002,5,사각형3.60X2.20
3054,AE210,100111,41590410,376161067D,MNG244,1900-01-01,PLC001,AEC005,IPG001,2.5,사각형1.10X1.70
3055,AE210,8.89E+11,41590259,376161475A,MNG244,2016-01-01,PLC001,AEC006,IPG001,2.1,1100X1700
685,AE210,8.89E+11,41590259,376161472D,MNG244,2016-01-01,PLC002,AEC014,IPG011,0,1150X260(6)
686,AE210,8.89E+11,41590259,376161472D,MNG244,2016-01-01,PLC002,AEC014,IPG011,0,2000X450(5)
687,AE210,8.89E+11,41590259,376161472D,MNG244,2016-01-01,PLC001,AEC014,IPG011,0,1570X450(4)
688,AE210,8.89E+11,41590259,376161472D,MNG244,2016-01-01,PLC001,AEC014,IPG011,0,2000X450(5)
689,AE210,99920150515,41590360,376161376C,MNG244,1990-01-01,PLC000,AEC000,IPG000,0, 
690,AE210,99920150516,41590360,376161376B,MNG244,1990-01-01,PLC000,AEC000,IPG000,0, 
691,AE210,8.89E+11,41590259,376161492B,MNG244,2016-01-01,PLC001,AEC014,IPG011,0,1050X260(5)
692,AE210,100219,41590253,376160555B,MNG244,1900-01-01,PLC001,AEC006,IPG001,2.5,사각형3.60X2.20
693,AE210,8.89E+11,41590259,376161464A,MNG244,2016-01-01,PLC002,AEC014,IPG011,0,700X260(5)
694,AE210,8.89E+11,41590259,376161464A,MNG244,2016-01-01,PLC002,AEC014,IPG011,0,1150X260(6)
695,AE210,99920150611,41590262,376160770C,MNG244,1990-01-01,PLC000,AEC000,IPG000,0, 
696,AE210,99920150101,41590256,376161679D,MNG244,1990-01-01,PLC000,AEC000,IPG000,0, 
697,AE210,99920150338,41590360,376161405A,MNG244,1990-01-01,PLC000,AEC000,IPG000,0, 
698,AE210,8.89E+11,41590259,376161463A,MNG244,2016-01-01,PLC001,AEC014,IPG011,0,1050X260(5)
699,AE210,8.89E+11,41590259,376161463A,MNG244,2016-01-01,PLC002,AEC014,IPG011,0,2100X460(5)
700,AE210,8.89E+11,41590259,376161463A,MNG244,2016-01-01,PLC002,AEC014,IPG011,0,1150X260(6)
701,AE210,411087,41590587,377130262D,MNG244,2007-04-01,PLC002,AEC004,IPG003,5.55,3.70X1.35
702,AE210,411092,41590585,377130283A,MNG244,2007-04-01,PLC001,AEC004,IPG003,5.55,5.55X1.35
703,AE210,411093,41590587,377130273D,MNG244,2007-04-01,PLC002,AEC004,IPG003,5.55,3.70X1.35
704,AE210,99920150477,41590370,376161744D,MNG244,1990-01-01,PLC000,AEC000,IPG000,0, 
705,AE210,99920150480,41590370,376161736A,MNG244,1990-01-01,PLC000,AEC000,IPG000,0, 
706,AE210,8.89E+11,41590259,376161464C,MNG244,2016-01-01,PLC002,AEC014,IPG010,0,700X260(5)
707,AE210,8.89E+11,41590259,376161464C,MNG244,2016-01-01,PLC001,AEC014,IPG010,0,950X260(6)
708,AE210,8.89E+11,41590259,376161481A,MNG244,2016-01-01,PLC002,AEC014,IPG010,0,1050X260(5)
709,AE210,100110,41590410,376161067D,MNG244,1900-01-01,PLC001,AEC004,IPG002,5,사각형5.00X2.50
710,AE210,500011,41590410,377130673B,MNG244,1900-01-01,PLC001,AEC006,IPG001,2,사각형1.2×1.2
711,AE210,8.89E+11,41590256,376161725D,MNG244,2010-01-01,PLC002,AEC999,IPG001,2.5,"어린이보호구역,30Km/2.5"
712,AE210,99920151036,41590340,376160171D,MNG244,1990-01-01,PLC000,AEC000,IPG000,0, 
713,AE210,99920151037,41590340,376160171D,MNG244,1990-01-01,PLC000,AEC000,IPG000,0, 
714,AE210,99920150972,41590330,376160198D,MNG244,1990-01-01,PLC000,AEC000,IPG000,0, 
715,AE210,99920150973,41590330,376160198B,MNG244,1990-01-01,PLC000,AEC000,IPG000,0, 
716,AE210,99920150974,41590330,376160198B,MNG244,1990-01-01,PLC000,AEC000,IPG000,0, 
717,AE210,99920150975,41590330,376160198B,MNG244,1990-01-01,PLC000,AEC000,IPG000,0, 
718,AE210,99920150303,41590259,376161436D,MNG244,1990-01-01,PLC000,AEC000,IPG000,0, 
719,AE210,8.89E+11,41590259,376161472D,MNG244,2016-01-01,PLC002,AEC014,IPG011,0,1150X260(6)
720,AE210,8.89E+11,41590259,376161472D,MNG244,2016-01-01,PLC001,AEC014,IPG011,0,900X260(5)
721,AE210,99920150276,41590259,376161456B,MNG244,1990-01-01,PLC000,AEC000,IPG000,0, 
722,AE210,99920150322,41590259,376161427C,MNG244,1990-01-01,PLC000,AEC000,IPG000,0, 
723,AE210,99920150324,41590259,376161427C,MNG244,1990-01-01,PLC000,AEC000,IPG000,0, 
724,AE210,99920150323,41590259,376161427A,MNG244,1990-01-01,PLC000,AEC000,IPG000,0, 
725,AE210,99920150334,41590360,376161406C,MNG244,1990-01-01,PLC000,AEC000,IPG000,0, 
726,AE210,99920150335,41590360,376161406C,MNG244,1990-01-01,PLC000,AEC000,IPG000,0, 
727,AE210,99920150337,41590360,376161405B,MNG244,1990-01-01,PLC000,AEC000,IPG000,0, 
728,AE210,99920150341,41590360,376161405B,MNG244,1990-01-01,PLC000,AEC000,IPG000,0, 
729,AE210,2.21E+13,41590550,377130244C,MNG244,2018-05-01,PLC001,AEC004,IPG003,5.5,3.7x1.35
730,AE210,2.21E+13,41590550,377130244C,MNG244,2018-05-01,PLC002,AEC004,IPG002,5.5,3.0x2.0
731,AE210,99920150342,41590360,376161405C,MNG244,1990-01-01,PLC000,AEC000,IPG000,0, 
732,AE210,99920150423,41590360,376160889D,MNG244,1990-01-01,PLC000,AEC000,IPG000,0, 
733,AE210,200059,41590259,376161433A,MNG244,1900-01-01,PLC002,AEC004,IPG002,5,4.0X2.5
734,AE210,200061,41590259,376161433C,MNG244,1900-01-01,PLC001,AEC004,IPG002,5,5.0X2.5
735,AE210,200103,41590400,376161939B,MNG244,1900-01-01,PLC001,AEC006,IPG001,2,1.2X1.2
736,AE210,99920150760,41590310,376122432B,MNG244,1990-01-01,PLC000,AEC000,IPG000,0, 
737,AE210,2.06E+11,41590000,377130298B,MNG244,2016-01-01,PLC001,AEC004,IPG003,5,5.55X1.35
1524,AE210,8.89E+11,41590259,376161491A,MNG244,2016-01-01,PLC002,AEC014,IPG011,0,950X260(6)
1525,AE210,99920150129,41590400,376162016C,MNG244,1990-01-01,PLC000,AEC000,IPG000,0, 
1526,AE210,99920150131,41590400,376162016C,MNG244,1990-01-01,PLC000,AEC000,IPG000,0, 
1527,AE210,99920150132,41590400,376162015D,MNG244,1990-01-01,PLC000,AEC000,IPG000,0, 
1528,AE210,8.89E+11,41590259,376161482D,MNG244,2016-01-01,PLC001,AEC014,IPG017,0,900X260(5)
1529,AE210,99920150851,41590262,376160640B,MNG244,1990-01-01,PLC000,AEC000,IPG000,0, 
1530,AE210,99920150853,41590262,376160630D,MNG244,1990-01-01,PLC000,AEC000,IPG000,0, 
1531,AE210,2.12E+11,41590330,376160647B,MNG244,2013-06-01,PLC002, ,IPG003,10,1.05x0.26
1532,AE210,2.12E+11,41590256,376162140D,MNG244,2013-01-01,PLC999,AEC004,IPG003,0,1.85X1.35X3EA
1533,AE210,2.12E+11,41590253,376160575B,MNG244,2012-06-01,PLC001,AEC004,IPG002,4.5,3.0x2.0
1534,AE210,2.12E+11,41590253,376160574B,MNG244,2012-06-01,PLC001,AEC004,IPG002,4.5,3.0x2.0
1535,AE210,100106,41590410,376161068A,MNG244,1900-01-01,PLC002,AEC004,IPG002,5,사각형5.00X2.50
1536,AE210,99920150742,41590310,376122491A,MNG244,1990-01-01,PLC000,AEC000,IPG000,0, 
1537,AE210,99920150774,41590310,376122390C,MNG244,1990-01-01,PLC000,AEC000,IPG000,0, 
1538,AE210,99920150345,41590360,376161368D,MNG244,1990-01-01,PLC000,AEC000,IPG000,0, 
1539,AE210,99920151096,41590350,376150929C,MNG244,1990-01-01,PLC000,AEC000,IPG000,0, 
1540,AE210,8.89E+11,41590259,376161475A,MNG244,2016-01-01,PLC001,AEC014,IPG010,0,1150X260(6)
1541,AE210,99920150149,41590400,376161944D,MNG244,1990-01-01,PLC000,AEC000,IPG000,0, 
1542,AE210,99920150150,41590400,376161944C,MNG244,1990-01-01,PLC000,AEC000,IPG000,0, 
1543,AE210,8.89E+11,41590256,376161725D,MNG244,2010-01-01,PLC001,AEC999,IPG001,0,"어린이보호구역,과속방지턱,30Km"
1544,AE210,401015,41590259,376161431D,MNG244,2004-07-31,PLC002,AEC004,IPG002,10,4.3mX1.35m
1545,AE210,200105,41590400,376161940C,MNG244,1900-01-01,PLC002,AEC002,IPG001,0, 
1546,AE210,2.12E+11,41590253,376160533A,MNG244,2012-06-01,PLC001,AEC999,IPG004,0, 
1547,AE210,2.12E+11,41590253,376160523C,MNG244,2012-06-01,PLC002,AEC999,IPG004,0, 
1548,AE210,8.89E+11,41590259,376161483B,MNG244,2016-01-01,PLC001,AEC014,IPG011,0,700X260(5)
1549,AE210,8.89E+11,41590259,376161483B,MNG244,2016-01-01,PLC002,AEC014,IPG011,0,950X260(6)
1550,AE210,8.89E+11,41590259,376161481D,MNG244,2016-01-01,PLC002,AEC014,IPG010,0,1800X350(6)
1551,AE210,100170,41590253,376160542A,MNG244,2005-01-01,PLC001,AEC004,IPG002,5,사각형3.60X2.20
1552,AE210,100198,41590560,376160538B,MNG244,1900-01-01,PLC001,AEC007,IPG004,2,사각형3.60X2.20
1553,AE210,100074,41590410,376161507A,MNG244,1996-01-01,PLC002,AEC004,IPG002,5,사각형5.00X2.50
1554,AE210,8.89E+11,41590259,376161464C,MNG244,2016-01-01,PLC001,AEC014,IPG010,0,950X260(6)
1555,AE210,8.89E+11,41590259,376161464C,MNG244,2016-01-01,PLC001,AEC014,IPG010,0,900X260(5)
1556,AE210,426054,41590253,376160561B,MNG244,2008-07-24,PLC001,AEC004,IPG003,5.2,1850*1350*3
1557,AE210,426019,41590253,376160582B,MNG244,2008-07-24,PLC001,AEC004,IPG002,5.5,4000*2500
1558,AE210,426020,41590253,376160582B,MNG244,2008-07-24,PLC002,AEC004,IPG003,5.2,1850*1350*2
1559,AE210,99920150162,41590400,376161929A,MNG244,1990-01-01,PLC000,AEC000,IPG000,0, 
1560,AE210,5.32E+11,41590350,376150912D,MNG244,2015-01-01,PLC001,AEC004,IPG003,5.4,3.7X1.4
1561,AE210,99920150698,41590310,376160419A,MNG244,1990-01-01,PLC000,AEC000,IPG000,0, 
1562,AE210,411031,41590586,377130714D,MNG244,2007-04-01,PLC002,AEC004,IPG003,5.55,5.55X1.35
1563,AE210,411106,41590585,377130257C,MNG244,2007-04-01,PLC002,AEC003,IPG005,5,19.00X2.00
1564,AE210,99920150167,41590259,376161923C,MNG244,1990-01-01,PLC000,AEC000,IPG000,0, 
1565,AE210,200032,41590360,376160890D,MNG244,1900-01-01,PLC001,AEC004,IPG004,5,3.6X2.2
1566,AE210,8.89E+11,41590259,376161473B,MNG244,2016-01-01,PLC002,AEC014,IPG011,0,1150X260(6)
1567,AE210,99920150971,41590330,376160198A,MNG244,1990-01-01,PLC000,AEC000,IPG000,0, 
1568,AE210,8.89E+11,41590259,376161810D,MNG244,2016-01-01,PLC001,AEC014,IPG011,0,1700X450(6)
1569,AE210,8.89E+11,41590259,376161810D,MNG244,2016-01-01,PLC001,AEC014,IPG011,0,1150X260(6)
1570,AE210,8.89E+11,41590259,376161491C,MNG244,2016-01-01,PLC001,AEC014,IPG017,0,1250X450(5)
1571,AE210,99920151053,41590350,376151063A,MNG244,1990-01-01,PLC000,AEC000,IPG000,0, 
1572,AE210,8.89E+11,41590259,376161472B,MNG244,2016-01-01,PLC002,AEC014,IPG011,0,1050X260(5)
1573,AE210,8.89E+11,41590259,376161472B,MNG244,2016-01-01,PLC001,AEC014,IPG011,0,1050X260(5)
1574,AE210,99920150586,41590256,376161180B,MNG244,1990-01-01,PLC000,AEC000,IPG000,0, 
1575,AE210,99920150587,41590256,376161180B,MNG244,1990-01-01,PLC000,AEC000,IPG000,0, 
2326,AE210,8.89E+11,41590259,376161463C,MNG244,2016-01-01,PLC001,AEC004,IPG003,5,3700X1400
2327,AE210,99920150919,41590320,376160305A,MNG244,1990-01-01,PLC000,AEC000,IPG000,0, 
2328,AE210,99920150983,41590320,376122385B,MNG244,1990-01-01,PLC000,AEC000,IPG000,0, 
2329,AE210,99920150984,41590320,376122385B,MNG244,1990-01-01,PLC000,AEC000,IPG000,0, 
2330,AE210,99920150524,41590360,376161323B,MNG244,1990-01-01,PLC000,AEC000,IPG000,0, 
2331,AE210,99920150827,41590262,376160757D,MNG244,1990-01-01,PLC000,AEC000,IPG000,0, 
2332,AE210,5.11E+11,41590600,377130749A,MNG244,2014-01-01,PLC001,AEC004,IPG003,7.4,5.55x1.35
2333,AE210,8.89E+11,41590259,376161474A,MNG244,2016-01-01,PLC001,AEC014,IPG011,0,1150X260(6)
2334,AE210,8.89E+11,41590259,376161474A,MNG244,2016-01-01,PLC001,AEC014,IPG011,0,950X260(6)
2335,AE210,5.32E+11,41590350,376150925D,MNG244,2015-01-01,PLC002,AEC004,IPG003,5.41,4.5X1.4
2336,AE210,5.32E+11,41590350,376150925D,MNG244,2015-01-01,PLC001,AEC004,IPG003,5.41,4.5X1.4
2337,AE210,5.32E+11,41590350,376150926C,MNG244,2015-01-01,PLC002,AEC004,IPG003,5.41,4.5X1.4
2338,AE210,8.89E+11,41590259,376161472B,MNG244,2016-01-01,PLC002,AEC014,IPG011,0,2000X450(5)
2339,AE210,8.89E+11,41590259,376161472B,MNG244,2016-01-01,PLC002,AEC014,IPG011,0,2000X450(5)
2340,AE210,8.89E+11,41590259,376161472B,MNG244,2016-01-01,PLC002,AEC014,IPG011,0,1150X260(6)
2341,AE210,402001,41590540,377130189C,MNG244,2006-06-20,PLC002,AEC004,IPG003,0, 
2342,AE210,500108,41590530,377130188C,MNG244,1900-01-01,PLC002,AEC006,IPG001,2,오각형0.26×0.44
2343,AE210,200001,41590320,376160806B,MNG244,1900-01-01,PLC001,AEC004,IPG002,0, 
2344,AE210,100174,41590253,376160542A,MNG244,2005-01-01,PLC002,AEC006,IPG001,1.5,오각형0.26X0.44
2345,AE210,100060,41590253,376160479B,MNG244,1900-01-01,PLC001,AEC004,IPG002,5,사각형5.00X2.50
2346,AE210,99920151159,41590340,376150565D,MNG244,1990-01-01,PLC000,AEC000,IPG000,0, 
2347,AE210,99920151161,41590340,376150553C,MNG244,1990-01-01,PLC000,AEC000,IPG000,0, 
2348,AE210,8.89E+11,41590259,376161472B,MNG244,2016-01-01,PLC002,AEC004,IPG003,5,4500X1400
2349,AE210,2.15E+11,41590588,377130804B,MNG244,2014-01-01,PLC002,AEC004,IPG002,6.5,4.5X2.0
2350,AE210,2.15E+11,41590588,377130393D,MNG244,2014-01-01,PLC001,AEC004,IPG002,6.5,4.5X2.0
2351,AE210,411091,41590585,377130283A,MNG244,2007-04-01,PLC002,AEC004,IPG003,5.55,5.55X1.35
2352,AE210,8.89E+11,41590259,376161481A,MNG244,2016-01-01,PLC001,AEC014,IPG010,0,1050X260(5)
2353,AE210,99920150382,41590360,376160996A,MNG244,1990-01-01,PLC000,AEC000,IPG000,0, 
2354,AE210,500155,41590570,377130192D,MNG244,1900-01-01,PLC001,AEC011,IPG001,2,사각형1.1×1.7
2355,AE210,426007,41590253,376160561C,MNG244,2008-07-24,PLC001,AEC004,IPG003,5.2,1850*1350*3
2356,AE210,426008,41590253,376160561C,MNG244,2008-07-24,PLC001,AEC004,IPG003,5.2,1850*1350*3
2357,AE210,426009,41590253,376160470D,MNG244,2008-07-24,PLC001,AEC004,IPG002,5.5,4000*2500
2358,AE210,426010,41590253,376160561C,MNG244,2008-07-24,PLC001,AEC004,IPG002,5.5,4000*2500
2359,AE210,99920151120,41590340,376150580C,MNG244,1990-01-01,PLC000,AEC000,IPG000,0, 
2360,AE210,99920151121,41590340,376150580C,MNG244,1990-01-01,PLC000,AEC000,IPG000,0, 
2361,AE210,99920151123,41590340,376150579D,MNG244,1990-01-01,PLC000,AEC000,IPG000,0, 
2362,AE210,99920151125,41590340,376150579D,MNG244,1990-01-01,PLC000,AEC000,IPG000,0, 
2363,AE210,99920151122,41590340,376150579C,MNG244,1990-01-01,PLC000,AEC000,IPG000,0, 
2364,AE210,99920151124,41590340,376150579C,MNG244,1990-01-01,PLC000,AEC000,IPG000,0, 
2365,AE210,99920151126,41590340,376150579C,MNG244,1990-01-01,PLC000,AEC000,IPG000,0, 
2366,AE210,99920150517,41590360,376161343A,MNG244,1990-01-01,PLC000,AEC000,IPG000,0, 
2367,AE210,99920150096,41590256,376161689B,MNG244,1990-01-01,PLC000,AEC000,IPG000,0, 
2368,AE210,99920150102,41590256,376161679C,MNG244,1990-01-01,PLC000,AEC000,IPG000,0, 
2369,AE210,99920150103,41590256,376161679C,MNG244,1990-01-01,PLC000,AEC000,IPG000,0, 
2370,AE210,99920150107,41590256,376161600C,MNG244,1990-01-01,PLC000,AEC000,IPG000,0, 
2371,AE210,99920150108,41590256,376161600C,MNG244,1990-01-01,PLC000,AEC000,IPG000,0, 
2372,AE210,9.99E+11,41590330,376160654C,MNG244,2016-11-01,PLC001,AEC004,IPG003,6,4.5*1.4
2373,AE210,99920151009,41590330,376160623B,MNG244,1990-01-01,PLC000,AEC000,IPG000,0, 
2374,AE210,99920150163,41590400,376161928B,MNG244,1990-01-01,PLC000,AEC000,IPG000,0, 
2375,AE210,99920150886,41590320,376160351A,MNG244,1990-01-01,PLC000,AEC000,IPG000,0, 
2376,AE210,8.89E+11,41590259,376161463A,MNG244,2016-01-01,PLC001,AEC014,IPG011,0,1150X260(6)
2377,AE210,5.32E+11,41590350,376150934C,MNG244,2015-01-01,PLC999,AEC004,IPG003,5.4,3.7X1.4
2378,AE210,1.00E+12,41590256,376161726A,MNG244,2010-01-01,PLC002,AEC004,IPG002,4.5,185*135 3개
2379,AE210,8.89E+11,41590259,376161481D,MNG244,2016-01-01,PLC002,AEC014,IPG011,0,1150X260(6)
3099,AE210,5.32E+11,41590350,376150925A,MNG244,2015-01-01,PLC001,AEC004,IPG003,5.41,4.5X1.4
3100,AE210,8.89E+11,41590259,376161471D,MNG244,2016-01-01,PLC002,AEC014,IPG011,0,1150X260(6)
3101,AE210,5.32E+11,41590350,376150915A,MNG244,2015-01-01,PLC999,AEC004,IPG002,5,4.0X2.5
3102,AE210,200101,41590400,376161929D,MNG244,1900-01-01,PLC001,AEC004,IPG002,5,3.6X2.2
3103,AE210,300054,41590350,376151061B,MNG244,1900-01-01,PLC002,AEC004,IPG002,5,5.0X2.5
3104,AE210,2.12E+11,41590256,376161266C,MNG244,2010-01-01,PLC002,AEC005,IPG004,2.5,2.2x1.2
3105,AE210,500118,41590550,377130233B,MNG244,1900-01-01,PLC001,AEC004,IPG003,5.2,3.7×1.35
3106,AE210,500120,41590550,377130233B,MNG244,1900-01-01,PLC002,AEC004,IPG002,5.2,4.0×2.55
3107,AE210,8.89E+11,41590259,376161463C,MNG244,2016-01-01,PLC001,AEC014,IPG011,0,1150X260(6)
3108,AE210,8.89E+11,41590259,376161491C,MNG244,2016-01-01,PLC001,AEC014,IPG010,0,1250X450(5)
3109,AE210,426035,41590253,376160563C,MNG244,2008-07-24,PLC001,AEC004,IPG002,5.5,4000*2500
3110,AE210,8.89E+11,41590259,376161471C,MNG244,2016-01-01,PLC002,AEC014,IPG999,0,950X260(6)
3111,AE210,8.89E+11,41590259,376161471D,MNG244,2016-01-01,PLC002,AEC014,IPG010,0,1250X350(6)
3112,AE210,411163,41590585,377130295B,MNG244,2007-04-01,PLC001,AEC004,IPG003,5.55,3.70X1.35
3113,AE210,411164,41590585,377130295B,MNG244,2007-04-01,PLC001,AEC004,IPG003,5.55,3.70X1.35
3114,AE210,2.11E+11,41590550,377130244B,MNG244,2013-12-01,PLC001,AEC004,IPG002,7.7,4.0x2.5
3115,AE210,2.11E+11,41590550,377130234D,MNG244,2013-12-01,PLC002,AEC004,IPG002,7.7,4.0x2.5
3116,AE210,99920151182,41590340,376150515C,MNG244,1990-01-01,PLC000,AEC000,IPG000,0, 
3117,AE210,8.89E+11,41590259,376161474A,MNG244,2016-01-01,PLC001,AEC004,IPG003,5,3700X1400
3118,AE210,411066,41590587,377130281B,MNG244,2007-04-01,PLC002,AEC004,IPG003,5.55,5.55X1.35
3119,AE210,411067,41590587,377130281B,MNG244,2007-04-01,PLC001,AEC004,IPG003,5.55,5.55X1.35
3120,AE210,99920150780,41590310,376122338C,MNG244,1990-01-01,PLC000,AEC000,IPG000,0, 
3121,AE210,99920150779,41590310,376122338C,MNG244,1990-01-01,PLC000,AEC000,IPG000,0, 
3122,AE210,99920150211,41590400,376161585C,MNG244,1990-01-01,PLC000,AEC000,IPG000,0, 
3123,AE210,99920150212,41590259,376161584A,MNG244,1990-01-01,PLC000,AEC000,IPG000,0, 
3124,AE210,99920150213,41590259,376161562A,MNG244,1990-01-01,PLC000,AEC000,IPG000,0, 
3125,AE210,99920150260,41590259,376161470D,MNG244,1990-01-01,PLC000,AEC000,IPG000,0, 
3126,AE210,99920150261,41590259,376161470A,MNG244,1990-01-01,PLC000,AEC000,IPG000,0, 
3127,AE210,2.12E+11,41590370,376161266D,MNG244,2010-01-01,PLC002,AEC004,IPG002,5,4.45x2.20
3128,AE210,8.89E+11,41590259,376161482C,MNG244,2016-01-01,PLC002,AEC014,IPG011,0,1920X450(4)
3129,AE210,99920150510,41590360,376161384D,MNG244,1990-01-01,PLC000,AEC000,IPG000,0, 
3130,AE210,100026,41590253,376160958A,MNG244,1900-01-01,PLC002,AEC004,IPG002,5,사각형5.00X2.50
3131,AE210,100186,41590570,376160589C,MNG244,1900-01-01,PLC001,AEC004,IPG002,5,사각형4.45X2.20
3132,AE210,99920151007,41590330,376160625A,MNG244,1990-01-01,PLC000,AEC000,IPG000,0, 
3133,AE210,8.89E+11,41590259,376161390D,MNG244,2016-01-01,PLC002,AEC014,IPG011,0,1050X260(5)
3134,AE210,8.89E+11,41590259,376161300B,MNG244,2016-01-01,PLC001,AEC014,IPG010,0,1050X260(5)
3135,AE210,8.89E+11,41590259,376161300B,MNG244,2016-01-01,PLC002,AEC014,IPG010,0,2000X450(5)
3136,AE210,8.89E+11,41590259,376161300B,MNG244,2016-01-01,PLC001,AEC014,IPG011,0,1050X260(5)
3137,AE210,100177,41590253,376160551A,MNG244,1900-01-01,PLC002,AEC004,IPG002,5,사각형3.60X2.20
3138,AE210,500030,41590520,377130145B,MNG244,1900-01-01,PLC001,AEC003,IPG002,5.2,사각형3.6×2.2
3139,AE210,100200,41590560,376160537D,MNG244,1900-01-01,PLC001,AEC003,IPG001,1.9,T형
3140,AE210,100070,41590253,376160499B,MNG244,1900-01-01,PLC002,AEC004,IPG001,1,오각형0.40X0.60
3141,AE210,500045,41590570,377130165D,MNG244,1900-01-01,PLC002,AEC004,IPG002,5.2,사각형4.0×2.85
3142,AE210,200082,41590259,376161558B,MNG244,1900-01-01,PLC001,AEC004,IPG002,5,3.6X2.2
3143,AE210,8.89E+11,41590360,376161368B,MNG135,2011-03-09,PLC001,AEC004,IPG002,0,3.6*2.2+1.8*0.6
3144,AE210,5.32E+11,41590350,376150935A,MNG244,2015-01-01,PLC002,AEC004,IPG003,5.4,3.7X1.4
3145,AE210,99920150435,41590360,376160800A,MNG244,1990-01-01,PLC000,AEC000,IPG000,0, 
3146,AE210,200023,41590360,376160972D,MNG244,1900-01-01,PLC001,AEC004,IPG004,2,3.6X2.2
3147,AE210,8.89E+11,41590259,376161491A,MNG244,2016-01-01,PLC001,AEC014,IPG010,0,1050X260(5)
3148,AE210,99920151101,41590340,376150596A,MNG244,1990-01-01,PLC000,AEC000,IPG000,0, 
3149,AE210,5.32E+11,41590350,376150934A,MNG244,2015-01-01,PLC999,AEC004,IPG003,5.4,3.7X1.4
738,AE210,8.89E+11,41590259,376161473A,MNG244,2016-01-01,PLC002,AEC014,IPG011,0,1150X260(6)
739,AE210,8.89E+11,41590259,376161473A,MNG244,2016-01-01,PLC002,AEC014,IPG011,0,1050X260(5)
740,AE210,8.89E+11,41590259,376161473A,MNG244,2016-01-01,PLC001,AEC014,IPG011,0,2000X450(5)
741,AE210,8.89E+11,41590259,376161473A,MNG244,2016-01-01,PLC001,AEC014,IPG011,0,1050X260(5)
742,AE210,8.89E+11,41590259,376161473A,MNG244,2016-01-01,PLC001,AEC014,IPG011,0,1150X260(6)
743,AE210,8.89E+11,41590259,376161481A,MNG244,2016-01-01,PLC002,AEC014,IPG010,0,1250X450(5)
744,AE210,500004,41590410,377131128C,MNG244,1900-01-01,PLC001,AEC003,IPG002,5,사각형3.6×2.2
745,AE210,5.32E+11,41590350,376150913B,MNG244,2015-01-01,PLC002,AEC004,IPG003,5.4,3.7X1.4
746,AE210,5.32E+11,41590350,376150912D,MNG244,2015-01-01,PLC002,AEC004,IPG003,5.4,3.7X1.4
747,AE210,8.89E+11,41590259,376161300B,MNG244,2016-01-01,PLC001,AEC014,IPG010,0,1050X260(5)
748,AE210,2.11E+11,41590550,377130243C,MNG244,2015-01-01,PLC002,AEC004,IPG003,5,5.55X1.35
749,AE210,2.11E+11,41590550,377130243C,MNG244,2015-01-01,PLC001,AEC004,IPG003,5,5.55X1.35
750,AE210,8.89E+11,41590259,376161453C,MNG244,2016-01-01,PLC002,AEC014,IPG010,0,1050X260(5)
751,AE210,8.89E+11,41590259,376161471D,MNG244,2016-01-01,PLC001,AEC014,IPG010,0,700X260(5)
752,AE210,402032,41590540,377130199B,MNG244,2006-06-20,PLC002,AEC004,IPG003,0, 
753,AE210,402033,41590540,377130179C,MNG244,2006-06-20,PLC002,AEC004,IPG003,0, 
754,AE210,402034,41590540,377130189B,MNG244,2006-06-20,PLC001,AEC004,IPG003,0, 
755,AE210,99920150877,41590262,376160372C,MNG244,1990-01-01,PLC000,AEC000,IPG000,0, 
756,AE210,99920150931,41590262,376160268B,MNG244,1990-01-01,PLC000,AEC000,IPG000,0, 
757,AE210,99920150930,41590262,376160268A,MNG244,1990-01-01,PLC000,AEC000,IPG000,0, 
758,AE210,8.89E+11,41590259,376161471C,MNG244,2016-01-01,PLC001,AEC014,IPG010,0,950X260(6)
759,AE210,8.89E+11,41590259,376161471C,MNG244,2016-01-01,PLC001,AEC014,IPG010,0,700X260(5)
760,AE210,8.89E+11,41590259,376161475A,MNG244,2016-01-01,PLC001,AEC014,IPG010,0,700X260(5)
761,AE210,8.89E+11,41590259,376161475A,MNG244,2016-01-01,PLC002,AEC014,IPG010,0,1250X450(5)
762,AE210,8.89E+11,41590259,376161475A,MNG244,2016-01-01,PLC001,AEC014,IPG010,0,1650X450(5)
763,AE210,8.89E+11,41590259,376161475A,MNG244,2016-01-01,PLC001,AEC014,IPG010,0,1150X260(6)
764,AE210,8.89E+11,41590259,376161475A,MNG244,2016-01-01,PLC001,AEC014,IPG010,0,700X260(5)
765,AE210,8.89E+11,41590259,376161475A,MNG244,2016-01-01,PLC001,AEC014,IPG010,0,1250X450(5)
766,AE210,8.89E+11,41590259,376161475B,MNG244,2016-01-01,PLC002,AEC014,IPG010,0,900X350(5)
767,AE210,99920150553,41590256,376161272C,MNG244,1990-01-01,PLC000,AEC000,IPG000,0, 
768,AE210,99920150557,41590256,376161271D,MNG244,1990-01-01,PLC000,AEC000,IPG000,0, 
769,AE210,99920150558,41590256,376161264D,MNG244,1990-01-01,PLC000,AEC000,IPG000,0, 
770,AE210,99920150541,41590256,376161282D,MNG244,1990-01-01,PLC000,AEC000,IPG000,0, 
771,AE210,99920150542,41590256,376161281B,MNG244,1990-01-01,PLC000,AEC000,IPG000,0, 
772,AE210,99920150401,41590360,376160986C,MNG244,1990-01-01,PLC000,AEC000,IPG000,0, 
773,AE210,426028,41590253,376160573A,MNG244,2008-07-24,PLC001,AEC004,IPG003,5.2,1850*1350*3
774,AE210,426030,41590253,376160562D,MNG244,2008-07-24,PLC002,AEC004,IPG002,5.5,4000*2500
775,AE210,99920150572,41590256,376161223D,MNG244,1990-01-01,PLC000,AEC000,IPG000,0, 
776,AE210,8.89E+11,41590259,376161463A,MNG244,2016-01-01,PLC001,AEC014,IPG011,0,1050X260(5)
777,AE210,200004,41590360,376160817B,MNG244,1900-01-01,PLC002,AEC004,IPG004,2,3.6X2.2
778,AE210,8.89E+11,41590259,376161464C,MNG244,2016-01-01,PLC001,AEC014,IPG011,0,950X260(6)
779,AE210,411142,41590585,377130704B,MNG244,2007-04-01,PLC002,AEC004,IPG003,5.55,5.55X1.35
780,AE210,8.89E+11,41590259,376161491A,MNG244,2016-01-01,PLC001,AEC014,IPG011,0,1150X260(6)
781,AE210,99920150793,41590360,376160835A,MNG244,1990-01-01,PLC000,AEC000,IPG000,0, 
782,AE210,8.89E+11,41590259,376161810B,MNG244,2016-01-01,PLC002,AEC014,IPG011,0,2100X450(6)
783,AE210,8.89E+11,41590259,376161901A,MNG244,2016-01-01,PLC001,AEC014,IPG010,0,655X260(4)
784,AE210,100040,41590253,376160908D,MNG244,1900-01-01,PLC001,AEC006,IPG001,1.5,오각형0.26X0.44
785,AE210,100165,41590253,376160532C,MNG244,2005-01-01,PLC003,AEC004,IPG005,5,사각형12.50X2.00
1576,AE210,500028,41590520,377130145B,MNG244,1900-01-01,PLC001,AEC003,IPG002,5.2,사각형4.45×2.2
1577,AE210,99920150019,41590590,377130392A,MNG244,1990-01-01,PLC000,AEC000,IPG000,0, 
1578,AE210,99920150293,41590259,376161441C,MNG244,1990-01-01,PLC000,AEC000,IPG000,0, 
1579,AE210,99920150346,41590259,376161360A,MNG244,1990-01-01,PLC000,AEC000,IPG000,0, 
1580,AE210,8.89E+11,41590259,376161901A,MNG244,2016-01-01,PLC002,AEC014,IPG010,0,700X260(5)
1581,AE210,200067,41590259,376161433C,MNG244,1900-01-01,PLC002,AEC004,IPG002,5,5.0X2.5
1582,AE210,100005,41590253,376160967D,MNG244,1900-01-01,PLC001,AEC004,IPG002,5,사각형3.60X2.20
1583,AE210,100012,41590253,376160957B,MNG244,2001-01-01,PLC002,AEC004,IPG002,5,사각형5.00X2.50
1584,AE210,5.11E+11,41590600,377130749C,MNG244,2014-01-01,PLC002,AEC004,IPG003,7.4,5.55x1.35
1585,AE210,8.89E+11,41590256,376161725D,MNG244,2010-01-01,PLC002,AEC004,IPG003,0,"2방향(좌-조암터미널,직-삼괴중고등학"
1586,AE210,99920150420,41590360,376160889D,MNG244,1990-01-01,PLC000,AEC000,IPG000,0, 
1587,AE210,8.89E+11,41590259,376161482C,MNG244,2016-01-01,PLC002,AEC014,IPG011,0,2000X450(5)
1588,AE210,200090,41590400,376161567C,MNG244,1900-01-01,PLC002,AEC004,IPG002,5,3.6X2.2
1589,AE210,100150,41590310,376160511B,MNG244,1900-01-01,PLC002,AEC004,IPG002,5,사각형3.60X2.20
1590,AE210,500165,41590530,377130609C,MNG244,1900-01-01,PLC001,AEC003,IPG002,5.2,사각형3.6×2.2
1591,AE210,500071,41590540,377130169D,MNG244,1900-01-01,PLC002,AEC004,IPG002,5.2,사각형5.55×1.35
1592,AE210,200036,41590360,376160800B,MNG244,1900-01-01,PLC002,AEC004,IPG002,5,3.6X2.2
1593,AE210,200024,41590360,376160972C,MNG244,1900-01-01,PLC001,AEC004,IPG002,5,3.6X2.2
1594,AE210,99920150614,41590360,376160700A,MNG244,1990-01-01,PLC000,AEC000,IPG000,0, 
1595,AE210,99920150615,41590360,376160700A,MNG244,1990-01-01,PLC000,AEC000,IPG000,0, 
1596,AE210,99920150578,41590360,376161209C,MNG244,1990-01-01,PLC000,AEC000,IPG000,0, 
1597,AE210,99920150340,41590360,376161405B,MNG244,1990-01-01,PLC000,AEC000,IPG000,0, 
1598,AE210,99920150452,41590370,376161833C,MNG244,1990-01-01,PLC000,AEC000,IPG000,0, 
1599,AE210,99920150453,41590370,376161833C,MNG244,1990-01-01,PLC000,AEC000,IPG000,0, 
1600,AE210,99920150702,41590310,376160416A,MNG244,1990-01-01,PLC000,AEC000,IPG000,0, 
1601,AE210,99920150704,41590310,376160415A,MNG244,1990-01-01,PLC000,AEC000,IPG000,0, 
1602,AE210,99920150705,41590310,376160414B,MNG244,1990-01-01,PLC000,AEC000,IPG000,0, 
1603,AE210,99920150706,41590310,376160414B,MNG244,1990-01-01,PLC000,AEC000,IPG000,0, 
1604,AE210,8.89E+11,41590259,376161482C,MNG244,2016-01-01,PLC002,AEC014,IPG010,0,900X260(5)
1605,AE210,8.89E+11,41590259,376161482C,MNG244,2016-01-01,PLC001,AEC014,IPG010,0,900X260(5)
1606,AE210,99920151087,41590350,376150960B,MNG244,1990-01-01,PLC000,AEC000,IPG000,0, 
1607,AE210,5.32E+11,41590350,376150913B,MNG244,2015-01-01,PLC001,AEC004,IPG003,5.4,3.7X1.4
1608,AE210,402002,41590520,377130168A,MNG244,2006-06-20,PLC001,AEC002,IPG006,0, 
1609,AE210,402003,41590540,377130180D,MNG244,2006-06-20,PLC002,AEC004,IPG002,0, 
1610,AE210,8.89E+11,41590259,376161471A,MNG244,2016-01-01,PLC001,AEC014,IPG014,0,900X350(5)
1611,AE210,8.89E+11,41590259,376161471A,MNG244,2016-01-01,PLC001,AEC014,IPG010,0,700X260(5)
1612,AE210,8.89E+11,41590259,376161474A,MNG244,2016-01-01,PLC002,AEC014,IPG011,0,1650X450(5)
1613,AE210,8.89E+11,41590259,376161474A,MNG244,2016-01-01,PLC002,AEC014,IPG011,0,950X260(6)
1614,AE210,8.89E+11,41590259,376161474A,MNG244,2016-01-01,PLC001,AEC014,IPG011,0,950X260(6)
1615,AE210,8.89E+11,41590259,376161474A,MNG244,2016-01-01,PLC002,AEC014,IPG011,0,1050X260(5)
1616,AE210,99920150512,41590360,376161377A,MNG244,1990-01-01,PLC000,AEC000,IPG000,0, 
1617,AE210,2.12E+11,41590330,376160623A,MNG244,2013-06-01,PLC002, ,IPG002,7.4,3.6x2.2
1618,AE210,2.12E+11,41590330,376160623A,MNG244,2013-06-01,PLC002, ,IPG004,1.8,1.2x0.8
1619,AE210,99920150681,41590570,376161010D,MNG244,1990-01-01,PLC000,AEC000,IPG000,0, 
1620,AE210,99920150682,41590570,376161008D,MNG244,1990-01-01,PLC000,AEC000,IPG000,0, 
1621,AE210,99920150807,41590360,376160825C,MNG244,1990-01-01,PLC000,AEC000,IPG000,0, 
1622,AE210,8.89E+11,41590259,376161463A,MNG244,2016-01-01,PLC001,AEC014,IPG011,0,2100X450(6)
1623,AE210,99920150755,41590310,376122452C,MNG244,1990-01-01,PLC000,AEC000,IPG000,0, 
1624,AE210,99920150756,41590310,376122442B,MNG244,1990-01-01,PLC000,AEC000,IPG000,0, 
1625,AE210,99920150331,41590259,376161416B,MNG244,1990-01-01,PLC000,AEC000,IPG000,0, 
1626,AE210,2.15E+11,41590590,377130382B,MNG244,2014-01-01,PLC002,AEC002,IPG003,6.5,4.5X2.0
1627,AE210,8.89E+11,41590259,376161369A,MNG135,2011-03-09,PLC001,AEC004,IPG002,0,5.0*2.5+2.1*0.7
1628,AE210,99920150794,41590360,376160835A,MNG244,1990-01-01,PLC000,AEC000,IPG000,0, 
1629,AE210,99920150798,41590360,376160834C,MNG244,1990-01-01,PLC000,AEC000,IPG000,0, 
2380,AE210,100179,41590253,376160542C,MNG244,1900-01-01,PLC002,AEC004,IPG002,5,사각형3.60X2.20
2381,AE210,200097,41590400,376162015C,MNG244,1900-01-01,PLC002,AEC004,IPG004,2,5.0X2.5
2382,AE210,100172,41590253,376160542A,MNG244,2005-01-01,PLC002,AEC004,IPG002,5,사각형3.60X2.20
2383,AE210,100169,41590253,376160542A,MNG244,2005-01-01,PLC001,AEC004,IPG004,1.3,육각형2.70X1.00
2384,AE210,8.89E+11,41590259,376161481C,MNG244,2016-01-01,PLC002,AEC014,IPG010,0,1050X260(5)
2385,AE210,8.89E+11,41590259,376161481C,MNG244,2016-01-01,PLC002,AEC014,IPG010,0,1150X260(6)
2386,AE210,8.89E+11,41590259,376161481C,MNG244,2016-01-01,PLC001,AEC014,IPG010,0,1050X260(5)
2387,AE210,8.89E+11,41590259,376161471C,MNG244,2016-01-01,PLC001,AEC014,IPG010,0,1050X260(5)
2388,AE210,2.12E+11,41590253,376160523A,MNG244,2012-06-01,PLC001,AEC003,IPG002,0, 
2389,AE210,2.12E+11,41590253,376160523A,MNG244,2012-06-01,PLC001,AEC004,IPG002,0, 
2390,AE210,2.12E+11,41590370,376161268D,MNG244,2010-01-01,PLC002,AEC004,IPG002,4,3.0x2.0
2391,AE210,2.12E+11,41590370,376161268D,MNG244,2010-01-01,PLC001,AEC004,IPG002,4,3.6x2.2
2392,AE210,100155,41590253,376160511B,MNG244,1900-01-01,PLC002,AEC004,IPG002,5,사각형3.60X2.20
2393,AE210,99920150145,41590400,376161948C,MNG244,1990-01-01,PLC000,AEC000,IPG000,0, 
2394,AE210,8.89E+11,41590259,376161464B,MNG244,2016-01-01,PLC002,AEC014,IPG011,0,1700X450(6)
2395,AE210,8.89E+11,41590259,376161464B,MNG244,2016-01-01,PLC002,AEC014,IPG011,0,1050X260(5)
2396,AE210,8.89E+11,41590259,376161464B,MNG244,2016-01-01,PLC001,AEC014,IPG011,0,1570X450(4)
2397,AE210,8.89E+11,41590259,376161464B,MNG244,2016-01-01,PLC001,AEC014,IPG011,0,1050X260(5)
2398,AE210,8.89E+11,41590259,376161464B,MNG244,2016-01-01,PLC001,AEC014,IPG011,0,1200X450(5)
2399,AE210,5.32E+11,41590350,376150925A,MNG244,2015-01-01,PLC999,AEC004,IPG003,5.41,4.5X1.4
2400,AE210,200053,41590259,376161423C,MNG244,1900-01-01,PLC002,AEC004,IPG002,5,3.6X2.2
2401,AE210,99920150479,41590370,376161736A,MNG244,1990-01-01,PLC000,AEC000,IPG000,0, 
2402,AE210,8.89E+11,41590259,376161482A,MNG244,2016-01-01,PLC001,AEC014,IPG011,0,950X260(6)
2403,AE210,8.89E+11,41590259,376161482A,MNG244,2016-01-01,PLC001,AEC014,IPG011,0,900X260(5)
2404,AE210,99920151175,41590340,376150528C,MNG244,1990-01-01,PLC000,AEC000,IPG000,0, 
2405,AE210,99920150448,41590259,376161837C,MNG244,1990-01-01,PLC000,AEC000,IPG000,0, 
2406,AE210,99920150449,41590259,376161837C,MNG244,1990-01-01,PLC000,AEC000,IPG000,0, 
2407,AE210,8.89E+11,41590259,376161390D,MNG244,2016-01-01,PLC002,AEC014,IPG010,0,1150X260(6)
2408,AE210,8.89E+11,41590259,376161390D,MNG244,2016-01-01,PLC002,AEC014,IPG010,0,1050X260(5)
2409,AE210,2.15E+11,41590600,377130718D,MNG244,2014-01-01,PLC002,AEC007,IPG999,0.9,0.9X1.8
2410,AE210,2.15E+11,41590600,377130718D,MNG244,2014-01-01,PLC002,AEC007,IPG999,5,3.7X1.35
2411,AE210,2.15E+11,41590600,377130718D,MNG244,2014-01-01,PLC002,AEC007,IPG999,0.9,0.9X1.8
2412,AE210,99920150880,41590320,376160356C,MNG244,1990-01-01,PLC000,AEC000,IPG000,0, 
2413,AE210,5.32E+11,41590350,376150935A,MNG244,2015-01-01,PLC001,AEC004,IPG003,5.4,3.7X1.4
2414,AE210,5.32E+11,41590350,376150935A,MNG244,2015-01-01,PLC002,AEC004,IPG003,5.4,3.7X1.4
2415,AE210,8.89E+11,41590259,376161491B,MNG244,2016-01-01,PLC001,AEC014,IPG010,0,1050X260(5)
2416,AE210,8.89E+11,41590259,376161491B,MNG244,2016-01-01,PLC001,AEC014,IPG010,0,1050X260(5)
2417,AE210,99920150473,41590370,376161754A,MNG244,1990-01-01,PLC000,AEC000,IPG000,0, 
2418,AE210,100015,41590253,376160958C,MNG244,1900-01-01,PLC001,AEC006,IPG001,1.5,오각형0.26X0.44
2419,AE210,8.89E+11,41590259,376161465C,MNG244,2016-01-01,PLC002,AEC014,IPG011,0,700X260(5)
2420,AE210,99920150033,41590370,376162301C,MNG244,1990-01-01,PLC000,AEC000,IPG000,0, 
2421,AE210,99920150034,41590370,376162301B,MNG244,1990-01-01,PLC000,AEC000,IPG000,0, 
2422,AE210,100108,41590410,376161077B,MNG244,1996-01-01,PLC002,AEC005,IPG001,2.5,사각형1.10X1.70
2423,AE210,8.89E+11,41590259,376161300B,MNG244,2016-01-01,PLC002,AEC014,IPG011,0,1150X260(6)
2424,AE210,8.89E+11,41590259,376161901A,MNG244,2016-01-01,PLC001,AEC014,IPG010,0,700X260(5)
2425,AE210,8.89E+11,41590259,376161463C,MNG244,2016-01-01,PLC001,AEC014,IPG011,0,2000X450(5)
2426,AE210,8.89E+11,41590259,376161463C,MNG244,2016-01-01,PLC001,AEC014,IPG011,0,1150X260(6)
2427,AE210,2.15E+11,41590600,377130718D,MNG244,2014-01-01,PLC003,AEC007,IPG001,1.6,0.7X1.5
1,AE210,8.89E+11,41590259,376161481D,MNG244,2016-01-01,PLC001,AEC014,IPG010,0,1800X350(6)
2,AE210,8.89E+11,41590259,376161481D,MNG244,2016-01-01,PLC001,AEC014,IPG010,0,1450X350(5)
3,AE210,8.89E+11,41590259,376161481D,MNG244,2016-01-01,PLC002,AEC014,IPG010,0,1050X260(5)
4,AE210,200002,41590320,376160807C,MNG244,1900-01-01,PLC002,AEC004,IPG002,5,5.0X2.5
5,AE210,500047,41590520,377130177A,MNG244,1900-01-01,PLC002,AEC004,IPG002,5.2,사각형5.5×2.95
6,AE210,100039,41590253,376160928B,MNG244,1900-01-01,PLC002,AEC004,IPG002,5,사각형3.60X2.20
7,AE210,99920150066,41590256,376162140D,MNG244,1990-01-01,PLC000,AEC000,IPG000,0, 
8,AE210,99920150484,41590370,376161726C,MNG244,1990-01-01,PLC000,AEC000,IPG000,0, 
9,AE210,99920150490,41590370,376161726C,MNG244,1990-01-01,PLC000,AEC000,IPG000,0, 
10,AE210,99920150308,41590259,376161435D,MNG244,1990-01-01,PLC000,AEC000,IPG000,0, 
11,AE210,426033,41590253,376160573A,MNG244,2008-07-24,PLC001,AEC004,IPG003,5.2,1850*1350*3
12,AE210,426034,41590253,376160573A,MNG244,2008-07-24,PLC001,AEC004,IPG003,5.2,1850*1350*3
13,AE210,8.89E+11,41590259,376161438A,MNG244,2009-01-01,PLC001,AEC999,IPG001,1.44, 
14,AE210,8.89E+11,41590259,376161438A,MNG244,2009-01-01,PLC001,AEC005,IPG001,0, 
15,AE210,2.15E+11,41590590,377130383C,MNG244,2014-01-01,PLC002,AEC002,IPG003,6.5,4.5X2.0
16,AE210,2.15E+11,41590590,377130383C,MNG244,2014-01-01,PLC002,AEC002,IPG003,6.5,4.5X2.0
17,AE210,1.00E+12,41590256,376161726B,MNG244,2010-01-01,PLC002,AEC004,IPG002,4.5,185*135 3개
18,AE210,1.00E+12,41590256,376161733D,MNG244,2010-01-01,PLC001,AEC004,IPG002,4.5,185*135 2개
19,AE210,1.00E+12,41590256,376161733B,MNG244,2010-01-01,PLC001,AEC004,IPG002,4.5,185*135 2개
20,AE210,99920150528,41590360,376161315A,MNG244,1990-01-01,PLC000,AEC000,IPG000,0, 
21,AE210,99920150121,41590400,376162026D,MNG244,1990-01-01,PLC000,AEC000,IPG000,0, 
22,AE210,99920150625,41590600,377130777D,MNG244,1990-01-01,PLC000,AEC000,IPG000,0, 
23,AE210,99920150628,41590600,377130777D,MNG244,1990-01-01,PLC000,AEC000,IPG000,0, 
24,AE210,8.89E+11,41590259,376161462D,MNG244,2016-01-01,PLC002,AEC014,IPG011,0,2100X460(6)
25,AE210,8.89E+11,41590259,376161472B,MNG244,2016-01-01,PLC001,AEC014,IPG011,0,2000X450(5)
26,AE210,500057,41590520,377130179A,MNG244,1900-01-01,PLC001,AEC004,IPG002,5.2,사각형4.45×2.2
27,AE210,99920150081,41590256,376162110A,MNG244,1990-01-01,PLC000,AEC000,IPG000,0, 
28,AE210,2.11E+11,41590585,377130246D,MNG244,2013-12-01,PLC001,AEC004,IPG002,0,4.0x2.5
29,AE210,8.89E+11,41590259,376161493A,MNG244,2016-01-01,PLC001,AEC014,IPG011,0,1170X450(4)
30,AE210,200110,41590400,376161949A,MNG244,1900-01-01,PLC001,AEC004,IPG002,5,3.6X2.2
31,AE210,500159,41590530,377130198D,MNG244,1900-01-01,PLC001,AEC004,IPG004,5.2,사각형1.4×0.7
32,AE210,100141,41590253,376160551C,MNG244,1900-01-01,PLC001,AEC004,IPG002,5,사각형4.45X2.20
33,AE210,500010,41590410,377130676D,MNG244,1900-01-01,PLC001,AEC003,IPG002,5,사각형3.6×2.2
34,AE210,100083,41590410,376161048B,MNG244,1900-01-01,PLC002,AEC004,IPG002,5,사각형3.60X2.20
35,AE210,500003,41590410,377131128C,MNG244,1900-01-01,PLC002,AEC004,IPG002,5,사각형3.7×1.3
36,AE210,99920150035,41590370,376162301B,MNG244,1990-01-01,PLC000,AEC000,IPG000,0, 
37,AE210,2.12E+11,41590370,376161266D,MNG244,2010-01-01,PLC001,AEC004,IPG002,5,4.45x2.20
38,AE210,99920150075,41590256,376162120D,MNG244,1990-01-01,PLC000,AEC000,IPG000,0, 
39,AE210,99920150070,41590256,376162120A,MNG244,1990-01-01,PLC000,AEC000,IPG000,0, 
40,AE210,411145,41590585,377130284C,MNG244,2007-04-01,PLC002,AEC004,IPG003,5.55,5.55X1.35
41,AE210,99920150205,41590259,376161828D,MNG244,1990-01-01,PLC000,AEC000,IPG000,0, 
42,AE210,99920150207,41590259,376161819B,MNG244,1990-01-01,PLC000,AEC000,IPG000,0, 
43,AE210,8.89E+11,41590259,376161471D,MNG244,2016-01-01,PLC002,AEC014,IPG011,0,1150X260(6)
44,AE210,99920150826,41590262,376160759B,MNG244,1990-01-01,PLC000,AEC000,IPG000,0, 
45,AE210,99920150612,41590262,376160770D,MNG244,1990-01-01,PLC000,AEC000,IPG000,0, 
46,AE210,8.89E+11,41590259,376161461B,MNG135,2011-03-09,PLC002,AEC004,IPG002,0,3.6*2.2
47,AE210,100199,41590560,376160538B,MNG244,1900-01-01,PLC001,AEC003,IPG001,1.5,T형
48,AE210,99920151098,41590350,376150928B,MNG244,1990-01-01,PLC000,AEC000,IPG000,0, 
49,AE210,99920150686,41590320,376160810D,MNG244,1990-01-01,PLC000,AEC000,IPG000,0, 
50,AE210,8.89E+11,41590259,376161463A,MNG244,2016-01-01,PLC002,AEC014,IPG010,0,1050X260(5)
51,AE210,8.89E+11,41590259,376161462D,MNG244,2016-01-01,PLC002,AEC014,IPG011,0,1150X260(6)
52,AE210,8.89E+11,41590259,376161482D,MNG244,2016-01-01,PLC002,AEC014,IPG010,0,900X260(5)
53,AE210,100037,41590253,376160918D,MNG244,1900-01-01,PLC002,AEC004,IPG002,5,사각형3.60X2.20
54,AE210,8.89E+11,41590259,376161453B,MNG244,2016-01-01,PLC001,AEC014,IPG011,0,2100X450(5)
786,AE210,99920150707,41590310,376160414B,MNG244,1990-01-01,PLC000,AEC000,IPG000,0, 
787,AE210,99920150710,41590310,376160403D,MNG244,1990-01-01,PLC000,AEC000,IPG000,0, 
788,AE210,99920150711,41590310,376160403C,MNG244,1990-01-01,PLC000,AEC000,IPG000,0, 
789,AE210,99920150712,41590310,376160402D,MNG244,1990-01-01,PLC000,AEC000,IPG000,0, 
790,AE210,5.11E+11,41590600,377130778B,MNG244,2014-01-01,PLC001,AEC004,IPG003,7.4,5.55x1.35
791,AE210,99920150508,41590370,376161393C,MNG244,1990-01-01,PLC000,AEC000,IPG000,0, 
792,AE210,99920150506,41590370,376161393B,MNG244,1990-01-01,PLC000,AEC000,IPG000,0, 
793,AE210,99920150509,41590370,376161391D,MNG244,1990-01-01,PLC000,AEC000,IPG000,0, 
794,AE210,99920150532,41590370,376161299B,MNG244,1990-01-01,PLC000,AEC000,IPG000,0, 
795,AE210,8.89E+11,41590259,376161482B,MNG244,2016-01-01,PLC002,AEC014,IPG011,0,900X260(5)
796,AE210,8.89E+11,41590259,376161482B,MNG244,2016-01-01,PLC001,AEC014,IPG010,0,1200X350(5)
797,AE210,8.89E+11,41590259,376161482B,MNG244,2016-01-01,PLC001,AEC014,IPG010,0,900X260(5)
798,AE210,401011,41590259,376161441A,MNG244,2004-07-31,PLC002,AEC004,IPG002,10,4.3mX1.35m
799,AE210,411143,41590585,377130284C,MNG244,2007-04-01,PLC001,AEC004,IPG003,5.55,5.55X1.35
800,AE210,100065,41590253,376160499B,MNG244,1900-01-01,PLC002,AEC006,IPG001,1.5,오각형0.26X0.44
801,AE210,100023,41590253,376160948C,MNG244,2001-01-01,PLC002,AEC004,IPG002,5,사각형3.60X2.20
802,AE210,2.12E+11,41590370,376161735B,MNG244,2015-01-01,PLC002,AEC004,IPG003,5.8,3.7X1.35
803,AE210,401005,41590259,376161340D,MNG244,2004-07-31,PLC002,AEC004,IPG002,10,4.3mX1.35m
804,AE210,100057,41590253,376160479D,MNG244,1900-01-01,PLC002,AEC004,IPG002,5,사각형5.00X2.50
805,AE210,99920150351,41590259,376161360A,MNG244,1990-01-01,PLC000,AEC000,IPG000,0, 
806,AE210,99920150352,41590259,376161360A,MNG244,1990-01-01,PLC000,AEC000,IPG000,0, 
807,AE210,99920150354,41590259,376161359D,MNG244,1990-01-01,PLC000,AEC000,IPG000,0, 
808,AE210,99920150962,41590320,376160209C,MNG244,1990-01-01,PLC000,AEC000,IPG000,0, 
809,AE210,99920150847,41590262,376160724D,MNG244,1990-01-01,PLC000,AEC000,IPG000,0, 
810,AE210,99920150854,41590262,376160630D,MNG244,1990-01-01,PLC000,AEC000,IPG000,0, 
811,AE210,99920150855,41590262,376160630B,MNG244,1990-01-01,PLC000,AEC000,IPG000,0, 
812,AE210,99920150688,41590310,376160501C,MNG244,1990-01-01,PLC000,AEC000,IPG000,0, 
813,AE210,9.99E+11,41590330,376160647B,MNG244,2016-11-01,PLC002,AEC004,IPG003,6,3.7*1.4
814,AE210,2.12E+11,41590360,376161414C,MNG244,2014-06-01,PLC001,AEC004,IPG002,7.7,4.0X2.5/1.8X0.6
815,AE210,8.89E+11,41590259,376161481C,MNG244,2016-01-01,PLC001,AEC014,IPG011,0,1700X450(6)
816,AE210,8.89E+11,41590259,376161465C,MNG244,2016-01-01,PLC002,AEC014,IPG011,0,950X260(6)
817,AE210,8.89E+11,41590259,376161481D,MNG244,2016-01-01,PLC002,AEC014,IPG011,0,1050X260(5)
818,AE210,1.22E+13,41590586,377130714D,MNG244,2015-06-01,PLC002,AEC003,IPG002,5,2.5X1.5
819,AE210,8.89E+11,41590259,376161465C,MNG244,2016-01-01,PLC002,AEC014,IPG011,0,1250X450(5)
820,AE210,8.89E+11,41590259,376161465C,MNG244,2016-01-01,PLC002,AEC014,IPG011,0,950X260(6)
821,AE210,8.89E+11,41590259,376161465C,MNG244,2016-01-01,PLC001,AEC014,IPG011,0,950X260(6)
822,AE210,8.89E+11,41590259,376161465C,MNG244,2016-01-01,PLC001,AEC014,IPG010,0,950X260(6)
823,AE210,8.89E+11,41590259,376161475B,MNG244,2016-01-01,PLC002,AEC014,IPG999,0,900X350(5)
824,AE210,8.89E+11,41590259,376161475D,MNG244,2016-01-01,PLC001,AEC014,IPG010,0,1250X450(5)
825,AE210,8.89E+11,41590259,376161475D,MNG244,2016-01-01,PLC001,AEC004,IPG002,5,4450X2200
826,AE210,8.89E+11,41590259,376161481A,MNG244,2016-01-01,PLC001,AEC014,IPG010,0,1250X450(5)
827,AE210,99920150114,41590400,376162039D,MNG244,1990-01-01,PLC000,AEC000,IPG000,0, 
828,AE210,99920150147,41590400,376161946D,MNG244,1990-01-01,PLC000,AEC000,IPG000,0, 
829,AE210,500141,41590540,377130180B,MNG244,1900-01-01,PLC002,AEC004,IPG003,5.2,사각형3.7×1.35
830,AE210,99920150721,41590310,376160401B,MNG244,1990-01-01,PLC000,AEC000,IPG000,0, 
831,AE210,100084,41590410,376161057B,MNG244,1900-01-01,PLC001,AEC004,IPG002,5,사각형3.60X2.20
832,AE210,99920150002,41590320,376160396C,MNG244,1990-01-01,PLC000,AEC000,IPG000,0, 
833,AE210,1.21E+13,41590520,377130261B,MNG244,2017-12-01,PLC002,AEC004,IPG003,5,3.7X1.4
834,AE210,8.89E+11,41590259,376161810B,MNG244,2016-01-01,PLC002,AEC014,IPG011,0,700X260(5)
835,AE210,2.15E+11,41590590,377130382A,MNG244,2014-01-01,PLC001,AEC002,IPG003,6.5,4.5X2.0
836,AE210,8.89E+11,41590259,376161474A,MNG244,2016-01-01,PLC001,AEC004,IPG003,5,3700X1400
1630,AE210,8.89E+11,41590259,376161463C,MNG244,2016-01-01,PLC002,AEC014,IPG011,0,1150X260(6)
1631,AE210,8.89E+11,41590259,376161463A,MNG244,2016-01-01,PLC002,AEC014,IPG011,0,2100X450(6)
1632,AE210,8.89E+11,41590259,376161463A,MNG244,2016-01-01,PLC002,AEC014,IPG011,0,1050X260(5)
1633,AE210,8.89E+11,41590259,376161463A,MNG244,2016-01-01,PLC002,AEC014,IPG011,0,2000X450(5)
1634,AE210,8.89E+11,41590259,376161463A,MNG244,2016-01-01,PLC002,AEC014,IPG011,0,2000X450(5)
1635,AE210,5.11E+11,41590600,377130778B,MNG244,2014-01-01,PLC002,AEC004,IPG003,7.4,5.55x1.35
1636,AE210,100156,41590253,376160512A,MNG244,1900-01-01,PLC001,AEC004,IPG002,5,사각형3.60X2.20
1637,AE210,99920150361,41590360,376161348B,MNG244,1990-01-01,PLC000,AEC000,IPG000,0, 
1638,AE210,99920150371,41590360,376161328D,MNG244,1990-01-01,PLC000,AEC000,IPG000,0, 
1639,AE210,99920150362,41590360,376161348D,MNG244,1990-01-01,PLC000,AEC000,IPG000,0, 
1640,AE210,99920151078,41590330,376151026D,MNG244,1990-01-01,PLC000,AEC000,IPG000,0, 
1641,AE210,100003,41590253,376160977C,MNG244,1900-01-01,PLC001,AEC004,IPG002,5,사각형3.60X2.20
1642,AE210,2.15E+11,41590588,377130394C,MNG244,2014-01-01,PLC002,AEC004,IPG002,6.5,4.5X2.0
1643,AE210,2.15E+11,41590590,377130394B,MNG244,2014-01-01,PLC002,AEC004,IPG002,6.5,4.5X2.0
1644,AE210,300041,41590340,376150577C,MNG244,1900-01-01,PLC001,AEC004,IPG002,5,5.0X2.5
1645,AE210,300042,41590340,376150580D,MNG244,1900-01-01,PLC001,AEC004,IPG002,5,5.0X2.5
1646,AE210,99920150410,41590360,376160976D,MNG244,1990-01-01,PLC000,AEC000,IPG000,0, 
1647,AE210,99920150872,41590320,376160386C,MNG244,1990-01-01,PLC000,AEC000,IPG000,0, 
1648,AE210,8.89E+11,41590256,376161725D,MNG244,2010-01-01,PLC001,AEC999,IPG001,2.5,"어린이보호구역,과속방지턱,30Km"
1649,AE210,8.89E+11,41590259,376161464B,MNG244,2016-01-01,PLC002,AEC014,IPG011,0,1920X450(4)
1650,AE210,300043,41590340,376160171C,MNG244,1900-01-01,PLC001,AEC004,IPG002,5,5.0X2.5
1651,AE210,300044,41590340,376150580D,MNG244,1900-01-01,PLC002,AEC002,IPG002,5,3.0X2.4
1652,AE210,300045,41590340,376150580D,MNG244,1900-01-01,PLC002,AEC004,IPG002,5,5.0X2.5
1653,AE210,99920150993,41590310,376122366D,MNG244,1990-01-01,PLC000,AEC000,IPG000,0, 
1654,AE210,99920150898,41590320,376160326A,MNG244,1990-01-01,PLC000,AEC000,IPG000,0, 
1655,AE210,99920150899,41590320,376160326A,MNG244,1990-01-01,PLC000,AEC000,IPG000,0, 
1656,AE210,99920150901,41590320,376160326A,MNG244,1990-01-01,PLC000,AEC000,IPG000,0, 
1657,AE210,99920150915,41590320,376160316C,MNG244,1990-01-01,PLC000,AEC000,IPG000,0, 
1658,AE210,8.89E+11,41590259,376161300B,MNG244,2016-01-01,PLC001,AEC014,IPG011,0,1150X260(6)
1659,AE210,8.89E+11,41590259,376161300B,MNG244,2016-01-01,PLC001,AEC014,IPG011,0,2100X450(6)
1660,AE210,8.89E+11,41590259,376161473C,MNG244,2016-01-01,PLC001,AEC014,IPG011,0,700X260(5)
1661,AE210,2.11E+11,41590550,377130234C,MNG244,2013-12-01,PLC001,AEC004,IPG002,7.7,4.0x2.5
1662,AE210,2.11E+11,41590550,377130245C,MNG244,2013-12-01,PLC001,AEC004,IPG003,7.4,3.7x1.35
1663,AE210,2.11E+11,41590550,377130245C,MNG244,2013-12-01,PLC002,AEC004,IPG002,7,3.5x2.0
1664,AE210,2.11E+11,41590550,377130245A,MNG244,2013-12-01,PLC002,AEC004,IPG003,7.4,3.7x1.35
1665,AE210,2.11E+11,41590585,377130246C,MNG244,2013-12-01,PLC002,AEC004,IPG002,0,4.0x2.5/2.1x0.7
1666,AE210,2.11E+11,41590585,377130246C,MNG244,2013-12-01,PLC001,AEC004,IPG002,7.7,4.0x2.5
1667,AE210,2.15E+11,41590590,377130395A,MNG244,2014-01-01,PLC002,AEC004,IPG003,6.5,4.5X2.0
1668,AE210,2.15E+11,41590588,377130395A,MNG244,2014-01-01,PLC001,AEC004,IPG003,6.5,4.5X2.0
1669,AE210,2.15E+11,41590588,377130395A,MNG244,2014-01-01,PLC001,AEC004,IPG003,6.5,4.5X2.0
1670,AE210,2.15E+11,41590588,377130394D,MNG244,2014-01-01,PLC002,AEC004,IPG003,6.5,4.5X2.0
1671,AE210,2.15E+11,41590588,377130394D,MNG244,2014-01-01,PLC001,AEC004,IPG003,6.5,4.5X2.0
1672,AE210,2.15E+11,41590588,377130804A,MNG244,2014-01-01,PLC001,AEC004,IPG003,6.5,4.5X2.0
1673,AE210,8.89E+11,41590259,376161464C,MNG244,2016-01-01,PLC002,AEC014,IPG011,0,950X260(6)
1674,AE210,8.89E+11,41590259,376161464C,MNG244,2016-01-01,PLC002,AEC014,IPG011,0,1700X450(6)
1675,AE210,2.11E+11,41590550,377130252D,MNG244,2014-12-01,PLC002,AEC004,IPG003,7.7,3.2x2.0
1676,AE210,99920151017,41590330,376160613D,MNG244,1990-01-01,PLC000,AEC000,IPG000,0, 
1677,AE210,8.89E+11,41590259,376161300B,MNG244,2016-01-01,PLC002,AEC014,IPG011,0,2100X450(6)
1678,AE210,5.11E+11,41590600,377130778C,MNG244,2014-01-01,PLC002,AEC004,IPG003,7.4,5.55x1.35
1679,AE210,100230,41590340,376150537B,MNG244,2013-11-01,PLC001,AEC004,IPG002,7.5,3.350 x 2.050
1680,AE210,99920150474,41590370,376161754A,MNG244,1990-01-01,PLC000,AEC000,IPG000,0, 
2428,AE210,300046,41590350,376151052A,MNG244,1900-01-01,PLC002,AEC004,IPG004,2,3.6X2.2
2429,AE210,300047,41590350,376150960D,MNG244,1900-01-01,PLC001,AEC004,IPG002,5,5.0X2.5
2430,AE210,300048,41590350,376151051C,MNG244,1900-01-01,PLC002,AEC004,IPG002,5,5.0X2.5
2431,AE210,2.15E+11,41590590,377130392A,MNG244,2014-01-01,PLC002,AEC004,IPG002,6.5,4.5X2.0
2432,AE210,426044,41590253,376160552C,MNG244,2008-07-24,PLC002,AEC004,IPG003,5.2,1850*1350*2
2433,AE210,426045,41590253,376160562D,MNG244,2008-07-24,PLC001,AEC004,IPG003,5.2,1850*1350*3
2434,AE210,426046,41590253,376160552C,MNG244,2008-07-24,PLC001,AEC004,IPG002,5.5,4000*2500
2435,AE210,401014,41590259,376161441A,MNG244,2004-07-31,PLC001,AEC004,IPG002,10,4.3mX1.35m
2436,AE210,100098,41590410,376161066D,MNG244,1900-01-01,PLC002,AEC004,IPG004,2.5,사각형3.60X2.20
2437,AE210,9.99E+11,41590330,376160653A,MNG244,2016-11-01,PLC001,AEC004,IPG003,6,4.5*1.4
2438,AE210,9.99E+11,41590330,376160643C,MNG244,2016-11-01,PLC001,AEC004,IPG003,6,4.5*1.4
2439,AE210,8.89E+11,41590259,376161464C,MNG244,2016-01-01,PLC002,AEC014,IPG010,0,700X260(5)
2440,AE210,99920150279,41590259,376161452A,MNG244,1990-01-01,PLC000,AEC000,IPG000,0, 
2441,AE210,99920150282,41590259,376161451D,MNG244,1990-01-01,PLC000,AEC000,IPG000,0, 
2442,AE210,99920150281,41590259,376161451B,MNG244,1990-01-01,PLC000,AEC000,IPG000,0, 
2443,AE210,99920150274,41590259,376161461C,MNG244,1990-01-01,PLC000,AEC000,IPG000,0, 
2444,AE210,99920150130,41590400,376162016C,MNG244,1990-01-01,PLC000,AEC000,IPG000,0, 
2445,AE210,99920150118,41590400,376162038D,MNG244,1990-01-01,PLC000,AEC000,IPG000,0, 
2446,AE210,8.89E+11,41590259,376161491A,MNG244,2016-01-01,PLC002,AEC014,IPG011,0,2100X450(6)
2447,AE210,8.89E+11,41590259,376161491A,MNG244,2016-01-01,PLC002,AEC014,IPG011,0,1150X260(6)
2448,AE210,2.15E+11,41590588,377130710D,MNG244,2014-01-01,PLC002,AEC004,IPG003,6.5,4.5X2.0
2449,AE210,2.15E+11,41590588,377130710D,MNG244,2014-01-01,PLC002,AEC004,IPG003,6.5,4.5X2.0
2450,AE210,2.15E+11,41590588,377130720B,MNG244,2014-01-01,PLC002,AEC004,IPG003,6.5,4.5X2.0
2451,AE210,2.15E+11,41590600,377130710D,MNG244,2014-01-01,PLC001,AEC004,IPG003,6.5,4.5X2.0
2452,AE210,411076,41590587,377130272D,MNG244,2007-04-01,PLC001,AEC004,IPG003,5.55,5.55X1.35
2453,AE210,411077,41590587,377130282B,MNG244,2007-04-01,PLC001,AEC004,IPG003,5.55,5.55X1.35
2454,AE210,411078,41590587,377130272D,MNG244,2007-04-01,PLC001,AEC004,IPG003,5.55,3.70X1.35
2455,AE210,411079,41590587,377130273C,MNG244,2007-04-01,PLC001,AEC004,IPG003,5.55,3.70X1.35
2456,AE210,411080,41590587,377130273C,MNG244,2007-04-01,PLC002,AEC004,IPG003,5.55,3.70X1.35
2457,AE210,411081,41590587,377130272B,MNG244,2007-04-01,PLC001,AEC004,IPG003,5.55,3.70X1.35
2458,AE210,9.99E+11,41590330,376160664A,MNG244,2016-11-01,PLC002,AEC004,IPG003,6,4.5*1.4
2459,AE210,8.89E+11,41590259,376161390D,MNG244,2016-01-01,PLC002,AEC014,IPG011,0,2100X450(6)
2460,AE210,411017,41590586,377130726B,MNG244,2007-04-01,PLC002,AEC004,IPG003,5.55,3.70X1.35
2461,AE210,99920150602,41590360,376160867B,MNG244,1990-01-01,PLC000,AEC000,IPG000,0, 
2462,AE210,401003,41590259,376161340D,MNG244,2004-07-31,PLC001,AEC004,IPG002,10,4.3mX1.35m
2463,AE210,99920151185,41590330,376150500D,MNG244,1990-01-01,PLC000,AEC000,IPG000,0, 
2464,AE210,500050,41590520,377130179A,MNG244,1900-01-01,PLC002,AEC004,IPG002,5.2,사각형4.45×2.2
2465,AE210,8.89E+11,41590256,376161725D,MNG244,2010-01-01,PLC001,AEC004,IPG003,0,"2방향(직-수원안중향남발안,우-조암터"
2466,AE210,8.89E+11,41590256,376161725D,MNG244,2010-01-01,PLC002,AEC004,IPG003,0,"2방향(좌-조암우체국,직-삼괴중고등학"
2467,AE210,300025,41590320,376160323D,MNG244,1900-01-01,PLC002,AEC004,IPG002,5,5.0X2.5
2468,AE210,99920150838,41590262,376160740A,MNG244,1990-01-01,PLC000,AEC000,IPG000,0, 
2469,AE210,99920150840,41590262,376160739D,MNG244,1990-01-01,PLC000,AEC000,IPG000,0, 
2470,AE210,8.89E+11,41590259,376161475A,MNG244,2016-01-01,PLC001,AEC001,IPG002,5,6000X2500
2471,AE210,8.89E+11,41590259,376161465C,MNG244,2016-01-01,PLC002,AEC014,IPG011,0,1700X450(6)
2472,AE210,99920150562,41590256,376161243B,MNG244,1990-01-01,PLC000,AEC000,IPG000,0, 
2473,AE210,99920150563,41590256,376161243B,MNG244,1990-01-01,PLC000,AEC000,IPG000,0, 
2474,AE210,2.15E+11,41590600,377130298D,MNG244,2014-01-01,PLC002,AEC007,IPG999,1.4,0.9X1.8
2475,AE210,2.15E+11,41590600,377130298D,MNG244,2014-01-01,PLC002,AEC007,IPG999,1.4,0.9X1.8
2476,AE210,8.89E+11,41590259,376161423D,MNG244,2009-01-01,PLC001,AEC005,IPG001,1.9,1.1*1.7
2477,AE210,99920151133,41590340,376150577C,MNG244,1990-01-01,PLC000,AEC000,IPG000,0, 
2478,AE210,426029,41590253,376160562D,MNG244,2008-07-24,PLC001,AEC004,IPG003,5.2,1850*1350*3
2479,AE210,99920150321,41590259,376161427A,MNG244,1990-01-01,PLC000,AEC000,IPG000,0, 
2480,AE210,99920151169,41590340,376150528A,MNG244,1990-01-01,PLC000,AEC000,IPG000,0, 
2481,AE210,8.89E+11,41590259,376161482D,MNG244,2016-01-01,PLC001,AEC014,IPG011,0,1650X450(5)
2482,AE210,8.89E+11,41590259,376161482D,MNG244,2016-01-01,PLC001,AEC014,IPG011,0,1150X260(6)
2483,AE210,99920150762,41590310,376122423A,MNG244,1990-01-01,PLC000,AEC000,IPG000,0, 
55,AE210,2.11E+11,41590550,377130252C,MNG244,2014-12-01,PLC001,AEC004,IPG002,7.7,3.0x2.0
56,AE210,2.11E+11,41590550,377130252B,MNG244,2015-01-01,PLC001,AEC004,IPG002,5,3.6X2.2
57,AE210,800001,41590330,376160185D,MNG244,1900-01-01,PLC002,AEC004,IPG002,5,4.45X2.20
58,AE210,800002,41590330,376160185D,MNG244,1900-01-01,PLC002,AEC004,IPG006,5,4.45X2.20
59,AE210,300035,41590340,376150577B,MNG244,2005-01-01,PLC001,AEC004,IPG004,2,3.6X2.2
60,AE210,300036,41590340,376150577A,MNG244,1900-01-01,PLC002,AEC004,IPG002,5,5.0X2.5
61,AE210,300037,41590340,376150577A,MNG244,1900-01-01,PLC002,AEC007,IPG001,2, 
62,AE210,411022,41590586,377130717A,MNG244,2007-04-01,PLC001,AEC004,IPG003,5.55,5.55X1.35
63,AE210,411024,41590586,377130717A,MNG244,2007-04-01,PLC001,AEC004,IPG003,5.55,5.55X1.35
64,AE210,411025,41590586,377130717A,MNG244,2007-04-01,PLC001,AEC004,IPG003,5.55,5.55X1.35
65,AE210,100146,41590253,376160561C,MNG244,1900-01-01,PLC002,AEC004,IPG004,3.5,사각형3.60X2.20
66,AE210,200100,41590400,376161929D,MNG244,1900-01-01,PLC002,AEC004,IPG004,2,3.6X2.2
67,AE210,99920150347,41590259,376161360A,MNG244,1990-01-01,PLC000,AEC000,IPG000,0, 
68,AE210,99920150169,41590259,376161923C,MNG244,1990-01-01,PLC000,AEC000,IPG000,0, 
69,AE210,5.32E+11,41590350,376150925C,MNG244,2015-01-01,PLC001,AEC004,IPG003,5.4,3.7X1.4
70,AE210,8.89E+11,41590259,376161463D,MNG244,2016-01-01,PLC001,AEC014,IPG011,0,1150X260(6)
71,AE210,2.12E+11,41590370,376161266C,MNG244,2010-01-01,PLC002,AEC004,IPG002,5,4.50x2.20
72,AE210,99920150859,41590330,376160619A,MNG244,1990-01-01,PLC000,AEC000,IPG000,0, 
73,AE210,99920150471,41590370,376161754A,MNG244,1990-01-01,PLC000,AEC000,IPG000,0, 
74,AE210,8.89E+11,41590259,376161390D,MNG244,2016-01-01,PLC002,AEC014,IPG010,0,1150X260(6)
75,AE210,99920150402,41590360,376160982D,MNG244,1990-01-01,PLC000,AEC000,IPG000,0, 
76,AE210,99920150406,41590360,376160982D,MNG244,1990-01-01,PLC000,AEC000,IPG000,0, 
77,AE210,99920150403,41590360,376160982A,MNG244,1990-01-01,PLC000,AEC000,IPG000,0, 
78,AE210,99920150770,41590310,376122413C,MNG244,1990-01-01,PLC000,AEC000,IPG000,0, 
79,AE210,100125,41590410,376161087C,MNG244,1996-01-01,PLC001,AEC003,IPG004,2,사각형1.20X0.65
80,AE210,200073,41590259,376161442B,MNG244,1900-01-01,PLC002,AEC002,IPG002,5,3.0X2.4
81,AE210,8.89E+11,41590256,376161725B,MNG244,2010-01-01,PLC001,AEC999,IPG002,0,어린이보호구역
82,AE210,99920151150,41590340,376150566D,MNG244,1990-01-01,PLC000,AEC000,IPG000,0, 
83,AE210,99920151152,41590340,376150566D,MNG244,1990-01-01,PLC000,AEC000,IPG000,0, 
84,AE210,200014,41590360,376160869B,MNG244,1900-01-01,PLC001,AEC004,IPG002,5,5.0X2.5
85,AE210,8.89E+11,41590259,376161472B,MNG244,2016-01-01,PLC002,AEC004,IPG003,5,4500X1400
86,AE210,8.89E+11,41590259,376161472B,MNG244,2016-01-01,PLC002,AEC004,IPG003,5,4500X1400
87,AE210,500154,41590570,377130192D,MNG244,1900-01-01,PLC001,AEC004,IPG002,5.2,사각형3.6×2.2
88,AE210,100208,41590253,376160566A,MNG244,1900-01-01,PLC001,AEC004,IPG002,5,사각형4.45X2.20
89,AE210,401016,41590259,376161431D,MNG244,2004-07-31,PLC002,AEC004,IPG002,10,4.3mX1.35m
90,AE210,99920150269,41590259,376161466B,MNG244,1990-01-01,PLC000,AEC000,IPG000,0, 
91,AE210,99920150270,41590259,376161466B,MNG244,1990-01-01,PLC000,AEC000,IPG000,0, 
92,AE210,99920150277,41590259,376161456D,MNG244,1990-01-01,PLC000,AEC000,IPG000,0, 
93,AE210,99920150529,41590360,376161315A,MNG244,1990-01-01,PLC000,AEC000,IPG000,0, 
94,AE210,1.00E+12,41590256,376161724A,MNG244,2010-01-01,PLC001,AEC004,IPG002,4.5,185*135 2개
95,AE210,2.11E+11,41590585,377130246D,MNG244,2013-12-01,PLC001,AEC004,IPG002,0,4.0x2.5/2.1x0.7
96,AE210,2.11E+11,41590550,377130244B,MNG244,2013-12-01,PLC002,AEC004,IPG002,7.7,4.0x2.5
97,AE210,8.89E+11,41590259,376161473C,MNG244,2016-01-01,PLC001,AEC014,IPG011,0,1150X260(6)
98,AE210,1.71E+11,41590530,377130178D,MNG244,2017-10-30,PLC002,AEC002,IPG003,5.4,5.55X1.35/1.8X0.60
99,AE210,8.89E+11,41590259,376161462C,MNG244,2016-01-01,PLC001,AEC014,IPG013,0,1300X260(6)
100,AE210,8.89E+11,41590259,376161462C,MNG244,2016-01-01,PLC002,AEC014,IPG010,0,1150X260(6)
101,AE210,2.15E+11,41590600,377130728B,MNG244,2014-01-01,PLC003,AEC007,IPG001,1.6,0.7X1.5
102,AE210,2.15E+11,41590588,377130804D,MNG244,2014-01-01,PLC001,AEC002,IPG003,6.5,4.5X2.0
103,AE210,2.15E+11,41590588,377130804C,MNG244,2014-01-01,PLC001,AEC004,IPG002,6.5,4.5X2.0
104,AE210,8.89E+11,41590259,376161464C,MNG244,2016-01-01,PLC002,AEC014,IPG011,0,1065X260(5)
105,AE210,2.12E+11,41590259,376161423B,MNG244,2014-06-01,PLC001,AEC004,IPG002,7.7,4.0X2.5/1.8X0.6
106,AE210,8.89E+11,41590259,376161453B,MNG244,2016-01-01,PLC001,AEC014,IPG011,0,900X260(5)
837,AE210,99920151091,41590350,376150958B,MNG244,1990-01-01,PLC000,AEC000,IPG000,0, 
838,AE210,2.06E+11,41590000,377130719C,MNG244,2016-01-01,PLC002,AEC004,IPG003,5,5.55X1.35
839,AE210,2.06E+11,41590000,377130719B,MNG244,2016-01-01,PLC002,AEC004,IPG003,5,5.55X1.35
840,AE210,8.89E+11,41590259,376161481A,MNG244,2016-01-01,PLC002,AEC014,IPG999,0,1050X260(5)
841,AE210,8.89E+11,41590259,376161481C,MNG244,2016-01-01,PLC002,AEC004,IPG003,5,4500X1400
842,AE210,8.89E+11,41590259,376161481D,MNG244,2016-01-01,PLC002,AEC004,IPG003,5,4500X1400
843,AE210,426021,41590253,376160582B,MNG244,2008-07-24,PLC001,AEC004,IPG003,5.2,1850*1350*2
844,AE210,8.89E+11,41590259,376161471A,MNG244,2016-01-01,PLC002,AEC014,IPG010,0,700X260(5)
845,AE210,8.89E+11,41590259,376161471A,MNG244,2016-01-01,PLC002,AEC014,IPG010,0,700X260(5)
846,AE210,99920150727,41590320,376160318D,MNG244,1990-01-01,PLC000,AEC000,IPG000,0, 
847,AE210,99920150729,41590320,376160318D,MNG244,1990-01-01,PLC000,AEC000,IPG000,0, 
848,AE210,99920150725,41590320,376160318B,MNG244,1990-01-01,PLC000,AEC000,IPG000,0, 
849,AE210,99920150726,41590320,376160318B,MNG244,1990-01-01,PLC000,AEC000,IPG000,0, 
850,AE210,99920150336,41590360,376161406C,MNG244,1990-01-01,PLC000,AEC000,IPG000,0, 
851,AE210,8.89E+11,41590259,376161472B,MNG244,2016-01-01,PLC001,AEC014,IPG011,0,1150X260(6)
852,AE210,8.89E+11,41590259,376161472B,MNG244,2016-01-01,PLC001,AEC014,IPG011,0,2100X450(6)
853,AE210,8.89E+11,41590259,376161472B,MNG244,2016-01-01,PLC002,AEC014,IPG011,0,1920X450(4)
854,AE210,8.89E+11,41590259,376161472B,MNG244,2016-01-01,PLC002,AEC014,IPG011,0,1050X260(5)
855,AE210,8.89E+11,41590259,376161472B,MNG244,2016-01-01,PLC001,AEC014,IPG011,0,1150X260(6)
856,AE210,2.15E+11,41590588,377130804A,MNG244,2014-01-01,PLC002,AEC004,IPG003,6.5,4.5X2.0
857,AE210,8.89E+11,41590259,376161481C,MNG244,2016-01-01,PLC001,AEC004,IPG003,5,5550X1350
858,AE210,8.89E+11,41590259,376161481A,MNG244,2016-01-01,PLC001,AEC002,IPG001,1.3,260X440
859,AE210,99920150135,41590400,376162008C,MNG244,1990-01-01,PLC000,AEC000,IPG000,0, 
860,AE210,100201,41590253,376160577A,MNG244,1900-01-01,PLC002,AEC004,IPG003,5,사각형3.70X1.35
861,AE210,100193,41590570,376160588D,MNG244,1900-01-01,PLC001,AEC004,IPG002,5,사각형4.45X2.20
862,AE210,8.89E+11,41590259,376161901A,MNG244,2016-01-01,PLC001,AEC014,IPG010,0,700X260(5)
863,AE210,8.89E+11,41590259,376161901A,MNG244,2016-01-01,PLC001,AEC014,IPG010,0,700X260(5)
864,AE210,8.89E+11,41590259,376161474A,MNG244,2016-01-01,PLC002,AEC014,IPG011,0,1700X450(6)
865,AE210,8.89E+11,41590259,376161438B,MNG244,2009-01-01,PLC001,AEC004,IPG002,5,3.6*2.2
866,AE210,99920150170,41590259,376161914D,MNG244,1990-01-01,PLC000,AEC000,IPG000,0, 
867,AE210,810008,41590262,376160283C,MNG244,1900-01-01,PLC001,AEC002,IPG002,5,3.6X2.2
868,AE210,810009,41590262,376160283B,MNG244,1900-01-01,PLC002,AEC002,IPG002,5,3.6X2.2
869,AE210,411127,41590585,377130268C,MNG244,2007-04-01,PLC002,AEC004,IPG003,5.55,3.70X1.35
870,AE210,411168,41590585,377130286C,MNG244,2007-04-01,PLC001,AEC004,IPG003,5.55,5.55X1.35
871,AE210,99920151038,41590350,376151521A,MNG244,1990-01-01,PLC000,AEC000,IPG000,0, 
872,AE210,99920151042,41590350,376151511C,MNG244,1990-01-01,PLC000,AEC000,IPG000,0, 
873,AE210,99920151044,41590350,376151501A,MNG244,1990-01-01,PLC000,AEC000,IPG000,0, 
874,AE210,100063,41590253,376160470A,MNG244,1900-01-01,PLC002,AEC002,IPG002,5,사각형3.60X2.20
875,AE210,500110,41590530,377130198B,MNG244,1900-01-01,PLC001,AEC006,IPG001,2,오각형1.×1.6
876,AE210,99920151104,41590340,376150595D,MNG244,1990-01-01,PLC000,AEC000,IPG000,0, 
877,AE210,99920151105,41590340,376150595D,MNG244,1990-01-01,PLC000,AEC000,IPG000,0, 
878,AE210,99920151103,41590340,376150595B,MNG244,1990-01-01,PLC000,AEC000,IPG000,0, 
879,AE210,99920151109,41590340,376150587A,MNG244,1990-01-01,PLC000,AEC000,IPG000,0, 
880,AE210,99920151110,41590340,376150587A,MNG244,1990-01-01,PLC000,AEC000,IPG000,0, 
881,AE210,99920151114,41590340,376150586D,MNG244,1990-01-01,PLC000,AEC000,IPG000,0, 
882,AE210,99920151117,41590340,376150580C,MNG244,1990-01-01,PLC000,AEC000,IPG000,0, 
883,AE210,99920151118,41590340,376150580C,MNG244,1990-01-01,PLC000,AEC000,IPG000,0, 
884,AE210,99920150820,41590320,376160806B,MNG244,1990-01-01,PLC000,AEC000,IPG000,0, 
885,AE210,99920150821,41590320,376160806B,MNG244,1990-01-01,PLC000,AEC000,IPG000,0, 
886,AE210,8.89E+11,41590259,376161481D,MNG244,2016-01-01,PLC002,AEC014,IPG010,0,1450X350(5)
887,AE210,8.89E+11,41590259,376161472B,MNG244,2016-01-01,PLC001,AEC014,IPG011,0,1150X260(6)
888,AE210,8.89E+11,41590259,376161472B,MNG244,2016-01-01,PLC002,AEC014,IPG011,0,2000X450(5)
1681,AE210,810038,41590262,376160287D,MNG244,2015-02-01,PLC001,AEC001,IPG003,5.5,0.95X0.35
1682,AE210,500079,41590520,377130187B,MNG244,1900-01-01,PLC002,AEC004,IPG002,5.2,사각형4.45×2.2
1683,AE210,100019,41590253,376160956C,MNG244,2001-01-01,PLC002,AEC004,IPG002,5,사각형3.60X2.20
1684,AE210,99920150687,41590310,376160511A,MNG244,1990-01-01,PLC000,AEC000,IPG000,0, 
1685,AE210,99920150312,41590259,376161434C,MNG244,1990-01-01,PLC000,AEC000,IPG000,0, 
1686,AE210,500169,41590570,377130612C,MNG244,2004-01-01,PLC001,AEC011,IPG001,2,사각형1.1×1.7
1687,AE210,99920150970,41590330,376160198A,MNG244,1990-01-01,PLC000,AEC000,IPG000,0, 
1688,AE210,2.12E+11,41590370,376161735B,MNG244,2015-01-01,PLC002,AEC004,IPG003,5.8,3.7X1.35
1689,AE210,99920150626,41590600,377130777B,MNG244,1990-01-01,PLC000,AEC000,IPG000,0, 
1690,AE210,8.89E+11,41590259,376161473A,MNG244,2016-01-01,PLC002,AEC014,IPG010,0,1050X260(5)
1691,AE210,8.89E+11,41590259,376161390D,MNG244,2016-01-01,PLC002,AEC014,IPG013,0,1050X260(5)
1692,AE210,2.15E+11,41590590,377130383C,MNG244,2014-01-01,PLC001,AEC002,IPG002,6.5,4.5X2.0
1693,AE210,2.15E+11,41590590,377130383C,MNG244,2014-01-01,PLC001,AEC002,IPG003,6.5,4.5X2.0
1694,AE210,2.15E+11,41590590,377130383C,MNG244,2014-01-01,PLC002,AEC002,IPG003,6.5,4.5X2.0
1695,AE210,99920150143,41590400,376161948C,MNG244,1990-01-01,PLC000,AEC000,IPG000,0, 
1696,AE210,99920151179,41590340,376150519B,MNG244,1990-01-01,PLC000,AEC000,IPG000,0, 
1697,AE210,99920151180,41590340,376150518D,MNG244,1990-01-01,PLC000,AEC000,IPG000,0, 
1698,AE210,8.89E+11,41590256,376161725B,MNG244,2010-01-01,PLC001,AEC999,IPG002,0,어린이보호구역해제
1699,AE210,99920151019,41590330,376160186C,MNG244,1990-01-01,PLC000,AEC000,IPG000,0, 
1700,AE210,8.89E+11,41590259,376161463C,MNG244,2016-01-01,PLC002,AEC004,IPG003,5,3700X1400
1701,AE210,8.89E+11,41590259,376161454D,MNG244,2016-01-01,PLC002,AEC004,IPG003,5,3700X1350
1702,AE210,8.89E+11,41590259,376161464B,MNG244,2016-01-01,PLC002,AEC004,IPG003,5,5550X1350
1703,AE210,2.12E+11,41590370,376161267D,MNG244,2010-01-01,PLC001,AEC004,IPG002,5,4.45x2.20
1704,AE210,2.12E+11,41590370,376161267D,MNG244,2010-01-01,PLC002,AEC004,IPG002,4,3.0x2.0
1705,AE210,411018,41590586,377130725A,MNG244,2007-04-01,PLC001,AEC004,IPG003,5.55,5.55X1.35
1706,AE210,411019,41590586,377130725A,MNG244,2007-04-01,PLC001,AEC004,IPG003,5.55,5.55X1.35
1707,AE210,99920151106,41590340,376150591D,MNG244,1990-01-01,PLC000,AEC000,IPG000,0, 
1708,AE210,99920151111,41590340,376150586A,MNG244,1990-01-01,PLC000,AEC000,IPG000,0, 
1709,AE210,8.89E+11,41590259,376161472B,MNG244,2016-01-01,PLC001,AEC014,IPG011,0,2000X450(5)
1710,AE210,8.89E+11,41590259,376161472B,MNG244,2016-01-01,PLC001,AEC014,IPG011,0,2000X450(5)
1711,AE210,99920150631,41590600,377130768A,MNG244,1990-01-01,PLC000,AEC000,IPG000,0, 
1712,AE210,99920150637,41590600,377130758C,MNG244,1990-01-01,PLC000,AEC000,IPG000,0, 
1713,AE210,2.12E+11,41590330,376160623A,MNG244,2013-06-01,PLC001, ,IPG002,7.4,3.6x2.2
1714,AE210,99920151186,41590330,376150500D,MNG244,1990-01-01,PLC000,AEC000,IPG000,0, 
1715,AE210,99920151003,41590262,376122264A,MNG244,1990-01-01,PLC000,AEC000,IPG000,0, 
1716,AE210,99920151004,41590262,376122264A,MNG244,1990-01-01,PLC000,AEC000,IPG000,0, 
1717,AE210,426036,41590253,376160563C,MNG244,2008-07-24,PLC002,AEC004,IPG002,5.5,4000*2500
1718,AE210,426037,41590253,376160562C,MNG244,2008-07-24,PLC001,AEC004,IPG003,5.2,1850*1350*3
1719,AE210,426038,41590253,376160562A,MNG244,2008-07-24,PLC001,AEC004,IPG002,5.5,4000*2500
1720,AE210,426039,41590253,376160562D,MNG244,2008-07-24,PLC002,AEC004,IPG003,5.2,1850*1350*3
1721,AE210,200020,41590360,376160870C,MNG244,1900-01-01,PLC002,AEC006,IPG001,2,1.2X1.2
1722,AE210,8.89E+11,41590259,376161424D,MNG244,2009-01-01,PLC001,AEC004,IPG002,5,3.6*2.2
1723,AE210,8.89E+11,41590259,376161438B,MNG244,2009-01-01,PLC001,AEC004,IPG002,5,3.6*2.2
1724,AE210,411069,41590587,377130282A,MNG244,2007-04-01,PLC001,AEC004,IPG003,5.55,3.70X1.35
1725,AE210,8.89E+11,41590259,376161425D,MNG244,2009-01-01,PLC001,AEC004,IPG002,5,3.6*2.2
1726,AE210,99920150507,41590370,376161393C,MNG244,1990-01-01,PLC000,AEC000,IPG000,0, 
1727,AE210,99920150385,41590360,376160996A,MNG244,1990-01-01,PLC000,AEC000,IPG000,0, 
1728,AE210,100027,41590253,376160958A,MNG244,1900-01-01,PLC001,AEC004,IPG004,5,사각형3.60X2.20
1729,AE210,402041,41590520,377130168B,MNG244,2006-06-20,PLC001,AEC004,IPG003,0, 
1730,AE210,1.21E+13,41590520,377130261B,MNG244,2017-12-01,PLC002,AEC004,IPG002,0,3.0X2.0
1731,AE210,300013,41590310,376122493D,MNG244,1900-01-01,PLC002,AEC007,IPG001,2, 
1732,AE210,2.21E+13,41590262,376160246B,MNG000,2017-12-01,PLC001,AEC004,IPG002,7.6,3.6x2.2
1733,AE210,500104,41590520,377130185D,MNG244,1900-01-01,PLC001,AEC004,IPG002,5.2,사각형3.6×2.2
1734,AE210,100095,41590410,376161068B,MNG244,1900-01-01,PLC001,AEC005,IPG001,2,사각형1.10X1.70
2484,AE210,99920150763,41590310,376122423A,MNG244,1990-01-01,PLC000,AEC000,IPG000,0, 
2485,AE210,99920151154,41590340,376150566B,MNG244,1990-01-01,PLC000,AEC000,IPG000,0, 
2486,AE210,99920151006,41590262,376122263B,MNG244,1990-01-01,PLC000,AEC000,IPG000,0, 
2487,AE210,99920150925,41590262,376160274A,MNG244,1990-01-01,PLC000,AEC000,IPG000,0, 
2488,AE210,99920150959,41590262,376160221B,MNG244,1990-01-01,PLC000,AEC000,IPG000,0, 
2489,AE210,8.89E+11,41590259,376161475A,MNG244,2016-01-01,PLC002,AEC014,IPG010,0,700X260(5)
2490,AE210,8.89E+11,41590259,376161481C,MNG244,2016-01-01,PLC002,AEC014,IPG010,0,1050X260(5)
2491,AE210,8.89E+11,41590259,376161481C,MNG244,2016-01-01,PLC002,AEC014,IPG011,0,2100X450(6)
2492,AE210,8.89E+11,41590259,376161481C,MNG244,2016-01-01,PLC002,AEC014,IPG011,0,1570X450(4)
2493,AE210,8.89E+11,41590259,376161481C,MNG244,2016-01-01,PLC002,AEC014,IPG011,0,1150X260(6)
2494,AE210,8.89E+11,41590259,376161481C,MNG244,2016-01-01,PLC001,AEC014,IPG010,0,1050X260(5)
2495,AE210,411125,41590585,377130286C,MNG244,2007-04-01,PLC001,AEC004,IPG003,5.55,3.70X1.35
2496,AE210,8.89E+11,41590259,376161482D,MNG244,2016-01-01,PLC001,AEC014,IPG010,0,900X260(5)
2497,AE210,8.89E+11,41590259,376161482D,MNG244,2016-01-01,PLC001,AEC014,IPG010,0,900X260(5)
2498,AE210,1.00E+12,41590256,376161724B,MNG244,2010-01-01,PLC001,AEC004,IPG002,4.5,185*135 3개
2499,AE210,300055,41590350,376151062B,MNG244,1992-01-01,PLC001,AEC004,IPG004,2,3.6X2.2
2500,AE210,411103,41590585,377130266D,MNG244,2007-04-01,PLC002,AEC004,IPG003,5.55,5.55X1.35
2501,AE210,411104,41590585,377130266D,MNG244,2007-04-01,PLC001,AEC004,IPG003,5.55,5.55X1.35
2502,AE210,8.89E+11,41590256,376161725D,MNG244,2010-01-01,PLC002,AEC999,IPG001,2.5,"어린이보호구역,30Km"
2503,AE210,99920150414,41590360,376160899A,MNG244,1990-01-01,PLC000,AEC000,IPG000,0, 
2504,AE210,99920150424,41590360,376160889C,MNG244,1990-01-01,PLC000,AEC000,IPG000,0, 
2505,AE210,99920150148,41590400,376161945D,MNG244,1990-01-01,PLC000,AEC000,IPG000,0, 
2506,AE210,99920150790,41590360,376160844B,MNG244,1990-01-01,PLC000,AEC000,IPG000,0, 
2507,AE210,99920150359,41590259,376161350A,MNG244,1990-01-01,PLC000,AEC000,IPG000,0, 
2508,AE210,99920150309,41590259,376161435D,MNG244,1990-01-01,PLC000,AEC000,IPG000,0, 
2509,AE210,411115,41590585,377130287A,MNG244,2007-04-01,PLC001,AEC004,IPG003,5.55,5.55X1.35
2510,AE210,411116,41590585,377130287A,MNG244,2007-04-01,PLC002,AEC004,IPG003,5.55,5.55X1.35
2511,AE210,99920150573,41590370,376161214D,MNG244,1990-01-01,PLC000,AEC000,IPG000,0, 
2512,AE210,99920150713,41590310,376160402A,MNG244,1990-01-01,PLC000,AEC000,IPG000,0, 
2513,AE210,99920150716,41590310,376160401B,MNG244,1990-01-01,PLC000,AEC000,IPG000,0, 
2514,AE210,99920150722,41590310,376160401B,MNG244,1990-01-01,PLC000,AEC000,IPG000,0, 
2515,AE210,99920150715,41590310,376160401A,MNG244,1990-01-01,PLC000,AEC000,IPG000,0, 
2516,AE210,99920150718,41590310,376160401A,MNG244,1990-01-01,PLC000,AEC000,IPG000,0, 
2517,AE210,99920150719,41590310,376160401A,MNG244,1990-01-01,PLC000,AEC000,IPG000,0, 
2518,AE210,8.89E+11,41590259,376161465C,MNG244,2016-01-01,PLC001,AEC014,IPG011,0,1170X450(4)
2519,AE210,8.89E+11,41590259,376161465C,MNG244,2016-01-01,PLC001,AEC014,IPG011,0,700X260(5)
2520,AE210,99920150537,41590370,376161289C,MNG244,1990-01-01,PLC000,AEC000,IPG000,0, 
2521,AE210,8.89E+11,41590259,376161474A,MNG244,2016-01-01,PLC001,AEC004,IPG003,5,3700X1350
2522,AE210,8.89E+11,41590259,376161464C,MNG244,2016-01-01,PLC002,AEC004,IPG003,5,3700X1350
2523,AE210,8.89E+11,41590259,376161474A,MNG244,2016-01-01,PLC002,AEC004,IPG003,5,3700X1350
2524,AE210,8.89E+11,41590259,376161474A,MNG244,2016-01-01,PLC002,AEC004,IPG003,5,3700X1400
2525,AE210,2.12E+11,41590330,376160623D,MNG244,2013-06-01,PLC001, ,IPG002,7.4,3.6x2.2
2526,AE210,2.12E+11,41590330,376160623A,MNG244,2013-06-01,PLC002, ,IPG003,10,0.7x0.26
2527,AE210,2.12E+11,41590330,376160623A,MNG244,2013-06-01,PLC001, ,IPG002,7.4,3.6x2.2
2528,AE210,500163,41590530,377130198B,MNG244,1900-01-01,PLC002,AEC004,IPG002,5.2,사각형5.55×1.35
2529,AE210,8.89E+11,41590259,376161482D,MNG244,2016-01-01,PLC001,AEC014,IPG010,0,900X260(5)
2530,AE210,99920150111,41590400,376162045B,MNG244,1990-01-01,PLC000,AEC000,IPG000,0, 
2531,AE210,99920150117,41590400,376162038D,MNG244,1990-01-01,PLC000,AEC000,IPG000,0, 
2532,AE210,200035,41590360,376160800B,MNG244,1900-01-01,PLC001,AEC004,IPG002,5,3.6X2.2
2533,AE210,5.32E+11,41590350,376150912D,MNG244,2015-01-01,PLC999,AEC004,IPG003,5.4,3.7X1.4
2534,AE210,2.12E+11,41590330,376160623A,MNG244,2013-06-01,PLC002, ,IPG003,10,1.15x0.26
2535,AE210,300015,41590310,376160403A,MNG244,1900-01-01,PLC001,AEC004,IPG002,5,5.0X2.5
2536,AE210,411040,41590586,377130705D,MNG244,2007-04-01,PLC002,AEC004,IPG003,5.55,5.55X1.35
107,AE210,100021,41590253,376160949C,MNG244,1900-01-01,PLC001,AEC004,IPG004,5,사각형3.60X2.20
108,AE210,411082,41590587,377130272A,MNG244,2007-04-01,PLC001,AEC004,IPG003,5.55,3.70X1.35
109,AE210,500095,41590570,377130184C,MNG244,1900-01-01,PLC002,AEC004,IPG002,5.2,사각형3.6×2.2
110,AE210,100066,41590253,376160489B,MNG244,1900-01-01,PLC001,AEC004,IPG002,5,사각형5.00X2.50
111,AE210,100091,41590410,376161058C,MNG244,1900-01-01,PLC001,AEC004,IPG002,5,사각형5.00X2.50
112,AE210,100213,41590253,376160555D,MNG244,1900-01-01,PLC001,AEC004,IPG004,2,사각형3.60X2.20
113,AE210,200081,41590259,376161555B,MNG244,1900-01-01,PLC002,AEC002,IPG004,2,3.0X2.4
114,AE210,500008,41590410,377131113B,MNG244,1900-01-01,PLC001,AEC006,IPG001,2,사각형1.2×1.1
115,AE210,500037,41590520,377130145D,MNG244,2004-01-01,PLC002,AEC003,IPG002,5.2,사각형3.6×2.2
116,AE210,500049,41590520,377130177A,MNG244,1900-01-01,PLC001,AEC002,IPG002,5.2,사각형3.6×2.2
117,AE210,99920150788,41590360,376160855B,MNG244,1990-01-01,PLC000,AEC000,IPG000,0, 
118,AE210,99920150960,41590320,376160210D,MNG244,1990-01-01,PLC000,AEC000,IPG000,0, 
119,AE210,99920150995,41590320,376122362C,MNG244,1990-01-01,PLC000,AEC000,IPG000,0, 
120,AE210,99920150998,41590310,376122353D,MNG244,1990-01-01,PLC000,AEC000,IPG000,0, 
121,AE210,99920150996,41590310,376122353C,MNG244,1990-01-01,PLC000,AEC000,IPG000,0, 
122,AE210,99920150997,41590310,376122353C,MNG244,1990-01-01,PLC000,AEC000,IPG000,0, 
123,AE210,99920150999,41590310,376122353C,MNG244,1990-01-01,PLC000,AEC000,IPG000,0, 
124,AE210,99920150842,41590262,376160739D,MNG244,1990-01-01,PLC000,AEC000,IPG000,0, 
125,AE210,99920151046,41590350,376151077C,MNG244,1990-01-01,PLC000,AEC000,IPG000,0, 
126,AE210,99920151048,41590350,376151076D,MNG244,1990-01-01,PLC000,AEC000,IPG000,0, 
127,AE210,411105,41590585,377130257C,MNG244,2007-04-01,PLC002,AEC003,IPG002,5,3.00X2.00
128,AE210,99920150503,41590370,376161394A,MNG244,1990-01-01,PLC000,AEC000,IPG000,0, 
129,AE210,500146,41590540,377130271A,MNG244,1900-01-01,PLC002,AEC004,IPG003,5.2,사각형3.7×1.35
130,AE210,500005,41590410,377131127B,MNG244,1900-01-01,PLC001,AEC003,IPG002,5,사각형3.6×2.2
131,AE210,9.99E+11,41590330,376160664C,MNG244,2016-11-01,PLC002,AEC004,IPG003,6,3.7*1.4
132,AE210,99920150378,41590360,376161309C,MNG244,1990-01-01,PLC000,AEC000,IPG000,0, 
133,AE210,99920150379,41590360,376161309C,MNG244,1990-01-01,PLC000,AEC000,IPG000,0, 
134,AE210,411146,41590585,377130284C,MNG244,2007-04-01,PLC002,AEC004,IPG003,5.55,5.55X1.35
135,AE210,411147,41590586,377130705A,MNG244,2007-04-01,PLC001,AEC004,IPG003,5.55,5.55X1.35
136,AE210,2.15E+11,41590600,377130768C,MNG244,2014-01-01,PLC001,AEC004,IPG003,5,5.55X1.35
137,AE210,2.15E+11,41590600,377130777D,MNG244,2014-01-01,PLC002,AEC003,IPG002,5,3.6X2.2
138,AE210,5.11E+11,41590600,377130768D,MNG244,2014-01-01,PLC002,AEC004,IPG003,7.4,5.55x1.35
139,AE210,2.12E+11,41590360,376161414C,MNG244,2014-06-01,PLC002,AEC004,IPG002,7.7,4.0X2.5/1.8X0.6
140,AE210,402012,41590540,377130190A,MNG244,2006-06-20,PLC002,AEC004,IPG003,0, 
141,AE210,8.89E+11,41590259,376161491B,MNG244,2016-01-01,PLC001,AEC014,IPG010,0,1050X260(5)
142,AE210,8.89E+11,41590259,376161474A,MNG244,2016-01-01,PLC001,AEC014,IPG011,0,1170X450(4)
143,AE210,8.89E+11,41590259,376161474A,MNG244,2016-01-01,PLC001,AEC014,IPG011,0,1700X450(6)
144,AE210,8.89E+11,41590259,376161474A,MNG244,2016-01-01,PLC001,AEC014,IPG011,0,1650X450(5)
145,AE210,8.89E+11,41590259,376161481A,MNG244,2016-01-01,PLC001,AEC014,IPG010,0,1650X450(5)
146,AE210,8.89E+11,41590259,376161481A,MNG244,2016-01-01,PLC001,AEC014,IPG010,0,1250X450(5)
147,AE210,8.89E+11,41590259,376161481A,MNG244,2016-01-01,PLC002,AEC014,IPG010,0,2000X450(5)
148,AE210,99920150914,41590320,376160316A,MNG244,1990-01-01,PLC000,AEC000,IPG000,0, 
149,AE210,99920150326,41590259,376161417C,MNG244,1990-01-01,PLC000,AEC000,IPG000,0, 
150,AE210,99920150989,41590310,376122367A,MNG244,1990-01-01,PLC000,AEC000,IPG000,0, 
151,AE210,200038,41590360,376161310B,MNG244,1900-01-01,PLC001,AEC007,IPG001,0, 
152,AE210,402010,41590540,377130169D,MNG244,2006-06-20,PLC001,AEC004,IPG003,0, 
153,AE210,411046,41590587,377130701A,MNG244,2007-04-01,PLC002,AEC004,IPG003,5,3.60X2.20
154,AE210,411047,41590585,377130292D,MNG244,2007-04-01,PLC001,AEC004,IPG003,5.55,5.55X1.35
155,AE210,8.89E+11,41590259,376161472B,MNG244,2016-01-01,PLC002,AEC014,IPG011,0,1150X260(6)
156,AE210,9.00E+13,41590000,377130730B,MNG305,2016-01-01,PLC001,AEC004,IPG002,5.5,4.45X2.2
157,AE210,8.89E+11,41590259,376161901A,MNG244,2016-01-01,PLC002,AEC014,IPG010,0,700X260(5)
158,AE210,411043,41590586,377130705A,MNG244,2007-04-01,PLC001,AEC004,IPG003,5.55,5.55X1.35
159,AE210,411044,41590586,377130704B,MNG244,2007-04-01,PLC001,AEC004,IPG003,5.55,5.55X1.35
160,AE210,200070,41590259,376161442B,MNG244,1900-01-01,PLC002,AEC004,IPG002,5,4.0X2.5
161,AE210,411162,41590585,377130295C,MNG244,2007-04-01,PLC002,AEC004,IPG003,5.55,5.55X1.35
889,AE210,2.06E+11,41590000,377130299A,MNG244,2016-01-01,PLC001,AEC004,IPG003,5,5.55X1.35
890,AE210,2.06E+11,41590000,377130298B,MNG244,2016-01-01,PLC002,AEC004,IPG003,5,5.55X1.35
891,AE210,2.06E+11,41590000,377130289A,MNG244,2016-01-01,PLC001,AEC004,IPG003,6.5,5.55X1.35
892,AE210,2.06E+11,41590000,377130289B,MNG244,2016-01-01,PLC002,AEC004,IPG003,6.5,5.55X1.35
893,AE210,2.06E+11,41590000,377130289D,MNG244,2016-01-01,PLC001,AEC004,IPG003,6.5,5.55X1.35
894,AE210,2.06E+11,41590000,377130289B,MNG244,2016-01-01,PLC002,AEC004,IPG003,6.5,5.55X1.35
895,AE210,2.06E+11,41590000,377130289B,MNG244,2016-01-01,PLC002,AEC004,IPG003,6.5,5.55X1.35
896,AE210,2.06E+11,41590000,377130288B,MNG244,2016-01-01,PLC002,AEC004,IPG003,6.5,5.55X1.35
897,AE210,2.06E+11,41590000,377130718B,MNG244,2016-01-01,PLC001,AEC004,IPG003,6.5,5.55X1.35
898,AE210,2.06E+11,41590000,377130709B,MNG244,2016-01-01,PLC002,AEC004,IPG002,5,5.55X1.35
899,AE210,2.06E+11,41590000,377130299B,MNG244,2016-01-01,PLC002,AEC004,IPG002,5,5.55X1.35
900,AE210,2.06E+11,41590000,377130709D,MNG244,2016-01-01,PLC002,AEC004,IPG002,5,5.55X1.35
901,AE210,2.06E+11,41590000,377130719A,MNG244,2016-01-01,PLC002,AEC004,IPG002,5.5,4.45X2.2
902,AE210,2.06E+11,41590000,377130718B,MNG244,2016-01-01,PLC001,AEC004,IPG003,5,5.55X1.35
903,AE210,2.06E+11,41590000,377130728D,MNG244,2016-01-01,PLC002,AEC004,IPG003,6.5,5.55X1.35
904,AE210,99920150128,41590400,376162017B,MNG244,1990-01-01,PLC000,AEC000,IPG000,0, 
905,AE210,1.22E+13,41590410,376161077A,MNG244,2016-01-01,PLC002,AEC004,IPG002,5,4.5X2.2/2.0X0.4
906,AE210,100119,41590410,376161075D,MNG244,1900-01-01,PLC001,AEC004,IPG002,5,사각형5.00X2.50
907,AE210,99920150501,41590256,376161639A,MNG244,1990-01-01,PLC000,AEC000,IPG000,0, 
908,AE210,9.00E+13,41590420,377130760B,MNG244,,PLC002,AEC007,IPG004,5,3.0X2.0
909,AE210,9.00E+13,41590420,377130760D,MNG244,,PLC001,AEC004,IPG002,6,3.0X2.0
910,AE210,9.00E+13,41590420,377130851B,MNG244,,PLC002,AEC004,IPG006,0,4.5X1.4
911,AE210,9.00E+13,41590420,377130851C,MNG244,,PLC001,AEC004,IPG006,0,4.5X1.4
912,AE210,9.00E+13,41590420,377130852A,MNG244,,PLC002,AEC004,IPG006,0,4.5X1.4
913,AE210,9.00E+13,41590420,377130852B,MNG244,,PLC002,AEC004,IPG002,6,4.5X1.75
914,AE210,9.00E+13,41590420,377130852C,MNG244,,PLC001,AEC004,IPG006,0,4.5X1.4
915,AE210,9.00E+13,41590420,377130852C,MNG244,,PLC002,AEC004,IPG006,0,4.5X1.4
916,AE210,9.00E+13,41590420,377130852C,MNG244,,PLC002,AEC001,IPG002,6,4.45X2.2
917,AE210,9.00E+13,41590420,377130852C,MNG244,,PLC001,AEC004,IPG002,6,4.5X1.75
918,AE210,9.00E+13,41590420,377130853D,MNG244,,PLC001,AEC004,IPG006,0,4.5X1.4
919,AE210,9.00E+13,41590420,377130853D,MNG244,,PLC002,AEC004,IPG006,0,4.5X1.4
920,AE210,9.00E+13,41590420,377130854C,MNG244,,PLC001,AEC004,IPG002,6,4.5X1.75
921,AE210,9.00E+13,41590420,377130854D,MNG244,,PLC001,AEC004,IPG006,0,4.5X1.4
922,AE210,9.00E+13,41590420,377130854D,MNG244,,PLC001,AEC001,IPG006,0,2.0X0.4
923,AE210,8.30E+13,41590340,376150509B,MNG244,2019-12-21,PLC001,AEC006,IPG004,2,3.0X0.8
924,AE210,8.89E+11,41590259,376161481D,MNG244,2016-01-01,PLC001,AEC014,IPG011,0,1050X260(5)
925,AE210,8.89E+11,41590259,376161481D,MNG244,2016-01-01,PLC001,AEC014,IPG011,0,1150X260(6)
926,AE210,2.15E+11,41590600,377130718D,MNG244,2014-01-01,PLC003,AEC007,IPG001,1.6,0.7X1.5
927,AE210,99920150881,41590320,376160356A,MNG244,1990-01-01,PLC000,AEC000,IPG000,0, 
928,AE210,99920150888,41590320,376160346C,MNG244,1990-01-01,PLC000,AEC000,IPG000,0, 
929,AE210,5.11E+11,41590600,377130768B,MNG244,2014-01-01,PLC002,AEC004,IPG003,7.4,5.55x1.35
930,AE210,99920151131,41590340,376150577D,MNG244,1990-01-01,PLC000,AEC000,IPG000,0, 
931,AE210,5.32E+11,41590350,376150927C,MNG244,2015-01-01,PLC001,AEC004,IPG003,5.4,3.7X1.4
932,AE210,99920150967,41590262,376160199A,MNG244,1990-01-01,PLC000,AEC000,IPG000,0, 
933,AE210,8.89E+11,41590259,376161481C,MNG244,2016-01-01,PLC002,AEC014,IPG011,0,1700X450(6)
934,AE210,99920150158,41590259,376161933B,MNG244,1990-01-01,PLC000,AEC000,IPG000,0, 
935,AE210,8.89E+11,41590259,376161473A,MNG244,2016-01-01,PLC002,AEC004,IPG003,5,3700X1400
936,AE210,411059,41590587,377130262D,MNG244,2007-04-01,PLC001,AEC004,IPG003,5.55,3.70X1.35
1735,AE210,99920150157,41590400,376161943B,MNG244,1990-01-01,PLC000,AEC000,IPG000,0, 
1736,AE210,411166,41590585,377130295A,MNG244,2007-04-01,PLC001,AEC004,IPG003,5.55,5.55X1.35
1737,AE210,8.89E+11,41590259,376161481C,MNG244,2016-01-01,PLC001,AEC014,IPG010,0,1050X260(5)
1738,AE210,8.89E+11,41590259,376161453C,MNG244,2016-01-01,PLC002,AEC014,IPG010,0,1050X260(5)
1739,AE210,5.11E+11,41590600,377130777B,MNG244,2014-01-01,PLC001,AEC004,IPG003,7.4,5.55x1.35
1740,AE210,99920150618,41590600,377131306B,MNG244,1990-01-01,PLC000,AEC000,IPG000,0, 
1741,AE210,99920150619,41590600,377131306B,MNG244,1990-01-01,PLC000,AEC000,IPG000,0, 
1742,AE210,99920150620,41590600,377130894B,MNG244,1990-01-01,PLC000,AEC000,IPG000,0, 
1743,AE210,8.89E+11,41590259,376161482C,MNG244,2016-01-01,PLC002,AEC014,IPG010,0,900X260(5)
1744,AE210,1.00E+12,41590256,376161723D,MNG244,2010-01-01,PLC002,AEC004,IPG002,4.5,185*135 2개
1745,AE210,1.00E+12,41590256,376161723D,MNG244,2010-01-01,PLC002,AEC004,IPG002,4.5,185*135 2개
1746,AE210,1.00E+12,41590256,376161723D,MNG244,2010-01-01,PLC001,AEC004,IPG002,4.5,185*135 2개
1747,AE210,8.22E+13,41590350,376150966C,MNG244,2017-12-31,PLC001,AEC004,IPG002,5,3.7X1.4+1.8X0.6
1748,AE210,411187,41590585,377130268C,MNG244,2007-04-01,PLC002,AEC004,IPG002,5,3.3X2.8
1749,AE210,99920150865,41590320,376160396D,MNG244,1990-01-01,PLC000,AEC000,IPG000,0, 
1750,AE210,99920150866,41590320,376160396D,MNG244,1990-01-01,PLC000,AEC000,IPG000,0, 
1751,AE210,5.32E+11,41590350,376150926A,MNG244,2015-01-01,PLC999,AEC004,IPG002,5,4.0X2.5
1752,AE210,5.32E+11,41590350,376150927A,MNG244,2015-01-01,PLC001,AEC004,IPG003,5.41,4.5X1.4
1753,AE210,5.32E+11,41590350,376150927A,MNG244,2015-01-01,PLC999,AEC004,IPG003,5.41,방향4.5X1.4/노선0.54X0.628
1754,AE210,8.89E+11,41590259,376161369A,MNG135,2011-03-09,PLC002,AEC004,IPG002,0,3.6*2.2+1.8*0.6
1755,AE210,8.89E+11,41590259,376161369A,MNG135,2011-03-09,PLC002,AEC006,IPG001,0,1.1*1.7
1756,AE210,200051,41590259,376161423C,MNG244,1900-01-01,PLC001,AEC004,IPG002,5,3.6X2.2
1757,AE210,100184,41590570,376160589C,MNG244,1900-01-01,PLC001,AEC004,IPG002,5,사각형3.60X2.20
1758,AE210,5.32E+11,41590350,376150934A,MNG244,2015-01-01,PLC001,AEC004,IPG003,5.4,3.7X1.4
1759,AE210,100126,41590410,376161087C,MNG244,1996-01-01,PLC001,AEC004,IPG002,5,사각형5.00X2.50
1760,AE210,200007,41590360,376160859A,MNG244,1900-01-01,PLC001,AEC004,IPG002,5,5.0X2.5
1761,AE210,200041,41590360,376161320A,MNG244,1900-01-01,PLC001,AEC004,IPG002,5,3.6X2.2
1762,AE210,500167,41590530,377130609C,MNG244,1900-01-01,PLC002,AEC003,IPG002,5.2,사각형3.6×2.2
1763,AE210,500139,41590587,377130262A,MNG244,1900-01-01,PLC002,AEC006,IPG001,2,사각형1.2×1.1
1764,AE210,100154,41590253,376160511B,MNG244,1900-01-01,PLC001,AEC004,IPG004,2,사각형3.60X2.20
1765,AE210,100214,41590253,376160555D,MNG244,1900-01-01,PLC002,AEC004,IPG002,5,사각형3.60X2.20
1766,AE210,99920151045,41590350,376151091A,MNG244,1990-01-01,PLC000,AEC000,IPG000,0, 
1767,AE210,99920151049,41590350,376151072B,MNG244,1990-01-01,PLC000,AEC000,IPG000,0, 
1768,AE210,426055,41590253,376160551D,MNG244,2008-07-24,PLC001,AEC004,IPG002,5.5,4000*2500
1769,AE210,8.89E+11,41590259,376161463D,MNG244,2016-01-01,PLC002,AEC014,IPG011,0,2100X450(6)
1770,AE210,8.89E+11,41590259,376161463D,MNG244,2016-01-01,PLC002,AEC014,IPG011,0,1150X260(6)
1771,AE210,8.89E+11,41590259,376161463D,MNG244,2016-01-01,PLC002,AEC014,IPG011,0,950X260(6)
1772,AE210,8.89E+11,41590259,376161463D,MNG244,2016-01-01,PLC001,AEC014,IPG011,0,1050X260(5)
1773,AE210,99920150327,41590259,376161417C,MNG244,1990-01-01,PLC000,AEC000,IPG000,0, 
1774,AE210,8.89E+11,41590259,376161453C,MNG244,2016-01-01,PLC002,AEC014,IPG010,0,1300X260(6)
1775,AE210,2.11E+11,41590550,377130252B,MNG244,2014-12-01,PLC001,AEC004,IPG003,7.7,2.0x1.0
1776,AE210,2.11E+11,41590550,377130252B,MNG244,2014-12-01,PLC002,AEC004,IPG003,7.7,6.0x1.5
1777,AE210,99920150748,41590310,376122481A,MNG244,1990-01-01,PLC000,AEC000,IPG000,0, 
1778,AE210,100207,41590253,376160566A,MNG244,2001-01-01,PLC002,AEC004,IPG002,5,사각형4.45X2.20
1779,AE210,8.89E+11,41590360,376161368B,MNG135,2011-03-09,PLC002,AEC004,IPG002,0,5.0*2.5+2.1*0.7
1780,AE210,8.22E+13,41590253,376160449B,MNG305,2020-01-01,PLC001,AEC004,IPG002,5,4450X2200
1781,AE210,8.22E+13,41590253,376160449B,MNG305,2020-01-01,PLC002,AEC004,IPG002,5,4450X2200
1782,AE210,8.89E+11,41590259,376161390D,MNG244,2016-01-01,PLC002,AEC014,IPG011,0,1150X260(6)
1783,AE210,8.89E+11,41590259,376161300B,MNG244,2016-01-01,PLC002,AEC014,IPG010,0,1050X260(5)
2537,AE210,8.89E+11,41590259,376161493A,MNG244,2016-01-01,PLC001,AEC004,IPG003,5,3700X1400
2538,AE210,99920150380,41590360,376161309A,MNG244,1990-01-01,PLC000,AEC000,IPG000,0, 
2539,AE210,99920150369,41590360,376161329B,MNG244,1990-01-01,PLC000,AEC000,IPG000,0, 
2540,AE210,100038,41590253,376160918D,MNG244,1900-01-01,PLC002,AEC004,IPG002,5,사각형3.60X2.20
2541,AE210,500058,41590520,377130169C,MNG244,1900-01-01,PLC002,AEC004,IPG002,5.2,사각형4.45×2.2
2542,AE210,5.32E+11,41590350,376150936A,MNG244,2015-01-01,PLC002,AEC004,IPG003,5.41,4.5X1.4
2543,AE210,5.32E+11,41590350,376150936A,MNG244,2015-01-01,PLC002,AEC004,IPG003,5.41,4.5X1.4
2544,AE210,8.89E+11,41590259,376161481A,MNG244,2016-01-01,PLC002,AEC014,IPG014,0,1200X350(5)
2545,AE210,99920151052,41590350,376151067D,MNG244,1990-01-01,PLC000,AEC000,IPG000,0, 
2546,AE210,99920151029,41590340,376160172D,MNG244,1990-01-01,PLC000,AEC000,IPG000,0, 
2547,AE210,99920151030,41590340,376160172D,MNG244,1990-01-01,PLC000,AEC000,IPG000,0, 
2548,AE210,99920151033,41590340,376160172D,MNG244,1990-01-01,PLC000,AEC000,IPG000,0, 
2549,AE210,8.89E+11,41590259,376161472D,MNG244,2016-01-01,PLC001,AEC014,IPG011,0,900X260(5)
2550,AE210,8.89E+11,41590259,376161491A,MNG244,2016-01-01,PLC002,AEC014,IPG010,0,1050X260(5)
2551,AE210,8.89E+11,41590259,376161491A,MNG244,2016-01-01,PLC002,AEC014,IPG010,0,950X260(6)
2552,AE210,300017,41590310,376160406A,MNG244,1900-01-01,PLC002,AEC004,IPG002,5,5.0X2.5
2553,AE210,300018,41590310,376160407C,MNG244,1900-01-01,PLC001,AEC006,IPG001,2,1.2X1.2
2554,AE210,300019,41590320,376160326B,MNG244,1900-01-01,PLC002,AEC004,IPG002,5,5.0X2.5
2555,AE210,300021,41590320,376160325C,MNG244,1900-01-01,PLC002,AEC004,IPG002,5,5.0X2.5
2556,AE210,300023,41590320,376160323C,MNG244,1900-01-01,PLC001,AEC004,IPG002,5,5.0X2.5
2557,AE210,99920150832,41590262,376160743D,MNG244,1990-01-01,PLC000,AEC000,IPG000,0, 
2558,AE210,99920150835,41590262,376160743C,MNG244,1990-01-01,PLC000,AEC000,IPG000,0, 
2559,AE210,99920150852,41590262,376160640D,MNG244,1990-01-01,PLC000,AEC000,IPG000,0, 
2560,AE210,99920150963,41590262,376160204B,MNG244,1990-01-01,PLC000,AEC000,IPG000,0, 
2561,AE210,99920151107,41590340,376150589C,MNG244,1990-01-01,PLC000,AEC000,IPG000,0, 
2562,AE210,99920150588,41590256,376161170C,MNG244,1990-01-01,PLC000,AEC000,IPG000,0, 
2563,AE210,99920150591,41590256,376161160A,MNG244,1990-01-01,PLC000,AEC000,IPG000,0, 
2564,AE210,99920150592,41590256,376161160A,MNG244,1990-01-01,PLC000,AEC000,IPG000,0, 
2565,AE210,99920150593,41590256,376161159D,MNG244,1990-01-01,PLC000,AEC000,IPG000,0, 
2566,AE210,99920150952,41590262,376160257C,MNG244,1990-01-01,PLC000,AEC000,IPG000,0, 
2567,AE210,99920150922,41590262,376160282B,MNG244,1990-01-01,PLC000,AEC000,IPG000,0, 
2568,AE210,2.15E+11,41590600,377130738B,MNG244,2014-01-01,PLC001,AEC004,IPG003,5,5.55X1.35
2569,AE210,99920151197,41590340,376112500C,MNG244,1990-01-01,PLC000,AEC000,IPG000,0, 
2570,AE210,9.99E+11,40590550,377130234A,MNG244,2009-01-01,PLC002,AEC999,IPG002,5, 
2571,AE210,500126,41590550,377130233B,MNG244,1900-01-01,PLC002,AEC004,IPG002,5.2,3.6×2.2
2572,AE210,2.11E+11,41590550,377130242D,MNG244,2015-01-01,PLC001,AEC004,IPG002,5,3.6X2.2
2573,AE210,9.00E+13,41590000,377130821C,MNG305,2016-01-01,PLC001,AEC004,IPG003,5,5.55X1.35
2574,AE210,9.00E+13,41590000,377130720D,MNG305,2016-01-01,PLC002,AEC004,IPG002,6.5,0.6X0.8
2575,AE210,411141,41590585,377130704B,MNG244,2007-04-01,PLC002,AEC004,IPG003,5.55,5.55X1.35
2576,AE210,5.32E+11,41590350,376150915C,MNG244,2015-01-01,PLC002,AEC004,IPG003,5.4,3.7X1.4
2577,AE210,5.32E+11,41590350,376150915C,MNG244,2015-01-01,PLC002,AEC004,IPG003,5.4,3.7X1.4
2578,AE210,5.32E+11,41590350,376150915D,MNG244,2015-01-01,PLC999,AEC004,IPG002,5,방향4.0x2.5/보조2.1x0.7
2579,AE210,100225,41590340,376150540C,MNG244,2013-11-01,PLC001,AEC004,IPG002,7.5,3.350 x 2.050
2580,AE210,5.11E+11,41590600,377130778A,MNG244,2014-01-01,PLC001,AEC004,IPG003,7.4,5.55x1.35
2581,AE210,99920150164,41590400,376161926A,MNG244,1990-01-01,PLC000,AEC000,IPG000,0, 
2582,AE210,99920150680,41590570,376161010D,MNG244,1990-01-01,PLC000,AEC000,IPG000,0, 
2583,AE210,2.15E+11,41590588,377130720B,MNG244,2014-01-01,PLC002,AEC004,IPG003,6.5,4.5X2.0
2584,AE210,2.15E+11,41590588,377130801D,MNG244,2014-01-01,PLC002,AEC004,IPG002,6.5,4.5X2.0
2585,AE210,99920151018,41590330,376160187C,MNG244,1990-01-01,PLC000,AEC000,IPG000,0, 
2586,AE210,99920151020,41590330,376160186D,MNG244,1990-01-01,PLC000,AEC000,IPG000,0, 
2587,AE210,99920150608,41590262,376160781C,MNG244,1990-01-01,PLC000,AEC000,IPG000,0, 
2588,AE210,99920150609,41590262,376160781A,MNG244,1990-01-01,PLC000,AEC000,IPG000,0, 
2589,AE210,99920150627,41590600,377130777B,MNG244,1990-01-01,PLC000,AEC000,IPG000,0, 
2590,AE210,99920150646,41590600,377130738B,MNG244,1990-01-01,PLC000,AEC000,IPG000,0, 
2591,AE210,300016,41590310,376160403A,MNG244,1900-01-01,PLC002,AEC004,IPG002,5,5.0X2.5
162,AE210,8.89E+11,41590259,376161481C,MNG244,2016-01-01,PLC001,AEC014,IPG011,0,1570X450(4)
163,AE210,8.89E+11,41590259,376161481C,MNG244,2016-01-01,PLC001,AEC014,IPG011,0,1150X260(6)
164,AE210,8.89E+11,41590259,376161481C,MNG244,2016-01-01,PLC002,AEC014,IPG010,0,1050X260(5)
165,AE210,8.89E+11,41590259,376161481C,MNG244,2016-01-01,PLC002,AEC014,IPG010,0,1050X260(5)
166,AE210,99920150976,41590330,376160160A,MNG244,1990-01-01,PLC000,AEC000,IPG000,0, 
167,AE210,411020,41590586,377130725A,MNG244,2007-04-01,PLC001,AEC004,IPG003,5.55,5.55X1.35
168,AE210,8.89E+11,41590259,376161901A,MNG244,2016-01-01,PLC001,AEC014,IPG010,0,950X260(6)
169,AE210,8.89E+11,41590259,376161901A,MNG244,2016-01-01,PLC002,AEC014,IPG010,0,700X260(5)
170,AE210,8.89E+11,41590259,376161901A,MNG244,2016-01-01,PLC002,AEC014,IPG010,0,700X260(5)
171,AE210,8.89E+11,41590259,376161462A,MNG244,2016-01-01,PLC002,AEC014,IPG010,0,1250X450(5)
172,AE210,200084,41590400,376161560A,MNG244,1900-01-01,PLC001,AEC004,IPG002,5,3.6X2.2
173,AE210,100102,41590410,376161068C,MNG244,1900-01-01,PLC001,AEC005,IPG001,2.5,사각형1.10X1.70
174,AE210,8.89E+11,41590259,376161482D,MNG244,2016-01-01,PLC002,AEC014,IPG011,0,1650X450(5)
175,AE210,402044,41590520,377130168B,MNG244,2006-06-20,PLC002,AEC004,IPG003,0, 
176,AE210,300022,41590320,376160325D,MNG244,1900-01-01,PLC001,AEC004,IPG003,5,5.55X2.5
177,AE210,2.11E+11,41590550,377130234C,MNG244,2013-12-01,PLC001,AEC004,IPG002,7.7,4.0x2.5/2.1x0.7
178,AE210,99920150764,41590310,376122423A,MNG244,1990-01-01,PLC000,AEC000,IPG000,0, 
179,AE210,99920150765,41590310,376122422D,MNG244,1990-01-01,PLC000,AEC000,IPG000,0, 
180,AE210,9.99E+11,41590330,376160647B,MNG244,2016-11-01,PLC002,AEC004,IPG003,6,4.5*1.4
181,AE210,2.12E+11,41590330,376160647B,MNG244,2013-06-01,PLC002, ,IPG002,7.4,3.6x2.2
182,AE210,9.99E+11,41590330,376160647B,MNG244,2016-11-01,PLC001,AEC004,IPG003,6,4.5*1.4
183,AE210,99920150616,41590262,376160690D,MNG244,1990-01-01,PLC000,AEC000,IPG000,0, 
184,AE210,99920150617,41590262,376160690D,MNG244,1990-01-01,PLC000,AEC000,IPG000,0, 
185,AE210,99920150828,41590262,376160753C,MNG244,1990-01-01,PLC000,AEC000,IPG000,0, 
186,AE210,99920151140,41590340,376150577D,MNG244,1990-01-01,PLC000,AEC000,IPG000,0, 
187,AE210,99920150310,41590259,376161435D,MNG244,1990-01-01,PLC000,AEC000,IPG000,0, 
188,AE210,99920150305,41590259,376161435C,MNG244,1990-01-01,PLC000,AEC000,IPG000,0, 
189,AE210,99920150306,41590259,376161435C,MNG244,1990-01-01,PLC000,AEC000,IPG000,0, 
190,AE210,99920150311,41590259,376161435C,MNG244,1990-01-01,PLC000,AEC000,IPG000,0, 
191,AE210,5.11E+11,41590600,377130749A,MNG244,2014-01-01,PLC002,AEC004,IPG003,7.4,5.55x1.35
192,AE210,8.89E+11,41590259,376161481D,MNG244,2016-01-01,PLC002,AEC014,IPG010,0,1450X350(5)
193,AE210,8.89E+11,41590259,376161481D,MNG244,2016-01-01,PLC001,AEC014,IPG010,0,1050X260(5)
194,AE210,8.89E+11,41590259,376161465C,MNG244,2016-01-01,PLC001,AEC014,IPG011,0,950X260(6)
195,AE210,2.15E+11,41590600,377130728D,MNG244,2014-01-01,PLC001,AEC004,IPG002,5,4.45X2.2
196,AE210,8.89E+11,41590259,376161300B,MNG244,2016-01-01,PLC001,AEC014,IPG011,0,1150X260(6)
197,AE210,8.89E+11,41590259,376161300B,MNG244,2016-01-01,PLC001,AEC014,IPG010,0,1050X260(5)
198,AE210,8.89E+11,41590259,376161300B,MNG244,2016-01-01,PLC001,AEC014,IPG010,0,1050X260(5)
199,AE210,8.89E+11,41590259,376161300B,MNG244,2016-01-01,PLC001,AEC014,IPG010,0,1050X260(5)
200,AE210,8.89E+11,41590259,376161300B,MNG244,2016-01-01,PLC001,AEC014,IPG010,0,1050X260(5)
201,AE210,5.32E+11,41590350,376150914D,MNG244,2015-01-01,PLC001,AEC004,IPG003,5.4,3.7X1.4
202,AE210,5.32E+11,41590350,376150935D,MNG244,2015-01-01,PLC001,AEC004,IPG003,5.41,4.5X1.4
203,AE210,99920150782,41590310,376122300C,MNG244,1990-01-01,PLC000,AEC000,IPG000,0, 
204,AE210,99920150391,41590360,376160994C,MNG244,1990-01-01,PLC000,AEC000,IPG000,0, 
205,AE210,8.89E+11,41590259,376161810B,MNG244,2016-01-01,PLC001,AEC014,IPG011,0,700X260(5)
206,AE210,8.89E+11,41590259,376161810B,MNG244,2016-01-01,PLC002,AEC014,IPG011,0,1150X260(6)
207,AE210,8.89E+11,41590259,376161810B,MNG244,2016-01-01,PLC002,AEC014,IPG011,0,1150X260(6)
208,AE210,9.00E+13,41590000,377130730D,MNG305,2016-01-01,PLC001,AEC004,IPG003,5,5.55X1.35
209,AE210,9.00E+13,41590000,377130730D,MNG305,2016-01-01,PLC002,AEC004,IPG002,5.5,4.45X2.2
210,AE210,99920150297,41590259,376161437D,MNG244,1990-01-01,PLC000,AEC000,IPG000,0, 
937,AE210,500168,41590530,377130609A,MNG244,1900-01-01,PLC002,AEC003,IPG002,5.2,사각형3.6×2.2
938,AE210,8.89E+11,41590259,376161300D,MNG244,2016-01-01,PLC001,AEC014,IPG010,0,700X260(5)
939,AE210,2.12E+11,41590360,376161414C,MNG244,2014-06-01,PLC002,AEC012,IPG002,7,6.5X2.0/2.0X0.5
940,AE210,99920151097,41590350,376150929C,MNG244,1990-01-01,PLC000,AEC000,IPG000,0, 
941,AE210,99920151100,41590350,376150919C,MNG244,1990-01-01,PLC000,AEC000,IPG000,0, 
942,AE210,8.89E+11,41590259,376161390D,MNG244,2016-01-01,PLC002,AEC014,IPG010,0,1050X260(5)
943,AE210,8.89E+11,41590259,376161390D,MNG244,2016-01-01,PLC002,AEC014,IPG013,0,1050X260(5)
944,AE210,2.12E+11,41590370,376161725D,MNG244,2015-01-01,PLC002,AEC004,IPG002,5.8,3.6X2.2
945,AE210,2.12E+11,41590370,376161726D,MNG244,2015-01-01,PLC001,AEC004,IPG002,5.8,4.45X2.2
946,AE210,8.89E+11,41590259,376161300B,MNG244,2016-01-01,PLC001,AEC014,IPG011,0,1150X260(6)
947,AE210,8.89E+11,41590259,376161481A,MNG244,2016-01-01,PLC002,AEC014,IPG999,0,1050X260(5)
948,AE210,8.89E+11,41590259,376161481A,MNG244,2016-01-01,PLC002,AEC014,IPG999,0,1050X260(5)
949,AE210,8.89E+11,41590259,376161481A,MNG244,2016-01-01,PLC002,AEC014,IPG010,0,1450X350(5)
950,AE210,2.15E+11,41590590,377130395A,MNG244,2014-01-01,PLC002,AEC004,IPG002,6.5,4.5X2.0
951,AE210,2.15E+11,41590590,377130395A,MNG244,2014-01-01,PLC002,AEC004,IPG003,6.5,4.5X2.0
952,AE210,2.15E+11,41590590,377130396C,MNG244,2014-01-01,PLC001,AEC004,IPG002,6.5,3.5X2.0
953,AE210,2.15E+11,41590590,377130395D,MNG244,2014-01-01,PLC001,AEC004,IPG002,6.5,3.5X2.0
954,AE210,2.15E+11,41590588,377130804B,MNG244,2014-01-01,PLC002,AEC002,IPG003,6.5,4.5X2.0
955,AE210,411110,41590585,377130276D,MNG244,2007-04-01,PLC002,AEC004,IPG003,5.55,3.70X1.35
956,AE210,99920150160,41590259,376161933B,MNG244,1990-01-01,PLC000,AEC000,IPG000,0, 
957,AE210,500164,41590570,377130602C,MNG244,1900-01-01,PLC002,AEC004,IPG002,5.2,사가형3.6×2.2
958,AE210,100209,41590253,376160556C,MNG244,1900-01-01,PLC002,AEC004,IPG002,5,사각형4.45X2.20
959,AE210,99920151055,41590350,376151062B,MNG244,1990-01-01,PLC000,AEC000,IPG000,0, 
960,AE210,99920150434,41590360,376160800B,MNG244,1990-01-01,PLC000,AEC000,IPG000,0, 
961,AE210,99920150411,41590360,376160899C,MNG244,1990-01-01,PLC000,AEC000,IPG000,0, 
962,AE210,99920150155,41590259,376161943B,MNG244,1990-01-01,PLC000,AEC000,IPG000,0, 
963,AE210,411023,41590586,377130717A,MNG244,2007-04-01,PLC002,AEC004,IPG003,5.55,5.55X1.35
964,AE210,99920150439,41590370,376161847C,MNG244,1990-01-01,PLC000,AEC000,IPG000,0, 
965,AE210,99920150787,41590360,376160855B,MNG244,1990-01-01,PLC000,AEC000,IPG000,0, 
966,AE210,8.89E+11,41590259,376161462C,MNG244,2016-01-01,PLC002,AEC001,IPG002,5,6000X2500
967,AE210,8.22E+13,41590350,376150900D,MNG244,2017-12-31,PLC002,AEC004,IPG002,5,3.7X1.4+1.8X0.6
968,AE210,8.22E+13,41590350,376150900D,MNG244,2017-12-31,PLC001,AEC004,IPG002,5,3.7X1.4+1.8X0.6
969,AE210,99920150357,41590259,376161359C,MNG244,1990-01-01,PLC000,AEC000,IPG000,0, 
970,AE210,99920150093,41590256,376161689B,MNG244,1990-01-01,PLC000,AEC000,IPG000,0, 
971,AE210,99920151173,41590340,376150528C,MNG244,1990-01-01,PLC000,AEC000,IPG000,0, 
972,AE210,99920151174,41590340,376150528C,MNG244,1990-01-01,PLC000,AEC000,IPG000,0, 
973,AE210,99920150476,41590370,376161747D,MNG244,1990-01-01,PLC000,AEC000,IPG000,0, 
974,AE210,99920150462,41590370,376161770A,MNG244,1990-01-01,PLC000,AEC000,IPG000,0, 
975,AE210,99920150463,41590370,376161769C,MNG244,1990-01-01,PLC000,AEC000,IPG000,0, 
976,AE210,99920150661,41590590,377130394A,MNG244,1990-01-01,PLC000,AEC000,IPG000,0, 
977,AE210,99920150663,41590590,377130393B,MNG244,1990-01-01,PLC000,AEC000,IPG000,0, 
978,AE210,99920150747,41590310,376122481C,MNG244,1990-01-01,PLC000,AEC000,IPG000,0, 
979,AE210,2.21E+13,41590550,377130243D,MNG244,2018-05-01,PLC002,AEC004,IPG003,5.5,5.55X1.35
980,AE210,1.22E+13,41590256,376161724A,MNG244,2017-12-01,PLC001,AEC004,IPG003,6,4.45X1.35
981,AE210,1.22E+13,41590256,376161714A,MNG244,2017-12-01,PLC001,AEC004,IPG002,6,4.45X2.2
982,AE210,200015,41590360,376160870A,MNG244,1900-01-01,PLC002,AEC004,IPG002,5,3.6X2.2
983,AE210,99920150540,41590370,376161289B,MNG244,1990-01-01,PLC000,AEC000,IPG000,0, 
984,AE210,99920150142,41590400,376161948C,MNG244,1990-01-01,PLC000,AEC000,IPG000,0, 
985,AE210,99920151039,41590350,376151512B,MNG244,1990-01-01,PLC000,AEC000,IPG000,0, 
986,AE210,8.89E+11,41590259,376161465C,MNG244,2016-01-01,PLC002,AEC014,IPG011,0,1250X450(5)
987,AE210,500119,41590550,377130233B,MNG244,1900-01-01,PLC001,AEC004,IPG002,5.2,4.0×2.55
988,AE210,500116,41590550,377130223C,MNG244,1900-01-01,PLC001,AEC004,IPG003,5.2,3.7×1.35
1784,AE210,411171,41590585,377130285C,MNG244,2007-04-01,PLC002,AEC004,IPG003,5.55,5.55X1.35
1785,AE210,411172,41590585,377130284D,MNG244,2007-04-01,PLC001,AEC004,IPG003,5.55,5.55X1.35
1786,AE210,411174,41590585,377130284D,MNG244,2007-04-01,PLC002,AEC004,IPG003,5.55,5.55X1.35
1787,AE210,411175,41590585,377130284D,MNG244,2007-04-01,PLC002,AEC004,IPG003,5.55,5.55X1.35
1788,AE210,99920150077,41590256,376162110C,MNG244,1990-01-01,PLC000,AEC000,IPG000,0, 
1789,AE210,411126,41590585,377130286C,MNG244,2007-04-01,PLC002,AEC004,IPG003,5.55,5.55X1.35
1790,AE210,99920150454,41590259,376161826D,MNG244,1990-01-01,PLC000,AEC000,IPG000,0, 
1791,AE210,99920150210,41590259,376161808A,MNG244,1990-01-01,PLC000,AEC000,IPG000,0, 
1792,AE210,99920150459,41590259,376161807D,MNG244,1990-01-01,PLC000,AEC000,IPG000,0, 
1793,AE210,99920150343,41590259,376161388A,MNG244,1990-01-01,PLC000,AEC000,IPG000,0, 
1794,AE210,99920150344,41590259,376161388A,MNG244,1990-01-01,PLC000,AEC000,IPG000,0, 
1795,AE210,99920150443,41590259,376161847D,MNG244,1990-01-01,PLC000,AEC000,IPG000,0, 
1796,AE210,99920150450,41590370,376161835B,MNG244,1990-01-01,PLC000,AEC000,IPG000,0, 
1797,AE210,8.89E+11,41590259,376161472C,MNG244,2016-01-01,PLC001,AEC014,IPG010,0,1150X260(6)
1798,AE210,99920150836,41590262,376160740C,MNG244,1990-01-01,PLC000,AEC000,IPG000,0, 
1799,AE210,99920150482,41590370,376161735D,MNG244,1990-01-01,PLC000,AEC000,IPG000,0, 
1800,AE210,5.11E+11,41590600,377130759C,MNG244,2014-01-01,PLC001,AEC004,IPG002,7.7,4.45x2.2/1.8x0.6
1801,AE210,99920151194,41590340,376150415C,MNG244,1990-01-01,PLC000,AEC000,IPG000,0, 
1802,AE210,99920151195,41590340,376150415C,MNG244,1990-01-01,PLC000,AEC000,IPG000,0, 
1803,AE210,99920151143,41590340,376150568A,MNG244,1990-01-01,PLC000,AEC000,IPG000,0, 
1804,AE210,99920150801,41590262,376160832A,MNG244,1990-01-01,PLC000,AEC000,IPG000,0, 
1805,AE210,99920150789,41590360,376160844B,MNG244,1990-01-01,PLC000,AEC000,IPG000,0, 
1806,AE210,100042,41590253,376160908D,MNG244,1900-01-01,PLC002,AEC006,IPG001,1.5,오각형0.26X0.44
1807,AE210,402017,41590540,377130190B,MNG244,2006-06-20,PLC001,AEC004,IPG003,0, 
1808,AE210,426027,41590253,376160573A,MNG244,2008-07-24,PLC001,AEC004,IPG003,5.2,1850*1350*2
1809,AE210,2.12E+11,41590256,376162140A,MNG244,2013-01-01,PLC002,AEC004,IPG002,0,4.45X2.20
1810,AE210,100062,41590253,376160470A,MNG244,1900-01-01,PLC001,AEC006,IPG001,2,사각형1.20X1.10
1811,AE210,99920150643,41590600,377130738B,MNG244,1990-01-01,PLC000,AEC000,IPG000,0, 
1812,AE210,99920150653,41590600,377130728D,MNG244,1990-01-01,PLC000,AEC000,IPG000,0, 
1813,AE210,500088,41590540,377130189A,MNG244,2005-01-01,PLC002,AEC004,IPG003,5.2,사각형5.55×1.35
1814,AE210,200022,41590360,376160880A,MNG244,1900-01-01,PLC001,AEC002,IPG004,2,1.6X0.6
1815,AE210,200003,41590360,376160817A,MNG244,1900-01-01,PLC002,AEC004,IPG002,5,5.0X2.5
1816,AE210,411048,41590587,377130292D,MNG244,2007-04-01,PLC001,AEC004,IPG003,5.55,5.55X1.35
1817,AE210,8.89E+11,41590259,376161473A,MNG244,2016-01-01,PLC001,AEC014,IPG011,0,1050X260(5)
1818,AE210,2.15E+11,41590600,377130768A,MNG244,2014-01-01,PLC001,AEC004,IPG002,5,3.6X2.2
1819,AE210,411165,41590585,377130295B,MNG244,2007-04-01,PLC002,AEC004,IPG003,5.55,3.70X1.35
1820,AE210,99920150119,41590400,376162038D,MNG244,1990-01-01,PLC000,AEC000,IPG000,0, 
1821,AE210,99920150120,41590400,376162038D,MNG244,1990-01-01,PLC000,AEC000,IPG000,0, 
1822,AE210,99920150122,41590400,376162019D,MNG244,1990-01-01,PLC000,AEC000,IPG000,0, 
1823,AE210,2.15E+11,41590588,377130391B,MNG244,2014-01-01,PLC001,AEC004,IPG003,6.5,3.5X2.0
1824,AE210,2.15E+11,41590590,377130391B,MNG244,2014-01-01,PLC002,AEC004,IPG003,6.5,4.5X2.0
1825,AE210,2.15E+11,41590588,377130804A,MNG244,2014-01-01,PLC001,AEC004,IPG003,6.5,4.5X2.0
1826,AE210,99920150969,41590262,376160199A,MNG244,1990-01-01,PLC000,AEC000,IPG000,0, 
1827,AE210,99920150980,41590262,376160100B,MNG244,1990-01-01,PLC000,AEC000,IPG000,0, 
1828,AE210,99920150981,41590262,376160100B,MNG244,1990-01-01,PLC000,AEC000,IPG000,0, 
1829,AE210,99920150533,41590370,376161299B,MNG244,1990-01-01,PLC000,AEC000,IPG000,0, 
1830,AE210,500091,41590540,377130179D,MNG244,1900-01-01,PLC002,AEC004,IPG002,5.2,사각형5.55×1.35
1831,AE210,5.11E+11,41590600,377130749C,MNG244,2014-01-01,PLC002,AEC004,IPG003,7.7,4.45x2.2
1832,AE210,500041,41590520,377130168B,MNG244,1900-01-01,PLC001,AEC004,IPG003,5.2,사각형3.7×1.35
1833,AE210,200078,41590259,376161548C,MNG244,1900-01-01,PLC002,AEC004,IPG002,5,3.6X2.2
1834,AE210,99920150819,41590320,376160806B,MNG244,1990-01-01,PLC000,AEC000,IPG000,0, 
1835,AE210,99920150822,41590320,376160806B,MNG244,1990-01-01,PLC000,AEC000,IPG000,0, 
1836,AE210,2.12E+11,41590370,376161726B,MNG244,2015-01-01,PLC001,AEC004,IPG002,5.8,4.45X2.2/1.8X0.6
1837,AE210,2.12E+11,41590370,376161726B,MNG244,2015-01-01,PLC002,AEC004,IPG002,5.8,3.6X2.2/1.8X0.6
1838,AE210,99920171039,41590510,376122293D,MNG244,2017-01-01,PLC002,AEC999,IPG001,1.6,0.6X0.3
1839,AE210,5.32E+11,41590350,376150913D,MNG244,2015-01-01,PLC001,AEC004,IPG003,5.4,3.7X1.4
1840,AE210,99920150159,41590259,376161933D,MNG244,1990-01-01,PLC000,AEC000,IPG000,0, 
2592,AE210,2.15E+11,41590600,377130298D,MNG244,2014-01-01,PLC003,AEC007,IPG001,1.6,0.7X1.5
2593,AE210,2.15E+11,41590600,377130298D,MNG244,2014-01-01,PLC003,AEC007,IPG001,1.6,0.7X1.5
2594,AE210,8.89E+11,41590259,376161464A,MNG244,2016-01-01,PLC002,AEC014,IPG010,0,1140X350(4)
2595,AE210,8.89E+11,41590259,376161464A,MNG244,2016-01-01,PLC002,AEC014,IPG010,0,1250X350(6)
2596,AE210,8.89E+11,41590259,376161464A,MNG244,2016-01-01,PLC002,AEC014,IPG010,0,1200X350(5)
2597,AE210,8.89E+11,41590259,376161464A,MNG244,2016-01-01,PLC002,AEC014,IPG011,0,2100X450(6)
2598,AE210,8.89E+11,41590259,376161464A,MNG244,2016-01-01,PLC002,AEC014,IPG011,0,700X260(5)
2599,AE210,8.89E+11,41590259,376161464A,MNG244,2016-01-01,PLC001,AEC014,IPG011,0,1250X450(5)
2600,AE210,8.89E+11,41590259,376161464A,MNG244,2016-01-01,PLC001,AEC014,IPG011,0,1150X260(6)
2601,AE210,8.89E+11,41590259,376161464A,MNG244,2016-01-01,PLC002,AEC014,IPG010,0,1150X260(6)
2602,AE210,8.89E+11,41590259,376161464A,MNG244,2016-01-01,PLC002,AEC014,IPG010,0,900X260(5)
2603,AE210,8.89E+11,41590259,376161464A,MNG244,2016-01-01,PLC002,AEC014,IPG010,0,1150X260(6)
2604,AE210,8.89E+11,41590259,376161464A,MNG244,2016-01-01,PLC001,AEC014,IPG010,0,1150X260(6)
2605,AE210,8.89E+11,41590259,376161464A,MNG244,2016-01-01,PLC001,AEC014,IPG010,0,900X260(5)
2606,AE210,8.89E+11,41590259,376161464A,MNG244,2016-01-01,PLC002,AEC014,IPG010,0,1150X260(6)
2607,AE210,8.89E+11,41590259,376161464A,MNG244,2016-01-01,PLC001,AEC014,IPG010,0,1150X260(6)
2608,AE210,99920150978,41590262,376160100A,MNG244,1990-01-01,PLC000,AEC000,IPG000,0, 
2609,AE210,8.89E+11,41590259,376161472C,MNG244,2016-01-01,PLC002,AEC014,IPG010,0,1150X260(6)
2610,AE210,8.89E+11,41590259,376161472C,MNG244,2016-01-01,PLC002,AEC014,IPG010,0,900X260(5)
2611,AE210,8.89E+11,41590259,376161472C,MNG244,2016-01-01,PLC002,AEC014,IPG010,0,2100X450(6)
2612,AE210,8.89E+11,41590259,376161472C,MNG244,2016-01-01,PLC002,AEC014,IPG010,0,1650X450(5)
2613,AE210,8.89E+11,41590259,376161472C,MNG244,2016-01-01,PLC001,AEC014,IPG010,0,1150X260(6)
2614,AE210,8.89E+11,41590259,376161472C,MNG244,2016-01-01,PLC001,AEC014,IPG010,0,900X260(5)
2615,AE210,8.89E+11,41590259,376161472C,MNG244,2016-01-01,PLC001,AEC014,IPG010,0,1650X450(5)
2616,AE210,8.89E+11,41590259,376161482C,MNG244,2016-01-01,PLC001,AEC004,IPG003,5,4500X1400
2617,AE210,8.89E+11,41590259,376161464B,MNG244,2016-01-01,PLC002,AEC014,IPG011,0,1700X450(6)
2618,AE210,8.89E+11,41590259,376161471A,MNG244,2016-01-01,PLC002,AEC014,IPG010,0,700X260(5)
2619,AE210,411134,41590585,377130256A,MNG244,2007-04-01,PLC001,AEC004,IPG003,5.55,3.70X1.35
2620,AE210,8.89E+11,41590259,376161474A,MNG244,2016-01-01,PLC002,AEC014,IPG011,0,950X260(6)
2621,AE210,8.89E+11,41590259,376161474A,MNG244,2016-01-01,PLC002,AEC014,IPG011,0,2000X450(5)
2622,AE210,8.89E+11,41590259,376161475A,MNG244,2016-01-01,PLC002,AEC014,IPG017,0,1700X450(6)
2623,AE210,99920150873,41590320,376160386A,MNG244,1990-01-01,PLC000,AEC000,IPG000,0, 
2624,AE210,500131,41590550,377130253B,MNG244,1900-01-01,PLC001,AEC007,IPG003,5.2,사각형1.6×0.7
2625,AE210,426026,41590253,376160573A,MNG244,2008-07-24,PLC002,AEC004,IPG003,5.2,1850*1350*3
2626,AE210,402037,41590540,377130189B,MNG244,2006-06-20,PLC002,AEC004,IPG003,0, 
2627,AE210,402038,41590540,377130179D,MNG244,2006-06-20,PLC002,AEC004,IPG003,0, 
2628,AE210,100178,41590253,376160541D,MNG244,1900-01-01,PLC001,AEC004,IPG002,5,사각형3.60X2.20
2629,AE210,99920151082,41590340,376151005B,MNG244,1990-01-01,PLC000,AEC000,IPG000,0, 
2630,AE210,411090,41590587,377130283A,MNG244,2007-04-01,PLC001,AEC004,IPG003,5.55,5.55X1.35
2631,AE210,8.89E+11,41590259,376161423D,MNG244,2009-01-01,PLC001,AEC005,IPG001,1.9,1.1*1.7
2632,AE210,8.89E+11,41590259,376161423D,MNG244,2009-01-01,PLC001,AEC004,IPG002,5,3.6*2.2
2633,AE210,8.89E+11,41590259,376161901A,MNG244,2016-01-01,PLC002,AEC014,IPG010,0,950X260(6)
2634,AE210,8.89E+11,41590259,376161454D,MNG244,2016-01-01,PLC002,AEC001,IPG002,5,6000X2500
2635,AE210,99920150750,41590310,376122474D,MNG244,1990-01-01,PLC000,AEC000,IPG000,0, 
2636,AE210,2.12E+11,41590360,376161414B,MNG244,2014-06-01,PLC002,AEC004,IPG002,7.7,4.0X2.5
2637,AE210,2.12E+11,41590360,376161404D,MNG244,2014-06-01,PLC002,AEC004,IPG002,7.7,4.0X2.5
211,AE210,8.89E+11,41590259,376161481D,MNG244,2016-01-01,PLC001,AEC014,IPG011,0,1150X260(6)
212,AE210,99920150904,41590320,376160326B,MNG244,1990-01-01,PLC000,AEC000,IPG000,0, 
213,AE210,99920150005,41590360,376160889C,MNG244,1990-01-01,PLC000,AEC000,IPG000,0, 
214,AE210,99920150613,41590262,376160770D,MNG244,1990-01-01,PLC000,AEC000,IPG000,0, 
215,AE210,99920150531,41590360,376161315C,MNG244,1990-01-01,PLC000,AEC000,IPG000,0, 
216,AE210,99920150124,41590400,376162018D,MNG244,1990-01-01,PLC000,AEC000,IPG000,0, 
217,AE210,5.32E+11,41590350,376150925C,MNG244,2015-01-01,PLC002,AEC004,IPG003,5.41,4.5X1.4
218,AE210,2.12E+11,41590256,376161266A,MNG244,2010-01-01,PLC001,AEC005,IPG001,2,1.1x1.7
219,AE210,99920151066,41590350,376151042C,MNG244,1990-01-01,PLC000,AEC000,IPG000,0, 
220,AE210,99920151067,41590350,376151042C,MNG244,1990-01-01,PLC000,AEC000,IPG000,0, 
221,AE210,99920151060,41590350,376151042B,MNG244,1990-01-01,PLC000,AEC000,IPG000,0, 
222,AE210,99920151062,41590350,376151042B,MNG244,1990-01-01,PLC000,AEC000,IPG000,0, 
223,AE210,99920151196,41590340,376112599D,MNG244,1990-01-01,PLC000,AEC000,IPG000,0, 
224,AE210,8.89E+11,41590259,376161481D,MNG244,2016-01-01,PLC001,AEC014,IPG010,0,1050X260(5)
225,AE210,500149,41590570,377130602B,MNG244,1900-01-01,PLC002,AEC004,IPG002,5.2,사각형1.1×1.7
226,AE210,500054,41590520,377130179A,MNG244,1900-01-01,PLC002,AEC004,IPG003,5.2,사각형5.55×1.35
227,AE210,100001,41590253,376160977A,MNG244,1900-01-01,PLC001,AEC006,IPG001,1.5,오각형0.26X0.44
228,AE210,500026,41590520,377130129C,MNG244,1900-01-01,PLC001,AEC003,IPG002,5.2,사각형3.6×2.2
229,AE210,200068,41590259,376161432D,MNG244,1900-01-01,PLC001,AEC004,IPG002,5,4.0X2.5
230,AE210,99920150193,41590259,376161901B,MNG244,1990-01-01,PLC000,AEC000,IPG000,0, 
231,AE210,500051,41590540,377130179A,MNG244,1900-01-01,PLC001,AEC004,IPG003,5.2,사각형5.55×1.35
232,AE210,411156,41590585,377130294C,MNG244,2007-04-01,PLC002,AEC004,IPG003,5.55,3.70X1.35
233,AE210,411157,41590585,377130295D,MNG244,2007-04-01,PLC001,AEC004,IPG003,5.55,3.70X1.35
234,AE210,411158,41590585,377130295D,MNG244,2007-04-01,PLC002,AEC004,IPG003,5.55,3.70X1.35
235,AE210,99920151116,41590340,376150585B,MNG244,1990-01-01,PLC000,AEC000,IPG000,0, 
236,AE210,99920150581,41590256,376161199C,MNG244,1990-01-01,PLC000,AEC000,IPG000,0, 
237,AE210,99920150582,41590256,376161198C,MNG244,1990-01-01,PLC000,AEC000,IPG000,0, 
238,AE210,99920150583,41590256,376161198C,MNG244,1990-01-01,PLC000,AEC000,IPG000,0, 
239,AE210,99920150585,41590256,376161190D,MNG244,1990-01-01,PLC000,AEC000,IPG000,0, 
240,AE210,99920150584,41590256,376161190B,MNG244,1990-01-01,PLC000,AEC000,IPG000,0, 
241,AE210,99920150595,41590256,376161100C,MNG244,1990-01-01,PLC000,AEC000,IPG000,0, 
242,AE210,300059,41590350,376151062D,MNG244,1992-01-01,PLC001,AEC004,IPG002,5,5.0X2.5
243,AE210,820001,41590370,376161733D,MNG244,1900-01-01,PLC002,AEC004,IPG003,5,3.6X2.2
244,AE210,500040,41590520,377130156D,MNG244,1900-01-01,PLC001,AEC006,IPG001,2,오각형0.26×0.44
245,AE210,500043,41590520,377130165D,MNG244,1900-01-01,PLC001,AEC004,IPG002,5.2,사각형4.0×2.85
246,AE210,2.12E+11,41590330,376160647B,MNG244,2013-06-01,PLC002, ,IPG003,10,1.05x0.26
247,AE210,9.99E+11,41590330,376160654B,MNG244,2016-11-01,PLC002,AEC004,IPG003,6,4.5*1.4
248,AE210,9.99E+11,41590330,376160654C,MNG244,2016-11-01,PLC001,AEC004,IPG003,6,4.5*1.4
249,AE210,9.99E+11,41590330,376160653B,MNG244,2016-11-01,PLC002,AEC004,IPG003,6,3.7*1.4
250,AE210,411032,41590586,377130714D,MNG244,2007-04-01,PLC001,AEC004,IPG003,5.55,5.55X1.35
251,AE210,8.89E+11,41590259,376161461A,MNG135,2011-03-09,PLC001,AEC006,IPG004,0,3.7*1.0
252,AE210,100036,41590253,376160918D,MNG244,1900-01-01,PLC001,AEC004,IPG001,0, 
253,AE210,2.15E+11,41590588,377130393B,MNG244,2014-01-01,PLC002,AEC004,IPG003,6.5,4.5X2.0
254,AE210,100096,41590410,376161069B,MNG244,1900-01-01,PLC001,AEC004,IPG002,5,사각형3.60X2.20
255,AE210,99920150206,41590259,376161819A,MNG244,1990-01-01,PLC000,AEC000,IPG000,0, 
256,AE210,300040,41590340,376150577C,MNG244,1900-01-01,PLC001,AEC004,IPG002,5,5.0X2.5
257,AE210,2.15E+11,41590590,377130383A,MNG244,2014-01-01,PLC002,AEC002,IPG003,6.5,4.5X2.0
258,AE210,100163,41590253,376160521A,MNG244,1900-01-01,PLC001,AEC004,IPG005,5,사각형7.50X2.00
259,AE210,500062,41590520,377130169C,MNG244,1900-01-01,PLC001,AEC004,IPG003,5.2,사각형5.55×1.35
260,AE210,99920150319,41590259,376161433C,MNG244,1990-01-01,PLC000,AEC000,IPG000,0, 
261,AE210,99920150216,41590400,376161560B,MNG244,1990-01-01,PLC000,AEC000,IPG000,0, 
262,AE210,300028,41590320,376160333A,MNG244,1900-01-01,PLC001,AEC004,IPG002,5,5.0X2.5
263,AE210,2.15E+11,41590588,377130200D,MNG244,2014-01-01,PLC002,AEC004,IPG003,6.5,4.5X2.0
264,AE210,99920151138,41590340,376150577D,MNG244,1990-01-01,PLC000,AEC000,IPG000,0, 
265,AE210,99920150398,41590360,376160986B,MNG244,1990-01-01,PLC000,AEC000,IPG000,0, 
266,AE210,2.06E+11,41590000,377130728C,MNG244,2016-01-01,PLC002,AEC004,IPG003,6.5,5.55X1.35
267,AE210,2.06E+11,41590000,377130728C,MNG244,2016-01-01,PLC001,AEC004,IPG003,6.5,5.55X1.35
989,AE210,100105,41590410,376161068C,MNG244,1900-01-01,PLC002,AEC005,IPG001,2.5,사각형1.10X1.70
990,AE210,9.99E+11,41590330,376160632C,MNG244,2016-11-01,PLC001,AEC004,IPG003,6,3.7*1.4
991,AE210,100028,41590253,376160938C,MNG244,1900-01-01,PLC001,AEC004,IPG002,5,사각형5.00X2.50
992,AE210,100120,41590410,376161077C,MNG244,1996-01-01,PLC001,AEC003,IPG999,0, 
993,AE210,100013,41590253,376160958C,MNG244,1900-01-01,PLC001,AEC004,IPG002,5,사각형3.60X2.20
994,AE210,500087,41590520,377130178B,MNG244,1900-01-01,PLC002,AEC004,IPG003,5.2,사각형5.55×1.35
995,AE210,426001,41590253,376160552C,MNG244,2008-07-24,PLC001,AEC004,IPG003,5.2,1850*1350*2
996,AE210,8.89E+11,41590259,376161483D,MNG244,2016-01-01,PLC002,AEC015,IPG002,5,3600X2200
997,AE210,99920150519,41590360,376161342D,MNG244,1990-01-01,PLC000,AEC000,IPG000,0, 
998,AE210,2.15E+11,41590588,377130710B,MNG244,2014-01-01,PLC002,AEC004,IPG003,5.5,3.5X2.0
999,AE210,2.15E+11,41590600,377130758C,MNG244,2014-01-01,PLC002,AEC004,IPG003,5,5.55X1.35
1000,AE210,2.15E+11,41590600,377130758A,MNG244,2014-01-01,PLC001,AEC004,IPG003,5,5.55X1.35
1001,AE210,2.15E+11,41590600,377130748C,MNG244,2014-01-01,PLC001,AEC004,IPG002,5,4.45X2.2
1002,AE210,2.15E+11,41590600,377130728D,MNG244,2014-01-01,PLC001,AEC004,IPG003,6.5,4.5x2.0
1003,AE210,2.15E+11,41590600,377130748D,MNG244,2014-01-01,PLC001,AEC004,IPG002,5,4.45X2.2
1004,AE210,2.15E+11,41590600,377130748B,MNG244,2014-01-01,PLC002,AEC004,IPG002,5,4.45X2.2
1005,AE210,2.15E+11,41590600,377130738D,MNG244,2014-01-01,PLC002,AEC004,IPG003,5,5.55X1.35
1006,AE210,8.89E+11,41590259,376161472D,MNG244,2016-01-01,PLC001,AEC014,IPG011,0,1700X450(6)
1007,AE210,99920150489,41590370,376161726B,MNG244,1990-01-01,PLC000,AEC000,IPG000,0, 
1008,AE210,99920150493,41590370,376161717C,MNG244,1990-01-01,PLC000,AEC000,IPG000,0, 
1009,AE210,99920150494,41590370,376161717C,MNG244,1990-01-01,PLC000,AEC000,IPG000,0, 
1010,AE210,99920150492,41590370,376161717B,MNG244,1990-01-01,PLC000,AEC000,IPG000,0, 
1011,AE210,99920150497,41590370,376161708C,MNG244,1990-01-01,PLC000,AEC000,IPG000,0, 
1012,AE210,9.99E+11,41590330,376160632C,MNG244,2016-11-01,PLC002,AEC004,IPG003,6,4.5*1.4
1013,AE210,8.89E+11,41590259,376161473A,MNG244,2016-01-01,PLC001,AEC014,IPG010,0,2450X450(6)
1014,AE210,500080,41590530,377130188A,MNG244,2005-01-01,PLC002,AEC004,IPG002,5.2,사각형4.45×2.2
1015,AE210,8.89E+11,41590259,376161471C,MNG244,2016-01-01,PLC002,AEC014,IPG011,0,900X350(5)
1016,AE210,8.89E+11,41590259,376161471C,MNG244,2016-01-01,PLC002,AEC014,IPG011,0,1170X450(4)
1017,AE210,8.89E+11,41590259,376161471C,MNG244,2016-01-01,PLC002,AEC014,IPG010,0,1250X350(6)
1018,AE210,2.15E+11,41590590,377130396C,MNG244,2014-01-01,PLC002,AEC004,IPG003,6.5,4.5X2.0
1019,AE210,411033,41590586,377130714D,MNG244,2007-04-01,PLC002,AEC004,IPG003,5.55,5.55X1.35
1020,AE210,411034,41590586,377130714D,MNG244,2007-04-01,PLC001,AEC004,IPG003,5.55,5.55X1.35
1021,AE210,411035,41590586,377130706C,MNG244,2007-04-01,PLC001,AEC004,IPG003,5.55,5.55X1.35
1022,AE210,411036,41590586,377130706C,MNG244,2007-04-01,PLC002,AEC004,IPG003,5.55,5.55X1.35
1023,AE210,411037,41590586,377130706C,MNG244,2007-04-01,PLC002,AEC004,IPG003,5.55,5.55X1.35
1024,AE210,99920150442,41590259,376161847D,MNG244,1990-01-01,PLC000,AEC000,IPG000,0, 
1025,AE210,99920150444,41590259,376161847D,MNG244,1990-01-01,PLC000,AEC000,IPG000,0, 
1026,AE210,99920150054,41590256,376162202A,MNG244,1990-01-01,PLC000,AEC000,IPG000,0, 
1027,AE210,99920150055,41590256,376162201D,MNG244,1990-01-01,PLC000,AEC000,IPG000,0, 
1028,AE210,99920150069,41590256,376162120D,MNG244,1990-01-01,PLC000,AEC000,IPG000,0, 
1029,AE210,100022,41590253,376160948C,MNG244,2001-01-01,PLC002,AEC004,IPG004,5,사각형3.60X2.20
1030,AE210,100064,41590253,376160489D,MNG244,1900-01-01,PLC001,AEC004,IPG001,2,사각형1.10X1.70
1031,AE210,99920150862,41590320,376160396D,MNG244,1990-01-01,PLC000,AEC000,IPG000,0, 
1032,AE210,8.89E+11,41590259,376161482D,MNG244,2016-01-01,PLC002,AEC014,IPG011,0,2100X460(6)
1033,AE210,8.89E+11,41590259,376161481C,MNG244,2016-01-01,PLC001,AEC014,IPG010,0,1050X260(5)
1034,AE210,99920151139,41590340,376150577C,MNG244,1990-01-01,PLC000,AEC000,IPG000,0, 
1035,AE210,99920151008,41590330,376160623A,MNG244,1990-01-01,PLC000,AEC000,IPG000,0, 
1036,AE210,99920151011,41590330,376160622B,MNG244,1990-01-01,PLC000,AEC000,IPG000,0, 
1037,AE210,99920150786,41590310,376122300C,MNG244,1990-01-01,PLC000,AEC000,IPG000,0, 
1038,AE210,99920150783,41590310,376122300A,MNG244,1990-01-01,PLC000,AEC000,IPG000,0, 
1039,AE210,8.89E+11,41590259,376161463D,MNG244,2016-01-01,PLC001,AEC014,IPG011,0,1150X260(6)
1040,AE210,2.12E+11,41590370,376161845C,MNG244,2011-06-01,PLC001,AEC006,IPG001,0,1.2X1.1
1041,AE210,5.11E+11,41590600,377130768D,MNG244,2014-01-01,PLC001,AEC004,IPG003,7.4,3.7x1.35
1042,AE210,411089,41590587,377130283A,MNG244,2007-04-01,PLC002,AEC004,IPG003,5.55,5.55X1.35
1043,AE210,9.00E+13,41590000,377130821C,MNG305,2016-01-01,PLC002,AEC002,IPG999,6.5,0.6X0.8
1841,AE210,99920150478,41590370,376161743D,MNG244,1990-01-01,PLC000,AEC000,IPG000,0, 
1842,AE210,99920150296,41590259,376161441D,MNG244,1990-01-01,PLC000,AEC000,IPG000,0, 
1843,AE210,99920150676,41590590,377130269B,MNG244,1990-01-01,PLC000,AEC000,IPG000,0, 
1844,AE210,500158,41590530,377130198D,MNG244,1900-01-01,PLC002,AEC004,IPG002,5.2,사각형3.6×2.2
1845,AE210,99920150299,41590259,376161437C,MNG244,1990-01-01,PLC000,AEC000,IPG000,0, 
1846,AE210,5.32E+11,41590350,376150926C,MNG244,2015-01-01,PLC001,AEC004,IPG003,5.41,4.5X1.4
1847,AE210,8.89E+11,41590259,376161462C,MNG244,2016-01-01,PLC002,AEC014,IPG010,0,1050X260(5)
1848,AE210,8.89E+11,41590259,376161462C,MNG244,2016-01-01,PLC001,AEC014,IPG010,0,2000X450(5)
1849,AE210,8.89E+11,41590259,376161462C,MNG244,2016-01-01,PLC001,AEC014,IPG010,0,1650X450(5)
1850,AE210,2.22E+13,41590320,376160209D,MNG244,2017-10-20,PLC003,AEC005,IPG002,5,3.0X2.25
1851,AE210,99920171007,41590340,376122211D,MNG244,2017-01-01,PLC003,AEC999,IPG005,5.5,5.60X2.80+3.30X2.80
1852,AE210,99920171004,41590340,376122211B,MNG244,2017-01-01,PLC001,AEC003,IPG002,5,3.0X2.0
1853,AE210,99920171005,41590340,376122211B,MNG244,2017-01-01,PLC001,AEC004,IPG002,5,4.45X2.2
1854,AE210,99920171006,41590340,376122211B,MNG244,2017-01-01,PLC002,AEC004,IPG002,5,4.45X2.2
1855,AE210,9.00E+13,41590000,377130720B,MNG305,2016-01-01,PLC001,AEC004,IPG003,5.55,1.35X5.0
1856,AE210,9.00E+13,41590000,377130833B,MNG305,2016-01-01,PLC002,AEC001,IPG002,10,5.0X4.0
1857,AE210,9.00E+13,41590000,377130833B,MNG305,2016-01-01,PLC001,AEC004,IPG003,5,5.55X1.35
1858,AE210,9.00E+13,41590000,377130833B,MNG305,2016-01-01,PLC002,AEC004,IPG003,5,5.55X1.35
1859,AE210,9.00E+13,41590000,377130831D,MNG305,2016-01-01,PLC002,AEC007,IPG999,7,0.6X0.8
1860,AE210,9.00E+13,41590000,377130821C,MNG305,2016-01-01,PLC002,AEC004,IPG003,5,5.55X1.45
1861,AE210,9.00E+13,41590000,377130720D,MNG305,2016-01-01,PLC002,AEC004,IPG002,5.5,4.45X2.2
1862,AE210,9.00E+13,41590000,377130200D,MNG305,2016-01-01,PLC001,AEC002,IPG003,5,5.55X1.35
1863,AE210,9.00E+13,41590000,377130720B,MNG305,2016-01-01,PLC002,AEC004,IPG003,5.55,1.35X5.0
1864,AE210,9.00E+13,41590000,377130831D,MNG305,2016-01-01,PLC001,AEC004,IPG003,5,5.55X1.35
1865,AE210,99920150546,41590256,376161281A,MNG244,1990-01-01,PLC000,AEC000,IPG000,0, 
1866,AE210,8.22E+13,41590350,376150976B,MNG244,2017-12-31,PLC001,AEC004,IPG002,5,3.0X2.0
1867,AE210,8.22E+13,41590350,376150975B,MNG244,2017-12-31,PLC002,AEC004,IPG002,5,3.0X2.0
1868,AE210,100067,41590253,376160499B,MNG244,1900-01-01,PLC001,AEC006,IPG001,1.5,오각형0.26X0.44
1869,AE210,99920150134,41590400,376162015D,MNG244,1990-01-01,PLC000,AEC000,IPG000,0, 
1870,AE210,99920151132,41590340,376150577D,MNG244,1990-01-01,PLC000,AEC000,IPG000,0, 
1871,AE210,99920151135,41590340,376150577D,MNG244,1990-01-01,PLC000,AEC000,IPG000,0, 
1872,AE210,99920151136,41590340,376150577D,MNG244,1990-01-01,PLC000,AEC000,IPG000,0, 
1873,AE210,8.89E+11,41590259,376161461C,MNG135,2011-03-09,PLC002,AEC004,IPG002,0,4.0*2.5
1874,AE210,99920150025,41590370,376162331A,MNG244,1990-01-01,PLC000,AEC000,IPG000,0, 
1875,AE210,8.89E+11,41590259,376161482D,MNG244,2016-01-01,PLC002,AEC014,IPG011,0,900X260(5)
1876,AE210,8.89E+11,41590259,376161482D,MNG244,2016-01-01,PLC002,AEC014,IPG011,0,2000X450(5)
1877,AE210,99920150127,41590400,376162017B,MNG244,1990-01-01,PLC000,AEC000,IPG000,0, 
1878,AE210,200006,41590360,376160817D,MNG244,1900-01-01,PLC001,AEC004,IPG004,2,3.6X2.2
1879,AE210,500078,41590520,377130177D,MNG244,1900-01-01,PLC002,AEC004,IPG002,5.2,사각형4.45×2.2
1880,AE210,100188,41590560,376160539D,MNG244,1900-01-01,PLC002,AEC003,IPG001,1.5,T형
1881,AE210,99920150804,41590360,376160825C,MNG244,1990-01-01,PLC000,AEC000,IPG000,0, 
1882,AE210,8.89E+11,41590259,376161464B,MNG244,2016-01-01,PLC001,AEC014,IPG011,0,1250X450(5)
1883,AE210,8.89E+11,41590259,376161463D,MNG244,2016-01-01,PLC001,AEC014,IPG011,0,950X260(6)
1884,AE210,8.89E+11,41590259,376161463D,MNG244,2016-01-01,PLC001,AEC014,IPG011,0,2000X450(5)
1885,AE210,9.99E+11,41590330,376160656C,MNG244,2016-11-01,PLC001,AEC004,IPG003,6,4.5*1.4
1886,AE210,500038,41590520,377130156C,MNG244,1900-01-01,PLC002,AEC007,IPG003,5.2,육각형0.9×0.5
1887,AE210,2.15E+11,41590588,377130803B,MNG244,2014-01-01,PLC002,AEC004,IPG003,6.5,4.5X2.0
1888,AE210,99920150829,41590262,376160744A,MNG244,1990-01-01,PLC000,AEC000,IPG000,0, 
1889,AE210,200071,41590259,376161442B,MNG244,1900-01-01,PLC001,AEC004,IPG002,5,5.0X2.5
1890,AE210,411065,41590587,377130281A,MNG244,2007-04-01,PLC002,AEC004,IPG003,5.55,5.55X1.35
2638,AE210,8.89E+11,41590259,376161482D,MNG244,2016-01-01,PLC001,AEC014,IPG010,0,2100X460(6)
2639,AE210,8.89E+11,41590259,376161482D,MNG244,2016-01-01,PLC002,AEC014,IPG011,0,1650X450(5)
2640,AE210,99920150110,41590410,377131142C,MNG244,1990-01-01,PLC000,AEC000,IPG000,0, 
2641,AE210,99920150072,41590256,376162120D,MNG244,1990-01-01,PLC000,AEC000,IPG000,0, 
2642,AE210,99920150738,41590310,376160501A,MNG244,1990-01-01,PLC000,AEC000,IPG000,0, 
2643,AE210,2.12E+11,41590360,376161404D,MNG244,2014-06-01,PLC001,AEC004,IPG004,2.3,1.6X0.6
2644,AE210,8.89E+11,41590259,376161482D,MNG244,2016-01-01,PLC001,AEC014,IPG011,0,2000X450(5)
2645,AE210,2.12E+11,41590370,376161845C,MNG244,2011-06-01,PLC001,AEC004,IPG003,4.5,3.5X1.0
2646,AE210,2.12E+11,41590370,376161845C,MNG244,2011-06-01,PLC002,AEC004,IPG004,0,1.5X0.6
2647,AE210,2.12E+11,41590370,376161845C,MNG244,2011-06-01,PLC001,AEC004,IPG003,4.5,3.5X1.0
2648,AE210,500152,41590570,377130192C,MNG244,1900-01-01,PLC002,AEC011,IPG001,2,사각형1.1×1.7
2649,AE210,100223,41590570,376160500A,MNG244,1900-01-01,PLC001,AEC005,IPG001,2,사각형1.10X1.70
2650,AE210,99920150024,41590370,376162341A,MNG244,1990-01-01,PLC000,AEC000,IPG000,0, 
2651,AE210,99920150026,41590370,376162331D,MNG244,1990-01-01,PLC000,AEC000,IPG000,0, 
2652,AE210,99920150036,41590370,376162246C,MNG244,1990-01-01,PLC000,AEC000,IPG000,0, 
2653,AE210,99920150956,41590262,376160242A,MNG244,1990-01-01,PLC000,AEC000,IPG000,0, 
2654,AE210,99920150957,41590262,376160241A,MNG244,1990-01-01,PLC000,AEC000,IPG000,0, 
2655,AE210,100222,41590570,376160500A,MNG244,1900-01-01,PLC002,AEC006,IPG001,2,사각형1.20X1.10
2656,AE210,1.21E+13,41590540,377130170C,MNG244,2017-12-01,PLC001,AEC004,IPG002,5,4.5X1.4
2657,AE210,1.21E+13,41590520,377130261A,MNG244,2017-12-01,PLC001,AEC004,IPG002,5,4.5X1.4
2658,AE210,8.89E+11,41590259,376161463C,MNG244,2016-01-01,PLC001,AEC014,IPG011,0,2100X450(6)
2659,AE210,99920150408,41590360,376160981C,MNG244,1990-01-01,PLC000,AEC000,IPG000,0, 
2660,AE210,8.89E+11,41590259,376161464C,MNG244,2016-01-01,PLC002,AEC014,IPG010,0,950X260(6)
2661,AE210,2.15E+11,41590588,377130804D,MNG244,2014-01-01,PLC001,AEC002,IPG003,6.5,4.5X2.0
2662,AE210,8.89E+11,41590259,376161464B,MNG244,2016-01-01,PLC002,AEC014,IPG011,0,950X260(6)
2663,AE210,99920150138,41590400,376161964C,MNG244,1990-01-01,PLC000,AEC000,IPG000,0, 
2664,AE210,99920150139,41590400,376161964C,MNG244,1990-01-01,PLC000,AEC000,IPG000,0, 
2665,AE210,99920150140,41590400,376161963B,MNG244,1990-01-01,PLC000,AEC000,IPG000,0, 
2666,AE210,99920150153,41590400,376161943D,MNG244,1990-01-01,PLC000,AEC000,IPG000,0, 
2667,AE210,8.89E+11,41590259,376161454D,MNG244,2016-01-01,PLC002,AEC014,IPG011,0,1300X260(6)
2668,AE210,8.89E+11,41590259,376161454D,MNG244,2016-01-01,PLC002,AEC014,IPG011,0,950X260(6)
2669,AE210,9.99E+11,41590330,376160665D,MNG244,2016-11-01,PLC002,AEC004,IPG003,6,3.7*1.4
2670,AE210,9.99E+11,41590330,376160666C,MNG244,2016-11-01,PLC002,AEC004,IPG003,6,3.7*1.4
2671,AE210,9.99E+11,41590330,376160666C,MNG244,2016-11-01,PLC001,AEC004,IPG003,6,4.5*1.4
2672,AE210,9.99E+11,41590330,376160666C,MNG244,2016-11-01,PLC001,AEC004,IPG003,6,4.5*1.4
2673,AE210,9.99E+11,41590330,376160664C,MNG244,2016-11-01,PLC001,AEC004,IPG003,6,3.7*1.4
2674,AE210,9.99E+11,41590330,376160664C,MNG244,2016-11-01,PLC002,AEC004,IPG003,6,3.7*1.4
2675,AE210,9.99E+11,41590330,376160664C,MNG244,2016-11-01,PLC001,AEC004,IPG003,6,4.5*1.4
2676,AE210,99920150571,41590370,376161224B,MNG244,1990-01-01,PLC000,AEC000,IPG000,0, 
2677,AE210,99920150017,41590590,377130392B,MNG244,1990-01-01,PLC000,AEC000,IPG000,0, 
2678,AE210,99920150018,41590590,377130392B,MNG244,1990-01-01,PLC000,AEC000,IPG000,0, 
2679,AE210,99920150020,41590588,377130392B,MNG244,1990-01-01,PLC000,AEC000,IPG000,0, 
2680,AE210,8.89E+11,41590259,376161472B,MNG244,2016-01-01,PLC001,AEC004,IPG003,5,3700X1400
2681,AE210,8.89E+11,41590259,376161463C,MNG244,2016-01-01,PLC001,AEC004,IPG003,5,3700X1400
2682,AE210,100183,41590253,376160597B,MNG244,2003-01-01,PLC001,AEC004,IPG002,5,사각형3.60X2.20
2683,AE210,200099,41590400,376162025A,MNG244,1900-01-01,PLC002,AEC004,IPG004,2,5.0X2.5
2684,AE210,411182,41590585,377130276D,MNG244,2007-04-01,PLC001,AEC004,IPG003,5.55,3.70X1.35
2685,AE210,100002,41590253,376160977A,MNG244,1900-01-01,PLC002,AEC006,IPG001,1.5,오각형0.26X0.44
2686,AE210,100164,41590253,376160512D,MNG244,1900-01-01,PLC001,AEC003,IPG001,1.5,T형
2687,AE210,401012,41590259,376161441A,MNG244,2004-07-31,PLC001,AEC004,IPG002,10,5mX2.5m
2688,AE210,100094,41590410,376161068B,MNG244,1900-01-01,PLC001,AEC004,IPG002,5,사각형3.60X2.20
2689,AE210,200012,41590360,376160870B,MNG244,2001-01-01,PLC001,AEC004,IPG002,5,3.6X2.2
268,AE210,8.89E+11,41590259,376161465C,MNG244,2016-01-01,PLC002,AEC014,IPG011,0,700X260(5)
269,AE210,426004,41590253,376160565B,MNG244,2008-07-24,PLC002,AEC004,IPG003,5.2,1850*1350*3
270,AE210,426005,41590253,376160565C,MNG244,2008-07-24,PLC002,AEC004,IPG002,5.5,4000*2500
271,AE210,99920150468,41590370,376161760D,MNG244,1990-01-01,PLC000,AEC000,IPG000,0, 
272,AE210,99920150095,41590256,376161689B,MNG244,1990-01-01,PLC000,AEC000,IPG000,0, 
273,AE210,99920150087,41590256,376161696A,MNG244,1990-01-01,PLC000,AEC000,IPG000,0, 
274,AE210,8.89E+11,41590259,376161463C,MNG244,2016-01-01,PLC001,AEC014,IPG011,0,1150X260(6)
275,AE210,8.89E+11,41590259,376161463C,MNG244,2016-01-01,PLC001,AEC014,IPG011,0,2100X450(6)
276,AE210,99920151073,41590350,376151032C,MNG244,1990-01-01,PLC000,AEC000,IPG000,0, 
277,AE210,99920151072,41590350,376151032A,MNG244,1990-01-01,PLC000,AEC000,IPG000,0, 
278,AE210,8.89E+11,41590259,376161491C,MNG244,2016-01-01,PLC002,AEC014,IPG010,0,950X260(6)
279,AE210,8.89E+11,41590259,376161491C,MNG244,2016-01-01,PLC002,AEC014,IPG010,0,900X260(5)
280,AE210,8.89E+11,41590259,376161491C,MNG244,2016-01-01,PLC002,AEC014,IPG010,0,700X260(5)
281,AE210,8.89E+11,41590259,376161482C,MNG244,2016-01-01,PLC002,AEC014,IPG010,0,900X260(5)
282,AE210,8.89E+11,41590256,376161735A,MNG244,2010-01-01,PLC001,AEC999,IPG001,0,"어린이보호구역,30Km"
283,AE210,8.89E+11,41590256,376161735A,MNG244,2010-01-01,PLC002,AEC999,IPG001,0,어린이보호구역해제
284,AE210,8.89E+11,41590259,376161300B,MNG244,2016-01-01,PLC002,AEC004,IPG003,5,3700X1400
285,AE210,8.89E+11,41590259,376161390D,MNG244,2016-01-01,PLC002,AEC004,IPG003,5,3700X1400
286,AE210,8.89E+11,41590259,376161491A,MNG244,2016-01-01,PLC001,AEC004,IPG003,5,4500X1400
287,AE210,8.89E+11,41590259,376161491A,MNG244,2016-01-01,PLC002,AEC004,IPG003,5,5550X1350
288,AE210,500099,41590570,377130184D,MNG244,1900-01-01,PLC001,AEC004,IPG002,5.2,사각형3.0×2.0
289,AE210,8.89E+11,41590259,376161481D,MNG244,2016-01-01,PLC002,AEC014,IPG011,0,2000X450(5)
290,AE210,8.89E+11,41590259,376161481D,MNG244,2016-01-01,PLC002,AEC014,IPG011,0,1150X260(6)
291,AE210,8.89E+11,41590259,376161471D,MNG244,2016-01-01,PLC001,AEC014,IPG010,0,700X260(5)
292,AE210,8.89E+11,41590259,376161471D,MNG244,2016-01-01,PLC001,AEC014,IPG010,0,950X260(6)
293,AE210,9.99E+11,41590330,376160663A,MNG244,2016-11-01,PLC002,AEC004,IPG003,6,3.7*1.4
294,AE210,9.99E+11,41590330,376160653D,MNG244,2016-11-01,PLC001,AEC004,IPG003,6,3.7*1.4
295,AE210,2.12E+11,41590330,376160634C,MNG244,2013-06-01,PLC002, ,IPG003,10,1.05x0.26
296,AE210,2.16E+11,41590570,377130155A,MNG244,2017-08-03,PLC001,AEC004,IPG002,5,3.0X2.0
297,AE210,2.16E+11,41590570,377130155A,MNG244,2017-08-03,PLC001,AEC004,IPG002,5,3.0X2.0
298,AE210,8.89E+11,41590259,376161463A,MNG244,2016-01-01,PLC002,AEC014,IPG011,0,1150X260(6)
299,AE210,100100,41590410,376161076B,MNG244,1900-01-01,PLC002,AEC005,IPG001,2.5,사각형1.10X1.70
300,AE210,99920150692,41590310,376160420A,MNG244,1990-01-01,PLC000,AEC000,IPG000,0, 
301,AE210,99920150693,41590310,376160420A,MNG244,1990-01-01,PLC000,AEC000,IPG000,0, 
302,AE210,200065,41590259,376161532C,MNG244,1900-01-01,PLC001,AEC004,IPG002,5,5.0X2.5
303,AE210,99920150604,41590360,376160866D,MNG244,1990-01-01,PLC000,AEC000,IPG000,0, 
304,AE210,5.32E+11,41590350,376150936A,MNG244,2015-01-01,PLC002,AEC004,IPG003,5.41,4.5X1.4
305,AE210,5.32E+11,41590350,376150925C,MNG244,2015-01-01,PLC001,AEC004,IPG003,5.4,3.7X1.4
306,AE210,426014,41590253,376160561C,MNG244,2008-07-24,PLC002,AEC004,IPG003,5.2,1850*1350*2
307,AE210,426015,41590253,376160561C,MNG244,2008-07-24,PLC002,AEC004,IPG002,5.5, 
308,AE210,426016,41590253,376160561C,MNG244,2008-07-24,PLC001,AEC004,IPG003,5.2,1850*1350*2
309,AE210,2.15E+11,41590588,377130804D,MNG244,2014-01-01,PLC001,AEC002,IPG003,6.5,4.5X2.0
310,AE210,2.15E+11,41590588,377130804D,MNG244,2014-01-01,PLC002,AEC002,IPG003,6.5,4.5X2.0
311,AE210,99920150684,41590360,376160858B,MNG244,1990-01-01,PLC000,AEC000,IPG000,0, 
312,AE210,99920151134,41590340,376150577A,MNG244,1990-01-01,PLC000,AEC000,IPG000,0, 
313,AE210,5.32E+11,41590350,376150946B,MNG244,2015-01-01,PLC001,AEC004,IPG003,5.41,4.5X1.4
314,AE210,99920150209,41590259,376161819B,MNG244,1990-01-01,PLC000,AEC000,IPG000,0, 
315,AE210,2.22E+13,41590550,377130251B,MNG409,2019-12-01,PLC001,AEC004,IPG002,7.5,4.2x2.2
316,AE210,100059,41590253,376160470C,MNG244,1900-01-01,PLC002,AEC004,IPG002,5,사각형5.00X2.50
1044,AE210,200104,41590400,376161939B,MNG244,1900-01-01,PLC001,AEC004,IPG002,5,3.6X2.2
1045,AE210,99920151054,41590350,376151063A,MNG244,1990-01-01,PLC000,AEC000,IPG000,0, 
1046,AE210,99920150950,41590262,376160257C,MNG244,1990-01-01,PLC000,AEC000,IPG000,0, 
1047,AE210,200072,41590259,376161442B,MNG244,1900-01-01,PLC002,AEC004,IPG002,5,5.0X2.5
1048,AE210,200025,41590360,376160880D,MNG244,1900-01-01,PLC001,AEC004,IPG002,5,3.6X2.2
1049,AE210,500060,41590520,377130168D,MNG244,1900-01-01,PLC002,AEC004,IPG002,5.2,사각형4.45×2.2
1050,AE210,200077,41590259,376161548C,MNG244,1900-01-01,PLC001,AEC004,IPG002,5,3.6X2.2
1051,AE210,100149,41590310,376160511B,MNG244,1900-01-01,PLC001,AEC004,IPG002,5,사각형3.60X2.20
1052,AE210,100210,41590253,376160565B,MNG244,2001-01-01,PLC001,AEC004,IPG002,5,사각형4.45X2.20
1053,AE210,500098,41590570,377130185D,MNG244,1900-01-01,PLC002,AEC004,IPG002,5.2,사각형3.6×2.2
1054,AE210,500025,41590530,377130199B,MNG244,1900-01-01,PLC001,AEC004,IPG002,5.2,사각형1.3×2.0
1055,AE210,8.89E+11,41590259,376161472C,MNG244,2016-01-01,PLC001,AEC014,IPG010,0,900X260(5)
1056,AE210,8.89E+11,41590259,376161472D,MNG244,2016-01-01,PLC002,AEC014,IPG011,0,1920X450(4)
1057,AE210,8.89E+11,41590259,376161472D,MNG244,2016-01-01,PLC002,AEC014,IPG011,0,1150X260(6)
1058,AE210,8.89E+11,41590259,376161472D,MNG244,2016-01-01,PLC002,AEC014,IPG010,0,1050X260(5)
1059,AE210,8.89E+11,41590259,376161472D,MNG244,2016-01-01,PLC001,AEC014,IPG011,0,1050X260(5)
1060,AE210,411083,41590587,377130272B,MNG244,2007-04-01,PLC002,AEC004,IPG003,5.55,3.70X1.35
1061,AE210,99920150412,41590360,376160899C,MNG244,1990-01-01,PLC000,AEC000,IPG000,0, 
1062,AE210,8.89E+11,41590259,376161435A,MNG244,2009-01-01,PLC002,AEC005,IPG001,0, 
1063,AE210,8.89E+11,41590259,376161435A,MNG244,2009-01-01,PLC002,AEC004,IPG002,5,3.6*2.2
1064,AE210,2.15E+11,41590590,377130392B,MNG244,2014-01-01,PLC002,AEC004,IPG003,6.5,4.5X2.0
1065,AE210,99920150146,41590400,376161948C,MNG244,1990-01-01,PLC000,AEC000,IPG000,0, 
1066,AE210,99920150144,41590400,376161948B,MNG244,1990-01-01,PLC000,AEC000,IPG000,0, 
1067,AE210,2.15E+11,41590590,377130381B,MNG244,2014-01-01,PLC001,AEC002,IPG003,6.5,4.5X2.0
1068,AE210,8.89E+11,41590259,376161465C,MNG244,2016-01-01,PLC002,AEC014,IPG011,0,950X260(6)
1069,AE210,8.89E+11,41590256,376161725C,MNG244,2010-01-01,PLC002,AEC004,IPG002,0,2방향(좌-삼괴중고등학교)(우-수원안
1070,AE210,402019,41590540,377130180C,MNG244,2006-06-20,PLC002,AEC004,IPG002,0, 
1071,AE210,402020,41590540,377130180D,MNG244,2006-06-20,PLC002,AEC004,IPG003,0, 
1072,AE210,402021,41590540,377130180C,MNG244,2006-06-20,PLC001,AEC004,IPG002,0, 
1073,AE210,500148,41590570,377130602A,MNG244,1900-01-01,PLC001,AEC011,IPG001,2,사각형3.6×2.2
1074,AE210,500177,41590410,376161040B,MNG244,2004-01-01,PLC002,AEC011,IPG001,2,사각형1.1×1.7
1075,AE210,100206,41590253,376160576B,MNG244,1900-01-01,PLC001,AEC004,IPG003,5,사각형3.70X1.35
1076,AE210,8.89E+11,41590259,376161464B,MNG244,2016-01-01,PLC002,AEC014,IPG011,0,1250X450(5)
1077,AE210,99920150409,41590360,376160981B,MNG244,1990-01-01,PLC000,AEC000,IPG000,0, 
1078,AE210,8.89E+11,41590259,376161390D,MNG244,2016-01-01,PLC002,AEC014,IPG011,0,2000X450(5)
1079,AE210,8.89E+11,41590259,376161390D,MNG244,2016-01-01,PLC001,AEC014,IPG010,0,1650X450(5)
1080,AE210,2.15E+11,41590588,377130391B,MNG244,2014-01-01,PLC001,AEC004,IPG003,6.5,4.5X2.0
1081,AE210,2.11E+11,41590550,377130243D,MNG244,2015-01-01,PLC002,AEC004,IPG003,5,5.55X1.35
1082,AE210,426022,41590253,376160582B,MNG244,2008-07-24,PLC001,AEC004,IPG003,5.2,1850*1350*2
1083,AE210,426023,41590253,376160573C,MNG244,2008-07-24,PLC001,AEC004,IPG002,5.5,4000*2500
1084,AE210,426024,41590253,376160573A,MNG244,2008-07-24,PLC002,AEC004,IPG003,5.2,1850*1350*2
1085,AE210,426025,41590253,376160573A,MNG244,2008-07-24,PLC002,AEC004,IPG003,5.2,1850*1350*2
1086,AE210,9.99E+11,41590330,376160656C,MNG244,2016-11-01,PLC001,AEC004,IPG003,6,4.5*1.4
1087,AE210,99920150032,41590370,376162311A,MNG244,1990-01-01,PLC000,AEC000,IPG000,0, 
1088,AE210,99920150092,41590256,376161690C,MNG244,1990-01-01,PLC000,AEC000,IPG000,0, 
1089,AE210,99920150094,41590256,376161689B,MNG244,1990-01-01,PLC000,AEC000,IPG000,0, 
1090,AE210,8.89E+11,41590259,376161473B,MNG244,2016-01-01,PLC001,AEC014,IPG011,0,1150X260(6)
1091,AE210,99920151157,41590340,376150566B,MNG244,1990-01-01,PLC000,AEC000,IPG000,0, 
1092,AE210,8.89E+11,41590259,376161465A,MNG244,2016-01-01,PLC001,AEC014,IPG011,0,700X260(5)
1093,AE210,99920150566,41590370,376161239C,MNG244,1990-01-01,PLC000,AEC000,IPG000,0, 
1094,AE210,99920150635,41590600,377130768A,MNG244,1990-01-01,PLC000,AEC000,IPG000,0, 
1095,AE210,99920150115,41590400,376162039C,MNG244,1990-01-01,PLC000,AEC000,IPG000,0, 
1096,AE210,8.89E+11,41590259,376161462D,MNG244,2016-01-01,PLC002,AEC004,IPG003,5,3700X1400
1097,AE210,500147,41590570,377130191D,MNG244,1900-01-01,PLC002,AEC011,IPG001,2,사각형1.1×1.7
1891,AE210,8.89E+11,41590259,376161482C,MNG244,2016-01-01,PLC002,AEC014,IPG018,0,900X260(5)
1892,AE210,8.89E+11,41590259,376161481D,MNG244,2016-01-01,PLC001,AEC014,IPG011,0,2000X450(5)
1893,AE210,8.89E+11,41590259,376161481C,MNG244,2016-01-01,PLC002,AEC004,IPG003,5,5550X1350
1894,AE210,8.89E+11,41590259,376161481C,MNG244,2016-01-01,PLC001,AEC004,IPG003,5,4500X1400
1895,AE210,8.89E+11,41590259,376161491A,MNG244,2016-01-01,PLC001,AEC004,IPG003,5,5500X1350
1896,AE210,411012,41590586,377130727C,MNG244,2007-04-01,PLC001,AEC004,IPG003,5.55,3.70X1.35
1897,AE210,411013,41590586,377130726D,MNG244,2007-04-01,PLC001,AEC004,IPG003,5.55,3.70X1.35
1898,AE210,411014,41590586,377130726D,MNG244,2007-04-01,PLC002,AEC004,IPG003,5.55,3.70X1.35
1899,AE210,411015,41590586,377130726D,MNG244,2007-04-01,PLC002,AEC004,IPG003,5.55,3.70X1.35
1900,AE210,2.15E+11,41590590,377130391A,MNG244,2014-01-01,PLC002,AEC004,IPG002,6.5,4.5x2.0
1901,AE210,426040,41590253,376160562B,MNG244,2008-07-24,PLC002,AEC004,IPG003,5.2,1850*1350*3
1902,AE210,2.15E+11,41590600,377130718B,MNG244,2014-01-01,PLC002,AEC004,IPG003,6.5,4.5X2.0
1903,AE210,2.15E+11,41590600,377130728B,MNG244,2014-01-01,PLC001,AEC004,IPG002,5,3.0X2.0
1904,AE210,2.15E+11,41590590,377130278D,MNG244,2014-01-01,PLC002,AEC002,IPG005,5,3.6X2.2
1905,AE210,2.12E+11,41590256,376161266B,MNG244,2010-01-01,PLC002,AEC004,IPG002,5,4.45x2.20
1906,AE210,99920150239,41590259,376161485D,MNG244,1990-01-01,PLC000,AEC000,IPG000,0, 
1907,AE210,99920150632,41590600,377130768C,MNG244,1990-01-01,PLC000,AEC000,IPG000,0, 
1908,AE210,8.89E+11,41590259,376161491B,MNG244,2016-01-01,PLC001,AEC014,IPG010,0,1150X260(6)
1909,AE210,8.89E+11,41590259,376161484A,MNG244,2016-01-01,PLC002,AEC014,IPG011,0,1250X450(5)
1910,AE210,99920150513,41590360,376161377A,MNG244,1990-01-01,PLC000,AEC000,IPG000,0, 
1911,AE210,5.11E+11,41590600,377130749C,MNG244,2014-01-01,PLC002,AEC004,IPG003,7.4,5.55x1.35
1912,AE210,5.11E+11,41590600,377130749A,MNG244,2014-01-01,PLC002,AEC004,IPG003,7.4,5.55x1.35/1.80x0.60
1913,AE210,8.89E+11,41590259,376161464B,MNG244,2016-01-01,PLC001,AEC014,IPG011,0,950X260(6)
1914,AE210,99920150921,41590262,376160282A,MNG244,1990-01-01,PLC000,AEC000,IPG000,0, 
1915,AE210,99920150923,41590262,376160281D,MNG244,1990-01-01,PLC000,AEC000,IPG000,0, 
1916,AE210,8.89E+11,41590259,376161481C,MNG244,2016-01-01,PLC001,AEC014,IPG011,0,1700X450(6)
1917,AE210,8.89E+11,41590259,376161482C,MNG244,2016-01-01,PLC002,AEC014,IPG010,0,900X260(5)
1918,AE210,99920151119,41590340,376150580C,MNG244,1990-01-01,PLC000,AEC000,IPG000,0, 
1919,AE210,500044,41590570,377130165D,MNG244,1900-01-01,PLC002,AEC004,IPG002,5.2,사각형4.0×2.85
1920,AE210,100176,41590253,376160551A,MNG244,1900-01-01,PLC001,AEC004,IPG002,5,사각형4.45X2.20
1921,AE210,500101,41590570,377130184D,MNG244,1900-01-01,PLC002,AEC004,IPG002,5.2,사각형3.6×2.2
1922,AE210,100195,41590570,376160588B,MNG244,1900-01-01,PLC002,AEC004,IPG004,2.1,사각형2.50X1.80
1923,AE210,200064,41590259,376161533D,MNG244,1900-01-01,PLC002,AEC006,IPG001,2,1.2X1.2
1924,AE210,99920150887,41590320,376160351A,MNG244,1990-01-01,PLC000,AEC000,IPG000,0, 
1925,AE210,99920150942,41590262,376160259B,MNG244,1990-01-01,PLC000,AEC000,IPG000,0, 
1926,AE210,99920150943,41590262,376160259B,MNG244,1990-01-01,PLC000,AEC000,IPG000,0, 
1927,AE210,99920150944,41590262,376160259A,MNG244,1990-01-01,PLC000,AEC000,IPG000,0, 
1928,AE210,99920150945,41590262,376160259A,MNG244,1990-01-01,PLC000,AEC000,IPG000,0, 
1929,AE210,99920150949,41590262,376160258D,MNG244,1990-01-01,PLC000,AEC000,IPG000,0, 
1930,AE210,99920150946,41590262,376160258C,MNG244,1990-01-01,PLC000,AEC000,IPG000,0, 
1931,AE210,99920150947,41590262,376160258C,MNG244,1990-01-01,PLC000,AEC000,IPG000,0, 
1932,AE210,300010,41590310,376122495C,MNG244,1900-01-01,PLC002,AEC004,IPG002,5,5.0X2.5
1933,AE210,300011,41590310,376122495C,MNG244,1900-01-01,PLC001,AEC004,IPG002,5,5.0X2.5
1934,AE210,99920151079,41590330,376151026C,MNG244,1990-01-01,PLC000,AEC000,IPG000,0, 
1935,AE210,99920151080,41590330,376151025D,MNG244,1990-01-01,PLC000,AEC000,IPG000,0, 
1936,AE210,8.89E+11,41590259,376161471D,MNG244,2016-01-01,PLC001,AEC014,IPG011,0,700X260(5)
1937,AE210,2.12E+11,41590256,376161169B,MNG244,2015-01-01,PLC002,AEC004,IPG002,5.8,3.6x2.2
1938,AE210,8.89E+11,41590259,376161424C,MNG244,2009-01-01,PLC001,AEC005,IPG001,1.9,1.1*1.7
1939,AE210,8.89E+11,41590259,376161424C,MNG244,2009-01-01,PLC002,AEC004,IPG002,5,3.6*2.2
1940,AE210,500017,41590410,377130661C,MNG244,1900-01-01,PLC001,AEC004,IPG004,5,사각형3.6×2.2
1941,AE210,200018,41590360,376160869B,MNG244,1900-01-01,PLC002,AEC004,IPG002,5,5.0X2.5
1942,AE210,9.99E+11,41590330,376160653B,MNG244,2016-11-01,PLC002,AEC004,IPG002,6.3,4.45*2.0
1943,AE210,8.89E+11,41590259,376161481D,MNG244,2016-01-01,PLC001,AEC014,IPG011,0,2000X450(5)
2690,AE210,8.89E+11,41590259,376161491A,MNG244,2016-01-01,PLC001,AEC014,IPG011,0,2100X450(6)
2691,AE210,2.15E+11,41590588,377130393A,MNG244,2014-01-01,PLC001,AEC004,IPG002,5.5,4.5X2.0
2692,AE210,2.15E+11,41590588,377130392B,MNG244,2014-01-01,PLC001,AEC004,IPG003,6.5,4.5X2.0
2693,AE210,2.15E+11,41590588,377130392B,MNG244,2014-01-01,PLC002,AEC004,IPG003,6.5,4.5X2.0
2694,AE210,8.89E+11,41590259,376161461C,MNG135,2011-03-09,PLC002,AEC004,IPG002,0,4.0*2.5
2695,AE210,8.89E+11,41590259,376161492B,MNG244,2016-01-01,PLC002,AEC004,IPG003,5,3700X1400
2696,AE210,8.89E+11,41590259,376161471C,MNG244,2016-01-01,PLC002,AEC014,IPG999,0,1050X260(5)
2697,AE210,1.22E+13,41590256,376162150C,MNG244,2017-09-10,PLC003,AEC004,IPG001,1.1,오각0.6X0.3X0.3
2698,AE210,1.22E+13,41590256,376162150C,MNG244,2017-09-10,PLC003,AEC004,IPG001,1.1,오각0.6X0.3X0.3
2699,AE210,8.89E+11,41590259,376161483B,MNG244,2016-01-01,PLC001,AEC004,IPG003,5,3700X1400
2700,AE210,8.89E+11,41590259,376161484A,MNG244,2016-01-01,PLC002,AEC004,IPG003,5,3700X1400
2701,AE210,8.89E+11,41590259,376161482C,MNG244,2016-01-01,PLC002,AEC004,IPG003,5,4500X1400
2702,AE210,8.89E+11,41590259,376161482C,MNG244,2016-01-01,PLC002,AEC004,IPG003,5,4500X1400
2703,AE210,8.89E+11,41590259,376161482C,MNG244,2016-01-01,PLC002,AEC004,IPG003,5,4500X1400
2704,AE210,99920150116,41590400,376162038C,MNG244,1990-01-01,PLC000,AEC000,IPG000,0, 
2705,AE210,99920150330,41590253,376161416B,MNG244,1990-01-01,PLC000,AEC000,IPG000,0, 
2706,AE210,99920150332,41590253,376161416B,MNG244,1990-01-01,PLC000,AEC000,IPG000,0, 
2707,AE210,2.11E+11,41590585,377130246D,MNG244,2013-12-01,PLC002,AEC004,IPG002,7.7,4.0x2.5
2708,AE210,99920150633,41590600,377130768C,MNG244,1990-01-01,PLC000,AEC000,IPG000,0, 
2709,AE210,8.89E+11,41590259,376161483C,MNG244,2016-01-01,PLC001,AEC001,IPG002,5,4000X400
2710,AE210,8.89E+11,41590259,376161462C,MNG244,2016-01-01,PLC001,AEC001,IPG002,5,3000X3000
2711,AE210,8.89E+11,41590259,376161454D,MNG244,2016-01-01,PLC001,AEC001,IPG002,5,3000X3000
2712,AE210,8.89E+11,41590259,376161473C,MNG244,2016-01-01,PLC002,AEC014,IPG011,0,700X260(5)
2713,AE210,402009,41590540,377130271A,MNG244,2006-06-20,PLC001,AEC004,IPG003,0, 
2714,AE210,500027,41590520,377130129C,MNG244,1900-01-01,PLC002,AEC003,IPG002,5.2,사각형3.6×2.2
2715,AE210,99920151149,41590340,376150566B,MNG244,1990-01-01,PLC000,AEC000,IPG000,0, 
2716,AE210,99920150290,41590259,376161441C,MNG244,1990-01-01,PLC000,AEC000,IPG000,0, 
2717,AE210,2.15E+11,41590588,377130392A,MNG244,2014-01-01,PLC001,AEC004,IPG002,5.5,4.5X2.0
2718,AE210,500156,41590570,377130193C,MNG244,1900-01-01,PLC001,AEC004,IPG002,5.2,사각형3.6×2.2
2719,AE210,100104,41590410,376161068C,MNG244,1900-01-01,PLC001,AEC004,IPG004,5,사각형3.60X2.20
2720,AE210,100045,41590253,376160918B,MNG244,1900-01-01,PLC001,AEC004,IPG002,5,사각형3.60X2.20
2721,AE210,200066,41590259,376161532D,MNG244,1900-01-01,PLC001,AEC005,IPG001,2,1.2X1.6
2722,AE210,100180,41590253,376160542C,MNG244,1900-01-01,PLC002,AEC004,IPG001,2,사각형1.00X1.80
2723,AE210,8.89E+11,41590259,376161472D,MNG244,2016-01-01,PLC002,AEC014,IPG011,0,900X260(5)
2724,AE210,411176,41590585,377130283B,MNG244,2007-04-01,PLC002,AEC004,IPG003,5.55,5.55X1.35
2725,AE210,5.11E+11,41590600,377130757B,MNG244,2014-01-01,PLC002,AEC004,IPG003,7.4,5.55x1.35
2726,AE210,8.89E+11,41590259,376161464D,MNG244,2016-01-01,PLC001,AEC014,IPG011,0,950X260(6)
2727,AE210,8.89E+11,41590259,376161465A,MNG244,2016-01-01,PLC001,AEC014,IPG011,0,1700X450(6)
2728,AE210,100093,41590410,376161068A,MNG244,1900-01-01,PLC002,AEC004,IPG002,5,사각형3.60X2.20
2729,AE210,2.12E+11,41590370,376161726B,MNG244,2015-01-01,PLC001,AEC004,IPG002,5.8,4.45X2.2/1.8X0.6
2730,AE210,2.12E+11,41590370,376161726B,MNG244,2015-01-01,PLC002,AEC004,IPG002,5.8,3.6X2.2/1.8X0.6
2731,AE210,2.12E+11,41590370,376161726D,MNG244,2015-01-01,PLC001,AEC004,IPG002,5.8,3.6X2.2/1.8X0.6
2732,AE210,8.89E+11,41590259,376161463B,MNG244,2016-01-01,PLC002,AEC014,IPG010,0,1150X260(6)
2733,AE210,2.12E+11,41590370,376161268D,MNG244,2010-01-01,PLC002,AEC004,IPG002,4,3.0x2.0
2734,AE210,2.12E+11,41590330,376160623B,MNG244,2013-06-01,PLC001, ,IPG002,7.4,3.6x2.2
2735,AE210,8.89E+11,41590259,376161474A,MNG244,2016-01-01,PLC001,AEC014,IPG011,0,1150X260(6)
2736,AE210,8.89E+11,41590259,376161474A,MNG244,2016-01-01,PLC001,AEC014,IPG011,0,1150X260(6)
2737,AE210,99920150720,41590310,376160401A,MNG244,1990-01-01,PLC000,AEC000,IPG000,0, 
317,AE210,401022,41590259,376161441B,MNG244,2004-07-31,PLC001,AEC004,IPG002,10,5mX2.5m
318,AE210,300012,41590310,376122493D,MNG244,1900-01-01,PLC002,AEC004,IPG002,5,5.0X2.5
319,AE210,99920150977,41590262,376160150C,MNG244,1990-01-01,PLC000,AEC000,IPG000,0, 
320,AE210,8.89E+11,41590259,376161464C,MNG244,2016-01-01,PLC001,AEC014,IPG010,0,855X260(4)
321,AE210,8.89E+11,41590259,376161464C,MNG244,2016-01-01,PLC001,AEC014,IPG010,0,1250X350(6)
322,AE210,99920150083,41590370,376161793A,MNG244,1990-01-01,PLC000,AEC000,IPG000,0, 
323,AE210,99920150051,41590256,376162211A,MNG244,1990-01-01,PLC000,AEC000,IPG000,0, 
324,AE210,99920150052,41590256,376162211A,MNG244,1990-01-01,PLC000,AEC000,IPG000,0, 
325,AE210,99920150088,41590256,376161695C,MNG244,1990-01-01,PLC000,AEC000,IPG000,0, 
326,AE210,99920150089,41590256,376161694D,MNG244,1990-01-01,PLC000,AEC000,IPG000,0, 
327,AE210,500150,41590570,377130191D,MNG244,1900-01-01,PLC002,AEC004,IPG002,5.2,사각형3.6×2.2
328,AE210,8.89E+11,41590259,376161463A,MNG244,2016-01-01,PLC001,AEC014,IPG011,0,1050X260(5)
329,AE210,8.89E+11,41590259,376161463A,MNG244,2016-01-01,PLC001,AEC014,IPG011,0,2000X450(5)
330,AE210,8.89E+11,41590259,376161463A,MNG244,2016-01-01,PLC001,AEC014,IPG011,0,2000X450(5)
331,AE210,8.89E+11,41590259,376161463A,MNG244,2016-01-01,PLC001,AEC014,IPG011,0,1150X260(6)
332,AE210,8.89E+11,41590259,376161463A,MNG244,2016-01-01,PLC002,AEC014,IPG011,0,1150X260(6)
333,AE210,8.89E+11,41590259,376161463A,MNG244,2016-01-01,PLC001,AEC014,IPG011,0,1050X260(5)
334,AE210,8.89E+11,41590259,376161463A,MNG244,2016-01-01,PLC002,AEC014,IPG011,0,1920X450(4)
335,AE210,2.15E+11,41590600,377130728D,MNG244,2014-01-01,PLC002,AEC004,IPG002,5,4.45X2.2
336,AE210,8.89E+11,41590259,376161463C,MNG244,2016-01-01,PLC001,AEC014,IPG011,0,1150X260(6)
337,AE210,8.89E+11,41590259,376161463C,MNG244,2016-01-01,PLC001,AEC014,IPG011,0,1050X260(5)
338,AE210,99920150545,41590256,376161281B,MNG244,1990-01-01,PLC000,AEC000,IPG000,0, 
339,AE210,99920150547,41590256,376161281B,MNG244,1990-01-01,PLC000,AEC000,IPG000,0, 
340,AE210,99920150543,41590256,376161281A,MNG244,1990-01-01,PLC000,AEC000,IPG000,0, 
341,AE210,100171,41590253,376160542A,MNG244,2005-01-01,PLC001,AEC002,IPG002,5,사각형3.60X2.20
342,AE210,100152,41590310,376160511B,MNG244,1900-01-01,PLC002,AEC004,IPG004,2,사각형3.60X2.20
343,AE210,99920150965,41590262,376160204B,MNG244,1990-01-01,PLC000,AEC000,IPG000,0, 
344,AE210,99920150961,41590320,376160209C,MNG244,1990-01-01,PLC000,AEC000,IPG000,0, 
345,AE210,99920150421,41590360,376160889D,MNG244,1990-01-01,PLC000,AEC000,IPG000,0, 
346,AE210,8.89E+11,41590259,376161474A,MNG244,2016-01-01,PLC001,AEC014,IPG011,0,1050X260(5)
347,AE210,2.12E+11,41590256,376162140D,MNG244,2013-01-01,PLC002,AEC004,IPG003,0,1.85X1.35X3EA
348,AE210,5.32E+11,41590350,376150935B,MNG244,2015-01-01,PLC002,AEC004,IPG003,5.41,4.5X1.4
349,AE210,99920150709,41590310,376160406A,MNG244,1990-01-01,PLC000,AEC000,IPG000,0, 
350,AE210,99920150267,41590259,376161469B,MNG244,1990-01-01,PLC000,AEC000,IPG000,0, 
351,AE210,99920150268,41590259,376161469A,MNG244,1990-01-01,PLC000,AEC000,IPG000,0, 
352,AE210,99920150285,41590259,376161447B,MNG244,1990-01-01,PLC000,AEC000,IPG000,0, 
353,AE210,99920150283,41590259,376161447A,MNG244,1990-01-01,PLC000,AEC000,IPG000,0, 
354,AE210,99920150284,41590259,376161447A,MNG244,1990-01-01,PLC000,AEC000,IPG000,0, 
355,AE210,9.99E+11,41590330,376160656C,MNG244,2016-11-01,PLC001,AEC004,IPG003,6,4.5*1.4
356,AE210,9.99E+11,41590330,376160656A,MNG244,2016-11-01,PLC001,AEC004,IPG003,6,4.5*1.4
357,AE210,99920150939,41590262,376160264C,MNG244,1990-01-01,PLC000,AEC000,IPG000,0, 
358,AE210,99920151181,41590340,376150515C,MNG244,1990-01-01,PLC000,AEC000,IPG000,0, 
359,AE210,99920150183,41590400,376161908D,MNG244,1990-01-01,PLC000,AEC000,IPG000,0, 
360,AE210,99920150106,41590256,376161678D,MNG244,1990-01-01,PLC000,AEC000,IPG000,0, 
361,AE210,8.89E+11,41590259,376161474A,MNG244,2016-01-01,PLC002,AEC014,IPG011,0,1050X260(5)
362,AE210,99920150863,41590320,376160396C,MNG244,1990-01-01,PLC000,AEC000,IPG000,0, 
363,AE210,99920150126,41590400,376162018A,MNG244,1990-01-01,PLC000,AEC000,IPG000,0, 
364,AE210,500063,41590540,377130170C,MNG244,1900-01-01,PLC002,AEC004,IPG002,5.2,3.7X1.35
365,AE210,9.99E+11,41590330,376160647B,MNG244,2016-11-01,PLC002,AEC004,IPG003,6,4.5*1.4
366,AE210,200116,41590400,376161949C,MNG244,1900-01-01,PLC002,AEC004,IPG004,2,1.6X1.2
367,AE210,99920150623,41590600,377130789B,MNG244,1990-01-01,PLC000,AEC000,IPG000,0, 
368,AE210,2.12E+11,41590253,376160523A,MNG244,2012-06-01,PLC001,AEC004,IPG002,0, 
369,AE210,2.12E+11,41590253,376160522B,MNG244,2012-06-01,PLC001,AEC004,IPG002,0, 
1098,AE210,411060,41590587,377130283C,MNG244,2007-04-01,PLC002,AEC004,IPG003,5.55,3.70X1.35
1099,AE210,411061,41590585,377130283C,MNG244,2007-04-01,PLC002,AEC004,IPG003,5.55,5.55X1.35
1100,AE210,411062,41590587,377130282D,MNG244,2007-04-01,PLC002,AEC004,IPG003,5.55,5.55X1.35
1101,AE210,411063,41590585,377130283B,MNG244,2007-04-01,PLC001,AEC004,IPG003,5.55,5.55X1.35
1102,AE210,2.12E+11,41590253,376160512B,MNG244,2012-06-01,PLC001,AEC999,IPG004,0, 
1103,AE210,2.12E+11,41590253,376160512B,MNG244,2012-06-01,PLC001,AEC999,IPG004,0, 
1104,AE210,2.12E+11,41590253,376160512A,MNG244,2012-06-01,PLC001,AEC003,IPG004,0, 
1105,AE210,2.12E+11,41590253,376160512B,MNG244,2012-06-01,PLC001,AEC004,IPG002,0, 
1106,AE210,2.12E+11,41590253,376160512B,MNG244,2012-06-01,PLC002,AEC004,IPG002,0, 
1107,AE210,8.22E+13,41590350,376150965D,MNG244,2017-12-31,PLC001,AEC004,IPG002,5,3.0X2.0
1108,AE210,5.32E+11,41590350,376150925A,MNG244,2015-01-01,PLC002,AEC004,IPG003,5.41,4.5X1.4
1109,AE210,500007,41590410,377131117C,MNG244,1900-01-01,PLC002,AEC005,IPG001,2,사각형1.1×1.7
1110,AE210,200034,41590360,376160890D,MNG244,1900-01-01,PLC002,AEC004,IPG002,5,3.6X2.2
1111,AE210,200009,41590360,376160951D,MNG244,2001-01-01,PLC002,AEC007,IPG001,2, 
1112,AE210,100220,41590253,376160577A,MNG244,1900-01-01,PLC002,AEC004,IPG003,5,사각형3.70X1.35
1113,AE210,200079,41590259,376161548C,MNG244,1900-01-01,PLC001,AEC004,IPG002,5,3.6X2.2
1114,AE210,2.15E+11,41590590,377130381D,MNG244,2014-01-01,PLC001,AEC002,IPG003,6.5,4.5X2.0
1115,AE210,2.15E+11,41590590,377130393B,MNG244,2014-01-01,PLC002,AEC004,IPG003,6.5,4.5X2.0
1116,AE210,2.15E+11,41590590,377130393B,MNG244,2014-01-01,PLC001,AEC004,IPG003,6.5,4.5X2.0
1117,AE210,2.15E+11,41590588,377130393B,MNG244,2014-01-01,PLC001,AEC004,IPG003,6.5,4.5X2.0
1118,AE210,99920150136,41590400,376161977A,MNG244,1990-01-01,PLC000,AEC000,IPG000,0, 
1119,AE210,8.89E+11,41590259,376161436B,MNG244,2009-01-01,PLC002,AEC004,IPG002,5,3.6*2.2
1120,AE210,8.89E+11,41590259,376161436A,MNG244,2009-01-01,PLC002,AEC005,IPG001,0, 
1121,AE210,99920150896,41590320,376160327D,MNG244,1990-01-01,PLC000,AEC000,IPG000,0, 
1122,AE210,5.11E+11,41590600,377130759A,MNG244,2014-01-01,PLC002,AEC004,IPG003,7.4,5.55x1.35
1123,AE210,8.89E+11,41590259,376161300B,MNG244,2016-01-01,PLC002,AEC014,IPG011,0,1150X260(6)
1124,AE210,5.32E+11,41590350,376150926D,MNG244,2015-01-01,PLC002,AEC004,IPG003,5.4,3.7X1.4
1125,AE210,2.15E+11,41590590,377130381D,MNG244,2014-01-01,PLC002,AEC002,IPG003,6.5,4.5X2.0
1126,AE210,2.15E+11,41590600,377130200B,MNG244,2014-01-01,PLC001,AEC002,IPG003,6.5,4.5X2.0
1127,AE210,8.89E+11,41590259,376161475A,MNG244,2016-01-01,PLC002,AEC014,IPG010,0,1700X450(6)
1128,AE210,8.89E+11,41590259,376161475A,MNG244,2016-01-01,PLC002,AEC014,IPG010,0,1170X450(4)
1129,AE210,2.15E+11,41590590,377130278D,MNG244,2014-01-01,PLC002,AEC002,IPG005,5,3.0X2.2
1130,AE210,2.15E+11,41590588,377130804B,MNG244,2014-01-01,PLC001,AEC004,IPG003,6.5,4.5X2.0
1131,AE210,99920150248,41590259,376161476A,MNG244,1990-01-01,PLC000,AEC000,IPG000,0, 
1132,AE210,99920150271,41590259,376161466D,MNG244,1990-01-01,PLC000,AEC000,IPG000,0, 
1133,AE210,100130,41590253,376160534B,MNG244,1900-01-01,PLC002,AEC006,IPG001,2,사각형1.20X1.10
1134,AE210,411133,41590585,377130256C,MNG244,2007-04-01,PLC001,AEC004,IPG003,5.55,5.55X1.35
1135,AE210,99920151099,41590350,376150928D,MNG244,1990-01-01,PLC000,AEC000,IPG000,0, 
1136,AE210,99920150171,41590259,376161914D,MNG244,1990-01-01,PLC000,AEC000,IPG000,0, 
1137,AE210,99920150059,41590256,376162160A,MNG244,1990-01-01,PLC000,AEC000,IPG000,0, 
1138,AE210,411121,41590585,377130276B,MNG244,2007-04-01,PLC001,AEC004,IPG003,5.55,5.55X1.35
1139,AE210,411122,41590585,377130276B,MNG244,2007-04-01,PLC001,AEC004,IPG003,5.55,5.55X1.35
1140,AE210,8.89E+11,41590259,376161472C,MNG244,2016-01-01,PLC001,AEC004,IPG003,5,4500X1400
1141,AE210,8.89E+11,41590259,376161462A,MNG244,2016-01-01,PLC003,AEC004,IPG012,0,7500X2800
1142,AE210,8.89E+11,41590259,376161472B,MNG244,2016-01-01,PLC001,AEC004,IPG003,5,4500X1400
1143,AE210,99920150133,41590400,376162015D,MNG244,1990-01-01,PLC000,AEC000,IPG000,0, 
1144,AE210,99920150607,41590262,376160781C,MNG244,1990-01-01,PLC000,AEC000,IPG000,0, 
1145,AE210,99920150610,41590262,376160781C,MNG244,1990-01-01,PLC000,AEC000,IPG000,0, 
1146,AE210,99920151056,41590330,376151060B,MNG244,1990-01-01,PLC000,AEC000,IPG000,0, 
1147,AE210,2.15E+11,41590588,377130804A,MNG244,2014-01-01,PLC001,AEC004,IPG002,6.5,4.5X2.0
1148,AE210,99920150504,41590370,376161394A,MNG244,1990-01-01,PLC000,AEC000,IPG000,0, 
1149,AE210,8.89E+11,41590259,376161463D,MNG244,2016-01-01,PLC002,AEC014,IPG011,0,1050X260(5)
1150,AE210,99920150758,41590310,376122435D,MNG244,1990-01-01,PLC000,AEC000,IPG000,0, 
3475,AE210,2.22E+13,41590550,377130251B,MNG409,2019-12-01,PLC002,AEC004,IPG002,7.5,4.2x2.2
3476,AE210,2.22E+13,41590550,377130231C,MNG409,2019-12-01,PLC001,AEC004,IPG002,7.5,4.5x2.0
3477,AE210,2.22E+13,41590550,377130231D,MNG409,2019-12-01,PLC001,AEC004,IPG002,7.5,4.5x2.0
3478,AE210,1.30E+13,41590262,376160739D,MNG409,2020-01-01,PLC002,AEC004,IPG002,7.7,4.45X2.20/1.5X0.5
3479,AE210,1.30E+13,41590262,376160749A,MNG409,2020-01-01,PLC001,AEC004,IPG002,7.7,4.45X2.20/1.5X0.5
3480,AE210,1.30E+13,41590262,376160749A,MNG409,2020-01-01,PLC002,AEC004,IPG002,7.7,4.45X2.20/1.5X0.5
3481,AE210,1.30E+13,41590262,376160748C,MNG409,2020-01-01,PLC002,AEC004,IPG002,7.7,4.45X2.20/1.5X0.5
3482,AE210,1.30E+13,41590262,376160748A,MNG409,2020-01-01,PLC001,AEC004,IPG002,7.7,4.45X2.20/1.5X0.5
3483,AE210,1.30E+13,41590262,376160748A,MNG409,2020-01-01,PLC001,AEC004,IPG002,7.7,4.45X2.20/1.5X0.5
3484,AE210,1.22E+13,41590560,376160538C,MNG409,2019-01-01,PLC001,AEC004,IPG003,7.5,3.70X1.35/1.85X0.60
3485,AE210,99920150123,41590400,376162018A,MNG244,1990-01-01,PLC000,AEC000,IPG000,0, 
3486,AE210,9.00E+13,41590000,377130894A,MNG305,2016-01-01,PLC002,AEC004,IPG002,5,3.5X2.0
3487,AE210,9.00E+13,41590000,377130883C,MNG305,2016-01-01,PLC001,AEC004,IPG003,7,3.5X2.0
3488,AE210,9.00E+13,41590000,377130883C,MNG305,2016-01-01,PLC002,AEC004,IPG003,7,3.5X2.0
3489,AE210,9.00E+13,41590000,377130883C,MNG305,2016-01-01,PLC001,AEC004,IPG002,7,4.0X2.5
3490,AE210,9.00E+13,41590000,377130882D,MNG305,2016-01-01,PLC002,AEC004,IPG002,5,4.5X2.0
3491,AE210,2.06E+11,41590000,377130729D,MNG244,2016-01-01,PLC001,AEC004,IPG003,5,5.55X1.35
3492,AE210,2.06E+11,41590000,377130298D,MNG244,2016-01-01,PLC001,AEC004,IPG003,5,5.55X1.35
3493,AE210,2.06E+11,41590000,377130298D,MNG244,2016-01-01,PLC002,AEC004,IPG003,5,5.55X1.35
3494,AE210,2.06E+11,41590000,377130298D,MNG244,2016-01-01,PLC001,AEC004,IPG003,5,5.55X1.35
3495,AE210,2.06E+11,41590000,377130729C,MNG244,2016-01-01,PLC001,AEC004,IPG003,5,5.55X1.35
3496,AE210,2.06E+11,41590000,377130729C,MNG244,2016-01-01,PLC001,AEC004,IPG003,5,5.55X1.35
3497,AE210,2.06E+11,41590000,377130728D,MNG244,2016-01-01,PLC002,AEC004,IPG003,6.5,5.55X1.35
3498,AE210,2.06E+11,41590000,377130728D,MNG244,2016-01-01,PLC001,AEC004,IPG003,6.5,5.55X1.35
3499,AE210,2.06E+11,41590000,377130728C,MNG244,2016-01-01,PLC002,AEC004,IPG003,6.5,5.55X1.35
3500,AE210,2.06E+11,41590000,377130728C,MNG244,2016-01-01,PLC001,AEC004,IPG003,6.5,5.55X1.35
3501,AE210,8.22E+13,41590256,376162104A,MNG409,2018-06-01,PLC002,AEC004,IPG002,6.3,1.92X0.45/4.45X2.20
3502,AE210,8.22E+13,41590256,376162104A,MNG409,2018-06-01,PLC002,AEC004,IPG002,6.3,4.45X2.20
3503,AE210,8.22E+13,41590256,376162103B,MNG409,2018-06-01,PLC001,AEC004,IPG002,6.3,1.92X0.45/3.60X2.20
3504,AE210,8.22E+13,41590256,376162103B,MNG409,2018-06-01,PLC001,AEC007,IPG004,3.5,2.42X1.20
3505,AE210,8.22E+13,41590256,376162103D,MNG409,2018-06-01,PLC002,AEC007,IPG004,3.6,2.42X1.20
3506,AE210,8.22E+13,41590256,376162103C,MNG409,2018-06-01,PLC002,AEC004,IPG002,6.3,1.92X0.45/3.60X2.20
3507,AE210,8.22E+13,41590256,376162103C,MNG409,2018-06-01,PLC001,AEC007,IPG004,3.7,2.42X1.20
3508,AE210,8.22E+13,41590256,376162103C,MNG409,2018-06-01,PLC002,AEC007,IPG004,3.6,2.42X1.20
3509,AE210,8.22E+13,41590256,376162112B,MNG409,2018-06-01,PLC001,AEC004,IPG003,6.3,3.70X1.35
3510,AE210,8.22E+13,41590256,376162112B,MNG409,2018-06-01,PLC002,AEC004,IPG003,6.3,3.70X1.35
3511,AE210,8.22E+13,41590256,376162112B,MNG409,2018-06-01,PLC002,AEC004,IPG003,6.3,3.70X1.35
3512,AE210,8.22E+13,41590256,376162112A,MNG409,2018-06-01,PLC001,AEC004,IPG002,6.3,1.92X0.45/3.60X2.20
3513,AE210,8.22E+13,41590256,376162112A,MNG409,2018-06-01,PLC002,AEC004,IPG002,6.3,1.92X0.45/3.60X2.20
3514,AE210,9.00E+13,41590420,377130770A,MNG244,,PLC002,AEC001,IPG006,0,1.5X0.3
3515,AE210,99920171051,41590510,376160235A,MNG244,2017-01-01,PLC001,AEC999,IPG006,5,1.8X0.6
3516,AE210,9.00E+13,41590340,376150541A,MNG244,2020-10-30,PLC001,AEC007,IPG006,9,1.8X0.4
3517,AE210,2.22E+13,41590320,376160210D,MNG244,2017-10-20,PLC002,AEC004,IPG002,5,3.6X2.2/1.8X0.6
3518,AE210,2.22E+13,41590320,376160210D,MNG244,2017-10-20,PLC002,AEC004,IPG002,5,4.0X2.5/1.8X0.6
3519,AE210,2.22E+13,41590320,376160210C,MNG244,2017-10-20,PLC002,AEC004,IPG002,5,4.0X2.5
3520,AE210,2.22E+13,41590320,376160210C,MNG244,2017-10-20,PLC002,AEC004,IPG002,5,3.6X2.2
3521,AE210,9.00E+13,41590262,376160706B,MNG409,2017-01-01,PLC001,AEC004,IPG003,6.5,4.5X1.4
3522,AE210,9.00E+13,41590262,376160706A,MNG409,2017-01-01,PLC002,AEC004,IPG003,6,4.5X1.4
3523,AE210,9.00E+13,41590262,376160706B,MNG409,2017-01-01,PLC001,AEC004,IPG002,6.5,4.5X1.8
3524,AE210,9.00E+13,41590262,376160707C,MNG409,2017-01-01,PLC001,AEC001,IPG002,0,비규격
3525,AE210,9.00E+13,41590262,376160706A,MNG409,2017-01-01,PLC001,AEC004,IPG002,6,4.5X1.8
3526,AE210,9.00E+13,41590262,376160706A,MNG409,2017-01-01,PLC001,AEC004,IPG003,6,4.5X1.4
3527,AE210,9.00E+13,41590262,376160296C,MNG409,2017-01-01,PLC002,AEC004,IPG002,6,4.5X1.8
3528,AE210,9.00E+13,41590262,376160295A,MNG409,2017-01-01,PLC001,AEC004,IPG003,6.5,4.5X1.4
3529,AE210,9.00E+13,41590262,376160295A,MNG409,2017-01-01,PLC002,AEC004,IPG003,6.5,4.5X1.4
3530,AE210,9.00E+13,41590262,376160295B,MNG409,2017-01-01,PLC001,AEC004,IPG003,6.5,4.5X1.4
3531,AE210,9.00E+13,41590262,376160284B,MNG409,2017-01-01,PLC001,AEC004,IPG003,6.5,4.5X1.4
3532,AE210,9.00E+13,41590262,376160286B,MNG409,2017-01-01,PLC001,AEC004,IPG003,6.5,4.5X1.4
3533,AE210,9.00E+13,41590262,376160284B,MNG409,2017-01-01,PLC001,AEC004,IPG003,6.5,4.5X1.4
3534,AE210,9.00E+13,41590262,376160284B,MNG409,2017-01-01,PLC002,AEC004,IPG003,6.5,4.5X1.4
3535,AE210,9.00E+13,41590262,376160275D,MNG409,2017-01-01,PLC001,AEC004,IPG003,6.5,4.5X1.4
3536,AE210,9.00E+13,41590262,376160275B,MNG409,2017-01-01,PLC002,AEC004,IPG003,6.5,4.5X1.4
3537,AE210,9.00E+13,41590262,376160275D,MNG409,2017-01-01,PLC002,AEC004,IPG003,6.5,4.5X1.4
3538,AE210,9.00E+13,41590262,376160295B,MNG409,2017-01-01,PLC999,AEC004,IPG003,6.5,4.5X1.4
3539,AE210,9.00E+13,41590262,376160284B,MNG409,2017-01-01,PLC002,AEC004,IPG003,5,4.4X2.2
3540,AE210,9.00E+13,41590262,376160286B,MNG409,2017-01-01,PLC999,AEC004,IPG003,6.5,4.5X1.4
3541,AE210,3.22E+13,41590510,376160287B,MNG409,2018-01-01,PLC001,AEC001,IPG002,5.5,4.2X3
3542,AE210,3.22E+13,41590510,376160287B,MNG409,2018-01-01,PLC001,AEC004,IPG003,5,4.5X1.4
3543,AE210,3.22E+13,41590510,376160287B,MNG409,2018-01-01,PLC001,AEC004,IPG003,5,4.5X1.4
3544,AE210,3.22E+13,41590510,376160287B,MNG409,2018-01-01,PLC002,AEC004,IPG003,5,4.5X1.4
3545,AE210,3.22E+13,41590510,376160277D,MNG409,2018-01-01,PLC001,AEC004,IPG002,5,4.45X2.2
3546,AE210,3.22E+13,41590510,376160276A,MNG409,2018-01-01,PLC001,AEC001,IPG002,5.5,4.2X3.7
3547,AE210,3.22E+13,41590510,376160276B,MNG409,2018-01-01,PLC002,AEC001,IPG002,5.5,4.2X3
3548,AE210,3.22E+13,41590510,376160267C,MNG409,2018-01-01,PLC001,AEC004,IPG003,5,4.5X1.4
3549,AE210,3.22E+13,41590510,376160267C,MNG409,2018-01-01,PLC001,AEC004,IPG003,5,5.55X1.35
3550,AE210,3.22E+13,41590510,376160267D,MNG409,2018-01-01,PLC001,AEC004,IPG003,5,5.55X1.35
3551,AE210,3.22E+13,41590510,376160267C,MNG409,2018-01-01,PLC002,AEC004,IPG003,5,5.55X1.35
3552,AE210,8.22E+13,41590400,376161575D,MNG305,2017-12-01,PLC002,AEC004,IPG004,2.2,1600X1200
3553,AE210,8.22E+13,41590310,376160420B,MNG305,2020-01-01,PLC002,AEC006,IPG006,6.8,562X629
3554,AE210,8.21E+13,41590140,376122245A,MNG409,2018-01-01,PLC002,AEC004,IPG006,7.5,4500X1400
3555,AE210,9.00E+13,41590420,377130861D,MNG244,,PLC002,AEC001,IPG006,0,2.0X0.4
3556,AE210,1.30E+13,41590259,376161414D,MNG244,2010-01-01,PLC002,AEC004,IPG002,0,4.5x2.0
3557,AE210,1.30E+13,41590259,376161414D,MNG244,2010-01-01,PLC001,AEC004,IPG002,0,4.5x2.0
3558,AE210,1.30E+13,41590259,376161425A,MNG244,2010-01-01,PLC001,AEC004,IPG002,0,4.5x2.0
3559,AE210,1.30E+13,41590259,376161425A,MNG244,2010-01-01,PLC001,AEC004,IPG001,0,0.6x0.9
3560,AE210,1.30E+13,41590259,376161414C,MNG244,2010-01-01,PLC001,AEC999,IPG004,0,2.5x1.5
3561,AE210,1.22E+13,41590320,376122289B,MNG244,2012-06-01,PLC002,AEC004,IPG004,0,1.6x0.6
3562,AE210,1.22E+13,41590320,376122289B,MNG244,2012-06-01,PLC001,AEC004,IPG002,0,3.6x2.2
3563,AE210,1.22E+13,41590320,376122290A,MNG244,2012-06-01,PLC002,AEC004,IPG002,0,3.6x2.2
3564,AE210,1.22E+13,41590320,376122280C,MNG244,2012-06-01,PLC001,AEC004,IPG004,0,1.6x0.6
3565,AE210,1.22E+13,41590320,376122290D,MNG244,2012-06-01,PLC002,AEC004,IPG002,0,3.6x2.2
3566,AE210,1.22E+13,41590320,376122290D,MNG244,2012-06-01,PLC001,AEC004,IPG002,0,3.6x2.2
3567,AE210,300056,41590350,376151061B,MNG244,1900-01-01,PLC001,AEC004,IPG004,5,5.0X2.5
3568,AE210,300058,41590350,376151062C,MNG244,1900-01-01,PLC001,AEC004,IPG002,5,5.0X2.5
3569,AE210,8.89E+11,41590259,376161471A,MNG244,2016-01-01,PLC001,AEC014,IPG010,0,700X260(5)
3570,AE210,8.89E+11,41590259,376161481D,MNG244,2016-01-01,PLC001,AEC004,IPG003,5,4500X1400
3571,AE210,8.22E+13,41590253,376160448D,MNG305,2020-01-01,PLC001,AEC006,IPG006,6.8,562X629
3572,AE210,8.22E+13,41590253,376160449C,MNG305,2020-01-01,PLC002,AEC004,IPG002,5,4450X2200
3573,AE210,8.22E+13,41590253,376160448D,MNG305,2020-01-01,PLC002,AEC006,IPG006,6.8,562X629
3574,AE210,200054,41590259,376161433A,MNG244,1900-01-01,PLC001,AEC005,IPG001,2,1.2X1.6
3575,AE210,100221,41590570,376160500A,MNG244,1900-01-01,PLC001,AEC004,IPG002,5,사각형3.60X2.20
3576,AE210,8.21E+13,41590140,376122257B,MNG244,2019-01-01,PLC001,AEC004,IPG999,7.2,1850X460
3577,AE210,8.21E+13,41590140,376122257B,MNG244,2019-01-01,PLC001,AEC004,IPG003,6.2,3700X1400
3578,AE210,8.21E+13,41590140,376122257B,MNG244,2019-01-01,PLC001,AEC004,IPG999,8.5,1850X460
3579,AE210,8.22E+13,41590410,376161084A,MNG305,2020-01-01,PLC001,AEC004,IPG002,6,5000X2500
3580,AE210,8.22E+13,41590410,376161093D,MNG305,2020-01-01,PLC002,AEC004,IPG002,6,1600X1200
3581,AE210,8.22E+13,41590410,376161093B,MNG305,2020-01-01,PLC002,AEC004,IPG002,6,5000X2500
3582,AE210,8.22E+13,41590410,376161094A,MNG305,2020-01-01,PLC002,AEC007,IPG001,2.7,1100X1700
3583,AE210,8.22E+13,41590410,376161084C,MNG305,2020-01-01,PLC002,AEC004,IPG002,6,5000X2500
3584,AE210,8.22E+13,41590410,376161084C,MNG305,2020-01-01,PLC002,AEC004,IPG002,6,5000X2500
3585,AE210,8.22E+13,41590410,376161084C,MNG305,2020-01-01,PLC002,AEC007,IPG001,2.7,1100X1700
3586,AE210,8.22E+13,41590410,376161084B,MNG305,2020-01-01,PLC001,AEC004,IPG002,6,5000X2500
3587,AE210,8.22E+13,41590410,376161084B,MNG305,2020-01-01,PLC002,AEC004,IPG002,6,5000X2500
3588,AE210,8.22E+13,41590410,376161074C,MNG305,2020-01-01,PLC002,AEC007,IPG001,2.7,1100X1700
3589,AE210,8.22E+13,41590410,376161074C,MNG305,2020-01-01,PLC002,AEC004,IPG002,6,5000X2500
3590,AE210,8.22E+13,41590410,376161074A,MNG305,2020-01-01,PLC002,AEC006,IPG001,2.7,1200X1100
3591,AE210,8.22E+13,41590410,376161074B,MNG305,2020-01-01,PLC002,AEC004,IPG002,6,5000X2500
3592,AE210,8.22E+13,41590410,376161064D,MNG305,2020-01-01,PLC002,AEC002,IPG002,6,3000X2000
3593,AE210,99920150185,41590259,376161902D,MNG244,1990-01-01,PLC000,AEC000,IPG000,0, 
3594,AE210,8.22E+13,41590259,376161571B,MNG305,2017-12-01,PLC001,AEC004,IPG003,2.6,1600X1200
3595,AE210,8.22E+13,41590259,376161531D,MNG305,2020-01-01,PLC001,AEC004,IPG002,6,5000X2500
3596,AE210,8.30E+13,41590262,376122255D,MNG244,2019-12-21,PLC001,AEC004,IPG002,5,3.6x2.2
3597,AE210,8.30E+13,41590262,376122295A,MNG244,2019-12-21,PLC001,AEC004,IPG002,5,4.45x2.2
3598,AE210,8.30E+13,41590262,376122294B,MNG244,2019-12-21,PLC001,AEC004,IPG002,5,3.6x2.2+1.8x0.6
3599,AE210,8.30E+13,41590262,376122293D,MNG244,2019-12-21,PLC002,AEC004,IPG003,5,3.6x1.35+1.8x0.6
3600,AE210,8.30E+13,41590262,376122292D,MNG244,2019-12-21,PLC002,AEC004,IPG002,5,4.45x2.2+1.8x0.6
3601,AE210,8.30E+13,41590262,376122292C,MNG244,2019-12-21,PLC002,AEC004,IPG002,5,4.45x2.2
3602,AE210,8.30E+13,41590262,376122292C,MNG244,2019-12-21,PLC001,AEC004,IPG002,5,4.45x2.2
3603,AE210,8.30E+13,41590262,376122291D,MNG244,2019-12-21,PLC001,AEC004,IPG002,5,4.45x2.2+1.8x0.6
3604,AE210,8.30E+13,41590262,376122100D,MNG244,2019-12-21,PLC002,AEC004,IPG004,2,2.0x1.5
3605,AE210,8.30E+13,41590262,376122100D,MNG244,2019-12-21,PLC001,AEC004,IPG002,5,4.45x2.2
3606,AE210,8.30E+13,41590262,376122100C,MNG244,2019-12-21,PLC003,AEC004,IPG005,5.5,5.6x2.8+3.3x2.8
3607,AE210,8.30E+13,41590262,376122100C,MNG244,2019-12-21,PLC001,AEC004,IPG002,5,4.45x2.2
3608,AE210,8.30E+13,41590262,376122199D,MNG244,2019-12-21,PLC001,AEC004,IPG002,5,4.45x2.2
3609,AE210,8.30E+13,41590262,376122225A,MNG244,2019-12-21,PLC002,AEC004,IPG002,5,3.6x2.2+1.8x0.6
3610,AE210,8.30E+13,41590262,376122225A,MNG244,2019-12-21,PLC001,AEC007,IPG002,5,3.0x2.0
3611,AE210,99920150235,41590259,376161486B,MNG244,1990-01-01,PLC000,AEC000,IPG000,0, 
3612,AE210,8.89E+11,41590259,376161453C,MNG244,2016-01-01,PLC002,AEC014,IPG010,0,1050X260(5)
3613,AE210,99920150796,41590360,376160834B,MNG244,1990-01-01,PLC000,AEC000,IPG000,0, 
3614,AE210,2.15E+11,41590590,377130290B,MNG244,2014-01-01,PLC001,AEC002,IPG003,6.5,4.5X2.0
3615,AE210,99920150860,41590330,376160619A,MNG244,1990-01-01,PLC000,AEC000,IPG000,0, 
3616,AE210,8.89E+11,41590259,376161471D,MNG244,2016-01-01,PLC001,AEC014,IPG010,0,950X260(6)
3617,AE210,8.89E+11,41590259,376161461C,MNG135,2011-03-09,PLC002,AEC006,IPG004,0,3.7*1.0
3618,AE210,99920150744,41590310,376122490D,MNG244,1990-01-01,PLC000,AEC000,IPG000,0, 
3619,AE210,8.89E+11,41590259,376161465C,MNG244,2016-01-01,PLC001,AEC014,IPG010,0,1250X450(5)
3620,AE210,99920150262,41590259,376161470A,MNG244,1990-01-01,PLC000,AEC000,IPG000,0, 
3621,AE210,2.12E+11,41590370,376161844D,MNG244,2011-06-01,PLC002,AEC004,IPG003,4.5,3.5X1.0
3622,AE210,8.89E+11,41590259,376161472D,MNG244,2016-01-01,PLC001,AEC014,IPG011,0,2100X450(6)
3623,AE210,9.99E+11,41590330,376160653B,MNG244,2016-11-01,PLC001,AEC004,IPG002,6.3,4.45*2.0
3624,AE210,500125,41590550,377130234C,MNG244,1900-01-01,PLC002,AEC004,IPG002,5.2,3.6×2.2
3625,AE210,2.12E+11,41590370,376161268D,MNG244,2010-01-01,PLC002,AEC007,IPG002,4,3.0x2.0
3626,AE210,8.89E+11,41590259,376161390D,MNG244,2016-01-01,PLC001,AEC014,IPG011,0,2000X450(5)
3627,AE210,402022,41590540,377130180A,MNG244,2006-06-20,PLC002,AEC004,IPG003,0, 
3628,AE210,99920150456,41590259,376161817A,MNG244,1990-01-01,PLC000,AEC000,IPG000,0, 
3629,AE210,99920150197,41590259,376161901A,MNG244,1990-01-01,PLC000,AEC000,IPG000,0, 
3630,AE210,99920150198,41590259,376161901B,MNG244,1990-01-01,PLC000,AEC000,IPG000,0, 
3631,AE210,99920150228,41590259,376161491C,MNG244,1990-01-01,PLC000,AEC000,IPG000,0, 
3632,AE210,99920150187,41590259,376161902C,MNG244,1990-01-01,PLC000,AEC000,IPG000,0, 
3633,AE210,99920151187,41590340,376150449C,MNG244,1990-01-01,PLC000,AEC000,IPG000,0, 
3634,AE210,2.13E+11,41590340,376150541C,MNG244,2016-01-01,PLC002,AEC004,IPG004,2.3,2.5X1.8
3635,AE210,8.22E+13,41590400,376161599C,MNG305,2017-12-01,PLC002,AEC007,IPG002,5,3000X2000
3636,AE210,8.22E+13,41590400,376161589C,MNG305,2017-12-01,PLC001,AEC004,IPG002,5,4000X2500
3637,AE210,8.22E+13,41590400,376161589C,MNG305,2017-12-01,PLC001,AEC004,IPG004,2.3,1600X700
3638,AE210,8.22E+13,41590400,376161599A,MNG305,2017-12-01,PLC001,AEC004,IPG002,5,4000X2500
3639,AE210,9.00E+13,41590340,376150541C,MNG244,2020-10-30,PLC002,AEC007,IPG006,9,1.8X0.4
3640,AE210,9.00E+13,41590340,376150541C,MNG244,2020-10-30,PLC003,AEC007,IPG006,9,1.8X0.4
3641,AE210,9.00E+13,41590340,376150541A,MNG244,2020-10-30,PLC001,AEC004,IPG003,7,4.5X1.4
3642,AE210,9.00E+13,41590340,376150541C,MNG244,2020-10-30,PLC002,AEC004,IPG003,7,4.5X1.4
3643,AE210,9.00E+13,41590340,376150541C,MNG244,2020-10-30,PLC003,AEC004,IPG003,7,4.5X1.4
3644,AE210,9.00E+13,41590340,376150541C,MNG244,2020-10-30,PLC002,AEC004,IPG002,5.5,3.6X2.2
3645,AE210,9.00E+13,41590340,376150460B,MNG244,2020-10-30,PLC001,AEC004,IPG002,5.5,3.6X2.2
3646,AE210,9.00E+13,41590340,376150460B,MNG244,2020-10-30,PLC001,AEC004,IPG003,5.5,4.5X1.4
3647,AE210,8.22E+13,41590253,376160449D,MNG305,2020-01-01,PLC002,AEC004,IPG002,5,4450X2200
3648,AE210,8.22E+13,41590253,376160449D,MNG305,2020-01-01,PLC001,AEC001,IPG002,5,2800X2000
3649,AE210,8.22E+13,41590253,376160439A,MNG305,2020-01-01,PLC002,AEC004,IPG002,5,4450X2200
3650,AE210,8.22E+13,41590253,376160458B,MNG305,2020-01-01,PLC001,AEC004,IPG003,5,3700X1400
3651,AE210,8.22E+13,41590253,376160449C,MNG305,2020-01-01,PLC002,AEC004,IPG003,5,4500X1400
3652,AE210,8.22E+13,41590253,376160449C,MNG305,2020-01-01,PLC001,AEC004,IPG003,5,4500X1400
3653,AE210,8.22E+13,41590253,376160449D,MNG305,2020-01-01,PLC001,AEC004,IPG003,5,4500X1400
3654,AE210,8.22E+13,41590253,376160449D,MNG305,2020-01-01,PLC002,AEC004,IPG003,5,4500X1400
3655,AE210,8.22E+13,41590253,376160450A,MNG305,2020-01-01,PLC001,AEC004,IPG003,5,4500X1400
3656,AE210,8.22E+13,41590253,376160450A,MNG305,2020-01-01,PLC002,AEC004,IPG003,5,4500X1400
3657,AE210,8.22E+13,41590253,376160450A,MNG305,2020-01-01,PLC001,AEC004,IPG002,5,4450X2200
3658,AE210,8.30E+13,41590262,376122215D,MNG244,2019-12-21,PLC002,AEC007,IPG002,5,3.0x2.0
3659,AE210,8.30E+13,41590262,376122215D,MNG244,2019-12-21,PLC003,AEC004,IPG003,5,3.75x2.2
3660,AE210,8.30E+13,41590262,376122215D,MNG244,2019-12-21,PLC001,AEC004,IPG003,5,3.75x2.2
3661,AE210,8.21E+13,41590140,376122257B,MNG244,2019-01-01,PLC001,AEC004,IPG003,7.2,3700X1400
3662,AE210,8.21E+13,41590140,376122257A,MNG244,2019-01-01,PLC002,AEC004,IPG003,7.2,3700X1400
3663,AE210,8.21E+13,41590140,376122256A,MNG244,2019-01-01,PLC002,AEC004,IPG002,5.2,4000X2000
3664,AE210,8.21E+13,41590140,376122256A,MNG244,2019-01-01,PLC001,AEC006,IPG003,3.7,900X260
3665,AE210,8.21E+13,41590140,376122256A,MNG244,2019-01-01,PLC001,AEC004,IPG003,8.5,3700X1400
3666,AE210,8.21E+13,41590140,376122234D,MNG244,2019-01-01,PLC002,AEC004,IPG006,3.9,900X260
3667,AE210,8.21E+13,41590140,376122234D,MNG244,2019-01-01,PLC002,AEC004,IPG003,7.3,4500X1400
3668,AE210,8.21E+13,41590140,376122224C,MNG244,2019-01-01,PLC001,AEC004,IPG006,4,900X260
3669,AE210,8.21E+13,41590140,376122224C,MNG244,2019-01-01,PLC001,AEC006,IPG999,8.5,526X629
3670,AE210,8.21E+13,41590140,376122224C,MNG244,2019-01-01,PLC001,AEC004,IPG003,8,4500X1400
3671,AE210,8.21E+13,41590140,376122256B,MNG409,2019-01-01,PLC001,AEC004,IPG003,8,3700X1400
3672,AE210,8.21E+13,41590140,376122245B,MNG409,2019-01-01,PLC002,AEC004,IPG003,8,4500X1400
3673,AE210,8.21E+13,41590140,376122223B,MNG409,2019-01-01,PLC001,AEC004,IPG003,8,4500X1400
3674,AE210,8.21E+13,41590140,376122224B,MNG409,2018-01-01,PLC001,AEC004,IPG006,7.5,4500X1400
3675,AE210,8.21E+13,41590140,376122234D,MNG409,2018-01-01,PLC001,AEC004,IPG006,7.5,4500X1400
3676,AE210,8.21E+13,41590140,376122245B,MNG409,2018-01-01,PLC002,AEC004,IPG006,7.5,4500X1400
3677,AE210,8.21E+13,41590140,376122224C,MNG409,2018-01-01,PLC001,AEC004,IPG006,7.5,4500X1400
3678,AE210,8.21E+13,41590140,376122222B,MNG409,2018-01-01,PLC001,AEC004,IPG006,7.5,4500X1400
3679,AE210,2.22E+13,41590320,376160311A,MNG244,2017-10-20,PLC002,AEC004,IPG002,5,4.0X2.5
3680,AE210,99920171052,41590510,376160235A,MNG244,2017-01-01,PLC001,AEC004,IPG002,5,4.45X2.2
3681,AE210,9.00E+13,41590420,377130861D,MNG244,,PLC002,AEC004,IPG006,0,4.5X1.4
3682,AE210,9.00E+13,41590420,377130861D,MNG244,,PLC002,AEC004,IPG006,0,4.5X1.4
3683,AE210,9.00E+13,41590420,377130861D,MNG244,,PLC001,AEC004,IPG002,6,4.5X1.75
3684,AE210,9.00E+13,41590420,377130861D,MNG244,,PLC001,AEC004,IPG006,0,4.5X1.4
3685,AE210,9.00E+13,41590420,377130861D,MNG244,,PLC002,AEC004,IPG006,0,4.5X1.4
3686,AE210,9.00E+13,41590420,377130862A,MNG244,,PLC002,AEC001,IPG006,0,2.0X0.4
3687,AE210,9.00E+13,41590420,377130862A,MNG244,,PLC002,AEC004,IPG002,6,4.5X1.75
3688,AE210,9.00E+13,41590420,377130862C,MNG244,,PLC001,AEC004,IPG006,0,4.5X1.4
3689,AE210,9.00E+13,41590420,377130862C,MNG244,,PLC001,AEC004,IPG006,0,4.5X1.4
3690,AE210,9.00E+13,41590420,377130862C,MNG244,,PLC001,AEC004,IPG006,0,4.5X1.4
3691,AE210,9.00E+13,41590420,377130862C,MNG244,,PLC002,AEC004,IPG006,0,4.5X1.4
3692,AE210,8.22E+13,41590410,376161064D,MNG305,2020-01-01,PLC002,AEC004,IPG002,6,5000X2500
3693,AE210,8.22E+13,41590410,376161065B,MNG305,2020-01-01,PLC002,AEC004,IPG002,6,5000X2500
3694,AE210,8.22E+13,41590410,376161084A,MNG305,2020-01-01,PLC001,AEC004,IPG002,6,5000X2500
3695,AE210,8.22E+13,41590410,376161084A,MNG305,2020-01-01,PLC001,AEC002,IPG002,6,3000X2000
3696,AE210,8.22E+13,41590410,376161074C,MNG305,2020-01-01,PLC001,AEC004,IPG002,6,5000X2500
3697,AE210,8.22E+13,41590410,376161074C,MNG305,2020-01-01,PLC002,AEC004,IPG002,6,5000X2500
3698,AE210,8.22E+13,41590410,376161074A,MNG305,2020-01-01,PLC001,AEC004,IPG002,6,5000X2500
3699,AE210,8.22E+13,41590410,376161074A,MNG305,2020-01-01,PLC001,AEC007,IPG001,2.7,1100X1700
3700,AE210,8.22E+13,41590410,376161064D,MNG305,2020-01-01,PLC001,AEC004,IPG002,6,5000X2500
3701,AE210,8.22E+13,41590410,376161064D,MNG305,2020-01-01,PLC001,AEC007,IPG001,2.7,1100X1700
3702,AE210,8.22E+13,41590410,376161064B,MNG305,2020-01-01,PLC001,AEC004,IPG002,6,5000X2500
3703,AE210,8.22E+13,41590410,376161065A,MNG305,2020-01-01,PLC001,AEC004,IPG002,6,5000X2500
3704,AE210,8.22E+13,41590410,376161065B,MNG305,2020-01-01,PLC001,AEC007,IPG001,2.7,1100X1700
3705,AE210,8.22E+13,41590410,376161074D,MNG305,2020-01-01,PLC001,AEC004,IPG002,6,5000X2500
3706,AE210,8.22E+13,41590410,376161036C,MNG305,2020-01-01,PLC002,AEC007,IPG001,2.7,1100X1700
3707,AE210,8.22E+13,41590410,376161036A,MNG305,2020-01-01,PLC002,AEC004,IPG002,6,4000X2500
3708,AE210,8.22E+13,41590410,376161026C,MNG305,2020-01-01,PLC001,AEC004,IPG002,6,4000X2500
3709,AE210,8.22E+13,41590410,376161026C,MNG305,2020-01-01,PLC002,AEC004,IPG002,6,4000X2500
3710,AE210,8.22E+13,41590410,376161036A,MNG305,2020-01-01,PLC002,AEC007,IPG001,2.7,1100X1700
3711,AE210,8.22E+13,41590410,376161056C,MNG305,2020-01-01,PLC002,AEC004,IPG002,6,5000X2500
3712,AE210,8.22E+13,41590410,376161046D,MNG305,2020-01-01,PLC002,AEC004,IPG002,6,5000X2500
3713,AE210,8.22E+13,41590410,376161046D,MNG305,2020-01-01,PLC002,AEC004,IPG002,6,5000X2500
3714,AE210,8.22E+13,41590350,376150900C,MNG244,2017-12-31,PLC002,AEC004,IPG002,5,3.7X1.4+1.8X0.6
3715,AE210,500153,41590570,377130193C,MNG244,1900-01-01,PLC001,AEC011,IPG001,2,사각형1.1×1.7
3716,AE210,411070,41590587,377130282B,MNG244,2007-04-01,PLC002,AEC004,IPG003,5.55,3.70X1.35
3717,AE210,8.22E+13,41590400,376161588A,MNG305,2017-12-01,PLC002,AEC004,IPG002,5,4450X2200
3718,AE210,8.22E+13,41590400,376161588B,MNG305,2017-12-01,PLC002,AEC004,IPG002,4.6,1100X1700
3719,AE210,8.21E+13,41590140,376122245B,MNG409,2018-01-01,PLC001,AEC006,IPG006,8.2,562x629
3720,AE210,8.22E+13,41590259,376161531D,MNG305,2020-01-01,PLC001,AEC007,IPG001,2.7,1100X1700
3721,AE210,8.22E+13,41590259,376161531B,MNG305,2020-01-01,PLC001,AEC004,IPG002,6,5000X2500
3722,AE210,8.22E+13,41590259,376161531D,MNG305,2020-01-01,PLC002,AEC006,IPG001,2.7,1200X1100
3723,AE210,8.22E+13,41590259,376161531B,MNG305,2020-01-01,PLC001,AEC007,IPG001,2.7,1100X1700
3724,AE210,8.22E+13,41590259,376161522C,MNG305,2020-01-01,PLC002,AEC002,IPG002,6,3000X2000
3725,AE210,8.22E+13,41590259,376161521D,MNG305,2020-01-01,PLC001,AEC007,IPG001,1.5,1100X1700
3726,AE210,8.22E+13,41590259,376161512D,MNG305,2020-01-01,PLC001,AEC003,IPG004,2.8,1400X700
3727,AE210,8.22E+13,41590410,376161512B,MNG305,2020-01-01,PLC001,AEC007,IPG001,2.3,1100X1700
3728,AE210,8.22E+13,41590259,376161512B,MNG305,2020-01-01,PLC002,AEC003,IPG004,2.8,1400X700
3729,AE210,8.22E+13,41590259,376161512B,MNG305,2020-01-01,PLC002,AEC004,IPG002,6,4000X2500
3730,AE210,8.22E+13,41590410,376161503C,MNG305,2020-01-01,PLC002,AEC007,IPG001,2.7,1100X1700
3731,AE210,8.22E+13,41590410,376161503C,MNG305,2020-01-01,PLC002,AEC004,IPG002,6,4000X2500
3732,AE210,8.22E+13,41590410,376161503C,MNG305,2020-01-01,PLC001,AEC004,IPG002,6,4000X2500
3733,AE210,8.22E+13,41590410,376161503A,MNG305,2020-01-01,PLC001,AEC004,IPG002,6,4000X2500
3734,AE210,8.22E+13,41590410,376161093D,MNG305,2020-01-01,PLC001,AEC004,IPG001,3,1400X1000
3735,AE210,8.22E+13,41590410,376161056B,MNG305,2020-01-01,PLC001,AEC004,IPG002,6,5000X2500
3736,AE210,8.22E+13,41590410,376161046B,MNG305,2020-01-01,PLC001,AEC004,IPG002,6,5000X2500
3737,AE210,8.22E+13,41590410,376161046A,MNG305,2020-01-01,PLC001,AEC004,IPG002,6,5000X2500
3738,AE210,8.22E+13,41590410,376161036C,MNG305,2020-01-01,PLC001,AEC002,IPG002,6,3000X2000
3739,AE210,8.22E+13,41590410,376161036A,MNG305,2020-01-01,PLC001,AEC006,IPG001,2.8,1200X1100
3740,AE210,8.22E+13,41590410,376161064D,MNG305,2020-01-01,PLC001,AEC004,IPG002,6,5000X2500
3741,AE210,8.22E+13,41590410,376161064D,MNG305,2020-01-01,PLC002,AEC004,IPG002,6,5000X2500
3742,AE210,8.22E+13,41590410,376161084C,MNG305,2020-01-01,PLC002,AEC004,IPG002,6,5000X2500
3743,AE210,8.22E+13,41590410,376161084C,MNG305,2020-01-01,PLC001,AEC004,IPG002,6,5000X2500
3744,AE210,8.22E+13,41590410,376161503C,MNG305,2020-01-01,PLC001,AEC004,IPG002,6,4000X2500
3745,AE210,8.89E+11,41590259,376161810D,MNG244,2016-01-01,PLC002,AEC014,IPG011,0,950X260(6)
3746,AE210,99920150195,41590259,376161901A,MNG244,1990-01-01,PLC000,AEC000,IPG000,0, 
3747,AE210,99920150199,41590259,376161901B,MNG244,1990-01-01,PLC000,AEC000,IPG000,0, 
3748,AE210,9.00E+13,41590420,377130862D,MNG244,,PLC001,AEC004,IPG002,6,4.5X1.75
3749,AE210,9.00E+13,41590420,377130863D,MNG244,,PLC001,AEC004,IPG006,0,4.5X1.4
3750,AE210,9.00E+13,41590420,377130863D,MNG244,,PLC002,AEC004,IPG006,0,4.5X1.4
3751,AE210,9.00E+13,41590420,377130864C,MNG244,,PLC001,AEC004,IPG006,0,4.5X1.4
3752,AE210,9.00E+13,41590420,377130779B,MNG244,,PLC002,AEC004,IPG006,0,4.5X1.4
3753,AE210,8.22E+13,41590253,376160450A,MNG305,2020-01-01,PLC001,AEC004,IPG003,5,4500X1400
3754,AE210,8.22E+13,41590253,376160450A,MNG305,2020-01-01,PLC001,AEC004,IPG002,5,4450X2200
3755,AE210,99920150188,41590259,376161901D,MNG244,1990-01-01,PLC000,AEC000,IPG000,0, 
3756,AE210,99920150189,41590259,376161901D,MNG244,1990-01-01,PLC000,AEC000,IPG000,0, 
3757,AE210,99920150190,41590259,376161901D,MNG244,1990-01-01,PLC000,AEC000,IPG000,0, 
3758,AE210,99920150191,41590259,376161901D,MNG244,1990-01-01,PLC000,AEC000,IPG000,0, 
3759,AE210,99920150180,41590259,376161912B,MNG244,1990-01-01,PLC000,AEC000,IPG000,0, 
3760,AE210,8.22E+13,41590400,376161589C,MNG305,2017-12-01,PLC002,AEC004,IPG004,2.3,1600X700
3761,AE210,8.22E+13,41590360,376161315C,MNG244,2018-06-01,PLC001,AEC004,IPG002,6,3.0X2.0
3762,AE210,200113,41590400,376162044D,MNG409,1900-01-01,PLC002,AEC004,IPG002,5,3.6X2.2
3763,AE210,99920150629,41590600,377130776B,MNG409,1990-01-01,PLC000,AEC000,IPG000,0, 
3764,AE210,99920150589,41590256,376161170C,MNG244,1990-01-01,PLC000,AEC000,IPG000,0, 
3765,AE210,5.32E+11,41590350,376150925A,MNG244,2015-01-01,PLC999,AEC004,IPG003,5.41,4.5X1.4
3766,AE210,8.89E+11,41590259,376161472D,MNG244,2016-01-01,PLC001,AEC014,IPG011,0,1150X260(6)
3767,AE210,8.89E+11,41590259,376161482C,MNG244,2016-01-01,PLC002,AEC014,IPG010,0,900X260(5)
3768,AE210,99920150889,41590320,376160346B,MNG244,1990-01-01,PLC000,AEC000,IPG000,0, 
3769,AE210,100025,41590253,376160948C,MNG244,1900-01-01,PLC002,AEC004,IPG004,5,사각형5.00X2.50
3770,AE210,2.15E+11,41590590,377130200B,MNG244,2014-01-01,PLC002,AEC004,IPG003,6.5,4.5x2.0
3771,AE210,99920150717,41590310,376160401B,MNG244,1990-01-01,PLC000,AEC000,IPG000,0, 
3772,AE210,99920150565,41590370,376161239C,MNG244,1990-01-01,PLC000,AEC000,IPG000,0, 
3773,AE210,100072,41590410,376161517A,MNG244,1996-01-01,PLC002,AEC006,IPG001,2.5,사각형1.20X1.10
3774,AE210,8.30E+13,41590256,376152530B,MNG244,2017-11-25,PLC002,AEC004,IPG002,5,4.45X2.2
3775,AE210,8.30E+13,41590256,376162111C,MNG244,2017-11-25,PLC001,AEC004,IPG003,5,3.7X1.4
3776,AE210,8.30E+13,41590256,376162111C,MNG244,2017-11-25,PLC001,AEC004,IPG003,5,3.7X1.4
3777,AE210,8.30E+13,41590256,376162111C,MNG244,2017-11-25,PLC001,AEC007,IPG004,2,2.42X1.2
3778,AE210,4.22E+13,41590253,376160479D,MNG244,2017-12-01,PLC001,AEC007,IPG002,7,3.5X1.7
3779,AE210,4.22E+13,41590253,376160479D,MNG244,2017-12-01,PLC001,AEC001,IPG002,10,8.0X1.5/비규격
3780,AE210,4.22E+13,41590253,376160498C,MNG244,2017-12-01,PLC001,AEC006,IPG001,1.9,1.2X1.1
3781,AE210,100058,41590253,376160489B,MNG244,1900-01-01,PLC002,AEC001,IPG002,5,전광판
3782,AE210,1.21E+13,41590600,377130856C,MNG244,2017-12-30,PLC001,AEC004,IPG002,5,4.45X2.2
3783,AE210,1.21E+13,41590600,377130856C,MNG244,2017-12-30,PLC001,AEC004,IPG002,5,4.45X2.2
3784,AE210,1.21E+13,41590600,377130856D,MNG244,2017-12-30,PLC002,AEC004,IPG002,5,4.45X2.2
3785,AE210,1.21E+13,41590520,377130199D,MNG244,2017-12-01,PLC002,AEC004,IPG003,6,4.45X1.35
3786,AE210,1.21E+13,41590520,377130199D,MNG244,2017-12-01,PLC001,AEC004,IPG003,6,4.45X1.35
3787,AE210,1.21E+13,41590587,377130291D,MNG244,2017-12-31,PLC002,AEC004,IPG003,6,4.45X1.35
3788,AE210,1.21E+13,41590520,377130291C,MNG244,2017-12-31,PLC002,AEC004,IPG002,6,4.45X1.35
3789,AE210,1.21E+13,41590520,377130100C,MNG244,2017-12-31,PLC001,AEC004,IPG002,6,4.45X1.35
3790,AE210,8.22E+13,41590253,376160449C,MNG305,2020-01-01,PLC001,AEC001,IPG002,5,2800X2000
3791,AE210,8.22E+13,41590253,376160460B,MNG305,2020-01-01,PLC002,AEC004,IPG003,5,4500X1400
3792,AE210,8.22E+13,41590253,376160551C,MNG305,2020-01-01,PLC001,AEC004,IPG003,5,4500X1400
3793,AE210,8.22E+13,41590253,376160460B,MNG305,2020-01-01,PLC002,AEC004,IPG002,5,4450X2200
3794,AE210,8.22E+13,41590253,376160450C,MNG305,2020-01-01,PLC001,AEC004,IPG002,5,4450X2200
3795,AE210,8.22E+13,41590253,376160438D,MNG305,2020-01-01,PLC002,AEC001,IPG002,5,2800X2000
3796,AE210,2.22E+13,41590320,376160311A,MNG244,2017-10-20,PLC002,AEC004,IPG004,2.4,1.6X0.6
3797,AE210,2.13E+11,41590340,376150541A,MNG244,2016-01-01,PLC001,AEC004,IPG002,5,3.0X2.0
3798,AE210,2.22E+13,41590259,376161810C,MNG409,2022-06-01,PLC002,AEC004,IPG002,6,4.4x2.2
3799,AE210,2.22E+13,41590259,376161810D,MNG409,2022-06-01,PLC002,AEC004,IPG002,6,4.4x2.2
3800,AE210,8.21E+13,41590140,376122245B,MNG409,2018-01-01,PLC001,AEC006,IPG006,8.2,4500X1400
3801,AE210,8.21E+13,41590140,376122234B,MNG409,2018-01-01,PLC002,AEC004,IPG006,7.5,4500X1400
3150,AE210,8.21E+13,41590140,376122290A,MNG244,2020-01-01,PLC002,AEC007,IPG003,5.3,900X350
3151,AE210,8.21E+13,41590140,376122290A,MNG244,2020-01-01,PLC003,AEC007,IPG003,3.7,900X350
3152,AE210,8.21E+13,41590140,376122290A,MNG244,2020-01-01,PLC003,AEC007,IPG003,5.2,1140X350
3153,AE210,8.21E+13,41590140,376122280C,MNG244,2020-01-01,PLC003,AEC007,IPG003,5.3,700X260
3154,AE210,8.21E+13,41590140,376122280C,MNG244,2020-01-01,PLC003,AEC007,IPG003,3.7,900X260
3155,AE210,8.21E+13,41590140,376122280C,MNG244,2020-01-01,PLC001,AEC005,IPG006,7.5,800X260
3156,AE210,8.21E+13,41590140,376122280C,MNG244,2020-01-01,PLC001,AEC004,IPG002,7,4000X1400
3157,AE210,8.21E+13,41590140,376122280C,MNG244,2020-01-01,PLC001,AEC007,IPG003,4.6,900X350
3158,AE210,8.21E+13,41590140,376122280C,MNG244,2020-01-01,PLC001,AEC007,IPG003,3.7,1140X350
3159,AE210,8.21E+13,41590140,376122280C,MNG244,2020-01-01,PLC001,AEC007,IPG003,5.4,2600X900
3160,AE210,8.21E+13,41590140,376122279D,MNG244,2020-01-01,PLC002,AEC004,IPG002,7,4000X1400
3161,AE210,8.21E+13,41590140,376122279D,MNG244,2020-01-01,PLC001,AEC004,IPG002,7,4000X1400
3162,AE210,8.21E+13,41590140,376122279D,MNG244,2020-01-01,PLC002,AEC005,IPG006,7.5,800X260
3163,AE210,8.21E+13,41590140,376122279D,MNG244,2020-01-01,PLC002,AEC004,IPG002,7,4000X1400
3164,AE210,8.21E+13,41590140,376122279B,MNG244,2020-01-01,PLC002,AEC007,IPG003,3.7,1300X260
3165,AE210,8.21E+13,41590140,376122279B,MNG244,2020-01-01,PLC002,AEC007,IPG003,5.4,1300X260
3166,AE210,9.00E+13,41590420,377130790A,MNG244,,PLC002,AEC004,IPG006,0,4.5X1.4
3167,AE210,9.00E+13,41590420,377130881B,MNG244,,PLC001,AEC004,IPG006,0,4.5X1.4
3168,AE210,9.00E+13,41590420,377130881B,MNG244,,PLC001,AEC004,IPG002,6,4.5X1.75
3169,AE210,8.30E+13,41590340,376160107B,MNG244,2019-12-21,PLC002,AEC999,IPG005,5.5,"3.3X2.8,5.6X2.8"
3170,AE210,8.30E+13,41590340,376160108B,MNG244,2019-12-21,PLC002,AEC004,IPG003,5,5.55X1.35
3171,AE210,8.22E+13,41590350,376150900A,MNG244,2017-12-31,PLC002,AEC004,IPG002,5,3.0X2.0
3172,AE210,8.22E+13,41590350,376150974A,MNG244,2017-12-31,PLC001,AEC004,IPG002,5,3.7X1.4+1.8X0.6
3173,AE210,8.22E+13,41590350,376150974B,MNG244,2017-12-31,PLC002,AEC004,IPG002,5,3.0X2.0
3174,AE210,8.22E+13,41590350,376150974A,MNG244,2017-12-31,PLC001,AEC004,IPG002,5,3.7X1.4+1.8X0.6
3175,AE210,8.22E+13,41590350,376150974A,MNG244,2017-12-31,PLC002,AEC004,IPG002,5,3.7X1.4+1.8X0.6
3176,AE210,8.22E+13,41590350,376150974B,MNG244,2017-12-31,PLC001,AEC004,IPG002,5,3.0X2.0
3177,AE210,8.22E+13,41590350,376150975A,MNG244,2017-12-31,PLC002,AEC004,IPG002,5,3.7X1.4+1.8X0.6
3178,AE210,8.22E+13,41590350,376150975A,MNG244,2017-12-31,PLC001,AEC004,IPG002,5,3.7X1.4+1.8X0.6
3179,AE210,2.21E+13,41590550,377130244B,MNG244,2018-05-01,PLC001,AEC004,IPG002,5.5,3.0x2.0
3180,AE210,2.21E+13,41590550,377130244B,MNG244,2018-05-01,PLC002,AEC004,IPG003,5.5,3.7x1.35
3181,AE210,2.21E+13,41590550,377130244B,MNG244,2018-05-01,PLC001,AEC004,IPG002,5.5,3.0x2.0
3182,AE210,2.21E+13,41590550,377130244B,MNG244,2018-05-01,PLC001,AEC004,IPG003,5.5,3.7x1.35
3183,AE210,2.21E+13,41590550,377130244A,MNG244,2018-05-01,PLC002,AEC004,IPG003,5.5,3.7x1.35
3184,AE210,3.22E+13,41590253,376151061B,MNG305,2020-01-01,PLC002,AEC004,IPG006,5,700X260
3185,AE210,8.22E+13,41590253,376160470A,MNG305,2020-01-01,PLC001,AEC004,IPG003,5,3700X1400
3186,AE210,8.22E+13,41590253,376160470A,MNG305,2020-01-01,PLC001,AEC004,IPG002,5,4450X2200
3187,AE210,8.22E+13,41590253,376160460B,MNG305,2020-01-01,PLC001,AEC001,IPG002,5,2800X2000
3188,AE210,8.22E+13,41590253,376160459B,MNG305,2020-01-01,PLC002,AEC004,IPG002,5,3600X2200
3189,AE210,8.22E+13,41590259,376161476D,MNG305,2017-12-01,PLC001,AEC006,IPG006,2.5,1100X1700
3190,AE210,2.21E+13,41590262,376160246B,MNG000,2017-12-01,PLC002,AEC004,IPG002,7.6,3.6x2.2
3191,AE210,99920171033,41590510,376122293B,MNG244,2017-01-01,PLC001,AEC004,IPG002,5,4.45X2.2
3802,AE210,99920171048,41590510,376160225C,MNG244,2017-01-01,PLC002,AEC999,IPG006,5,1.8X0.6
3803,AE210,99920171049,41590510,376160225C,MNG244,2017-01-01,PLC002,AEC004,IPG002,5,4.45X2.2
3804,AE210,99920171043,41590510,376160225A,MNG244,2017-01-01,PLC002,AEC002,IPG002,5,4.35X3.50
3805,AE210,99920171042,41590510,376160225A,MNG244,2017-01-01,PLC001,AEC004,IPG002,5,4.45X2.2
3806,AE210,2.21E+13,41590262,376160246B,MNG000,2017-12-01,PLC002,AEC004,IPG002,7.6,3.6x2.2
3807,AE210,2.21E+13,41590262,376160236C,MNG000,2017-12-01,PLC001,AEC004,IPG002,7.6,3.6x2.2
3808,AE210,8.22E+13,41590400,376161589C,MNG305,2017-12-01,PLC002,AEC004,IPG002,5,4000X2500
3809,AE210,8.22E+13,41590400,376161589C,MNG305,2017-12-01,PLC002,AEC005,IPG006,5,3000X2000
3810,AE210,8.22E+13,41590400,376161589C,MNG305,2017-12-01,PLC002,AEC007,IPG002,5,3000X2000
3811,AE210,8.22E+13,41590400,376161589C,MNG305,2017-12-01,PLC001,AEC004,IPG002,5,4450X2200
3812,AE210,8.22E+13,41590400,376161588D,MNG305,2017-12-01,PLC002,AEC007,IPG002,5,4000X2500
3813,AE210,8.22E+13,41590400,376161588D,MNG305,2017-12-01,PLC001,AEC004,IPG003,5,4500X1750
3814,AE210,8.22E+13,41590400,376161588D,MNG305,2017-12-01,PLC002,AEC004,IPG002,5,4450X2200
3815,AE210,8.22E+13,41590400,376161588B,MNG305,2017-12-01,PLC001,AEC004,IPG002,5,4450X2200
3816,AE210,8.22E+13,41590400,376161588B,MNG305,2017-12-01,PLC001,AEC007,IPG004,4.8,4450X2200
3817,AE210,8.22E+13,41590259,376161489A,MNG305,2017-12-01,PLC002,AEC004,IPG004,2.6,1600X1200
3818,AE210,8.22E+13,41590259,376161488A,MNG305,2017-12-01,PLC001,AEC006,IPG003,2.3,1100X1700
3819,AE210,8.22E+13,41590259,376161488B,MNG305,2017-12-01,PLC001,AEC002,IPG002,5,3000X2400
3820,AE210,8.22E+13,41590259,376161487B,MNG305,2017-12-01,PLC001,AEC004,IPG002,5,4450X2200
3821,AE210,8.22E+13,41590259,376161487A,MNG305,2017-12-01,PLC001,AEC004,IPG002,5,4450X2200
3822,AE210,8.22E+13,41590259,376161480C,MNG305,2017-12-01,PLC002,AEC004,IPG003,2.5,1600X1200
3823,AE210,8.22E+13,41590259,376161487A,MNG305,2017-12-01,PLC002,AEC006,IPG006,3,1200X1100
3824,AE210,8.22E+13,41590259,376161480C,MNG305,2017-12-01,PLC001,AEC006,IPG003,2.3,1100X1700
3825,AE210,8.22E+13,41590259,376161486B,MNG305,2017-12-01,PLC002,AEC007,IPG004,2.3,2200X1500
3826,AE210,8.22E+13,41590259,376161486B,MNG305,2017-12-01,PLC002,AEC006,IPG006,3.5,1200X1100
3827,AE210,8.22E+13,41590259,376161486B,MNG305,2017-12-01,PLC001,AEC006,IPG003,2.3,1200X1100
3828,AE210,8.22E+13,41590259,376161476D,MNG305,2017-12-01,PLC002,AEC004,IPG002,5,4450X2200
3829,AE210,8.22E+13,41590259,376161476D,MNG305,2017-12-01,PLC002,AEC004,IPG004,2.5,1600X600
3830,AE210,8.22E+13,41590259,376161477C,MNG305,2017-12-01,PLC001,AEC004,IPG002,5,4450X2200
3831,AE210,8.22E+13,41590259,376161487A,MNG305,2017-12-01,PLC001,AEC004,IPG002,5,4450X2200
3832,AE210,8.22E+13,41590259,376161487A,MNG305,2017-12-01,PLC002,AEC004,IPG002,5,4450X2200
3833,AE210,8.22E+13,41590259,376161477C,MNG305,2017-12-01,PLC002,AEC006,IPG003,2.2,1100X1700
3834,AE210,8.22E+13,41590400,376161576D,MNG305,2017-12-01,PLC002,AEC004,IPG003,2.2,1100X1700
3835,AE210,9.00E+13,41590420,377130770C,MNG244,,PLC001,AEC004,IPG006,0,4.5X1.4
3836,AE210,9.00E+13,41590420,377130861C,MNG244,,PLC002,AEC004,IPG006,0,4.5X1.4
3837,AE210,2.22E+13,41590320,376160220B,MNG244,2017-10-20,PLC002,AEC004,IPG002,5,4.0X2.5/1.8X0.6
3192,AE210,99920171031,41590510,376122283D,MNG244,2017-01-01,PLC001,AEC004,IPG002,5,4.45X2.2
3193,AE210,99920171009,41590340,376122221B,MNG244,2017-01-01,PLC001,AEC004,IPG002,5,4.45X2.2
3194,AE210,99920171010,41590340,376122221B,MNG244,2017-01-01,PLC001,AEC004,IPG003,5,5.55X1.35+1.85X0.7
3195,AE210,99920171008,41590340,376122211D,MNG244,2017-01-01,PLC002,AEC006,IPG001,3.4,1.2X1.1
3196,AE210,8.89E+11,41590259,376161463C,MNG244,2016-01-01,PLC002,AEC014,IPG011,0,1650X450(5)
3197,AE210,8.89E+11,41590259,376161472B,MNG244,2016-01-01,PLC002,AEC014,IPG011,0,1050X260(5)
3198,AE210,8.89E+11,41590259,376161810D,MNG244,2016-01-01,PLC002,AEC004,IPG003,5,4500X1400
3199,AE210,8.89E+11,41590259,376161482D,MNG244,2016-01-01,PLC002,AEC014,IPG010,0,900X260(5)
3200,AE210,5.32E+11,41590350,376150927C,MNG244,2015-01-01,PLC001,AEC004,IPG003,5.4,3.7X1.4
3201,AE210,2.11E+11,41590550,377130252B,MNG244,2014-12-01,PLC002,AEC004,IPG002,7.7,4.0x3.0
3202,AE210,8.89E+11,41590259,376161472D,MNG244,2016-01-01,PLC002,AEC014,IPG011,0,2100X450(6)
3203,AE210,8.89E+11,41590259,376161464C,MNG244,2016-01-01,PLC001,AEC014,IPG010,0,900X260(5)
3204,AE210,8.89E+11,41590259,376161300B,MNG244,2016-01-01,PLC001,AEC014,IPG010,0,1050X260(5)
3205,AE210,8.89E+11,41590259,376161473A,MNG244,2016-01-01,PLC001,AEC014,IPG011,0,2450X450(6)
3206,AE210,8.89E+11,41590259,376161810B,MNG244,2016-01-01,PLC002,AEC014,IPG011,0,700X260(5)
3207,AE210,8.89E+11,41590259,376161464A,MNG244,2016-01-01,PLC001,AEC014,IPG010,0,855X260(4)
3208,AE210,8.89E+11,41590259,376161464C,MNG244,2016-01-01,PLC001,AEC014,IPG011,0,2000X450(5)
3209,AE210,8.89E+11,41590259,376161481C,MNG244,2016-01-01,PLC002,AEC002,IPG001,1.2,260X440
3210,AE210,1.22E+13,41590340,376150427C,MNG244,2017-10-12,PLC002,AEC002,IPG004,0,사유지진입불가
3211,AE210,2.22E+13,41590400,376162043D,MNG244,2018-03-01,PLC001,AEC004,IPG002,7.5,3000x2000
3212,AE210,2.22E+13,41590400,376162043C,MNG244,2018-03-01,PLC001,AEC004,IPG002,7.5,3000x2000
3213,AE210,2.22E+13,41590400,376162043C,MNG244,2018-03-01,PLC002,AEC004,IPG002,7.5,3000x2000
3214,AE210,2.22E+13,41590400,376162043D,MNG244,2018-03-01,PLC002,AEC999,IPG004,1.8,120x80
3215,AE210,2.22E+13,41590320,376160323D,MNG244,2017-10-20,PLC001,AEC004,IPG002,5,4.0X2.5
3216,AE210,2.22E+13,41590320,376160333A,MNG244,2017-10-20,PLC002,AEC004,IPG002,5,4.0X2.5
3217,AE210,2.22E+13,41590320,376160333A,MNG244,2017-10-20,PLC001,AEC004,IPG002,5,4.0X2.5
3218,AE210,2.22E+13,41590320,376160333A,MNG244,2017-10-20,PLC001,AEC004,IPG004,2.4,1.6X0.6
3219,AE210,2.22E+13,41590320,376160323C,MNG244,2017-10-20,PLC001,AEC004,IPG002,5,4.0X2.5
3220,AE210,2.22E+13,41590320,376160323C,MNG244,2017-10-20,PLC002,AEC004,IPG002,5,4.0X2.5
3221,AE210,2.22E+13,41590320,376160323C,MNG244,2017-10-20,PLC001,AEC004,IPG004,3.8,1.8X1.8
3222,AE210,2.22E+13,41590320,376160323C,MNG244,2017-10-20,PLC001,AEC004,IPG002,5,4.0X2.5
3223,AE210,2.22E+13,41590320,376160322D,MNG244,2017-10-20,PLC002,AEC004,IPG004,3.8,1.8X1.8
3224,AE210,2.22E+13,41590320,376160322D,MNG244,2017-10-20,PLC002,AEC004,IPG004,3.9,1.8X1.8
3225,AE210,2.22E+13,41590320,376160323B,MNG244,2017-10-20,PLC999,AEC004,IPG002,5,4.45X2.2/1.8X0.6
3226,AE210,2.22E+13,41590320,376160322A,MNG244,2017-10-20,PLC002,AEC004,IPG006,0,1.2X0.6
3227,AE210,99920150174,41590259,376161913A,MNG244,1990-01-01,PLC000,AEC000,IPG000,0, 
3228,AE210,99920150177,41590259,376161913A,MNG244,1990-01-01,PLC000,AEC000,IPG000,0, 
3229,AE210,8.22E+13,41590350,376150900C,MNG244,2017-12-31,PLC001,AEC012,IPG004,2,1.5X1.0
3230,AE210,8.22E+13,41590259,376161476C,MNG305,2017-12-01,PLC001,AEC004,IPG002,5,4450X2200
3231,AE210,8.22E+13,41590259,376161575C,MNG305,2017-12-01,PLC002,AEC004,IPG003,5,4500X1750
3838,AE210,8.21E+13,41590140,376122224B,MNG409,2018-01-01,PLC002,AEC006,IPG006,8.2,562x629
3839,AE210,8.21E+13,41590140,376122224B,MNG409,2018-01-01,PLC002,AEC006,IPG006,8.2,4500X1400
3840,AE210,8.21E+13,41590140,376122222B,MNG409,2018-01-01,PLC001,AEC006,IPG006,8.2,562x629
3841,AE210,8.21E+13,41590140,376122222B,MNG409,2018-01-01,PLC001,AEC006,IPG006,8.2,4500X1400
3842,AE210,8.21E+13,41590140,376122224C,MNG409,2018-01-01,PLC001,AEC006,IPG006,8.2,562x629
3843,AE210,8.21E+13,41590140,376122224C,MNG409,2018-01-01,PLC001,AEC006,IPG006,8.2,4500X1400
3844,AE210,8.21E+13,41590140,376122224C,MNG409,2018-01-01,PLC002,AEC004,IPG006,7.5,4500X1400
3845,AE210,8.21E+13,41590140,376122256A,MNG409,2018-01-01,PLC001,AEC006,IPG006,8.2,562x629
3846,AE210,8.21E+13,41590140,376122256A,MNG409,2018-01-01,PLC001,AEC006,IPG006,8.2,3700x1400
3847,AE210,8.21E+13,41590140,376122256A,MNG409,2018-01-01,PLC002,AEC004,IPG006,7.5,3700X1400
3848,AE210,8.21E+13,41590140,376122234D,MNG409,2018-01-01,PLC001,AEC006,IPG006,8.2,562x629
3849,AE210,8.21E+13,41590140,376122234D,MNG409,2018-01-01,PLC001,AEC006,IPG006,8.2,4500X1400
3850,AE210,8.21E+13,41590140,376122245A,MNG409,2018-01-01,PLC001,AEC006,IPG006,8.2,562x629
3851,AE210,8.21E+13,41590140,376122245A,MNG409,2018-01-01,PLC001,AEC006,IPG006,8.2,3700X1400
3852,AE210,8.21E+13,41590140,376122245A,MNG409,2018-01-01,PLC002,AEC004,IPG006,7.5,4500X1400
3853,AE210,8.21E+13,41590140,376122245A,MNG409,2018-01-01,PLC002,AEC004,IPG006,7.5,4500X1400
3854,AE210,8.21E+13,41590140,376122224B,MNG409,2018-01-01,PLC001,AEC004,IPG006,7.5,4500X1400
3855,AE210,8.21E+13,41590140,376122225A,MNG409,2018-01-01,PLC002,AEC004,IPG006,7.5,4550X2200
3856,AE210,8.21E+13,41590140,376122224B,MNG409,2018-01-01,PLC002,AEC004,IPG006,7.5,4800X1400
3857,AE210,8.21E+13,41590140,376122222B,MNG409,2018-01-01,PLC002,AEC004,IPG006,7.5,4500X1400
3858,AE210,8.21E+13,41590140,376122223B,MNG409,2018-01-01,PLC001,AEC004,IPG002,7.5,4500X1400
3859,AE210,1.22E+13,41590256,376162150C,MNG244,2017-09-10,PLC003,AEC004,IPG001,1.1,오각0.6X0.3X0.3
3860,AE210,1.22E+13,41590256,376162150A,MNG244,2017-09-10,PLC001,AEC004,IPG002,5,4.5X2.2
3861,AE210,8.22E+13,41590253,376160439A,MNG305,2020-01-01,PLC001,AEC004,IPG002,5,4450X2200
3862,AE210,8.22E+13,41590253,376160448B,MNG305,2020-01-01,PLC001,AEC004,IPG002,5,3600X2200
3863,AE210,1.21E+13,41590310,376122484A,MNG409,2020-06-01,PLC002,AEC004,IPG002,8,3.6X2.2/1.8X0.6
3864,AE210,1.21E+13,41590310,376122484A,MNG409,2020-06-01,PLC002,AEC002,IPG001,2.9,0.9X0.4X2EA
3865,AE210,1.21E+13,41590310,376122484A,MNG409,2020-06-01,PLC001,AEC002,IPG001,2.7,0.9X0.3
3866,AE210,1.21E+13,41590310,376122484A,MNG409,2020-06-01,PLC001,AEC004,IPG002,8,3.6X2.2
3867,AE210,1.21E+13,41590310,376122484A,MNG409,2020-06-01,PLC002,AEC002,IPG001,2.9,0.9X0.4
3868,AE210,1.21E+13,41590310,376122484A,MNG409,2020-06-01,PLC002,AEC002,IPG006,0,0.9X0.4
3869,AE210,1.21E+13,41590310,376122484A,MNG409,2020-06-01,PLC001,AEC004,IPG002,8,3.6X2.2/1.8X0.6
3870,AE210,1.21E+13,41590310,376122473D,MNG409,2020-06-01,PLC001,AEC004,IPG002,8,3.6X2.2
3871,AE210,1.21E+13,41590310,376122453C,MNG409,2020-06-01,PLC002,AEC004,IPG002,8,3.6X2.2
3872,AE210,1.21E+13,41590310,376122452C,MNG409,2020-06-01,PLC999,AEC004,IPG002,8,3.6X2.2/1.8X0.6
3873,AE210,1.21E+13,41590310,376122452B,MNG409,2020-06-01,PLC002,AEC002,IPG004,2.5,1.6X0.6
3874,AE210,1.21E+13,41590310,376122452B,MNG409,2020-06-01,PLC002,AEC004,IPG002,8,3.6X2.2
3875,AE210,1.21E+13,41590310,376122442D,MNG409,2020-06-01,PLC999,AEC004,IPG002,8,3.6X2.2/1.8X0.6X2EA
3876,AE210,1.21E+13,41590310,376122452A,MNG409,2020-06-01,PLC002,AEC002,IPG004,2.9,1.6X0.6
3877,AE210,8.22E+13,41590310,376160420B,MNG305,2020-01-01,PLC002,AEC004,IPG003,5,4500X1400
3878,AE210,8.22E+13,41590253,376160420D,MNG305,2020-01-01,PLC001,AEC007,IPG004,2.6,2400X1650
3879,AE210,8.22E+13,41590259,376161477C,MNG305,2017-12-01,PLC001,AEC004,IPG003,5,4500X1750
3880,AE210,8.22E+13,41590259,376161477C,MNG305,2017-12-01,PLC001,AEC007,IPG004,2.5,2200X1500
3232,AE210,8.22E+13,41590400,376161575D,MNG305,2017-12-01,PLC001,AEC004,IPG002,5,4450X2200
3233,AE210,8.22E+13,41590259,376161477C,MNG305,2017-12-01,PLC002,AEC006,IPG006,2.2,1200X1100
3234,AE210,8.22E+13,41590259,376161574D,MNG305,2017-12-01,PLC002,AEC004,IPG002,5,4450X2200
3235,AE210,8.22E+13,41590259,376161477C,MNG305,2017-12-01,PLC001,AEC004,IPG002,5,4450X2200
3236,AE210,8.22E+13,41590259,376161574C,MNG305,2017-12-01,PLC001,AEC007,IPG004,2.4,1600X1200
3237,AE210,8.30E+13,41590340,376150510A,MNG244,2019-12-21,PLC001,AEC999,IPG003,6.6,2.1X0.6
3238,AE210,8.30E+13,41590340,376150510A,MNG244,2019-12-21,PLC002,AEC999,IPG003,6.6,2.1X0.6
3239,AE210,8.30E+13,41590340,376150510A,MNG244,2019-12-21,PLC002,AEC004,IPG004,2.2,1.5X0.6
3240,AE210,8.30E+13,41590340,376150510A,MNG244,2019-12-21,PLC001,AEC004,IPG002,6,3.6X2.2
3241,AE210,8.30E+13,41590340,376150510A,MNG244,2019-12-21,PLC002,AEC004,IPG002,6,3.6X2.2
3242,AE210,8.30E+13,41590340,376150510A,MNG244,2019-12-21,PLC001,AEC004,IPG004,2.2,1.5X0.6
3243,AE210,8.30E+13,41590340,376150510B,MNG244,2019-12-21,PLC002,AEC999,IPG003,6.6,2.1X0.6
3244,AE210,8.30E+13,41590340,376150510B,MNG244,2019-12-21,PLC002,AEC004,IPG002,6,3.6X2.2
3245,AE210,8.30E+13,41590340,376150510B,MNG244,2019-12-21,PLC001,AEC004,IPG002,6,3.6X2.2
3246,AE210,8.30E+13,41590340,376150510B,MNG244,2019-12-21,PLC002,AEC999,IPG003,6.6,2.1X0.6
3247,AE210,8.30E+13,41590340,376150510B,MNG244,2019-12-21,PLC002,AEC004,IPG002,6,3.6X2.2
3248,AE210,8.30E+13,41590340,376150510B,MNG244,2019-12-21,PLC001,AEC999,IPG003,6.6,2.1X0.6
3249,AE210,8.30E+13,41590340,376150510B,MNG244,2019-12-21,PLC001,AEC004,IPG002,6,3.6X2.2
3250,AE210,8.30E+13,41590340,376160101A,MNG244,2019-12-21,PLC001,AEC002,IPG006,2.2,1.1X1.7
3251,AE210,8.30E+13,41590340,376150509B,MNG244,2019-12-21,PLC002,AEC004,IPG002,6,4.0X2.5
3252,AE210,8.30E+13,41590340,376150509B,MNG244,2019-12-21,PLC001,AEC004,IPG002,6,3.6X2.2
3253,AE210,8.30E+13,41590340,376150510A,MNG244,2019-12-21,PLC001,AEC002,IPG006,2.3,1.1X1.7
3254,AE210,8.30E+13,41590340,376160101B,MNG244,2019-12-21,PLC001,AEC004,IPG002,6,3.6X2.2
3255,AE210,8.30E+13,41590340,376160102A,MNG244,2019-12-21,PLC001,AEC002,IPG006,2.2,1.1X1.7
3256,AE210,8.30E+13,41590340,376150510A,MNG244,2019-12-21,PLC001,AEC999,IPG003,6.6,2.1X0.6
3257,AE210,8.30E+13,41590340,376150510A,MNG244,2019-12-21,PLC001,AEC004,IPG002,6,3.6X2.2
3258,AE210,8.30E+13,41590262,376122199D,MNG244,2019-12-21,PLC001,AEC004,IPG002,5,4.45X2.2
3259,AE210,2.22E+13,41590310,376122366D,MNG244,2019-02-01,PLC001,AEC004,IPG002,5.5,3.0x2.0
3260,AE210,99920151108,41590330,376150589C,MNG244,1990-01-01,PLC000,AEC000,IPG000,0, 
3261,AE210,99920151184,41590330,376150500D,MNG244,1990-01-01,PLC000,AEC000,IPG000,0, 
3262,AE210,3.22E+13,41590510,376160267A,MNG409,2018-01-01,PLC001,AEC004,IPG002,5,4.45X2.2
3263,AE210,99920150475,41590370,376161753D,MNG244,1990-01-01,PLC000,AEC000,IPG000,0, 
3264,AE210,2.22E+13,41590400,376161569A,MNG244,2018-08-01,PLC001,AEC004,IPG007,5.5,3.0x2.0
3265,AE210,2.22E+13,41590410,377130661C,MNG244,2018-08-10,PLC001,AEC004,IPG002,5.5,3.0x2.0
3266,AE210,8.22E+13,41590253,376160459B,MNG305,2020-01-01,PLC001,AEC004,IPG003,5,3700X1400
3267,AE210,9.00E+13,41590420,377130863C,MNG244,,PLC001,AEC004,IPG006,0,4.5X1.4
3268,AE210,9.00E+13,41590420,377130853D,MNG244,,PLC002,AEC004,IPG006,0,4.5X1.4
3269,AE210,9.00E+13,41590420,377130864B,MNG244,,PLC002,AEC004,IPG002,6,4.5X1.75
3881,AE210,99920150181,41590259,376161912B,MNG244,1990-01-01,PLC000,AEC000,IPG000,0, 
3882,AE210,99920150186,41590259,376161902C,MNG244,1990-01-01,PLC000,AEC000,IPG000,0, 
3883,AE210,99920150178,41590259,376161912B,MNG244,1990-01-01,PLC000,AEC000,IPG000,0, 
3884,AE210,99920150196,41590259,376161901B,MNG244,1990-01-01,PLC000,AEC000,IPG000,0, 
3885,AE210,99920150249,41590259,376161476D,MNG244,1990-01-01,PLC000,AEC000,IPG000,0, 
3886,AE210,99920150250,41590259,376161476D,MNG244,1990-01-01,PLC000,AEC000,IPG000,0, 
3887,AE210,99920150182,41590400,376161908B,MNG244,1990-01-01,PLC000,AEC000,IPG000,0, 
3888,AE210,99920150234,41590259,376161487B,MNG244,1990-01-01,PLC000,AEC000,IPG000,0, 
3889,AE210,99920150231,41590259,376161487A,MNG244,1990-01-01,PLC000,AEC000,IPG000,0, 
3890,AE210,200010,41590360,376160951C,MNG244,2001-01-01,PLC001,AEC007,IPG001,2, 
3891,AE210,1.22E+13,41590560,376160557B,MNG244,2016-01-01,PLC002,AEC004,IPG002,5,4.5X2.2
3892,AE210,1.22E+13,41590320,376160317D,MNG244,2016-01-01,PLC001,AEC004,IPG002,5,4.0X2.5
3893,AE210,99920150910,41590320,376160317D,MNG244,1990-01-01,PLC000,AEC000,IPG000,0, 
3894,AE210,9.00E+13,41590420,377130779B,MNG244,,PLC002,AEC004,IPG006,0,4.5X1.4
3895,AE210,9.00E+13,41590420,377130779D,MNG244,,PLC001,AEC001,IPG006,0,2.0X0.4
3896,AE210,9.00E+13,41590420,377130780A,MNG244,,PLC002,AEC004,IPG006,0,4.5X1.4
3897,AE210,9.00E+13,41590420,377130780A,MNG244,,PLC001,AEC004,IPG006,0,4.5X1.4
3898,AE210,9.00E+13,41590420,377130780A,MNG244,,PLC002,AEC004,IPG006,0,4.5X1.4
3899,AE210,9.00E+13,41590420,377130780B,MNG244,,PLC001,AEC004,IPG006,0,4.5X1.4
3900,AE210,9.00E+13,41590420,377130871D,MNG244,,PLC001,AEC004,IPG006,0,4.5X1.4
3901,AE210,9.00E+13,41590420,377130872A,MNG244,,PLC001,AEC004,IPG006,0,4.5X1.4
3902,AE210,9.00E+13,41590420,377130872A,MNG244,,PLC002,AEC004,IPG002,6,4.5X1.75
3903,AE210,9.00E+13,41590420,377130872A,MNG244,,PLC002,AEC004,IPG006,0,4.5X1.4
3904,AE210,9.00E+13,41590420,377130872A,MNG244,,PLC002,AEC004,IPG006,0,4.5X1.4
3905,AE210,9.00E+13,41590420,377130872A,MNG244,,PLC001,AEC004,IPG006,0,4.5X1.4
3906,AE210,9.00E+13,41590420,377130789B,MNG244,,PLC002,AEC007,IPG002,6,3.0X2.0
3907,AE210,9.00E+13,41590420,377130790A,MNG244,,PLC001,AEC004,IPG006,0,4.5X1.4
3908,AE210,9.00E+13,41590420,377130790A,MNG244,,PLC001,AEC001,IPG002,6,3.0X2.0
3909,AE210,9.00E+13,41590420,377130790A,MNG244,,PLC001,AEC004,IPG006,0,4.5X1.4
3910,AE210,9.00E+13,41590420,377130790A,MNG244,,PLC002,AEC004,IPG006,0,4.5X1.4
3911,AE210,9.00E+13,41590420,377130790A,MNG244,,PLC001,AEC004,IPG002,6,4.45X2.2
3912,AE210,4.22E+13,41590370,376161851C,MNG244,2018-06-01,PLC002,AEC004,IPG002,5, 
3913,AE210,8.22E+13,41590350,376150962B,MNG244,2017-12-31,PLC001,AEC004,IPG002,5,3.0X2.0
3914,AE210,99920151102,41590340,376150595B,MNG244,1990-01-01,PLC000,AEC000,IPG000,0, 
3915,AE210,8.22E+13,41590259,376161476D,MNG305,2017-12-01,PLC002,AEC004,IPG003,5,4500X1750
3916,AE210,8.22E+13,41590400,376161575D,MNG305,2017-12-01,PLC001,AEC004,IPG003,5,4450X2200
3917,AE210,2.22E+13,41590320,376160311D,MNG244,2017-10-20,PLC003,AEC004,IPG005,5.5,5.6X2.8/3.3X2.8
3918,AE210,8.22E+13,41590400,376161599C,MNG305,2017-12-01,PLC002,AEC007,IPG004,2.6,1600X600
3919,AE210,8.30E+13,41590320,376160209A,MNG244,2019-12-21,PLC002,AEC004,IPG002,5,4.45x2.2
3920,AE210,8.22E+13,41590253,376160450A,MNG305,2020-01-01,PLC002,AEC004,IPG003,5,4500X1400
3921,AE210,8.22E+13,41590253,376160450C,MNG305,2020-01-01,PLC002,AEC004,IPG002,5,4450X2200
3922,AE210,8.22E+13,41590253,376160449A,MNG305,2020-01-01,PLC001,AEC004,IPG002,5,4450X2200
3923,AE210,2.22E+13,41590410,376161075C,MNG406,2022-07-01,PLC002,AEC004,IPG002,7.7,4.45x2.2
3924,AE210,2.22E+13,41590410,376161075C,MNG406,2022-07-01,PLC002,AEC004,IPG002,7.7,4.45x2.2
3270,AE210,2.21E+13,41590585,377130275C,MNG000,2019-11-01,PLC002,AEC004,IPG003,6,5.55X1.35
3271,AE210,99920150911,41590320,376160317D,MNG244,1990-01-01,PLC000,AEC000,IPG000,0, 
3272,AE210,99920150912,41590320,376160317D,MNG244,1990-01-01,PLC000,AEC000,IPG000,0, 
3273,AE210,99920150895,41590320,376160327A,MNG244,1990-01-01,PLC000,AEC000,IPG000,0, 
3274,AE210,1.22E+13,41590320,376160326B,MNG244,2016-01-01,PLC001,AEC011,IPG006,0,2.0X0.4
3275,AE210,1.22E+13,41590320,376160327A,MNG244,2016-01-01,PLC001,AEC004,IPG002,5,4.0X2.5/2.0X0.4/1.6X0.4
3276,AE210,1.22E+13,41590259,376161559B,MNG244,2016-01-01,PLC999,AEC004,IPG002,5,4.5X2.2/1.8X0.4
3277,AE210,1.22E+13,41590259,376161559B,MNG244,2016-01-01,PLC002,AEC004,IPG002,5,4.5X2.2
3278,AE210,1.22E+13,41590510,376160291A,MNG244,2016-01-01,PLC001,AEC004,IPG002,5,3.5X2.0
3279,AE210,1.22E+13,41590510,376160291A,MNG244,2016-01-01,PLC001,AEC004,IPG002,5,4.0X2.5/1.6X0.4
3280,AE210,1.22E+13,41590510,376160291A,MNG244,2016-01-01,PLC001,AEC012,IPG002,0,1.8X0.4
3281,AE210,1.22E+13,41590510,376160291A,MNG244,2016-01-01,PLC001,AEC012,IPG006,0,1.8X0.4
3282,AE210,1.22E+13,41590510,376160291A,MNG244,2016-01-01,PLC002,AEC012,IPG006,0,0.6X1.0
3283,AE210,1.22E+13,41590510,376160281D,MNG244,2016-01-01,PLC001,AEC012,IPG006,0,2.0X0.4
3284,AE210,1.22E+13,41590510,376160281D,MNG244,2016-01-01,PLC002,AEC004,IPG002,5,4.0X2.5
3285,AE210,1.22E+13,41590360,376160869B,MNG244,2016-01-01,PLC002,AEC004,IPG002,5,4.5X2.2/2.0X0.4
3286,AE210,1.22E+13,41590360,376160869B,MNG244,2016-01-01,PLC999,AEC004,IPG002,5,4.5X2.2/1.6X0.4
3287,AE210,8.21E+13,41590140,376122246C,MNG244,2020-01-01,PLC001,AEC004,IPG003,8,3700X1400
3288,AE210,1.21E+13,41590520,377130170D,MNG244,2017-12-01,PLC001,AEC004,IPG002,5,4.5X1.75
3289,AE210,1.21E+13,41590520,377130170D,MNG244,2017-12-01,PLC002,AEC004,IPG002,5,4.5X1.75
3290,AE210,1.21E+13,41590520,377130261C,MNG244,2017-12-01,PLC002,AEC004,IPG002,5,4.5X1.75
3291,AE210,1.21E+13,41590520,377130261A,MNG244,2017-12-01,PLC002,AEC004,IPG002,5,4.5X1.4
3292,AE210,1.21E+13,41590520,377130261A,MNG244,2017-12-01,PLC001,AEC004,IPG002,5,4.5X1.75
3293,AE210,1.21E+13,41590520,377130261A,MNG244,2017-12-01,PLC001,AEC004,IPG002,5,4.5X1.4
3294,AE210,1.21E+13,41590520,377130261B,MNG244,2017-12-01,PLC001,AEC004,IPG002,5,4.4X1.75
3295,AE210,1.22E+13,41590256,376161680A,MNG244,2017-12-31,PLC002,AEC006,IPG001,1.9,1.1X1.7
3296,AE210,1.22E+13,41590256,376161670C,MNG244,2017-12-31,PLC001,AEC004,IPG002,6,4.45X2.20
3297,AE210,1.22E+13,41590256,376161670D,MNG244,2017-12-31,PLC002,AEC004,IPG002,6,4.45X2.20
3298,AE210,1.22E+13,41590256,376161680A,MNG244,2017-12-31,PLC002,AEC004,IPG002,6,4.45X2.20
3299,AE210,1.22E+13,41590256,376161679B,MNG244,2017-12-31,PLC001,AEC004,IPG002,6,4.45X2.20
3300,AE210,1.22E+13,41590256,376161679B,MNG244,2017-12-31,PLC002,AEC006,IPG001,1.7,1.1X1.7
3301,AE210,1.30E+13,41590259,376161425C,MNG244,2010-01-01,PLC999,AEC004,IPG002,0,4.5x2.0
3302,AE210,1.30E+13,41590259,376161425C,MNG244,2010-01-01,PLC002,AEC004,IPG002,0,4.5x2.0
3303,AE210,1.30E+13,41590259,376161425C,MNG244,2010-01-01,PLC001,AEC004,IPG002,0,3.5x2.0
3304,AE210,1.30E+13,41590259,376161425C,MNG244,2010-01-01,PLC001,AEC004,IPG001,0,0.6x0.9
3305,AE210,1.30E+13,41590259,376161425C,MNG244,2010-01-01,PLC002,AEC004,IPG002,0,4.5x2.0
3306,AE210,8.22E+13,41590253,376160459B,MNG305,2020-01-01,PLC002,AEC004,IPG003,5,3700X1400
3307,AE210,8.22E+13,41590253,376160460B,MNG305,2020-01-01,PLC002,AEC004,IPG003,5,4500X1400
3308,AE210,8.22E+13,41590253,376160459B,MNG305,2020-01-01,PLC002,AEC004,IPG003,5,3700X1400
3925,AE210,8.22E+13,41590400,376161576D,MNG305,2017-12-01,PLC001,AEC004,IPG002,5,4500X1750
3926,AE210,8.22E+13,41590400,376161587A,MNG305,2017-12-01,PLC001,AEC004,IPG002,5,4450X2200
3927,AE210,8.22E+13,41590400,376161587A,MNG305,2017-12-01,PLC001,AEC002,IPG002,5,3000X2400
3928,AE210,99920150173,41590259,376161913C,MNG244,1990-01-01,PLC000,AEC000,IPG000,0, 
3929,AE210,99920150175,41590259,376161913C,MNG244,1990-01-01,PLC000,AEC000,IPG000,0, 
3930,AE210,99920150176,41590259,376161913C,MNG244,1990-01-01,PLC000,AEC000,IPG000,0, 
3931,AE210,4.30E+13,41590262,376160715C,MNG409,2020-12-01,PLC002,AEC004,IPG002,8,3.6X2.2
3932,AE210,1.21E+13,41590530,377130197C,MNG409,2020-12-01,PLC001,AEC004,IPG003,8,4.5X1.4
3933,AE210,1.21E+13,41590530,377130197C,MNG409,2020-12-01,PLC999,AEC004,IPG003,8,4.5X1.4
3934,AE210,1.21E+13,41590530,377130197C,MNG409,2020-12-01,PLC002,AEC004,IPG003,8,3.7X1.4
3935,AE210,1.21E+13,41590530,377130196C,MNG409,2020-12-01,PLC001,AEC004,IPG002,8,4.4X2.2
3936,AE210,1.21E+13,41590530,377130197C,MNG409,2020-12-01,PLC001,AEC004,IPG003,8,3.7X1.4
3937,AE210,1.21E+13,41590530,377130196B,MNG409,2020-12-01,PLC002,AEC004,IPG003,8,3.7X1.4
3938,AE210,1.21E+13,41590530,377130196B,MNG409,2020-12-01,PLC001,AEC004,IPG003,8,3.7X1.4
3939,AE210,1.21E+13,41590530,377130195D,MNG409,2020-12-01,PLC001,AEC004,IPG999,8,5.5X1.3
3940,AE210,1.21E+13,41590520,377130186D,MNG409,2020-12-01,PLC002,AEC004,IPG003,8,3.7X1.4
3941,AE210,1.21E+13,41590520,377130186D,MNG409,2020-12-01,PLC001,AEC004,IPG003,8,3.7X1.4
3942,AE210,1.21E+13,41590520,377130186C,MNG409,2020-12-01,PLC002,AEC004,IPG003,8,3.7X1.4
3943,AE210,1.21E+13,41590520,377130186C,MNG409,2020-12-01,PLC002,AEC004,IPG003,10,3.7X1.4
3944,AE210,1.21E+13,41590520,377130186C,MNG409,2020-12-01,PLC002,AEC004,IPG002,10,4.0X2.5
3945,AE210,500074,41590520,377130186B,MNG409,1900-01-01,PLC002,AEC004,IPG002,5.2,사각형3.6×2.2
3946,AE210,500102,41590520,377130186A,MNG409,1900-01-01,PLC002,AEC004,IPG002,5.2,사각형3.6×2.2
3947,AE210,411071,41590587,377130282C,MNG244,2007-04-01,PLC002,AEC004,IPG003,5.55,3.70X1.35
3948,AE210,411072,41590587,377130282D,MNG244,2007-04-01,PLC001,AEC004,IPG003,5.55,3.70X1.35
3949,AE210,411073,41590587,377130282A,MNG244,2007-04-01,PLC001,AEC004,IPG003,5.55,3.70X1.35
3950,AE210,99920171056,41590510,376160236C,MNG244,2017-01-01,PLC001,AEC002,IPG002,5,4.35X3.50
3951,AE210,99920171050,41590510,376160235A,MNG244,2017-01-01,PLC001,AEC006,IPG001,3.4,1.2X1.1
3952,AE210,99920171013,41590340,376122231B,MNG244,2017-01-01,PLC001,AEC002,IPG002,5,4.35X3.50
3953,AE210,99920171014,41590340,376122231B,MNG244,2017-01-01,PLC003,AEC999,IPG005,5.5,5.60X2.80+3.30X2.80
3954,AE210,99920150955,41590109,376160246C,MNG244,1990-01-01,PLC000,AEC000,IPG000,0, 
3955,AE210,99920171044,41590510,376160225C,MNG244,2017-01-01,PLC001,AEC999,IPG999,3.7,2.4X1.2
3956,AE210,99920171045,41590510,376160225C,MNG244,2017-01-01,PLC001,AEC999,IPG006,5,1.8X0.6
3957,AE210,99920171046,41590510,376160225C,MNG244,2017-01-01,PLC001,AEC004,IPG002,5,4.45X2.2
3958,AE210,99920171047,41590510,376160225C,MNG244,2017-01-01,PLC002,AEC006,IPG001,3.5,1.2X1.1
3959,AE210,99920171040,41590510,376160203B,MNG244,2017-01-01,PLC002,AEC004,IPG002,5,4.45X2.2
3960,AE210,8.89E+11,41590259,376161482D,MNG244,2016-01-01,PLC001,AEC014,IPG010,0,900X260(5)
3961,AE210,8.89E+11,41590259,376161491A,MNG244,2016-01-01,PLC002,AEC014,IPG011,0,1150X260(6)
3962,AE210,8.89E+11,41590259,376161481C,MNG244,2016-01-01,PLC001,AEC014,IPG011,0,950X260(6)
3963,AE210,8.89E+11,41590259,376161474A,MNG244,2016-01-01,PLC001,AEC014,IPG011,0,950X260(6)
3964,AE210,8.22E+13,41590253,376160420D,MNG305,2020-01-01,PLC002,AEC006,IPG006,7.2,562X629
3965,AE210,8.22E+13,41590253,376160420D,MNG305,2020-01-01,PLC002,AEC004,IPG002,5,4500X1750
3309,AE210,8.22E+13,41590253,376160460D,MNG305,2020-01-01,PLC001,AEC004,IPG002,5,4450X2200
3310,AE210,8.22E+13,41590253,376160439A,MNG305,2020-01-01,PLC002,AEC004,IPG003,5,3700X1400
3311,AE210,8.22E+13,41590253,376160439A,MNG305,2020-01-01,PLC001,AEC004,IPG003,5,3700X1400
3312,AE210,8.22E+13,41590253,376160439A,MNG305,2020-01-01,PLC001,AEC004,IPG003,5,3700X1400
3313,AE210,8.22E+13,41590253,376160459B,MNG305,2020-01-01,PLC001,AEC004,IPG002,5,3600X2200
3314,AE210,8.22E+13,41590253,376160460A,MNG305,2020-01-01,PLC002,AEC004,IPG002,5,4450X2200
3315,AE210,8.22E+13,41590253,376160460A,MNG305,2020-01-01,PLC001,AEC004,IPG003,5,4500X1400
3316,AE210,8.22E+13,41590253,376160448D,MNG305,2020-01-01,PLC001,AEC004,IPG003,5,3700X1400
3317,AE210,8.22E+13,41590253,376160448D,MNG305,2020-01-01,PLC001,AEC006,IPG006,6.8,562X629
3318,AE210,8.22E+13,41590253,376160458B,MNG305,2020-01-01,PLC002,AEC006,IPG006,6.8,562X629
3319,AE210,8.22E+13,41590253,376160429C,MNG305,2020-01-01,PLC001,AEC004,IPG002,5,3600X2200
3320,AE210,8.22E+13,41590253,376160439A,MNG305,2020-01-01,PLC002,AEC004,IPG002,5,3600X2200
3321,AE210,1.22E+13,41590256,376162150A,MNG244,2017-09-10,PLC002,AEC004,IPG002,5,4.5X2.2
3322,AE210,1.22E+13,41590256,376162150B,MNG244,2017-09-10,PLC001,AEC004,IPG002,5,4.5X2.2
3323,AE210,1.22E+13,41590256,376162140D,MNG244,2017-09-10,PLC002,AEC004,IPG002,5,5.5X1.4
3324,AE210,8.22E+13,41590410,376161056C,MNG305,2020-01-01,PLC001,AEC004,IPG002,6,5000X2500
3325,AE210,8.22E+13,41590256,376162112C,MNG409,2018-06-01,PLC002,AEC007,IPG004,3.4,2.42X1.20
3326,AE210,8.22E+13,41590256,376162111D,MNG409,2018-06-01,PLC001,AEC004,IPG002,6.3,3.60X2.20
3327,AE210,8.22E+13,41590256,376162111D,MNG409,2018-06-01,PLC001,AEC007,IPG004,3.5,2.42X1.20
3328,AE210,8.22E+13,41590256,376162111C,MNG409,2018-06-01,PLC001,AEC004,IPG003,6.3,3.70X1.35
3329,AE210,8.30E+13,41590340,376160107B,MNG244,2019-12-21,PLC002,AEC004,IPG002,5,4.45X2.2
3330,AE210,8.30E+13,41590340,376160107A,MNG244,2019-12-21,PLC002,AEC999,IPG002,5,4.45X2.2
3331,AE210,8.30E+13,41590262,376122199C,MNG244,2019-12-21,PLC001,AEC004,IPG003,5,5.55X1.35
3332,AE210,8.30E+13,41590262,376122199D,MNG244,2019-12-21,PLC001,AEC004,IPG002,5,4.45X2.2
3333,AE210,8.30E+13,41590320,376160209D,MNG244,2019-12-21,PLC002,AEC004,IPG002,5,1.8x1.3
3334,AE210,8.30E+13,41590320,376160209D,MNG244,2019-12-21,PLC002,AEC004,IPG002,5,4.45x2.2+1.8x0.6
3335,AE210,8.30E+13,41590320,376160209A,MNG244,2019-12-21,PLC001,AEC004,IPG002,5,4.45x2.2+1.8x0.6
3336,AE210,8.30E+13,41590320,376160209A,MNG244,2019-12-21,PLC003,AEC004,IPG005,5.5,5.6x2.8+3.3x2.8
3337,AE210,8.30E+13,41590320,376160209A,MNG244,2019-12-21,PLC001,AEC004,IPG002,5,4.45x2.2+1.8x0.6
3338,AE210,8.30E+13,41590320,376160209A,MNG244,2019-12-21,PLC001,AEC004,IPG004,2.2,2.0x2.0
3339,AE210,8.30E+13,41590320,376160209A,MNG244,2019-12-21,PLC001,AEC004,IPG002,5,4.45x2.2+1.8x0.6
3340,AE210,8.30E+13,41590320,376160209A,MNG244,2019-12-21,PLC002,AEC004,IPG002,5,4.45x2.2+1.8x0.6
3341,AE210,8.22E+13,41590259,376161574C,MNG305,2017-12-01,PLC001,AEC002,IPG002,5,3000X2400
3342,AE210,4.22E+13,41590360,376160972B,MNG244,2017-06-01,PLC999,AEC004,IPG003,6,3.70X1.35
3343,AE210,99920150165,41590259,376161923A,MNG244,1990-01-01,PLC000,AEC000,IPG000,0, 
3344,AE210,8.30E+13,41590262,376122215C,MNG244,2019-12-21,PLC002,AEC004,IPG003,5,3.75x2.2
3345,AE210,4.22E+13,41590310,376122377A,MNG409,2020-12-01,PLC002,AEC004,IPG002,8,4.4X2.2
3346,AE210,4.22E+13,41590310,376122377A,MNG409,2020-12-01,PLC001,AEC004,IPG001,3.4,0.9X1.2
3966,AE210,2.22E+13,41590410,376161075C,MNG406,2022-07-01,PLC001,AEC004,IPG002,7.7,4.45x2.2
3967,AE210,2.22E+13,41590410,376161075C,MNG406,2022-07-01,PLC001,AEC004,IPG002,7.7,4.45x2.2
3968,AE210,2.22E+13,41590410,376161074D,MNG406,2022-07-01,PLC001,AEC004,IPG002,7.7,4.45x2.2
3969,AE210,8.22E+13,41590253,376160448D,MNG305,2020-01-01,PLC001,AEC004,IPG003,5,3700X1400
3970,AE210,8.22E+13,41590253,376160448D,MNG305,2020-01-01,PLC001,AEC004,IPG003,5,3700X1400
3971,AE210,8.22E+13,41590253,376160448D,MNG305,2020-01-01,PLC002,AEC006,IPG006,6.8,562X629
3972,AE210,8.22E+13,41590253,376160448D,MNG305,2020-01-01,PLC002,AEC004,IPG003,5,3700X1400
3973,AE210,99920150630,41590600,377130776A,MNG409,1990-01-01,PLC000,AEC000,IPG000,0, 
3974,AE210,200112,41590400,376162044D,MNG409,1900-01-01,PLC001,AEC004,IPG002,5,3.6X2.2
3975,AE210,99920151022,41590330,376160186C,MNG244,1990-01-01,PLC000,AEC000,IPG000,0, 
3976,AE210,2.22E+13,41590570,377130184C,MNG417,2019-12-01,PLC002,AEC004,IPG002,6,2.6X1.6
3977,AE210,1.22E+13,41590400,376161585B,MNG409,2019-12-01,PLC002,AEC004,IPG002,5,4.45X2.20
3978,AE210,200091,41590400,376161585B,MNG409,1900-01-01,PLC001,AEC004,IPG002,5,5.0X2.5
3979,AE210,1.22E+13,41590400,376162005C,MNG409,2019-12-31,PLC002,AEC002,IPG002,5,3.0X2.0
3980,AE210,1.22E+13,41590259,376161340A,MNG409,2019-12-31,PLC002,AEC004,IPG002,5,3.6X2.2
3981,AE210,1.22E+13,41590400,376161949B,MNG409,2019-12-31,PLC002,AEC004,IPG002,5,4.0X2.5
3982,AE210,200109,41590400,376161949B,MNG409,1900-01-01,PLC002,AEC004,IPG002,5,3.6X2.2
3983,AE210,200107,41590400,376161939D,MNG409,1900-01-01,PLC002,AEC004,IPG002,5,3.6X2.2
3984,AE210,200096,41590400,376162005C,MNG409,1900-01-01,PLC001,AEC004,IPG002,5,5.0X2.5
3985,AE210,99920150367,41590259,376161339B,MNG409,1990-01-01,PLC000,AEC000,IPG000,0, 
3986,AE210,200093,41590400,376161585C,MNG409,1900-01-01,PLC002,AEC004,IPG002,5,5.0X2.5
3987,AE210,99920150363,41590259,376161340A,MNG409,1990-01-01,PLC000,AEC000,IPG000,0, 
3988,AE210,99920150084,41590370,376161792D,MNG409,1990-01-01,PLC000,AEC000,IPG000,0, 
3989,AE210,99920150086,41590370,376161792D,MNG409,1990-01-01,PLC000,AEC000,IPG000,0, 
3990,AE210,99920150085,41590370,376161792B,MNG409,1990-01-01,PLC000,AEC000,IPG000,0, 
3991,AE210,99920150472,41590370,376161754C,MNG409,1990-01-01,PLC000,AEC000,IPG000,0, 
3992,AE210,99920150015,41590370,376161214D,MNG409,1990-01-01,PLC000,AEC000,IPG000,0, 
3993,AE210,99920150016,41590370,376161208D,MNG409,1990-01-01,PLC000,AEC000,IPG000,0, 
3994,AE210,99920150470,41590370,376161754A,MNG409,1990-01-01,PLC000,AEC000,IPG000,0, 
3995,AE210,1.22E+13,41590259,376161443C,MNG409,2019-12-31,PLC002,AEC006,IPG001,0,1.2X1.2
3996,AE210,1.22E+13,41590259,376161443C,MNG409,2019-12-31,PLC002,AEC004,IPG002,0,3.6X2.2
3997,AE210,4.22E+13,41590570,41590570,MNG409,2019-12-31,PLC001,AEC004,IPG003,6,3.7X1.35
3998,AE210,4.22E+13,41590570,41590570,MNG409,2019-12-31,PLC002,AEC004,IPG003,6,3.7X1.35
3999,AE210,4.22E+13,41590570,41590570,MNG409,2019-12-31,PLC001,AEC004,IPG003,6,3.7X1.35
4000,AE210,4.22E+13,41590570,41590570,MNG409,2019-12-31,PLC002,AEC004,IPG003,6,3.7X1.35
4001,AE210,99920150526,41590360,376161315C,MNG244,1990-01-01,PLC000,AEC000,IPG000,0, 
4002,AE210,4.22E+13,41590256,376161761C,MNG244,2017-12-01,PLC001,AEC004,IPG002,6,4.45X2.2
4003,AE210,4.22E+13,41590256,376161761C,MNG244,2017-12-01,PLC001,AEC006,IPG001,1.7,1.0X1.7
4004,AE210,4.22E+13,41590256,376161761D,MNG244,2017-12-01,PLC001,AEC004,IPG002,6,3.6X2.2
4005,AE210,4.22E+13,41590256,376161761D,MNG244,2017-12-01,PLC001,AEC004,IPG002,6,4.45X2.2
4006,AE210,99920150464,41590370,376161763A,MNG244,1990-01-01,PLC000,AEC000,IPG000,0, 
4007,AE210,8.22E+13,41590259,376161476D,MNG305,2017-12-01,PLC002,AEC006,IPG006,2.5,1100X1700
4008,AE210,8.22E+13,41590259,376161476C,MNG305,2017-12-01,PLC002,AEC007,IPG004,1.8,2200X1500
3347,AE210,200074,41590259,376161442C,MNG409,1900-01-01,PLC001,AEC004,IPG002,5,5.0X2.5
3348,AE210,100009,41590253,376160977A,MNG409,1900-01-01,PLC002,AEC004,IPG002,5,사각형3.60X2.20
3349,AE210,200073,41590259,376161442B,MNG409,1900-01-01,PLC002,AEC002,IPG002,5,3.0X2.4
3350,AE210,200072,41590259,376161442B,MNG409,1900-01-01,PLC002,AEC004,IPG002,5,5.0X2.5
3351,AE210,100006,41590253,376160976B,MNG409,1900-01-01,PLC002,AEC004,IPG002,5,사각형3.60X2.20
3352,AE210,100007,41590253,376160976B,MNG409,1900-01-01,PLC002,AEC006,IPG001,2,사각형1.20X1.00
3353,AE210,2.06E+11,41590000,377130729D,MNG244,2016-01-01,PLC002,AEC004,IPG003,5,5.55X1.35
3354,AE210,2.06E+11,41590000,377130729D,MNG244,2016-01-01,PLC002,AEC004,IPG003,5,5.55X1.35
3355,AE210,2.06E+11,41590000,377130729D,MNG244,2016-01-01,PLC002,AEC004,IPG003,5,5.55X1.35
3356,AE210,2.06E+11,41590000,377130719D,MNG244,2016-01-01,PLC002,AEC004,IPG003,5,5.55X1.35
3357,AE210,2.06E+11,41590000,377130719D,MNG244,2016-01-01,PLC002,AEC004,IPG003,5,5.55X1.35
3358,AE210,2.06E+11,41590000,377130719D,MNG244,2016-01-01,PLC001,AEC004,IPG003,5,5.55X1.35
3359,AE210,2.06E+11,41590000,377130289D,MNG244,2016-01-01,PLC001,AEC004,IPG003,6.5,5.55X1.35
3360,AE210,2.06E+11,41590000,377130709B,MNG244,2016-01-01,PLC002,AEC004,IPG003,5,5.55X1.35
3361,AE210,2.06E+11,41590000,377130709B,MNG244,2016-01-01,PLC001,AEC004,IPG003,5,5.55X1.35
3362,AE210,2.06E+11,41590000,377130299D,MNG244,2016-01-01,PLC002,AEC004,IPG003,5,5.55X1.35
3363,AE210,2.06E+11,41590000,377130299D,MNG244,2016-01-01,PLC001,AEC004,IPG003,5,5.55X1.35
3364,AE210,2.06E+11,41590000,377130299B,MNG244,2016-01-01,PLC002,AEC004,IPG003,5,5.55X1.35
3365,AE210,2.06E+11,41590000,377130709B,MNG244,2016-01-01,PLC001,AEC004,IPG002,5,5.55X1.35
3366,AE210,2.06E+11,41590000,377130299B,MNG244,2016-01-01,PLC001,AEC004,IPG002,5,5.55X1.35
3367,AE210,2.06E+11,41590000,377130719A,MNG244,2016-01-01,PLC001,AEC004,IPG003,5,5.55X1.35
3368,AE210,2.06E+11,41590000,377130718B,MNG244,2016-01-01,PLC001,AEC004,IPG002,6.5,5.55X1.35
3369,AE210,2.06E+11,41590000,377130718B,MNG244,2016-01-01,PLC002,AEC004,IPG003,6.5,5.55X1.35
3370,AE210,8.22E+13,41590259,376161901C,MNG305,2017-12-01,PLC002,AEC004,IPG002,5,4450X2200
3371,AE210,8.22E+13,41590259,376161901C,MNG305,2017-12-01,PLC001,AEC004,IPG003,5,3700X1400
3372,AE210,8.22E+13,41590259,376161810D,MNG305,2017-12-01,PLC002,AEC004,IPG003,5,3700X1400
3373,AE210,8.22E+13,41590259,376161810D,MNG305,2017-12-01,PLC001,AEC004,IPG003,5,4500X1400
3374,AE210,8.22E+13,41590259,376161492C,MNG305,2017-12-01,PLC002,AEC004,IPG003,5,4500X1400
3375,AE210,8.22E+13,41590259,376161492C,MNG305,2017-12-01,PLC001,AEC004,IPG002,5,4450X2200
3376,AE210,8.22E+13,41590259,376161492B,MNG305,2017-12-01,PLC002,AEC001,IPG002,5,3000X2500
3377,AE210,8.22E+13,41590259,376161492C,MNG305,2017-12-01,PLC001,AEC004,IPG003,5,4500X1400
3378,AE210,8.22E+13,41590400,376162009B,MNG305,2017-12-01,PLC001,AEC004,IPG002,5,1930X1970
3379,AE210,8.22E+13,41590400,376162010A,MNG305,2017-12-01,PLC002,AEC007,IPG002,5,3000X2000
3380,AE210,8.22E+13,41590400,376162009B,MNG305,2017-12-01,PLC002,AEC004,IPG004,2.4,2500X1000
3381,AE210,8.22E+13,41590400,376162009B,MNG305,2017-12-01,PLC001,AEC007,IPG002,5,3000X2000
3382,AE210,8.22E+13,41590400,376162009B,MNG305,2017-12-01,PLC001,AEC004,IPG004,2.4,2500X1000
3383,AE210,8.22E+13,41590400,376162009A,MNG305,2017-12-01,PLC002,AEC007,IPG002,5,1930X1970
3384,AE210,8.22E+13,41590400,376162009A,MNG305,2017-12-01,PLC001,AEC007,IPG002,5,3000X2000
3385,AE210,8.22E+13,41590400,376162009A,MNG305,2017-12-01,PLC001,AEC007,IPG002,5,3000X2000
3386,AE210,99920150184,41590259,376161902C,MNG244,1990-01-01,PLC000,AEC000,IPG000,0, 
3387,AE210,99920150179,41590259,376161912B,MNG244,1990-01-01,PLC000,AEC000,IPG000,0, 
3388,AE210,99920150166,41590259,376161923A,MNG244,1990-01-01,PLC000,AEC000,IPG000,0, 
3389,AE210,99920150168,41590259,376161923A,MNG244,1990-01-01,PLC000,AEC000,IPG000,0, 
3390,AE210,99920150172,41590259,376161913C,MNG244,1990-01-01,PLC000,AEC000,IPG000,0, 
3391,AE210,8.22E+13,41590400,376161599A,MNG305,2017-12-01,PLC002,AEC007,IPG002,5,3000X2000
4009,AE210,8.22E+13,41590400,376161576C,MNG305,2017-12-01,PLC002,AEC004,IPG004,2.4,1600X1200
4010,AE210,8.89E+11,41590259,376161472B,MNG244,2016-01-01,PLC001,AEC014,IPG011,0,1050X260(5)
4011,AE210,8.89E+11,41590259,376161462C,MNG244,2016-01-01,PLC001,AEC014,IPG013,0,1050X260(5)
4012,AE210,2.06E+11,41590000,377130728D,MNG244,2016-01-01,PLC001,AEC004,IPG003,6.5,5.55X1.35
4013,AE210,2.06E+11,41590000,377130729C,MNG244,2016-01-01,PLC002,AEC004,IPG002,5,5.55X1.35
4014,AE210,2.06E+11,41590000,377130719D,MNG244,2016-01-01,PLC002,AEC004,IPG002,5,5.55X1.35
4015,AE210,2.06E+11,41590000,377130729B,MNG244,2016-01-01,PLC001,AEC004,IPG002,5,5.55X1.35
4016,AE210,2.06E+11,41590000,377130729B,MNG244,2016-01-01,PLC001,AEC004,IPG002,5.5,3.6X2.2
4017,AE210,2.06E+11,41590000,377130729B,MNG244,2016-01-01,PLC001,AEC004,IPG002,5.5,3.6X2.2
4018,AE210,2.06E+11,41590000,377130729B,MNG244,2016-01-01,PLC002,AEC004,IPG002,5.5,3.6X2.2
4019,AE210,2.06E+11,41590000,377130728D,MNG244,2016-01-01,PLC001,AEC004,IPG002,5,4.5X2.0
4020,AE210,2.06E+11,41590000,377130298B,MNG244,2016-01-01,PLC001,AEC004,IPG003,5,5.55X1.35
4021,AE210,2.06E+11,41590000,377130299A,MNG244,2016-01-01,PLC001,AEC004,IPG002,5,5.55X1.35
4022,AE210,2.06E+11,41590000,377130289D,MNG244,2016-01-01,PLC002,AEC004,IPG003,6.5,5.55X1.35
4023,AE210,2.06E+11,41590000,377130288B,MNG244,2016-01-01,PLC001,AEC004,IPG003,6.5,5.55X1.35
4024,AE210,2.06E+11,41590000,377130289A,MNG244,2016-01-01,PLC002,AEC004,IPG002,6.5,3.5X2.0
4025,AE210,2.06E+11,41590000,377130728D,MNG244,2016-01-01,PLC002,AEC004,IPG002,5,4.5X2.0
4026,AE210,2.06E+11,41590000,377130298C,MNG244,2016-01-01,PLC001,AEC004,IPG002,5,5.55X1.35
4027,AE210,2.06E+11,41590000,377130719B,MNG244,2016-01-01,PLC001,AEC004,IPG003,5,5.55X1.35
4028,AE210,2.06E+11,41590000,377130719A,MNG244,2016-01-01,PLC002,AEC004,IPG002,5,5.55X1.35
4029,AE210,2.06E+11,41590000,377130299C,MNG244,2016-01-01,PLC001,AEC004,IPG002,5,5.55X1.35
4030,AE210,2.06E+11,41590000,377130709A,MNG244,2016-01-01,PLC002,AEC004,IPG002,5,5.55X1.35
4031,AE210,2.06E+11,41590000,377130719B,MNG244,2016-01-01,PLC002,AEC005,IPG006,6.5,1.0X0.2
4032,AE210,99920171054,41590510,376160235A,MNG244,2017-01-01,PLC002,AEC004,IPG002,5,4.45X2.2
4033,AE210,500172,41590410,377130622C,MNG244,2004-01-01,PLC002,AEC004,IPG004,5.2,사각형3.6×2.2
4034,AE210,5.32E+11,41590350,376150925C,MNG244,2015-01-01,PLC002,AEC004,IPG003,5.4,3.7X1.4
4035,AE210,99920150214,41590259,376161560B,MNG244,1990-01-01,PLC000,AEC000,IPG000,0, 
4036,AE210,99920150328,41590259,376161417C,MNG244,1990-01-01,PLC000,AEC000,IPG000,0, 
4037,AE210,1.21E+13,41590520,377130261A,MNG244,2017-12-01,PLC002,AEC004,IPG002,5,4.5X1.4
4038,AE210,8.22E+13,41590410,376161093D,MNG305,2020-01-01,PLC001,AEC004,IPG002,6,1600X1200
4039,AE210,8.22E+13,41590410,376161084C,MNG305,2020-01-01,PLC001,AEC004,IPG002,6,5000X2500
4040,AE210,9.00E+13,41590420,377130881B,MNG244,,PLC001,AEC004,IPG006,0,4.5X1.4
4041,AE210,9.00E+13,41590420,377130881B,MNG244,,PLC001,AEC004,IPG006,0,4.5X1.4
4042,AE210,9.00E+13,41590420,377130881B,MNG244,,PLC002,AEC004,IPG006,0,4.5X1.4
4043,AE210,9.00E+13,41590420,377130881B,MNG244,,PLC002,AEC004,IPG006,0,4.5X1.4
4044,AE210,9.00E+13,41590420,377130881B,MNG244,,PLC002,AEC004,IPG006,0,4.5X1.4
4045,AE210,9.00E+13,41590420,377130881B,MNG244,,PLC002,AEC004,IPG006,0,4.5X1.4
4046,AE210,9.00E+13,41590420,377130881C,MNG244,,PLC001,AEC001,IPG006,0,2.0X0.4
4047,AE210,9.00E+13,41590420,377130881C,MNG244,,PLC001,AEC004,IPG006,0,4.5X1.4
4048,AE210,9.00E+13,41590420,377130881C,MNG244,,PLC002,AEC004,IPG006,0,4.5X1.4
4049,AE210,9.00E+13,41590420,377130881D,MNG244,,PLC002,AEC004,IPG002,6,4.5X1.4
4050,AE210,9.00E+13,41590420,377130863C,MNG244,,PLC001,AEC004,IPG006,0,4.5X1.4
4051,AE210,9.00E+13,41590420,377130863C,MNG244,,PLC002,AEC004,IPG006,0,4.5X1.4
4052,AE210,9.00E+13,41590420,377130864B,MNG244,,PLC001,AEC004,IPG006,0,4.5X1.4
4053,AE210,9.00E+13,41590420,377130864B,MNG244,,PLC002,AEC001,IPG006,0,2.0X0.4
4054,AE210,9.00E+13,41590420,377130864B,MNG244,,PLC001,AEC004,IPG006,0,4.5X1.4
3392,AE210,8.22E+13,41590400,376161599A,MNG305,2017-12-01,PLC002,AEC007,IPG002,5,3000X2000
3393,AE210,8.22E+13,41590253,376160458B,MNG305,2020-01-01,PLC002,AEC006,IPG006,6.8,562X629
3394,AE210,8.22E+13,41590253,376160458B,MNG305,2020-01-01,PLC002,AEC004,IPG003,5,3700X1400
3395,AE210,8.22E+13,41590253,376160460A,MNG305,2020-01-01,PLC001,AEC004,IPG003,5,4500X1400
3396,AE210,8.22E+13,41590253,376160460A,MNG305,2020-01-01,PLC001,AEC004,IPG002,5,4450X2200
3397,AE210,8.22E+13,41590253,376160460B,MNG305,2020-01-01,PLC002,AEC004,IPG002,5,4450X2200
3398,AE210,1.21E+13,41590520,377130100C,MNG244,2017-12-31,PLC001,AEC004,IPG003,6,4.45X1.35
3399,AE210,8.89E+11,41590259,376161481A,MNG244,2016-01-01,PLC002,AEC014,IPG010,0,1300X350(6)
3400,AE210,99920150461,41590370,376161770C,MNG244,1990-01-01,PLC000,AEC000,IPG000,0, 
3401,AE210,500129,41590550,377130253A,MNG244,1900-01-01,PLC002,AEC004,IPG002,5.2,사각형3.6×2.2
3402,AE210,99920150867,41590320,376160396D,MNG244,1990-01-01,PLC000,AEC000,IPG000,0, 
3403,AE210,99920150986,41590310,376122376C,MNG244,1990-01-01,PLC000,AEC000,IPG000,0, 
3404,AE210,99920150605,41590262,376160791B,MNG244,1990-01-01,PLC000,AEC000,IPG000,0, 
3405,AE210,99920150908,41590320,376160323B,MNG244,1990-01-01,PLC000,AEC000,IPG000,0, 
3406,AE210,8.89E+11,41590256,376161725C,MNG244,2010-01-01,PLC001,AEC999,IPG001,2.5,"어린이보호구역,30Km"
3407,AE210,2.15E+11,41590600,377130768A,MNG244,2014-01-01,PLC001,AEC004,IPG002,5,4.45X2.2
3408,AE210,8.89E+11,41590259,376161483D,MNG244,2016-01-01,PLC001,AEC015,IPG002,5,3600X2200
3409,AE210,8.89E+11,41590259,376161481C,MNG244,2016-01-01,PLC002,AEC014,IPG011,0,1170X450(4)
3410,AE210,99920151002,41590262,376122264C,MNG244,1990-01-01,PLC000,AEC000,IPG000,0, 
3411,AE210,8.89E+11,41590259,376161481C,MNG244,2016-01-01,PLC002,AEC014,IPG011,0,950X260(6)
3412,AE210,411074,41590587,377130282B,MNG244,2007-04-01,PLC002,AEC004,IPG003,5.55,5.55X1.35
3413,AE210,411075,41590587,377130272D,MNG244,2007-04-01,PLC002,AEC004,IPG003,5.55,5.55X1.35
3414,AE210,8.89E+11,41590259,376161428C,MNG244,2009-01-01,PLC001,AEC004,IPG002,5,3.6*2.2
3415,AE210,8.89E+11,41590259,376161427D,MNG244,2009-01-01,PLC001,AEC004,IPG004,0, 
3416,AE210,8.89E+11,41590259,376161437A,MNG244,2009-01-01,PLC002,AEC004,IPG004,0, 
3417,AE210,2.12E+11,41590253,376160532D,MNG244,2012-06-01,PLC002,AEC004,IPG001,0, 
3418,AE210,2.12E+11,41590253,376160533A,MNG244,2012-06-01,PLC001,AEC004,IPG002,0, 
3419,AE210,2.12E+11,41590253,376160533A,MNG244,2012-06-01,PLC002,AEC004,IPG002,0, 
3420,AE210,1.22E+13,41590400,376162044D,MNG244,2017-07-01,PLC002,AEC004,IPG002,5,4.0X2.5
3421,AE210,1.22E+13,41590400,376162054D,MNG244,2017-07-01,PLC002,AEC004,IPG002,5,4.0X2.5
3422,AE210,1.22E+13,41590400,376162054D,MNG244,2017-07-01,PLC999,AEC004,IPG002,5,4.0X2.5
3423,AE210,1.22E+13,41590400,376162044D,MNG244,2017-07-01,PLC001,AEC004,IPG002,5,4.0X2.5
3424,AE210,2.12E+11,41590253,376160533A,MNG244,2012-06-01,PLC002,AEC004,IPG002,0, 
3425,AE210,2.12E+11,41590253,376160523C,MNG244,2012-06-01,PLC001,AEC004,IPG001,0, 
3426,AE210,2.12E+11,41590253,376160523C,MNG244,2012-06-01,PLC002,AEC004,IPG002,0, 
3427,AE210,2.12E+11,41590253,376160523A,MNG244,2012-06-01,PLC001,AEC004,IPG002,0, 
3428,AE210,5.11E+11,41590600,377130768B,MNG244,2014-01-01,PLC001,AEC004,IPG003,7.4,5.55x1.35
3429,AE210,5.11E+11,41590600,377130768B,MNG244,2014-01-01,PLC002,AEC004,IPG003,7.4,5.55x1.35
3430,AE210,2.22E+13,41590550,377130231C,MNG409,2019-12-01,PLC001,AEC004,IPG002,7.5,4.5x2.0
3431,AE210,8.22E+13,41590520,377130177A,MNG409,2021-12-01,PLC002,AEC004,IPG002,8,3.7X1.4
3432,AE210,8.22E+13,41590259,376161572D,MNG305,2017-12-01,PLC002,AEC004,IPG002,5,4450X2200
3433,AE210,8.22E+13,41590259,376161572B,MNG305,2017-12-01,PLC001,AEC004,IPG003,2.6,1600X1200
3434,AE210,1.30E+13,41590259,376161424B,MNG244,2010-01-01,PLC001,AEC004,IPG002,0,4.5x2.0
3435,AE210,1.30E+13,41590259,376161425A,MNG244,2010-01-01,PLC001,AEC004,IPG002,0,4.5x2.0
3436,AE210,100089,41590410,376161057D,MNG244,1900-01-01,PLC002,AEC004,IPG002,5,사각형3.60X2.20
3437,AE210,8.22E+13,41590253,376160439B,MNG305,2020-01-01,PLC002,AEC004,IPG002,5,3600X2200
4055,AE210,9.00E+13,41590420,377130864B,MNG244,,PLC002,AEC004,IPG006,0,4.5X1.4
4056,AE210,9.00E+13,41590420,377130866C,MNG244,,PLC001,AEC001,IPG006,0,2.0X0.4
4057,AE210,9.00E+13,41590420,377130866D,MNG244,,PLC001,AEC001,IPG006,0,2.0X0.4
4058,AE210,8.89E+11,41590259,376161472B,MNG244,2016-01-01,PLC001,AEC014,IPG011,0,1050X260(5)
3438,AE210,8.22E+13,41590253,376160439A,MNG305,2020-01-01,PLC002,AEC004,IPG003,5,4500X1400
3439,AE210,8.22E+13,41590253,376160440A,MNG305,2020-01-01,PLC002,AEC004,IPG003,5,3700X1400
3440,AE210,8.22E+13,41590253,376160440C,MNG305,2020-01-01,PLC002,AEC004,IPG002,5,4450X2200
3441,AE210,8.22E+13,41590253,376160440A,MNG305,2020-01-01,PLC002,AEC004,IPG003,5,3700X1400
3442,AE210,8.22E+13,41590310,376160420B,MNG305,2020-01-01,PLC002,AEC006,IPG006,6.8,562X629
3443,AE210,8.22E+13,41590253,376160439B,MNG305,2020-01-01,PLC001,AEC004,IPG002,5,4450X2200
3444,AE210,8.22E+13,41590253,376160439B,MNG305,2020-01-01,PLC002,AEC004,IPG003,5,4500X1400
3445,AE210,8.22E+13,41590253,376160439B,MNG305,2020-01-01,PLC002,AEC004,IPG002,5,4450X2200
3446,AE210,8.22E+13,41590253,376160439B,MNG305,2020-01-01,PLC001,AEC004,IPG003,5,4500X1400
3447,AE210,8.22E+13,41590310,376160429B,MNG305,2020-01-01,PLC001,AEC007,IPG004,2.6,2400X1650
3448,AE210,8.22E+13,41590310,376160420D,MNG305,2020-01-01,PLC002,AEC007,IPG004,2.6,2400X1650
3449,AE210,8.22E+13,41590253,376160420D,MNG305,2020-01-01,PLC002,AEC006,IPG006,7.2,562X629
3450,AE210,8.22E+13,41590310,376160429B,MNG305,2020-01-01,PLC001,AEC004,IPG002,5,3600X2200
3451,AE210,4.22E+13,41590340,376150577A,MNG244,2016-01-01,PLC001,AEC004,IPG002,7.7,4.5X2.2
3452,AE210,99920171035,41590510,376122293D,MNG244,2017-01-01,PLC002,AEC999,IPG006,0,1.8X0.6
3453,AE210,99920171036,41590510,376122293D,MNG244,2017-01-01,PLC002,AEC004,IPG003,5,3.60X1.35
3454,AE210,99920171001,41590510,376122273A,MNG244,2017-01-01,PLC002,AEC999,IPG999,3.7,2.4x1.2
3455,AE210,99920171028,41590510,376122273A,MNG244,2017-01-01,PLC002,AEC004,IPG002,5,4.45X2.2
3456,AE210,99920171026,41590510,376122263C,MNG244,2017-01-01,PLC002,AEC999,IPG006,0,1.8X0.6
3457,AE210,99920171027,41590510,376122263C,MNG244,2017-01-01,PLC002,AEC004,IPG002,5,4.45X2.2
3458,AE210,99920171029,41590510,376122273C,MNG244,2017-01-01,PLC001,AEC002,IPG002,5,4.35X3.50
3459,AE210,99920171030,41590510,376122273C,MNG244,2017-01-01,PLC001,AEC004,IPG002,5,4.45X2.2
3460,AE210,99920171025,41590510,376122263C,MNG244,2017-01-01,PLC001,AEC006,IPG001,3.2,1.2X1.1
3461,AE210,99920171012,41590340,376122221D,MNG244,2017-01-01,PLC002,AEC004,IPG002,5,4.45X2.2
3462,AE210,99920171011,41590340,376122221B,MNG244,2017-01-01,PLC002,AEC004,IPG003,5,5.55X1.35+1.85X0.7
3463,AE210,99920150014,41590360,376160869A,MNG244,1990-01-01,PLC000,AEC000,IPG000,0, 
3464,AE210,99920150097,41590256,376161689D,MNG244,1990-01-01,PLC000,AEC000,IPG000,0, 
3465,AE210,2.12E+11,41590370,376161279B,MNG244,2010-01-01,PLC001,AEC007,IPG002,4,3.6x2.2
3466,AE210,1.22E+13,41590410,376161077B,MNG244,2016-01-01,PLC999,AEC004,IPG002,5,4.5X2.2/2.0X0.4
3467,AE210,1.22E+13,41590253,376160909A,MNG244,2016-01-01,PLC001,AEC004,IPG002,5,4.0X2.5/1.8X0.4/2.0X0.4
3468,AE210,2.21E+13,41590262,376160246D,MNG000,2017-12-01,PLC001,AEC004,IPG002,8.14,4.45x2.2
3469,AE210,9.00E+13,41590420,377130779B,MNG244,,PLC001,AEC004,IPG006,0,4.5X1.4
3470,AE210,2.22E+13,41590570,377130184D,MNG417,2021-10-01,PLC001,AEC004,IPG002,7,3.0x1.0
3471,AE210,8.30E+13,41590262,376122265B,MNG244,2019-12-21,PLC001,AEC004,IPG002,5,3.6x2.2+1.8x0.6
3472,AE210,8.30E+13,41590262,376122265B,MNG244,2019-12-21,PLC002,AEC004,IPG002,5,3.6x2.2+1.8x0.6
3473,AE210,8.30E+13,41590262,376122265B,MNG244,2019-12-21,PLC001,AEC004,IPG002,5,3.6x2.2+1.8x0.6
3474,AE210,2.22E+13,41590550,377130231D,MNG409,2019-12-01,PLC002,AEC004,IPG002,7.5,4.5x2.0
