"도형번호","지형지물부호","관리번호","관리부서","CCTV구분","CCTV관리번호","개소명","행정읍면동","법정읍면동","법정읍면동리","번지","통신망","카메라 구분","위도(degree)","경도(degree)","X좌표","Y좌표","카메라 수","동/서","비고"
1202,AE134,3169,스마트도시과,CTV001,송-03204,워터프론트56,"41590610","41590135","4159013500","513",동탄2자가망, ,"37.168781","127.116905","210382.869481014","507750.55548097","1",CTM001, 
1203,AE134,3170,스마트도시과,CTV001,송-03205,워터프론트57,"41590610","41590135","4159013500","492-3",동탄2자가망, ,"37.1688","127.115854","210289.495283054","507752.511799814","1",CTM001, 
1204,AE134,3171,스마트도시과,CTV001,송-03206,워터프론트58,"41590610","41590135","4159013500","358",동탄2자가망, ,"37.16898","127.118086","210487.736485579","507772.746218559","1",CTM001, 
1205,AE134,3174,스마트도시과,CTV001,송-03209,워터프론트59,"41590610","41590137","4159013700","681-695",동탄2자가망, ,"37.169015","127.118038","210483.484517725","507776.649677665","1",CTM001, 
1206,AE134,3192,스마트도시과,CTV001,산척-03227,산척동270[1],"41590610","41590135","4159013500","270",동탄2자가망, ,"37.171471","127.114035","210127.572607971","508048.816968051","4",CTM001, 
1207,AE134,3276,스마트도시과,CTV001,산척-03319,산척동64-1,"41590610","41590135","4159013500","64-1",동탄2자가망, ,"37.172327","127.107173","209518.077620305","508143.057041893","5",CTM001, 
1208,AE134,3277,스마트도시과,CTV001,산척-03320,산척동617,"41590610","41590135","4159013500","617",동탄2자가망, ,"37.166911","127.106967","209500.499999861","507542.000102199","3",CTM001, 
1209,AE134,3278,스마트도시과,CTV001,산척-03321,산척동산127-4,"41590610","41590135","4159013500",산127-4,동탄2자가망, ,"37.170781","127.110639","209826.118719401","507971.861837336","4",CTM001, 
1210,AE134,3279,스마트도시과,CTV001,산척-03322,산척동270,"41590610","41590135","4159013500","270",동탄2자가망, ,"37.170617","127.113837","210110.104477282","507953.938239716","4",CTM001, 
1211,AE134,3280,스마트도시과,CTV001,산척-03323,산척동542-1,"41590610","41590135","4159013500","542-1",동탄2자가망, ,"37.168609","127.110473","209811.632745859","507730.766401594","4",CTM001, 
1212,AE134,3282,스마트도시과,CTV001,산척-03325,산척동산95,"41590610","41590135","4159013500",산95,동탄2자가망, ,"37.165992","127.111658","209917.220218224","507440.452806666","4",CTM001, 
1213,AE134,3283,스마트도시과,CTV001,산척-03326,산척동산89,"41590610","41590135","4159013500",산89,동탄2자가망, ,"37.166472","127.114973","210211.586820665","507494.075387054","5",CTM001, 
1214,AE134,3284,스마트도시과,CTV001,산척-03327,산척동468,"41590610","41590135","4159013500","468",동탄2자가망, ,"37.168036","127.117402","210427.10915506","507667.913724278","4",CTM001, 
1215,AE134,3286,스마트도시과,CTV001,산척-03329,산척동32-5,"41590610","41590135","4159013500","32-5",동탄2자가망, ,"37.179816","127.112078","209952.736972293","508974.741794276","4",CTM001, 
1216,AE134,3287,스마트도시과,CTV001,산척-03330,산척동38,"41590610","41590135","4159013500","38",동탄2자가망, ,"37.178649","127.112561","209995.719779032","508845.277632471","3",CTM001, 
1218,AE134,3295,스마트도시과,CTV001,산척-03338,산척동46-2,"41590610","41590135","4159013500","46-2",동탄2자가망, ,"37.177952","127.113324","210063.622327767","508767.926932734","5",CTM001, 
1219,AE134,3296,스마트도시과,CTV001,산척-03339,산척동56-1,"41590610","41590135","4159013500","56-1",동탄2자가망, ,"37.177062","127.112515","209991.852844308","508669.046005969","4",CTM001, 
1220,AE134,3297,스마트도시과,CTV001,산척-03340,산척동산12-1,"41590610","41590135","4159013500",산12-1,동탄2자가망, ,"37.176363","127.111964","209943.057353356","508591.412406254","4",CTM001, 
1221,AE134,3298,스마트도시과,CTV001,산척-03341,산척동산136-1,"41590610","41590135","4159013500",산136-1,동탄2자가망, ,"37.17527","127.110732","209833.781440699","508470.026076283","5",CTM001, 
1222,AE134,3299,스마트도시과,CTV001,산척-03342,산척동산155,"41590610","41590135","4159013500",산155,동탄2자가망, ,"37.175664","127.107754","209569.282290729","508513.447911218","4",CTM001, 
1223,AE134,3300,스마트도시과,CTV001,산척-03343,산척동산134-1[1],"41590610","41590135","4159013500",산134-1,동탄2자가망, ,"37.173327","127.112203","209964.671662636","508254.565818334","4",CTM001, 
1224,AE134,3301,스마트도시과,CTV001,산척-03344,산척동54-4,"41590610","41590135","4159013500","54-4",동탄2자가망, ,"37.175264","127.112644","210003.572295888","508469.58238075","5",CTM001, 
1225,AE134,3302,스마트도시과,CTV001,산척-03345,산척동산15-3,"41590610","41590135","4159013500",산15-3,동탄2자가망, ,"37.174852","127.11379","210105.417739041","508423.990852385","5",CTM001, 
1226,AE134,3303,스마트도시과,CTV001,산척-03346,산척동산134-1[2],"41590610","41590135","4159013500",산134-1,동탄2자가망, ,"37.174061","127.112709","210009.476843667","508336.045798781","4",CTM001, 
1227,AE134,3304,스마트도시과,CTV001,산척-03347,산척동산16,"41590610","41590135","4159013500",산16,동탄2자가망, ,"37.173885","127.114118","210134.622439338","508316.729389898","4",CTM001, 
1228,AE134,3305,스마트도시과,CTV001,산척-03348,산척동산133-1,"41590610","41590135","4159013500",산133-1,동탄2자가망, ,"37.172708","127.110624","209824.530918671","508185.648371615","5",CTM001, 
1229,AE134,3306,스마트도시과,CTV001,산척-03349,산척동253-1,"41590610","41590135","4159013500","253-1",동탄2자가망, ,"37.172882","127.113188","210052.163310531","508205.305402867","4",CTM001, 
1230,AE134,3310,스마트도시과,CTV001,산척-03353,산척동산16-1[1],"41590610","41590135","4159013500",산16-1,동탄2자가망, ,"37.17258","127.113807","210107.212385719","508171.799508241","5",CTM001, 
1231,AE134,3351,스마트도시과,CTV001,산척-03394,산척동산127-5,"41590610","41590135","4159013500",산127-5,동탄2자가망, ,"37.172298","127.110486","209812.310342542","508140.176271513","5",CTM001, 
1232,AE134,3352,스마트도시과,CTV001,산척-03395,산척동산16-1[2],"41590610","41590135","4159013500",산16-1,동탄2자가망, ,"37.172161","127.114252","210146.788899721","508125.368216169","5",CTM001, 
1233,AE134,3353,스마트도시과,CTV001,산척-03396,산척동산104-1,"41590610","41590135","4159013500",산104-1,동탄2자가망, ,"37.166735","127.11044","209808.944053546","507522.784886971","4",CTM001, 
1235,AE134,3355,스마트도시과,CTV001,산척-03398,산척동산22-3,"41590610","41590135","4159013500",산22-3,동탄2자가망, ,"37.17706","127.114404","210159.605456893","508669.113564562","4",CTM001, 
1236,AE134,3356,스마트도시과,CTV001,산척-03399,산척동54-7,"41590610","41590135","4159013500","54-7",동탄2자가망, ,"37.175163","127.114608","210177.967272621","508458.582266756","4",CTM001, 
1237,AE134,3406,스마트도시과,CTV001,목-03449,목동산111-2,"41590610","41590134","4159013400",산111-2,동탄2자가망, ,"37.179807","127.124246","211033.252230179","508975.085168836","4",CTM001, 
1238,AE134,3410,스마트도시과,CTV001,산척-03453,산척동674-21,"41590610","41590135","4159013500","674-21",동탄2자가망, ,"37.179115","127.123194","210939.930914926","508898.124402154","3",CTM001, 
1239,AE134,3411,스마트도시과,CTV001,산척-03454,산척동293,"41590610","41590135","4159013500","293",동탄2자가망, ,"37.174911","127.12057","210707.533125153","508431.227345488","3",CTM001, 
1240,AE134,3412,스마트도시과,CTV001,산척-03455,산척동674-50,"41590610","41590135","4159013500","674-50",동탄2자가망, ,"37.179688","127.116986","210388.566558114","508960.996093839","4",CTM001, 
1241,AE134,3413,스마트도시과,CTV001,산척-03456,산척동674-47,"41590610","41590135","4159013500","674-47",동탄2자가망, ,"37.179424","127.12003","210658.906572","508932.093772742","3",CTM001, 
1242,AE134,4216,스마트도시과,CTV001,산척-4230,동탄2신도시통신국사3내부,"41590610","41590135","4159013500","231-24",동탄2자가망, ,"37.170265","127.108053","209596.499999856","507914.250102192","2",CTM001, 
2436,AE134,4129,스마트도시과,CTV001,하길-04143,하길리1446[1](24차),"41590259","41590259","4159025926","1446",kt, ,"37.12065","126.916033","192537.811427769","502405.84464317","4",CTM002, 
2437,AE134,4130,스마트도시과,CTV001,하길-04144,하길리1446[2](24차),"41590259","41590259","4159025926","1446",kt, ,"37.120183","126.9149","192437.044694539","502354.143687522","3",CTM002, 
2438,AE134,4131,스마트도시과,CTV001,하길-04145,하길리1468(24차),"41590259","41590259","4159025926","1468",향남2자가망, ,"37.115422","126.913162","192282.067367975","501825.893546007","3",CTM002, 
2439,AE134,4275,스마트도시과,CTV001,하길-04290,하길초등학교좌측공원(어보10),"41590259","41590259","4159025926","1512(공)",LG, ,"37.114733","126.904183","191484.029017834","501750.210739484","4",CTM002, 
2440,AE134,4278,스마트도시과,CTV001,하길-04293,푸른달공원중앙(어보10),"41590259","41590259","4159025926","1505-1(공)",향남2자가망, ,"37.1109","126.919483","192843.498331677","501323.52557348","5",CTM002, 
2441,AE134,4279,스마트도시과,CTV001,하길-04294,화원초등학교좌측출입구(어보10),"41590259","41590259","4159025926","1506-1(도)",향남2자가망, ,"37.111333","126.918233","192732.436920806","501371.711735764","4",CTM002, 
2442,AE134,4280,스마트도시과,CTV001,하길-04295,부영아파트부출입구(어보10),"41590259","41590259","4159025926","1553(도)",향남2자가망, ,"37.113741","126.917959","192708.241023504","501638.96287525","3",CTM002, 
2443,AE134,75,스마트도시과,CTV001,화현-00076,화리현리240,"41590259","41590259","4159025927","240",자가망, ,"37.111154","126.933683","194105.580836153","501350.771987937","1",CTM002, 
2444,AE134,115,스마트도시과,CTV001,화현-00116,화리현리163-2-고정,"41590259","41590259","4159025927","163-2",자가망, ,"37.113378","126.938776","194558.406854433","501597.286995994","1",CTM002, 
2445,AE134,121,스마트도시과,CTV001,화현-00122,화리현리340-2-고정,"41590259","41590259","4159025927","340-2",자가망, ,"37.113242","126.935136","194234.928992324","501582.341917678","1",CTM002, 
2446,AE134,122,스마트도시과,CTV001,화현-00123,화리현리246-고정,"41590259","41590259","4159025927","246",자가망, ,"37.110488","126.931922","193949.042260826","501276.936920952","1",CTM002, 
2448,AE134,1985,스마트도시과,CTV001,상두-02002,상두리42-고정,"41590259","41590259","4159025928","42",자가망, ,"37.110722","126.942232","194865.430979562","501302.291209702","1",CTM002, 
2449,AE134,2015,스마트도시과,CTV001,하길-02032,하길리464-1-고정,"41590259","41590259","4159025926","464-1",자가망, ,"37.111129","126.931379","193900.821431634","501348.076385885","1",CTM002, 
2450,AE134,1844,스마트도시과,CTV001,상두-01860,상두리63-2,"41590259","41590259","4159025928","63-2",KT, ,"37.106022","126.944811","195094.337008716","500780.51372721","1",CTM002, 
2451,AE134,1857,스마트도시과,CTV001,상두-01873,태경산업앞,"41590259","41590259","4159025928","438-1",자가망, ,"37.10061","126.948773","195446.213780315","500179.739247389","3",CTM002, 
2452,AE134,1931,스마트도시과,CTV001,상두-01947,상두리121,"41590259","41590259","4159025928","121",KT, ,"37.108883","126.949014","195468.103534123","501097.884314437","1",CTM002, 
2453,AE134,1932,스마트도시과,CTV001,상두-01948,상두리210(225),"41590259","41590259","4159025928","210",KT, ,"37.107564","126.95163","195700.586627201","500951.358262465","1",CTM002, 
2454,AE134,1933,스마트도시과,CTV001,상두-01949,상두리312-2,"41590259","41590259","4159025928","312-2",KT, ,"37.105185","126.945622","195166.363075612","500687.615487188","1",CTM002, 
2455,AE134,1934,스마트도시과,CTV001,상두-01950,상두리396-3,"41590259","41590259","4159025928","396-3",자가망, ,"37.101293","126.948347","195408.386043561","500255.558786964","1",CTM002, 
2456,AE134,1935,스마트도시과,CTV001,상두-01951,상두리428,"41590259","41590259","4159025928","428",자가망, ,"37.101197","126.950839","195629.903050123","500244.787188167","1",CTM002, 
2457,AE134,1936,스마트도시과,CTV001,상두-01952,상두리435-2,"41590259","41590259","4159025928","435-2",자가망, ,"37.099796","126.948942","195461.188351337","500089.393818318","1",CTM002, 
2458,AE134,1937,스마트도시과,CTV001,상두-01953,상두리산41(133-13),"41590259","41590259","4159025928",산41,KT, ,"37.109393","126.947903","195369.410448446","501154.515347759","1",CTM002, 
2459,AE134,3517,스마트도시과,CTV001,상두-3531,상두리187-1-검지(20차),"41590259","41590259","4159025928","187-1",KT, ,"37.109784","126.952102","195742.638489032","501197.723023254","1",CTM002, 
2460,AE134,3841,스마트도시과,CTV001,상두-3856,상두리61-8-검지(20차),"41590259","41590259","4159025928","61-8",KT, ,"37.107427","126.946457","195240.752257218","500936.36747866","1",CTM002, 
2461,AE134,4502,스마트도시과,CTV001,상두-04519,상두리436-1-검지,"41590259","41590259","4159025928","443",KT, ,"37.099717","126.95025","195577.45868317","500080.527741516","1",CTM002, 
2462,AE134,1925,스마트도시과,CTV001,백토-01941,백토리172-1,"41590259","41590259","4159025929","172-1",KT, ,"37.119471","126.955724","196065.120432496","502272.661387778","1",CTM002, 
2464,AE134,1927,스마트도시과,CTV001,백토-01943,백토리312-3(333),"41590259","41590259","4159025929","312-3",KT, ,"37.117803","126.947031","195292.430443171","502087.859373227","1",CTM002, 
2466,AE134,1929,스마트도시과,CTV001,백토-01945,백토리549,"41590259","41590259","4159025929","549",자가망, ,"37.12101","126.9422","194863.298680386","502444.08339145","1",CTM002, 
2467,AE134,1930,스마트도시과,CTV001,백토-01946,백토리82-7,"41590259","41590259","4159025929","82-7",KT, ,"37.123388","126.947327","195319.113074077","502707.67421369","1",CTM002, 
2468,AE134,1982,스마트도시과,CTV001,백토-01999,백토리263-1-고정,"41590259","41590259","4159025929","263-1",KT, ,"37.117387","126.949972","195553.778832529","502041.533337102","1",CTM002, 
2469,AE134,1983,스마트도시과,CTV001,백토-02000,백토리270-1-고정,"41590259","41590259","4159025929","270-1",KT, ,"37.116608","126.949809","195539.213691878","501955.113223757","1",CTM002, 
2470,AE134,1984,스마트도시과,CTV001,백토-02001,백토리346-고정,"41590259","41590259","4159025929","346",KT, ,"37.118344","126.943817","195006.844816703","502148.06920996","1",CTM002, 
2471,AE134,2266,스마트도시과,CTV001,백토-02285,향남초등학교,"41590259","41590259","4159025929",산22-5,자가망, ,"37.118883","126.943418","194971.386181989","502207.962824267","2",CTM002, 
2472,AE134,3869,스마트도시과,CTV001,백토-3884,백토리19-검지(20차),"41590259","41590259","4159025929","19",KT, ,"37.123072","126.95551","196046.271285958","502672.32009708","1",CTM002, 
2473,AE134,3870,스마트도시과,CTV001,백토-3885,백토리354-2-검지(20차),"41590259","41590259","4159025929","354-2",자가망, ,"37.11953","126.943893","195013.684129707","502279.741738074","3",CTM002, 
2474,AE134,3871,스마트도시과,CTV001,백토-3886,백토리574-1(20차)(백토-3886),"41590259","41590259","4159025929","574-1",자가망, ,"37.118724","126.942306","194872.593213717","502190.372031145","4",CTM002, 
2475,AE134,1987,스마트도시과,CTV001,길성-02004,길성리326-고정,"41590259","41590259","4159025930","326",KT, ,"37.121629","126.962673","196682.734294168","502511.812967329","2",CTM002, 
2476,AE134,2032,스마트도시과,CTV001,길성-02050,영송앞,"41590259","41590259","4159025930","277-1",KT, ,"37.121008","126.959944","196440.242040452","502443.037640804","1",CTM002, 
2477,AE134,3465,스마트도시과,CTV001,길성-03509,길성리281,"41590259","41590259","4159025930","277-1",KT, ,"37.121189","126.958975","196354.055287638","502463.139617394","1",CTM002, 
2478,AE134,3466,스마트도시과,CTV001,길성-03510,길성리408-2,"41590259","41590259","4159025930","408-2",KT, ,"37.121003","126.964321","196829.209905239","502442.34979422","1",CTM002, 
1797,AE134,610,스마트도시과,CTV001,당하-00617,당하리113-7-고정,"41590253","41590253","4159025330","113-7",KT, ,"37.184045","126.940476","194714.501939661","509439.812893442","1",CTM002, 
1798,AE134,637,스마트도시과,CTV001,당하-00646,화성통상인근삼거리,"41590253","41590253","4159025330","68-1도",KT, ,"37.185387","126.944532","195074.730683044","509588.520039495","1",CTM002, 
1799,AE134,3596,스마트도시과,CTV001,당하-3610,당하리306-3-검지(20차),"41590253","41590253","4159025330","306-3",자가망, ,"37.181861","126.937556","194455.047093223","509197.619183259","2",CTM002, 
1800,AE134,3967,스마트도시과,CTV001,당하-03983,일신바이오베이스(22.5),"41590253","41590253","4159025330","171-1",KT, ,"37.184677","126.935229","194248.598081056","509510.214025013","4",CTM002, 
1801,AE134,512,스마트도시과,CTV001,마하-00518,마하리털보가든앞,"41590253","41590253","4159025331","80-1",자가망, ,"37.18131","126.942488","194892.916364638","509136.179372647","3",CTM002, 
1802,AE134,635,스마트도시과,CTV001,마하-00644,성호가든입구,"41590253","41590253","4159025331","210-1",KT, ,"37.176554","126.943154","194951.765484361","508608.308000005","1",CTM002, 
1803,AE134,3605,스마트도시과,CTV001,마하-3619,마하리145-4-검지(20차),"41590253","41590253","4159025331","145-4",자가망, ,"37.179832","126.94148","194803.329708127","508972.227453155","2",CTM002, 
1804,AE134,3606,스마트도시과,CTV001,마하-3620,마하리4-검지(20차),"41590253","41590253","4159025331","4",자가망, ,"37.185527","126.949887","195550.202125791","509603.828140286","1",CTM002, 
1805,AE134,3607,스마트도시과,CTV001,마하-3621,마하리283-1-검지(20차),"41590253","41590253","4159025331","283-1",자가망, ,"37.177873","126.946866","195281.511103085","508754.45632981","1",CTM002, 
1806,AE134,3608,스마트도시과,CTV001,마하-3622,마하리301-검지(20차),"41590253","41590253","4159025331","301",자가망, ,"37.176775","126.948123","195393.028357439","508632.604009502","1",CTM002, 
1807,AE134,487,스마트도시과,CTV001,유-00493,갈담초교후문,"41590253","41590253","4159025332","100-4",자가망, ,"37.175111","126.933698","194111.873527292","508448.652332731","3",CTM002, 
1808,AE134,492,스마트도시과,CTV001,당하-00498,거목조경앞,"41590253","41590253","4159025330","327-4",자가망, ,"37.176875","126.935658","194286.121737716","508644.402685641","3",CTM002, 
1809,AE134,493,스마트도시과,CTV001,유-00499,기산베스트빌a입구,"41590253","41590253","4159025332","100-4",자가망, ,"37.17656","126.934216","194157.987230751","508609.476096189","3",CTM002, 
1811,AE134,550,스마트도시과,CTV001,유-00556,유리기산삼거리-검지,"41590253","41590253","4159025332","127-2",자가망, ,"37.175196","126.935283","194252.640186929","508457.989574473","3",CTM002, 
1812,AE134,589,스마트도시과,CTV001,유-00596,유리마을길95-1,"41590253","41590253","4159025332","445",자가망, ,"37.176548","126.934932","194221.597662976","508608.100431279","3",CTM002, 
1813,AE134,655,스마트도시과,CTV001,유-00664,대일유통,"41590253","41590253","4159025332","46-1",KT, ,"37.1768","126.931118","193882.896204551","508636.362387115","1",CTM002, 
1814,AE134,660,스마트도시과,CTV001,유-00669,목장삼거리,"41590253","41590253","4159025332","305",KT, ,"37.174309","126.927429","193555.144478381","508360.13094083","1",CTM002, 
1815,AE134,665,스마트도시과,CTV001,유-00674,백두액자,"41590253","41590253","4159025332","292",KT, ,"37.173193","126.929064","193700.199784662","508236.188589774","1",CTM002, 
1816,AE134,2209,스마트도시과,CTV001,유-02227,갈담초등학교,"41590253","41590253","4159025332","86",자가망, ,"37.174153","126.933172","194065.08608915","508342.443072989","3",CTM002, 
1817,AE134,2238,스마트도시과,CTV001,유-02257,갈담초후문진입도로,"41590253","41590253","4159025332","86",자가망, ,"37.17477","126.932346","193991.83261385","508410.992487049","2",CTM002, 
1818,AE134,2258,스마트도시과,CTV001,유-02277,브레인어린이집정문,"41590253","41590253","4159025332","177-2",자가망, ,"37.173141","126.933585","194101.711883172","508230.104593818","3",CTM002, 
1819,AE134,3636,스마트도시과,CTV001,당하-3650,당하리308-9-검지(20차),"41590253","41590253","4159025330","308-9",자가망, ,"37.176828","126.935756","194294.803272981","508639.080807595","2",CTM002, 
1820,AE134,3637,스마트도시과,CTV001,유-3651,유리119-10-검지(20차),"41590253","41590253","4159025332","119-10",자가망, ,"37.175479","126.934499","194183.054036106","508489.454968671","2",CTM002, 
1821,AE134,3638,스마트도시과,CTV001,유-3652,유리296-검지(20차),"41590253","41590253","4159025332","296",자가망, ,"37.174035","126.9287","193667.978926696","508329.625450208","1",CTM002, 
1822,AE134,3639,스마트도시과,CTV001,유-3653,유리292-검지(20차),"41590253","41590253","4159025332","292",자가망, ,"37.172306","126.928813","193677.843531881","508137.665341573","1",CTM002, 
1823,AE134,3640,스마트도시과,CTV001,유-3654,유리113-12-어안(20차),"41590253","41590253","4159025332","113-12",자가망, ,"37.17755","126.934682","194199.499543972","508719.318622816","1",CTM002, 
1824,AE134,3641,스마트도시과,CTV001,유-3655,유리84-1-검지(20차),"41590253","41590253","4159025332","84-1",자가망, ,"37.17535","126.931721","193936.329803247","508475.345762885","3",CTM002, 
1825,AE134,488,스마트도시과,CTV001,덕-00494,덕2리입구버스정류장,"41590253","41590253","4159025333","306-5",자가망, ,"37.164567","126.9323","193986.921283663","507278.57645771","6",CTM002, 
1826,AE134,497,스마트도시과,CTV001,덕-00503,덕리마을진입로-검지,"41590253","41590253","4159025333","184-3",자가망, ,"37.168237","126.936","194315.828273335","507685.684753765","3",CTM002, 
1828,AE134,524,스마트도시과,CTV001,덕-00530,수라청농산물센터,"41590253","41590253","4159025333","25-5",자가망, ,"37.162504","126.937446","194443.835432318","507049.401844453","3",CTM002, 
1829,AE134,562,스마트도시과,CTV001,덕-00568,산들어린이집앞,"41590253","41590253","4159025333","430",자가망, ,"37.162252","126.933353","194080.249934186","507021.626837973","4",CTM002, 
1831,AE134,631,스마트도시과,CTV001,덕-00640,태양매운탕,"41590253","41590253","4159025333","283-2",KT, ,"37.166482","126.932384","193994.506989195","507491.091926722","1",CTM002, 
1832,AE134,633,스마트도시과,CTV001,덕-00642,주찬양교회,"41590253","41590253","4159025333","7",KT, ,"37.173167","126.9379","194484.935409041","508232.671220172","1",CTM002, 
1833,AE134,3501,스마트도시과,CTV001,덕-03545,덕리산42-6,"41590253","41590253","4159025333",산42-6,KT, ,"37.166079","126.933034","194052.240427107","507446.404482254","4",CTM002, 
1834,AE134,3502,스마트도시과,CTV001,덕-03546,덕리185-1(덕1리마을회관),"41590253","41590253","4159025333","185-1",KT, ,"37.167984","126.937262","194427.910491143","507657.580534151","5",CTM002, 
1835,AE134,3597,스마트도시과,CTV001,덕-3611,덕리산71-검지(20차),"41590253","41590253","4159025333",산71,자가망, ,"37.16246","126.937507","194449.285843099","507044.459607935","1",CTM002, 
1836,AE134,3598,스마트도시과,CTV001,덕-3612,덕리335-검지(20차),"41590253","41590253","4159025333","335",자가망, ,"37.162583","126.9374","194439.755399234","507058.153519342","1",CTM002, 
1837,AE134,4004,스마트도시과,CTV001,덕-04020,덕리240-1-검지(23차),"41590253","41590253","4159025333","240-1",KT, ,"37.16747","126.934006","194138.636908458","507600.689421135","2",CTM002, 
1838,AE134,625,스마트도시과,CTV001,덕우-00632,금철정밀금형,"41590253","41590253","4159036030","89",KT, ,"37.16547","126.929674","193753.773434886","507379.043173894","1",CTM002, 
1839,AE134,632,스마트도시과,CTV001,덕우-00641,아주하이텍인근,"41590253","41590253","4159036030","233-52",KT, ,"37.164404","126.920939","192977.863529508","507261.337574879","1",CTM002, 
589,AE134,2182,스마트도시과,CTV001,안녕-02200,안녕동188-237,"41590570","41590126","4159012600","188-237",자가망, ,"37.210597","126.981518","198359.443378575","512385.112430558","1",CTM001, 
590,AE134,2184,스마트도시과,CTV001,안녕-02202,안녕동36-34,"41590570","41590126","4159012600","36-34",자가망, ,"37.204646","127.011796","201047.12552976","511724.522068647","1",CTM001, 
591,AE134,2185,스마트도시과,CTV001,안녕-02203,안녕동37-35,"41590570","41590126","4159012600","37-35",자가망, ,"37.20471","127.01213","201076.827907006","511731.706320602","1",CTM001, 
592,AE134,2186,스마트도시과,CTV001,안녕-02204,안녕동71-780,"41590570","41590126","4159012600","71-780",자가망, ,"37.203471","127.022275","201977.412641066","511594.352666776","1",CTM001, 
593,AE134,2193,스마트도시과,CTV001,안녕-02211,안녕동36-28-고정,"41590570","41590126","4159012600","36-28",KT, ,"37.205822","127.011636","201032.914763429","511855.101138667","1",CTM001, 
594,AE134,2196,스마트도시과,CTV001,안녕-02214,안녕동197-2-고정,"41590570","41590126","4159012600","128-23",자가망, ,"37.194091","127.004585","200407.061070886","510553.113737085","1",CTM001, 
595,AE134,2221,스마트도시과,CTV001,안녕-02239,아해뜰어린이집,"41590570","41590126","4159012600","180-93",자가망, ,"37.20713","126.983418","198527.995139163","512000.308151978","3",CTM001, 
596,AE134,3417,스마트도시과,CTV001,안녕-03460,안녕동115-20-검지,"41590570","41590126","4159012600","115-20",자가망, ,"37.193367","127.001817","200161.294134045","510472.684704955","1",CTM001, 
597,AE134,3435,스마트도시과,CTV001,안녕-03478,안녕동37-26-검지1,"41590570","41590126","4159012600","37-26",자가망, ,"37.205513","127.012349","201096.195326528","511820.815862944","2",CTM001, 
598,AE134,3436,스마트도시과,CTV001,안녕-03479,안녕동219-검지,"41590570","41590126","4159012600","219",KT, ,"37.20033","127.00902","200800.747394093","511245.465806535","1",CTM001, 
599,AE134,3437,스마트도시과,CTV001,안녕-03480,안녕동218-검지1,"41590570","41590126","4159012600","218",KT, ,"37.201385","127.006338","200562.700154472","511362.631789323","2",CTM001, 
600,AE134,3438,스마트도시과,CTV001,안녕-03481,안녕동188-447-검지1,"41590570","41590126","4159012600","188-447",자가망, ,"37.210493","126.980442","198263.893728658","512373.622820705","2",CTM001, 
602,AE134,3440,스마트도시과,CTV001,안녕-03483,안녕동180-25-검지1,"41590570","41590126","4159012600","180-25",자가망, ,"37.209054","126.981631","198369.42292059","512213.788217504","2",CTM001, 
603,AE134,3441,스마트도시과,CTV001,안녕-03484,안녕동114-22-검지,"41590570","41590126","4159012600","114-47",자가망, ,"37.193933","127.002333","200207.16522945","510535.575098499","1",CTM001, 
604,AE134,3732,스마트도시과,CTV001,안녕-3746,안녕동71-35-검지(20차),"41590570","41590126","4159012600","71-35",KT, ,"37.202241","127.022466","201994.40082742","511457.838387515","2",CTM001, 
605,AE134,3733,스마트도시과,CTV001,안녕-3747,안녕동45-11-검지(20차),"41590570","41590126","4159012600","45-11",자가망, ,"37.202985","127.012265","201088.819225025","511540.198240925","2",CTM001, 
606,AE134,3734,스마트도시과,CTV001,안녕-3748,안녕동37-77-검지(20차),"41590570","41590126","4159012600","37-77",자가망, ,"37.203821","127.01225","201087.44009675","511633.03405455","1",CTM001, 
607,AE134,3735,스마트도시과,CTV001,안녕-3749,안녕동67-18-검지(20차),"41590570","41590126","4159012600","67-18",KT, ,"37.19487","127.011365","201009.021303538","510639.563322897","1",CTM001, 
608,AE134,3736,스마트도시과,CTV001,안녕-3750,안녕동188-561-검지(20차),"41590570","41590126","4159012600","188-561",자가망, ,"37.206864","126.982262","198425.434030206","511970.739050208","2",CTM001, 
609,AE134,3737,스마트도시과,CTV001,안녕-3751,안녕동180-394-검지(20차),"41590570","41590126","4159012600","180-394",자가망, ,"37.207267","126.98065","198282.31048722","512015.50001753","1",CTM001, 
610,AE134,3738,스마트도시과,CTV001,안녕-3752,안녕동187-32-검지(20차),"41590570","41590126","4159012600","187-32",자가망, ,"37.206983","126.987992","198934.078675298","511983.854914589","2",CTM001, 
611,AE134,3739,스마트도시과,CTV001,안녕-3753,안녕동산8-244-검지(20차),"41590570","41590126","4159012600",산8-245,자가망, ,"37.201917","127.002558","200227.088367372","511421.56936898","1",CTM001, 
612,AE134,3905,스마트도시과,CTV001,안녕-03921,안녕동쌈지공원,"41590570","41590126","4159012600","119-4",KT, ,"37.193563","127.004763","200422.876611439","510494.460911116","3",CTM001, 
613,AE134,3964,스마트도시과,CTV001,안녕-03980,BIT-신한미지엔아파트앞,"41590570","41590126","4159012600","59-24",KT, ,"37.200251","127.009695","200860.674058009","511236.768562212","1",CTM001, 
614,AE134,3965,스마트도시과,CTV001,안녕-03981,BIT-돌고지,"41590570","41590126","4159012600","139-19",KT, ,"37.194165","127.005755","200510.956682661","510561.254332409","1",CTM001, 
615,AE134,3966,스마트도시과,CTV001,안녕-03982,신한미지엔내공원(22.5),"41590570","41590126","4159012600","212",KT, ,"37.200009","127.00749","200664.982606218","511209.917736232","4",CTM001, 
617,AE134,4036,스마트도시과,CTV001,안녕-04052,안녕동158-69-검지(23차),"41590570","41590126","4159012600","158-69",KT, ,"37.197379","126.99752","199779.796329333","510918.02443275","2",CTM001, 
618,AE134,4037,스마트도시과,CTV001,안녕-04053,안녕동180-480-검지(23차),"41590570","41590126","4159012600","180-480",KT, ,"37.20424","126.987588","198898.122544308","511679.548268506","2",CTM001, 
619,AE134,4038,스마트도시과,CTV001,안녕-04054,안녕동180-56-검지(23차),"41590570","41590126","4159012600","180-56",KT, ,"37.207539","126.981773","198381.977801931","512045.70422645","2",CTM001, 
621,AE134,4120,스마트도시과,CTV001,안녕-04134,안녕동17(24차),"41590570","41590126","4159012600","17",kt, ,"37.205526","127.016454","201460.673263321","511822.269625551","6",CTM001, 
622,AE134,4269,스마트도시과,CTV001,안녕-04284,안녕114부동산(25차),"41590570","41590126","4159012600","176-319",KT, ,"37.197017","126.989783","199092.949131603","510877.813809877","5",CTM001, 
623,AE134,4347,스마트도시과,CTV001,안녕-04364,안녕지하차도(수원방향),"41590570","41590126","4159012600","71-878",KT, ,"37.202285","127.01208","201072.405844757","511462.520218204","2",CTM001, 
624,AE134,4530,스마트도시과,CTV001,안녕-04547,안녕동우방APT108동뒤(안녕-04547),"41590570","41590126","4159012600","101-3",KT, ,"37.204511","127.005556","200493.259123768","511709.460196772","4",CTM001, 
625,AE134,2268,스마트도시과,CTV001,반송-02287,오즈의마법사유치원정문(반송-02287),"41590585","41590127","4159012700","175-1",KT, ,"37.188333","127.069937","206209.822433542","509916.331465155","4",CTM001, 
626,AE134,2292,스마트도시과,CTV001,반송-02311,동탄3호어린이공원,"41590586","41590127","4159012700","153",동탄1자가망, ,"37.192797","127.0667","205922.055170449","510411.544561665","3",CTM001, 
627,AE134,2300,스마트도시과,CTV001,반송-02319,탄요유적공원(광장),"41590585","41590127","4159012700","673-2",KT, ,"37.18935","127.077417","206873.862388923","510029.715553472","1",CTM001, 
628,AE134,2312,스마트도시과,CTV001,반송-02332,탄요유적공원(정자1),"41590586","41590127","4159012700","202",KT, ,"37.189632","127.076286","206773.435879009","510060.930857669","1",CTM001, 
629,AE134,2334,스마트도시과,CTV001,반송-02354,대우푸르지오타운하우스4,"41590585","41590127","4159012700","165",동탄1자가망, ,"37.187589","127.066778","205929.387706872","509833.559188279","5",CTM001, 
630,AE134,2335,스마트도시과,CTV001,반송-02355,대우푸르지오타운하우스1,"41590585","41590127","4159012700","165",동탄1자가망, ,"37.185263","127.067595","206002.115284688","509575.468425298","3",CTM001, 
1840,AE134,3487,스마트도시과,CTV001,덕우(봉)-03531,덕우리159-1(덕우공단),"41590253","41590253","4159036030","159-1",KT, ,"37.159217","126.921349","193013.799594435","506685.650378438","4",CTM002, 
1841,AE134,3488,스마트도시과,CTV001,덕우(봉)-03532,덕우리161-20(덕우공단),"41590253","41590253","4159036030","161-20",KT, ,"37.155774","126.918773","192784.597672461","506303.659276854","3",CTM002, 
1842,AE134,3599,스마트도시과,CTV001,덕우(봉)-3613,덕우리278-117-어안(20차),"41590253","41590253","4159036030","278-117",자가망, ,"37.160102","126.917078","192634.451089575","506784.135936352","1",CTM002, 
1843,AE134,3600,스마트도시과,CTV001,덕우(봉)-3614,덕우리72-5-검지(20차),"41590253","41590253","4159036030","72-5",자가망, ,"37.164602","126.928686","193665.886148493","507282.68866135","1",CTM002, 
1844,AE134,3601,스마트도시과,CTV001,덕우(봉)-3615,덕우리94-2-검지(20차),"41590253","41590253","4159036030","94-2",자가망, ,"37.1639","126.93015","193795.904889575","507204.727768188","1",CTM002, 
1845,AE134,600,스마트도시과,CTV001,하가등-00607,하가등리320-5-고정,"41590253","41590253","4159025335","320-5",자가망, ,"37.147492","126.933471","194089.573313368","505383.590701284","1",CTM002, 
1846,AE134,617,스마트도시과,CTV001,하가등-00624,하가등리311-1-고정,"41590253","41590253","4159025335","311-1",KT, ,"37.147374","126.935147","194238.503709326","505370.369696482","1",CTM002, 
1848,AE134,659,스마트도시과,CTV001,하가등-00668,풀향기영농조합입구,"41590253","41590253","4159025335","266-2",KT, ,"37.146266","126.938735","194557.171895757","505247.158262442","1",CTM002, 
1850,AE134,519,스마트도시과,CTV001,상기-00525,상기2리버스정류장삼거리-검지,"41590253","41590253","4159025336","539-4",자가망, ,"37.197863","126.915499","192497.993980195","510974.992237252","3",CTM002, 
1851,AE134,607,스마트도시과,CTV001,상기-00614,상기리303-1-고정,"41590253","41590253","4159025336","303-1",KT, ,"37.20467","126.924472","193295.199781229","511729.840283875","1",CTM002, 
1852,AE134,608,스마트도시과,CTV001,상기-00615,상기리519-2-고정,"41590253","41590253","4159025336","519-2",KT, ,"37.199528","126.915555","192503.095753037","511159.810715571","1",CTM002, 
1853,AE134,645,스마트도시과,CTV001,상기-00654,상기리375-1,"41590253","41590253","4159025336","375-1",KT, ,"37.204282","126.930782","193855.29994444","511686.280616136","1",CTM002, 
1854,AE134,646,스마트도시과,CTV001,상기-00655,상기리453-1,"41590253","41590253","4159025336","453-1",KT, ,"37.200363","126.921928","193068.999637068","511251.97061862","1",CTM002, 
1855,AE134,647,스마트도시과,CTV001,상기-00656,상기1리정류장,"41590253","41590253","4159025336","332",KT, ,"37.20281","126.927409","193555.749718903","511523.179876115","1",CTM002, 
1856,AE134,648,스마트도시과,CTV001,상기-00657,상기2리정류장,"41590253","41590253","4159025336","534",KT, ,"37.199901","126.919126","192820.120341369","511200.980236907","1",CTM002, 
1857,AE134,653,스마트도시과,CTV001,상기-00662,솔잎사랑방,"41590253","41590253","4159025336","338-4",KT, ,"37.203168","126.930906","193866.209682055","511562.672506899","1",CTM002, 
1858,AE134,3617,스마트도시과,CTV001,상기-3631,상기리68-1-검지(20차),"41590253","41590253","4159025336","68-1",KT, ,"37.211045","126.915544","192503.220254471","512437.970322229","3",CTM002, 
1859,AE134,3618,스마트도시과,CTV001,상기-3632,상기리126-2-검지(20차),"41590253","41590253","4159025336","126-2",KT, ,"37.206002","126.922801","193146.951970925","511877.750616259","3",CTM002, 
1860,AE134,4000,스마트도시과,CTV001,상기-04016,상기리551-4-검지(23차),"41590253","41590253","4159025336","551-4",KT, ,"37.197402","126.915213","192472.54990975","510923.890237572","2",CTM002, 
1861,AE134,4007,스마트도시과,CTV001,상기-04023,상기리785-29-검지(23차),"41590253","41590253","4159025336","785-29",KT, ,"37.198106","126.923103","193173.102096795","511001.434702533","2",CTM002, 
1862,AE134,1209,스마트도시과,CTV001,원안-01220,원안리버스정류장앞,"41590356","41590256","4159025621",산43-3,자가망, ,"37.100615","126.786275","181001.028783242","500200.474548686","5",CTM002, 
1863,AE134,1244,스마트도시과,CTV001,원안-01255,원안리386,"41590356","41590256","4159025621","386",자가망, ,"37.101103","126.781598","180585.41187329","500255.578379307","1",CTM002, 
1864,AE134,1249,스마트도시과,CTV001,원안-01260,원안리577-1,"41590356","41590256","4159025621","577-1",KT, ,"37.102808","126.775295","180025.552655103","500446.11697848","1",CTM002, 
1865,AE134,1299,스마트도시과,CTV001,원안-01310,원안리286-3,"41590356","41590256","4159025621","286-3",자가망, ,"37.096851","126.785814","180959.150924331","499782.816946561","1",CTM002, 
1867,AE134,1373,스마트도시과,CTV001,원안-01384,원안3리마을회관삼거리,"41590356","41590256","4159025621","215",자가망, ,"37.097355","126.787404","181100.580877446","499838.477663821","1",CTM002, 
1868,AE134,3765,스마트도시과,CTV001,원안-3779,원안리371-검지(20차),"41590356","41590256","4159025621","371",KT, ,"37.099935","126.781186","180548.47110612","500125.993974062","1",CTM002, 
1869,AE134,1230,스마트도시과,CTV001,호곡-01241,호곡리할머니회옆삼거리-검지,"41590356","41590256","4159025622","1106-42",자가망, ,"37.119315","126.779952","180443.802777026","502277.104780934","2",CTM002, 
1870,AE134,1349,스마트도시과,CTV001,호곡-01360,호곡리1106-42,"41590356","41590256","4159025622","1106-42",KT, ,"37.119548","126.77626","180115.737136826","502303.674536486","1",CTM002, 
1871,AE134,1350,스마트도시과,CTV001,호곡-01361,호곡리1117,"41590356","41590256","4159025622","1117",KT, ,"37.115758","126.784823","180875.752858752","501881.245620466","1",CTM002, 
1872,AE134,1351,스마트도시과,CTV001,호곡-01362,호곡리131-3,"41590356","41590256","4159025622","131-3",자가망, ,"37.119741","126.784432","180842.014782447","502323.45790934","1",CTM002, 
1873,AE134,1352,스마트도시과,CTV001,호곡-01363,호곡리163-3,"41590356","41590256","4159025622","163-3",자가망, ,"37.120087","126.782269","180649.934609883","502362.228953531","1",CTM002, 
1874,AE134,1353,스마트도시과,CTV001,호곡-01364,호곡리435-11,"41590356","41590256","4159025622","435-11",KT, ,"37.119701","126.775405","180039.800366545","502320.833884209","1",CTM002, 
1875,AE134,1354,스마트도시과,CTV001,호곡-01365,호곡리488-2,"41590356","41590256","4159025622","488-2",KT, ,"37.117242","126.77208","179743.591996962","502048.604853516","1",CTM002, 
1876,AE134,1355,스마트도시과,CTV001,호곡-01366,호곡리80-1,"41590356","41590256","4159025622","80-1",KT, ,"37.119201","126.788889","181238.046463588","502262.605158514","1",CTM002, 
1877,AE134,1356,스마트도시과,CTV001,호곡-01367,호곡리산11-7,"41590356","41590256","4159025622",산11-7,자가망, ,"37.121808","126.785128","180904.424449364","502552.702423958","1",CTM002, 
1878,AE134,1372,스마트도시과,CTV001,호곡-01383,호곡리11-2,"41590356","41590256","4159025622","11-2",KT, ,"37.123357","126.793197","181621.87902668","502722.929371205","1",CTM002, 
1879,AE134,1208,스마트도시과,CTV001,운평-01219,조암어린이집앞,"41590356","41590256","4159025623","1353-4",자가망, ,"37.086016","126.78417","180810.216172054","498580.69528888","3",CTM002, 
1880,AE134,1212,스마트도시과,CTV001,운평-01223,운평2리버스정류장,"41590356","41590256","4159025623","235-1",자가망, ,"37.084512","126.780713","180502.508295206","498414.430367438","4",CTM002, 
1881,AE134,1243,스마트도시과,CTV001,운평-01254,운평리841,"41590356","41590256","4159025623","841",KT, ,"37.088346","126.770885","179629.686097226","498842.020980055","1",CTM002, 
2479,AE134,1059,스마트도시과,CTV001,사창-01070,사창2리진입로,"41590400","41590400","4159040022","1062",자가망, ,"37.106685","126.965651","196946.814978416","500853.264387921","1",CTM002, 
2480,AE134,1994,스마트도시과,CTV001,요-02011,요리343-2-고정,"41590259","41590259","4159025931","343-2",자가망, ,"37.108506","126.96918","197260.581140541","501055.27292173","1",CTM002, 
2481,AE134,2005,스마트도시과,CTV001,요-02022,요리350-고정,"41590259","41590259","4159025931","350",자가망, ,"37.108839","126.967309","197094.272173352","501092.240380516","1",CTM002, 
2482,AE134,2038,스마트도시과,CTV001,요-02056,윤성빠우,"41590259","41590259","4159025931","9-14",KT, ,"37.118166","126.958622","196322.591233871","502127.716477613","1",CTM002, 
2483,AE134,3875,스마트도시과,CTV001,요-3890,요리353-2-회전(20차),"41590259","41590259","4159025931","353-2",KT, ,"37.109099","126.967604","197120.502998168","501121.119408379","1",CTM002, 
2484,AE134,1794,스마트도시과,CTV001,수직-01809,향남IC교차로,"41590259","41590259","4159025932","100-5",자가망, ,"37.122722","126.994691","199528.153159658","502632.541681407","3",CTM002, 
2485,AE134,1815,스마트도시과,CTV001,수직-01830,수직2리마을회관뒤,"41590259","41590259","4159025932","119-3",자가망, ,"37.121124","126.992248","199311.077576165","502455.177392871","4",CTM002, 
2486,AE134,1969,스마트도시과,CTV001,갈천-01986,갈천리192-5-고정,"41590259","41590259","4159025933","192-5",자가망, ,"37.126353","126.985187","198683.637282594","503035.510709773","1",CTM002, 
2487,AE134,1992,스마트도시과,CTV001,수직-02009,수직리114-10-고정,"41590259","41590259","4159025932","114-10",자가망, ,"37.123189","126.991602","199253.678757799","502684.333643188","1",CTM002, 
2488,AE134,1993,스마트도시과,CTV001,수직-02010,수직리135-고정,"41590259","41590259","4159025932","135",자가망, ,"37.120267","126.990529","199158.291188682","502360.103667156","1",CTM002, 
2489,AE134,2004,스마트도시과,CTV001,수직-02021,수직리148-3-고정,"41590259","41590259","4159025932","148-3",자가망, ,"37.120516","126.991781","199269.56931309","502387.705099463","1",CTM002, 
2490,AE134,2039,스마트도시과,CTV001,수직-02057,수직리176-2,"41590259","41590259","4159025932","176-2",KT, ,"37.12598","126.991962","199285.670758892","502994.087095234","1",CTM002, 
2492,AE134,3457,스마트도시과,CTV001,수직-03501,수직리278,"41590259","41590259","4159025932","278",KT, ,"37.126915","126.985473","198709.079761415","503097.933039537","1",CTM002, 
2493,AE134,3874,스마트도시과,CTV001,수직-3889,수직리33-8-검지(20차),"41590259","41590259","4159025932","33-8",자가망, ,"37.126613","126.9949","199546.79428759","503064.297176182","1",CTM002, 
2494,AE134,1787,스마트도시과,CTV001,갈천-01802,갈천초교정문입구,"41590259","41590259","4159025933","213-4",자가망, ,"37.125245","126.981125","198322.664356529","502912.664403748","1",CTM002, 
2495,AE134,1836,스마트도시과,CTV001,갈천-01852,은총교회앞,"41590259","41590259","4159025933","237",자가망, ,"37.127404","126.981461","198352.614367726","503152.208868887","1",CTM002, 
2496,AE134,1858,스마트도시과,CTV001,갈천-01874,한국황토앞,"41590259","41590259","4159025933","192-9",자가망, ,"37.125133","126.984556","198627.559745486","502900.179531528","3",CTM002, 
2497,AE134,1967,스마트도시과,CTV001,갈천-01984,갈천리87-1-검지,"41590259","41590259","4159025933","87-1",KT, ,"37.128851","126.9799","198213.913783037","503312.889600539","2",CTM002, 
2498,AE134,1968,스마트도시과,CTV001,갈천-01985,갈천리93-검지,"41590259","41590259","4159025933","93",KT, ,"37.130048","126.978317","198073.269671603","503445.8092096","2",CTM002, 
2499,AE134,3454,스마트도시과,CTV001,갈천-03497,갈천리53-1,"41590259","41590259","4159025933","53",KT, ,"37.128439","126.977644","198013.442701277","503267.223964104","1",CTM002, 
2500,AE134,3455,스마트도시과,CTV001,갈천-03498,갈천리78-2,"41590259","41590259","4159025933","78-2",KT, ,"37.128509","126.979151","198147.341262084","503274.950998081","1",CTM002, 
2501,AE134,4137,스마트도시과,CTV001,갈천-04151,갈천리215-3(24차),"41590259","41590259","4159025933","215-3",kt, ,"37.12639","126.9811","198320.508899506","503039.74914938","3",CTM002, 
2502,AE134,4467,스마트도시과,CTV001,갈천-04484,갈천초등학교사거리(갈천-04484),"41590259","41590259","4159025933","213-4",자가망, ,"37.125224","126.981116","198321.89867234","502910.383300531","5",CTM002, 
2503,AE134,1790,스마트도시과,CTV001,증거-01805,증거리정훈마트,"41590259","41590259","4159025934","196-1",자가망, ,"37.138772","126.97735","197987.537693081","504413.943671378","3",CTM002, 
2504,AE134,1879,스마트도시과,CTV001,증거-01895,증거리450-7,"41590259","41590259","4159025934","450-7",자가망, ,"37.133244","126.982201","198418.450058717","503800.375494084","1",CTM002, 
2505,AE134,2016,스마트도시과,CTV001,증거-02033,증거리158-고정,"41590259","41590259","4159025934","158",자가망, ,"37.138188","126.977156","197970.303035018","504349.157533512","1",CTM002, 
2506,AE134,2017,스마트도시과,CTV001,증거-02034,증거리191-2-고정,"41590259","41590259","4159025934","191-2",자가망, ,"37.137381","126.9778","198027.46260918","504259.60511483","1",CTM002, 
2507,AE134,2018,스마트도시과,CTV001,증거-02035,증거리205-1-고정,"41590259","41590259","4159025934","205-1",자가망, ,"37.140767","126.97781","198028.514513492","504635.395123586","1",CTM002, 
2510,AE134,3882,스마트도시과,CTV001,증거-3897,증거리26-4-검지(20차),"41590259","41590259","4159025934","26-4",자가망, ,"37.140991","126.970863","197411.276713298","504660.341727526","1",CTM002, 
2511,AE134,1824,스마트도시과,CTV001,송곡-01840,송곡리버스정류장,"41590259","41590259","4159025935","213-2",자가망, ,"37.128484","126.967901","197147.628966893","503272.410923794","3",CTM002, 
2512,AE134,1867,스마트도시과,CTV001,송곡-01883,송곡리147-1,"41590259","41590259","4159025935","147-1",자가망, ,"37.128892","126.966053","196983.469645433","503317.739025474","1",CTM002, 
2513,AE134,1873,스마트도시과,CTV001,송곡-01889,송곡리360,"41590259","41590259","4159025935","360",자가망, ,"37.12462","126.971684","197483.638153904","502843.554844969","1",CTM002, 
2514,AE134,1986,스마트도시과,CTV001,송곡-02003,송곡리229-4-고정,"41590259","41590259","4159025935","229-4",자가망, ,"37.127676","126.970131","197345.762310091","503182.707656233","1",CTM002, 
2515,AE134,1989,스마트도시과,CTV001,송곡-02006,송곡리216-고정,"41590259","41590259","4159025935","216",자가망, ,"37.128999","126.967774","197136.393176845","503329.648264864","1",CTM002, 
2516,AE134,1990,스마트도시과,CTV001,송곡-02007,송곡리317-고정,"41590259","41590259","4159025935","317",자가망, ,"37.127803","126.971229","197443.34307088","503196.754225608","1",CTM002, 
2517,AE134,1991,스마트도시과,CTV001,송곡-02008,송곡리404-6-고정,"41590259","41590259","4159025935","404-6",자가망, ,"37.125929","126.977167","197970.908658625","502988.607609619","1",CTM002, 
2518,AE134,3104,스마트도시과,CTV001,송곡-03139,송곡고개상수도사업소,"41590259","41590259","4159025935",산33-2,자가망, ,"37.13093","126.964194","196818.358464628","503544.071467168","1",CTM002, 
2519,AE134,3873,스마트도시과,CTV001,송곡-3888,송곡리29-1-검지(20차),"41590259","41590259","4159025935","29-1",KT, ,"37.126877","126.962006","196623.717984292","503094.303793289","1",CTM002, 
2520,AE134,1781,스마트도시과,CTV001,동오-01796,중부자동차공장앞,"41590259","41590259","4159025936","499-2",자가망, ,"37.13151","126.950156","195570.965414238","503608.952805572","1",CTM002, 
2521,AE134,1843,스마트도시과,CTV001,동오-01859,동오타운앞(25차),"41590259","41590259","4159025936","521-3",자가망, ,"37.131143","126.948624","195434.802020082","503568.293474432","3",CTM002, 
1,AE134,446,스마트도시과,CTV001,병점-00450,상록빌딩앞사거리,"41590520","41590117","4159011700","847-2",KT, ,"37.215215","127.044099","203914.190604957","512898.298957793","1",CTM001, 
3,AE134,1607,스마트도시과,CTV001,진안-01619,병점사거리,"41590520","41590116","4159011600","527-11",자가망, ,"37.208041","127.035121","203117.605705713","512101.872424073","1",CTM001, 
4,AE134,1608,스마트도시과,CTV001,진안-01620,구국도,"41590520","41590116","4159011600","594-8",자가망, ,"37.213123","127.030736","202728.220440151","512665.760069672","3",CTM001, 
5,AE134,1609,스마트도시과,CTV001,진안-01621,국민은행앞사거리(진안-01621),"41590520","41590116","4159011600","930",자가망, ,"37.213781","127.041854","203714.99430962","512739.065277814","5",CTM001, 
6,AE134,1610,스마트도시과,CTV001,진안-01622,공영주차장입구사거리(진안-01622),"41590520","41590116","4159011600","874-1",자가망, ,"37.213583","127.039451","203501.75304928","512717.105944275","5",CTM001, 
7,AE134,1611,스마트도시과,CTV001,진안-01623,그린자원앞삼거리-검지,"41590520","41590116","4159011600","692-325",자가망, ,"37.211284","127.030185","202679.355975102","512461.590303903","3",CTM001, 
8,AE134,1616,스마트도시과,CTV001,진안-01628,느티나무공원,"41590520","41590116","4159011600","934-13",자가망, ,"37.218844","127.035728","203171.080478857","513300.794085996","5",CTM001, 
9,AE134,1617,스마트도시과,CTV001,진안-01629,다람산공원농구장,"41590520","41590116","4159011600","584",KT, ,"37.216056","127.032532","202887.48731827","512991.219322475","5",CTM001, 
10,AE134,1618,스마트도시과,CTV001,진안-01630,다람산공원,"41590520","41590116","4159011600","140-5",자가망, ,"37.217575","127.034459","203058.52706075","513159.938734348","4",CTM001, 
11,AE134,1619,스마트도시과,CTV001,진안-01631,화성가든부근,"41590520","41590116","4159011600","898",자가망, ,"37.214659","127.038501","203417.398325742","512836.387649086","1",CTM001, 
12,AE134,1621,스마트도시과,CTV001,진안-01633,기쁨교회앞삼거리,"41590520","41590116","4159011600","420",자가망, ,"37.216422","127.037269","203307.923606542","513032.060115252","5",CTM001, 
13,AE134,1622,스마트도시과,CTV001,진안-01634,진안5통버스정류장,"41590520","41590116","4159011600","710-13",자가망, ,"37.209436","127.030273","202687.250572153","512256.465523221","1",CTM001, 
14,AE134,1624,스마트도시과,CTV001,진안-01636,병점역자전거보관소1층,"41590520","41590116","4159011600","824-26",자가망, ,"37.207336","127.033708","202992.265702692","512023.507212733","1",CTM001, 
15,AE134,1625,스마트도시과,CTV001,진안-01637,병점역자전거보관소2층,"41590520","41590116","4159011600","824-26",자가망, ,"37.207336","127.033708","202992.265702692","512023.507212733","1",CTM001, 
16,AE134,1626,스마트도시과,CTV001,진안-01638,서울아트빌라,"41590520","41590116","4159011600","712-3",자가망, ,"37.210191","127.030197","202680.433181237","512340.298843936","3",CTM001, 
17,AE134,1627,스마트도시과,CTV001,진안-01639,세광유치원,"41590520","41590116","4159011600","456-4",자가망, ,"37.213245","127.032548","202889.000428615","512679.300260376","4",CTM001, 
18,AE134,1628,스마트도시과,CTV001,진안-01640,병점역후문버스정류장,"41590520","41590116","4159011600","828-2",자가망, ,"37.206681","127.032361","202872.709251012","511950.805912531","1",CTM001, 
20,AE134,1630,스마트도시과,CTV001,진안-01642,물빛공원,"41590520","41590116","4159011600","887-1",자가망, ,"37.211748","127.042016","203729.509256532","512513.541424064","5",CTM001, 
21,AE134,1632,스마트도시과,CTV001,진안-01644,병점역택시승강장앞삼거리,"41590520","41590116","4159011600","842-17",자가망, ,"37.207356","127.033652","202987.240534406","512025.813842762","1",CTM001, 
22,AE134,1634,스마트도시과,CTV001,진안-01646,색종이공원,"41590520","41590116","4159011600","896",자가망, ,"37.214382","127.036596","203248.303055779","512805.611993531","4",CTM001, 
23,AE134,1635,스마트도시과,CTV001,진안-01647,성화감리교회앞,"41590520","41590116","4159011600","842-60",자가망, ,"37.219867","127.035337","203136.307910611","513414.370893478","3",CTM001, 
24,AE134,1636,스마트도시과,CTV001,진안-01648,숨박꼭질공원,"41590520","41590116","4159011600","866-6",자가망, ,"37.214661","127.039635","203518.008591994","512836.750987033","4",CTM001, 
25,AE134,1637,스마트도시과,CTV001,진안-01649,진안동병점육교,"41590520","41590116","4159011600","544-2",자가망, ,"37.209552","127.032154","202854.190180515","512269.449875604","1",CTM001, 
26,AE134,1638,스마트도시과,CTV001,진안-01650,숯불닭갈비(진안-01650),"41590520","41590116","4159011600","887-2",자가망, ,"37.212138","127.042247","203750.003406264","512556.755693763","5",CTM001, 
27,AE134,1640,스마트도시과,CTV001,진안-01652,진안동주민센터옆사거리,"41590520","41590116","4159011600","476",자가망, ,"37.21265","127.032998","202929.000286874","512613.250047245","3",CTM001, 
28,AE134,1641,스마트도시과,CTV001,진안-01653,진안동병점초교후문,"41590520","41590116","4159011600","544-67",자가망, ,"37.21024","127.033587","202981.410335055","512345.849352816","1",CTM001, 
29,AE134,1642,스마트도시과,CTV001,진안-01654,진안동식당가(진안-01654),"41590520","41590116","4159011600","902",자가망, ,"37.21216","127.040381","203584.395745566","512559.191661082","3",CTM001, 
30,AE134,1643,스마트도시과,CTV001,진안-01655,진안동주택가(진안-01655),"41590520","41590116","4159011600","898",자가망, ,"37.213712","127.03759","203336.596669115","512731.244444969","4",CTM001, 
31,AE134,1644,스마트도시과,CTV001,진안-01656,진안초교,"41590520","41590116","4159011600","930-1",자가망, ,"37.216451","127.040867","203627.320635512","513035.39920989","3",CTM001, 
32,AE134,1646,스마트도시과,CTV001,진안-01658,병점초교정문,"41590520","41590116","4159011600","525-78",자가망, ,"37.209089","127.034224","203037.964939793","512218.063186171","3",CTM001, 
33,AE134,1647,스마트도시과,CTV001,진안-01659,우신그린맨션앞삼거리,"41590520","41590116","4159011600","709-2",자가망, ,"37.209464","127.031067","202757.730504954","512259.606920811","4",CTM001, 
34,AE134,1648,스마트도시과,CTV001,진안-01660,종이비행기공원,"41590520","41590116","4159011600","855-3",자가망, ,"37.21678","127.038014","203374.015216994","513071.751247116","5",CTM001, 
35,AE134,1649,스마트도시과,CTV001,진안-01661,진안골11단지공원사거리,"41590520","41590116","4159011600","912-1",자가망, ,"37.217194","127.043066","203822.490224798","513117.945106095","1",CTM001, 
37,AE134,1652,스마트도시과,CTV001,진안-01664,철죽어린이공원,"41590520","41590116","4159011600","909-1",KT, ,"37.215017","127.041698","203701.113693497","512876.272484547","4",CTM001, 
38,AE134,1653,스마트도시과,CTV001,진안-01666,진안동878-2(진안-01666),"41590520","41590116","4159011600","514-4",자가망, ,"37.211553","127.038332","203402.546059655","512491.761358483","5",CTM001, 
39,AE134,1654,스마트도시과,CTV001,진안-01667,진안동515-12(진안-01667),"41590520","41590116","4159011600","515-12",자가망, ,"37.211014","127.036942","203279.133520357","512431.882134953","5",CTM001, 
40,AE134,1656,스마트도시과,CTV001,진안-01669,로즈빌삼거리(22차),"41590520","41590116","4159011600","930-12",자가망, ,"37.218234","127.037934","203366.876535415","513233.171337409","4",CTM001, 
41,AE134,1657,스마트도시과,CTV001,진안-01670,진안동856-2,"41590520","41590116","4159011600","856-2",자가망, ,"37.217416","127.037126","203295.214496538","513142.370970002","1",CTM001, 
42,AE134,1658,스마트도시과,CTV001,진안-01671,진안동860-13(진안-01671),"41590520","41590116","4159011600","863-9",KT, ,"37.215546","127.039555","203510.866725241","512934.944614311","5",CTM001, 
632,AE134,2358,스마트도시과,CTV001,반송-02378,동탄5호어린이공원,"41590585","41590127","4159012700","119",KT, ,"37.197735","127.07653","206794.356836064","510960.185410228","3",CTM001, 
633,AE134,2748,스마트도시과,CTV001,반송-02776,솔빛중학교후문,"41590585","41590127","4159012700","138",동탄1자가망, ,"37.196835","127.071462","206344.544940525","510860.028602437","1",CTM001, 
634,AE134,2767,스마트도시과,CTV001,반송-02795,반송초등학교(반송-02795),"41590585","41590127","4159012700","270",동탄1자가망, ,"37.191395","127.070112","206225.118481851","510256.189662629","4",CTM001, 
635,AE134,2768,스마트도시과,CTV001,반송-02796,반송초교사거리(반송-02796),"41590585","41590127","4159012700","265",동탄1자가망, ,"37.191319","127.068687","206098.610423406","510247.695750892","5",CTM001, 
636,AE134,2769,스마트도시과,CTV001,반송-02797,반송중학교사거리,"41590585","41590127","4159012700","304",동탄1자가망, ,"37.188808","127.071172","206319.440570093","509969.129155842","1",CTM001, 
637,AE134,2788,스마트도시과,CTV001,반송-02816,반송동648-5나루교앞사거리,"41590586","41590127","4159012700","243-4",동탄1자가망, ,"37.194727","127.081173","207206.851378598","510626.729755647","1",CTM001, 
638,AE134,2810,스마트도시과,CTV001,반송-02838,반송동305주택가,"41590585","41590127","4159012700","305",동탄1자가망, ,"37.186728","127.068327","206066.996231597","509738.10241136","1",CTM001, 
639,AE134,2811,스마트도시과,CTV001,반송-02839,오즈의마법사유치원뒤쪽(반송-02839),"41590585","41590127","4159012700","303",동탄1자가망, ,"37.1882","127.069327","206155.670307994","509901.531179219","4",CTM001, 
640,AE134,2815,스마트도시과,CTV001,반송-02843,반송동239변전소입구,"41590586","41590127","4159012700","628-4",동탄1자가망, ,"37.185883","127.082125","207292.20656653","509645.284437968","1",CTM001, 
641,AE134,2819,스마트도시과,CTV001,반송-02847,반송동222-2육교아래,"41590586","41590127","4159012700","222-2",동탄1자가망, ,"37.195209","127.078538","206972.869591635","510680.014553586","1",CTM001, 
642,AE134,2820,스마트도시과,CTV001,반송-02848,반송동219-1성우프라자사거리1,"41590585","41590127","4159012700","266",동탄1자가망, ,"37.1947","127.074597","206623.071069479","510623.220234571","1",CTM001, 
643,AE134,2821,스마트도시과,CTV001,반송-02849,반송동218-1성우프라자사거리2(반송-02849),"41590585","41590127","4159012700","266",동탄1자가망, ,"37.194678","127.075057","206663.913701054","510620.866379998","5",CTM001, 
644,AE134,2822,스마트도시과,CTV001,반송-02850,반송동216-2뒷길코너,"41590586","41590127","4159012700","217-8",동탄1자가망, ,"37.192888","127.073278","206506.057991508","510422.052905998","3",CTM001, 
645,AE134,2823,스마트도시과,CTV001,반송-02851,반송동216-1신성프라자사거리2,"41590586","41590127","4159012700","266",동탄1자가망, ,"37.192953","127.072792","206462.91118476","510429.211250588","1",CTM001, 
646,AE134,2824,스마트도시과,CTV001,반송-02852,반송동215-2육교아래,"41590585","41590127","4159012700","215-2",동탄1자가망, ,"37.191067","127.07585","206734.60483962","510220.120883253","1",CTM001, 
647,AE134,2825,스마트도시과,CTV001,반송-02853,반송동197-1삼거리,"41590586","41590127","4159012700","302",동탄1자가망, ,"37.190119","127.073901","206561.638099465","510114.810960168","1",CTM001, 
649,AE134,2827,스마트도시과,CTV001,반송-02855,반송동195-1주택가,"41590585","41590127","4159012700","195-25",동탄1자가망, ,"37.188958","127.074468","206612.083019994","509986.001160508","1",CTM001, 
650,AE134,2828,스마트도시과,CTV001,반송-02856,반송동194-4주택가,"41590585","41590127","4159012700","302-4",동탄1자가망, ,"37.188667","127.077117","206847.286940115","509953.856676715","1",CTM001, 
651,AE134,2829,스마트도시과,CTV001,반송-02857,반송동190-1뒷길삼거리(반송-02857),"41590585","41590127","4159012700","190-1",동탄1자가망, ,"37.189225","127.07186","206380.493775517","510015.454409907","5",CTM001, 
652,AE134,2830,스마트도시과,CTV001,반송-02858,반송동189-6대로,"41590585","41590127","4159012700","301-1",동탄1자가망, ,"37.188287","127.072314","206420.884137579","509911.38469359","1",CTM001, 
653,AE134,2831,스마트도시과,CTV001,반송-02859,반송동189-11주택가,"41590585","41590127","4159012700","183-9",동탄1자가망, ,"37.187409","127.07324","206503.180564832","509814.006333635","1",CTM001, 
654,AE134,2832,스마트도시과,CTV001,반송-02860,반송동187-4주택가,"41590585","41590127","4159012700","187-9",동탄1자가망, ,"37.187882","127.071318","206332.481392692","509866.370309021","1",CTM001, 
655,AE134,2833,스마트도시과,CTV001,반송-02861,반송동185-6주택가,"41590585","41590127","4159012700","303-1",동탄1자가망, ,"37.18724","127.071756","206371.426311446","509795.149738275","1",CTM001, 
656,AE134,2835,스마트도시과,CTV001,반송-02863,반송동175-3주택가입구,"41590586","41590127","4159012700","303-1",동탄1자가망, ,"37.18805","127.070574","206266.406113096","509884.965706741","1",CTM001, 
657,AE134,2836,스마트도시과,CTV001,반송-02864,반송동171-13주택가,"41590586","41590127","4159012700","305",동탄1자가망, ,"37.186346","127.068992","206126.074798404","509695.750374641","1",CTM001, 
658,AE134,2837,스마트도시과,CTV001,반송-02865,반송동159-8주공5단지입구,"41590586","41590127","4159012700","264-4",동탄1자가망, ,"37.194445","127.070509","206260.097821292","510594.664321223","1",CTM001, 
659,AE134,2838,스마트도시과,CTV001,반송-02866,반송동159-4신성프라자사거리1(반송-02866),"41590585","41590127","4159012700","270",동탄1자가망, ,"37.19271","127.072275","206417.073634448","510402.218803005","5",CTM001, 
660,AE134,2839,스마트도시과,CTV001,반송-02867,반송동158-6주택가,"41590585","41590127","4159012700","146-6",동탄1자가망, ,"37.191554","127.067787","206018.664695141","510273.663314698","1",CTM001, 
661,AE134,2840,스마트도시과,CTV001,반송-02868,반송동156-1주택가,"41590585","41590127","4159012700","148-10",동탄1자가망, ,"37.191598","127.066741","205925.78911236","510278.480583394","1",CTM001, 
662,AE134,2841,스마트도시과,CTV001,반송-02869,반송동153주택가(공원),"41590585","41590127","4159012700","153",동탄1자가망, ,"37.192802","127.066844","205934.840027229","510412.108474989","1",CTM001, 
663,AE134,2842,스마트도시과,CTV001,반송-02870,반송동150-21주택가,"41590586","41590127","4159012700","148-9",동탄1자가망, ,"37.192408","127.065767","205839.247372884","510368.314958798","1",CTM001, 
664,AE134,2843,스마트도시과,CTV001,반송-02871,반송동150-1주택가(반송-02871),"41590585","41590127","4159012700","148-8",동탄1자가망, ,"37.193527","127.065728","205835.698563565","510492.500611641","4",CTM001, 
665,AE134,2844,스마트도시과,CTV001,반송-02872,반송동145-6앞대로,"41590585","41590127","4159012700","265",동탄1자가망, ,"37.19415","127.06682","205932.585965533","510561.654251488","1",CTM001, 
667,AE134,2847,스마트도시과,CTV001,반송-02875,반송동141주공5단지입구,"41590585","41590127","4159012700","159-6",동탄1자가망, ,"37.195753","127.066748","205926.085883416","510739.608306403","1",CTM001, 
668,AE134,2848,스마트도시과,CTV001,반송-02876,반송동135-3솔빛중학교뒷길,"41590585","41590127","4159012700","135-3",동탄1자가망, ,"37.196123","127.071538","206351.280970746","510781.014916819","1",CTM001, 
669,AE134,2849,스마트도시과,CTV001,반송-02877,반송동135-2육교아래,"41590585","41590127","4159012700","135-2",동탄1자가망, ,"37.195411","127.069913","206207.085418139","510701.821967431","2",CTM001, 
670,AE134,2850,스마트도시과,CTV001,반송-02879,반송동132-6육교아래,"41590585","41590127","4159012700","132-6",동탄1자가망, ,"37.198016","127.074942","206653.383925117","510991.336227355","1",CTM001, 
1884,AE134,1293,스마트도시과,CTV001,운평-01304,운평리386,"41590356","41590256","4159025623","386",KT, ,"37.078887","126.777349","180201.96817874","497790.888924474","1",CTM002, 
1885,AE134,1294,스마트도시과,CTV001,운평-01305,운평리412-5,"41590356","41590256","4159025623","412-5",KT, ,"37.081686","126.775245","180015.544463137","498101.971886767","1",CTM002, 
1886,AE134,1295,스마트도시과,CTV001,운평-01306,운평리527-6,"41590356","41590256","4159025623","527-6",KT, ,"37.075221","126.772475","179767.572277807","497385.076397126","1",CTM002, 
1887,AE134,1296,스마트도시과,CTV001,운평-01307,운평리779-1,"41590356","41590256","4159025623","779-1",KT, ,"37.088615","126.771513","179685.601494993","498871.739996321","1",CTM002, 
1888,AE134,1297,스마트도시과,CTV001,운평-01308,운평리산205,"41590356","41590256","4159025623",산205,KT, ,"37.077216","126.770937","179631.349587331","497606.830831903","1",CTM002, 
1889,AE134,1301,스마트도시과,CTV001,원안-01312,원안리산99-12,"41590356","41590256","4159025621",산99-12,자가망, ,"37.090766","126.781839","180604.173777361","499108.243652268","1",CTM002, 
1890,AE134,3762,스마트도시과,CTV001,운평-3776,운평리298-5-어안(20차),"41590356","41590256","4159025623","298-5",자가망, ,"37.078994","126.781679","180586.982654335","497801.85938894","1",CTM002, 
1891,AE134,3763,스마트도시과,CTV001,운평-3777,운평리산107-1-검지(20차),"41590356","41590256","4159025623",산107-1,자가망, ,"37.081201","126.778777","180329.472428126","498047.421005429","3",CTM002, 
1892,AE134,3764,스마트도시과,CTV001,운평-3778,운평리294-3-검지(20차),"41590356","41590256","4159025623","294-3",자가망, ,"37.080165","126.781827","180600.459039678","497931.841440353","1",CTM002, 
1893,AE134,1228,스마트도시과,CTV001,한각-01239,죽말교차로,"41590356","41590256","4159025624","246-7",KT, ,"37.089703","126.802778","182465.561187109","498986.28480859","3",CTM002, 
1894,AE134,1229,스마트도시과,CTV001,한각-01240,한각1리마을회관앞삼거리,"41590356","41590256","4159025624","395-1",KT, ,"37.095897","126.798197","182059.759860632","499674.487584049","3",CTM002, 
1895,AE134,1262,스마트도시과,CTV001,한각-01273,한각리758,"41590356","41590256","4159025624","758",KT, ,"37.09406","126.795824","181848.388945083","499471.113155485","1",CTM002, 
1896,AE134,1340,스마트도시과,CTV001,한각-01351,한각리151-2,"41590356","41590256","4159025624","151-2",KT, ,"37.090129","126.804012","182575.374586997","499033.341694815","1",CTM002, 
1897,AE134,1341,스마트도시과,CTV001,한각-01352,한각리201,"41590356","41590256","4159025624","201",KT, ,"37.08647","126.804004","182573.816573373","498627.180491628","1",CTM002, 
1898,AE134,1346,스마트도시과,CTV001,한각-01357,한각리715-1,"41590356","41590256","4159025624","715-1",KT, ,"37.085418","126.801988","182394.302247087","498510.835121984","1",CTM002, 
1900,AE134,1348,스마트도시과,CTV001,한각-01359,한각리산48,"41590356","41590256","4159025624",산48,KT, ,"37.099949","126.798225","182063.231069138","500124.227343125","1",CTM002, 
1901,AE134,1779,스마트도시과,CTV001,한각-01794,한각리256,"41590356","41590256","4159025624","256",KT, ,"37.092736","126.799727","182194.992800138","499323.437706116","1",CTM002, 
1902,AE134,3778,스마트도시과,CTV001,한각-3792,한각리550-검지(20차),"41590356","41590256","4159025624","550",KT, ,"37.094677","126.797276","181977.611879438","499539.266744126","1",CTM002, 
1903,AE134,3779,스마트도시과,CTV001,한각-3793,한각리369-18-검지(20차),"41590356","41590256","4159025624","369-18",KT, ,"37.099188","126.799651","182189.781850663","500039.481341543","1",CTM002, 
1904,AE134,1259,스마트도시과,CTV001,멱우-01270,멱우리399-1,"41590356","41590256","4159025625","399-1",KT, ,"37.101548","126.821616","184142.91111585","500297.533860889","1",CTM002, 
1905,AE134,1268,스마트도시과,CTV001,멱우-01279,멱우리372,"41590356","41590256","4159025625","372",KT, ,"37.102646","126.819211","183929.290688524","500419.777276121","1",CTM002, 
1906,AE134,1271,스마트도시과,CTV001,멱우-01282,멱우리231-1,"41590356","41590256","4159025625","231-1",KT, ,"37.105155","126.807124","182855.482481458","500700.34444425","1",CTM002, 
1907,AE134,1278,스마트도시과,CTV001,멱우-01289,멱우리229,"41590356","41590256","4159025625","229",KT, ,"37.106071","126.806748","182822.223376876","500802.016697251","1",CTM002, 
1908,AE134,1279,스마트도시과,CTV001,멱우-01290,멱우리524-3,"41590356","41590256","4159025625","524-3",KT, ,"37.095906","126.815241","183574.962908124","499672.436759807","1",CTM002, 
1909,AE134,1369,스마트도시과,CTV001,멱우-01380,멱우리621-7-고정,"41590356","41590256","4159025625","621-7",KT, ,"37.096118","126.807862","182919.002268905","499697.275815362","1",CTM002, 
1910,AE134,1370,스마트도시과,CTV001,멱우-01381,멱우리620-4-고정,"41590356","41590256","4159025625","620-4",KT, ,"37.097644","126.810767","183177.617899677","499866.068984422","1",CTM002, 
1911,AE134,3448,스마트도시과,CTV001,멱우-03491,멱우리698-4-검지1,"41590356","41590256","4159025625","698-4",KT, ,"37.093587","126.805381","182697.86596322","499416.864308027","2",CTM002, 
1912,AE134,3757,스마트도시과,CTV001,멱우-3771,멱우리712-검지(20차),"41590356","41590256","4159025625","712",자가망, ,"37.102173","126.813856","183453.155891611","500368.134589965","1",CTM002, 
1913,AE134,3758,스마트도시과,CTV001,멱우-3772,멱우리산84-검지(20차),"41590356","41590256","4159025625",산84,KT, ,"37.09797","126.810272","183133.676901012","499902.369437383","1",CTM002, 
1914,AE134,3759,스마트도시과,CTV001,멱우-3773,멱우리190-3-검지(20차),"41590356","41590256","4159025625","190-3",KT, ,"37.109868","126.808562","182984.363847249","501223.162602824","1",CTM002, 
1915,AE134,3775,스마트도시과,CTV001,멱우-3789,멱우리462-8-검지(20차),"41590356","41590256","4159025625","462-8",자가망, ,"37.096449","126.823454","184305.218559702","499731.365631837","1",CTM002, 
1917,AE134,1234,스마트도시과,CTV001,화수-01245,화수초등학교정문(신리교사거리),"41590356","41590256","4159025626","834-15",자가망, ,"37.108077","126.79754","182004.225150219","501026.378473979","1",CTM002, 
1918,AE134,1236,스마트도시과,CTV001,화수-01247,화수초등학교후문(영천3리버스정류장삼거리),"41590356","41590256","4159025626",산60,자가망, ,"37.10983","126.798002","182045.704153545","501220.838747629","1",CTM002, 
1919,AE134,1255,스마트도시과,CTV001,화수-01266,화수리792-1,"41590356","41590256","4159025626","792-1",자가망, ,"37.106704","126.794723","181753.504811137","500874.540659299","1",CTM002, 
1920,AE134,1256,스마트도시과,CTV001,화수-01267,화수리산103-3,"41590356","41590256","4159025626","554",자가망, ,"37.102775","126.785699","180950.401940215","500440.272831157","1",CTM002, 
1921,AE134,1298,스마트도시과,CTV001,원안-01309,원안리248-3,"41590356","41590256","4159025621","248-3",자가망, ,"37.100219","126.783821","180782.852964002","500157.020087132","1",CTM002, 
1922,AE134,1320,스마트도시과,CTV001,원안-01331,원안리산29,"41590356","41590256","4159025621",산29,KT, ,"37.100501","126.790954","181416.991053189","500186.808288274","1",CTM002, 
1923,AE134,1362,스마트도시과,CTV001,화수-01373,화수리126-3,"41590356","41590256","4159025626","126-3",KT, ,"37.113482","126.785853","180966.770781538","501628.503560367","1",CTM002, 
1924,AE134,1363,스마트도시과,CTV001,화수-01374,화수리815-1,"41590356","41590256","4159025626","815-1",자가망, ,"37.107308","126.795865","181855.158181373","500941.353682808","1",CTM002, 
1925,AE134,1364,스마트도시과,CTV001,화수-01375,화수리산111,"41590356","41590256","4159025626",산43-1,KT, ,"37.108916","126.791381","181456.98274462","501120.675445722","1",CTM002, 
1245,AE134,4219,스마트도시과,CTV001,산척-04233,산척동산155-24[1],"41590610","41590135","4159013500",산155-24,동탄3자가망, ,"37.173309","127.123098","210932.249999853","508253.750102194","5",CTM001, 
1246,AE134,4220,스마트도시과,CTV001,산척-04234,산척동산155-24[2],"41590610","41590135","4159013500",산155-24,동탄3자가망, ,"37.17298","127.123024","210925.749999922","508217.250102184","4",CTM001, 
1247,AE134,4221,스마트도시과,CTV001,산척-04235,산척동산33-1,"41590610","41590135","4159013500",산33-1,동탄3자가망, ,"37.172936","127.121718","210809.749999859","508212.250102195","5",CTM001, 
1248,AE134,4222,스마트도시과,CTV001,산척-04236,산척동296-1,"41590610","41590135","4159013500","296-1",동탄3자가망, ,"37.172706","127.120195","210674.49999993","508186.500102198","5",CTM001, 
1249,AE134,4223,스마트도시과,CTV001,산척-04237,산척동산34[1],"41590610","41590135","4159013500",산34,동탄3자가망, ,"37.172165","127.122263","210858.249999904","508126.750102187","3",CTM001, 
1250,AE134,4224,스마트도시과,CTV001,산척-04238,산척동산155-24[3],"41590610","41590135","4159013500",산155-24,동탄3자가망, ,"37.172124","127.123265","210947.24999988","508122.250102188","4",CTM001, 
1251,AE134,4226,스마트도시과,CTV001,산척-04240,산척동산34[2],"41590610","41590135","4159013500",산34,동탄3자가망, ,"37.171338","127.121088","210753.999999888","508034.750102187","4",CTM001, 
1252,AE134,4227,스마트도시과,CTV001,산척-04241,산척동산36-1,"41590610","41590135","4159013500",산36-1,동탄3자가망, ,"37.171184","127.119446","210608.24999987","508017.500102194","5",CTM001, 
1253,AE134,4228,스마트도시과,CTV001,산척-04242,산척동산36-17,"41590610","41590135","4159013500",산36-17,동탄3자가망, ,"37.170708","127.119662","210627.499999863","507964.750102194","5",CTM001, 
1254,AE134,4229,스마트도시과,CTV001,산척-04243,산척동산36-16,"41590620","41590135","4159013500",산36-16,동탄3자가망, ,"37.170946","127.120944","210741.249999908","507991.250102197","5",CTM001, 
1255,AE134,4230,스마트도시과,CTV001,산척-04244,산척동산37-1[3],"41590610","41590135","4159013500",산39-2,동탄3자가망, ,"37.170659","127.121698","210808.249999935","507959.500102196","4",CTM001, 
1256,AE134,4231,스마트도시과,CTV001,산척-04245,산척동산37-1[4],"41590610","41590135","4159013500",산39-2,동탄3자가망, ,"37.170097","127.122944","210918.999999893","507897.250102188","4",CTM001, 
1257,AE134,4232,스마트도시과,CTV001,산척-04246,산척동산114-1[1],"41590610","41590135","4159013500",산114-1,동탄3자가망, ,"37.169774","127.121471","210788.249999909","507861.250102192","5",CTM001, 
1258,AE134,4233,스마트도시과,CTV001,산척-04247,산척동산117-3,"41590610","41590135","4159013500",산117-3,동탄3자가망, ,"37.169351","127.118895","210559.49999993","507814.000102195","5",CTM001, 
1259,AE134,4234,스마트도시과,CTV001,산척-04248,산척동산114-1[2],"41590610","41590135","4159013500",산114-1,동탄3자가망, ,"37.168903","127.121016","210747.999999888","507764.500102194","5",CTM001, 
1260,AE134,4235,스마트도시과,CTV001,산척-04249,산척동산114-1[3],"41590610","41590135","4159013500",산114-1,동탄3자가망, ,"37.168677","127.12116","210760.749999851","507739.500102195","4",CTM001, 
1261,AE134,4236,스마트도시과,CTV001,산척-04250,산척동산37-1[1],"41590610","41590135","4159013500",산37-1,동탄3자가망, ,"37.168816","127.122131","210846.999999861","507755.000102198","4",CTM001, 
1263,AE134,4238,스마트도시과,CTV001,산척-04252,산척동399-3,"41590610","41590135","4159013500","399-3",동탄3자가망, ,"37.167947","127.124083","211020.499999922","507658.750102192","3",CTM001, 
1264,AE134,4239,스마트도시과,CTV001,산척-04253,산척동산49,"41590610","41590135","4159013500",산49,동탄3자가망, ,"37.167321","127.125712","211165.249999877","507589.500102195","4",CTM001, 
1265,AE134,4240,스마트도시과,CTV001,산척-04254,산척동산53-1,"41590610","41590135","4159013500",산53-1,동탄3자가망, ,"37.166882","127.127701","211341.999999926","507541.000102192","4",CTM001, 
1266,AE134,4241,스마트도시과,CTV001,산척-04255,산척동산57-1,"41590610","41590135","4159013500",산57-1,동탄3자가망, ,"37.165705","127.132656","211782.249999918","507411.0001022","3",CTM001, 
1267,AE134,4242,스마트도시과,CTV001,산척-04256,산척동산65-1,"41590610","41590135","4159013500",산65-1,동탄3자가망, ,"37.166119","127.126616","211245.749999853","507456.250102198","3",CTM001, 
1268,AE134,4243,스마트도시과,CTV001,산척-04257,산척동산71,"41590610","41590135","4159013500",산71,동탄3자가망, ,"37.166391","127.125133","211113.999999871","507486.25010219","5",CTM001, 
1269,AE134,4244,스마트도시과,CTV001,산척-04258,산척동72-3,"41590610","41590135","4159013500","72-3",동탄3자가망, ,"37.166873","127.123456","210964.99999991","507539.500102199","3",CTM001, 
1270,AE134,4245,스마트도시과,CTV001,산척-04259,산척동383,"41590610","41590135","4159013500","383",동탄3자가망, ,"37.167662","127.120924","210739.999999927","507626.750102189","5",CTM001, 
1271,AE134,4246,스마트도시과,CTV001,산척-04260,산척동462-1,"41590610","41590135","4159013500","462-1",동탄3자가망, ,"37.167941","127.118208","210498.749999886","507657.50010219","4",CTM001, 
1272,AE134,4247,스마트도시과,CTV001,산척-04261,산척동산81-1[1],"41590610","41590135","4159013500",산81-1,동탄3자가망, ,"37.16711","127.120839","210732.499999895","507565.500102193","4",CTM001, 
1273,AE134,4248,스마트도시과,CTV001,산척-04262,산척동산81-1[2],"41590610","41590135","4159013500",산81-1,동탄3자가망, ,"37.16595","127.120364","210690.499999884","507436.750102198","5",CTM001, 
1274,AE134,4249,스마트도시과,CTV001,산척-04263,산척동산90-2[1],"41590610","41590135","4159013500",산90-2,동탄3자가망, ,"37.165912","127.115264","210237.499999885","507432.000102192","5",CTM001, 
1275,AE134,4254,스마트도시과,CTV001,산척-04268,산척동432,"41590610","41590135","4159013500","432",동탄3자가망, ,"37.164614","127.127005","211280.499999848","507289.250102194","5",CTM001, 
1276,AE134,4255,스마트도시과,CTV001,산척-04269,장지동910-17,"41590610","41590135","4159013500","910-17",동탄3자가망, ,"37.168567","127.123158","210938.249999935","507727.500102194","3",CTM001, 
1277,AE134,4260,스마트도시과,CTV001,산척-04274,산척동674-87,"41590620","41590135","4159013500","674-87",동탄3자가망, ,"37.164091","127.116097","210311.749999932","507230.00010219","4",CTM001, 
1278,AE134,4261,스마트도시과,CTV001,산척-04275,산척동674-86[1],"41590620","41590135","4159013500","674-86",동탄3자가망, ,"37.163484","127.11951","210614.999999858","507163.000102196","5",CTM001, 
1280,AE134,4319,스마트도시과,CTV001,산척-04337,산척동산135,"41590610","41590135","4159013500",산135,동탄3자가망, ,"37.174454","127.110776","209837.749999938","508379.50010219","4",CTM001, 
1281,AE134,4326,스마트도시과,CTV001,산척-04344,산척동산110,"41590610","41590135","4159013500",산110,동탄3자가망, ,"37.16752","127.113558","210085.749999858","507610.250102194","4",CTM001, 
1282,AE134,4370,스마트도시과,CTV001,산척-04387,산척동776[1],"41590610","41590135","4159013500","776",동탄2자가망, ,"37.168385","127.11851","210525.499999877","507706.750102189","1",CTM001, 
1283,AE134,4371,스마트도시과,CTV001,산척-04388,산척동776[2],"41590610","41590135","4159013500","776",동탄2자가망, ,"37.168033","127.118924","210562.249999876","507667.750102192","1",CTM001, 
1284,AE134,4372,스마트도시과,CTV001,산척-04389,산척동776[3],"41590610","41590135","4159013500","776",동탄2자가망, ,"37.168467","127.119439","210607.999999883","507716.000102197","1",CTM001, 
1285,AE134,4373,스마트도시과,CTV001,산척-04390,산척동776[4],"41590610","41590135","4159013500","776",동탄2자가망, ,"37.167809","127.119571","210619.749999871","507643.000102196","1",CTM001, 
43,AE134,1664,스마트도시과,CTV001,진안-01677,진안동880-7(진안-01677),"41590520","41590116","4159011600","880-7",자가망, ,"37.212548","127.040214","203569.509538348","512602.246210964","5",CTM001, 
44,AE134,1665,스마트도시과,CTV001,진안-01678,진안동881-14(진안-01678),"41590520","41590116","4159011600","881-14",자가망, ,"37.213041","127.041462","203680.295054185","512656.969082354","5",CTM001, 
45,AE134,1666,스마트도시과,CTV001,진안-01679,화성직업전문학교앞,"41590520","41590116","4159011600","539-7",자가망, ,"37.209164","127.032418","202877.639374652","512226.330421146","3",CTM001, 
47,AE134,1668,스마트도시과,CTV001,진안-01681,진안동886-1(진안-01681),"41590520","41590116","4159011600","886-1",자가망, ,"37.211945","127.040593","203603.161741496","512535.360822557","5",CTM001, 
48,AE134,1669,스마트도시과,CTV001,진안-01682,명진테크코너(22차),"41590520","41590116","4159011600","859-2",자가망, ,"37.216163","127.039838","203535.93922597","513003.364252108","3",CTM001, 
49,AE134,1670,스마트도시과,CTV001,진안-01683,진안동883-8-검지(진안-01683),"41590520","41590116","4159011600","883-8",자가망, ,"37.21258","127.041614","203693.83876097","512605.79582615","2",CTM001, 
50,AE134,1671,스마트도시과,CTV001,진안-01684,진안동931-검지,"41590520","41590116","4159011600","875-3",자가망, ,"37.214397","127.041119","203649.813418997","512807.430309116","4",CTM001, 
51,AE134,1672,스마트도시과,CTV001,진안-01685,진안동565-3-검지,"41590520","41590116","4159011600","565-3",자가망, ,"37.214704","127.033384","202963.170122683","512841.21059994","1",CTM001, 
52,AE134,1673,스마트도시과,CTV001,진안-01686,진안동882-13-검지(진안-01686),"41590520","41590116","4159011600","882-13",자가망, ,"37.212425","127.042013","203729.191897345","512588.664763114","2",CTM001, 
53,AE134,1674,스마트도시과,CTV001,진안-01687,진안동525-90-고정,"41590520","41590116","4159011600","525-90",KT, ,"37.208297","127.033848","203004.646438067","512130.176004307","1",CTM001, 
54,AE134,1675,스마트도시과,CTV001,진안-01688,진안동526-23-고정,"41590520","41590116","4159011600","526-23",KT, ,"37.2091","127.036658","203254.006415125","512219.464679148","1",CTM001, 
55,AE134,1676,스마트도시과,CTV001,진안-01689,진안동629-고정,"41590520","41590116","4159011600","629",KT, ,"37.21808","127.030864","202739.408175803","513215.807896588","1",CTM001, 
56,AE134,2213,스마트도시과,CTV001,진안-02231,다일유치원,"41590520","41590116","4159011600","934-12",KT, ,"37.219275","127.036352","203226.463588031","513348.603909757","1",CTM001, 
57,AE134,2235,스마트도시과,CTV001,진안-02254,반디유치원,"41590520","41590116","4159011600","912-2",KT, ,"37.217162","127.045631","204050.084859728","513114.466946767","2",CTM001, 
58,AE134,2284,스마트도시과,CTV001,진안-02303,느티어린이공원내,"41590520","41590116","4159011600","920",KT, ,"37.218919","127.0362","203212.952364926","513309.078125253","3",CTM001, 
59,AE134,2285,스마트도시과,CTV001,진안-02304,다람_산공원,"41590520","41590116","4159011600","587-1",KT, ,"37.217121","127.033497","202973.142507852","513109.489103335","1",CTM001, 
60,AE134,2315,스마트도시과,CTV001,진안-02335,다람산_공원,"41590520","41590116","4159011600","912-1",KT, ,"37.216814","127.034418","203054.847674341","513075.513589032","2",CTM001, 
61,AE134,2324,스마트도시과,CTV001,진안-02344,은행어린이공원,"41590520","41590116","4159011600","916-1",KT, ,"37.21765","127.040204","203568.381633147","513168.407804129","1",CTM001, 
62,AE134,2327,스마트도시과,CTV001,진안-02347,색종이어린이공원,"41590520","41590116","4159011600","861-1",KT, ,"37.214622","127.036521","203241.64458997","512832.211734963","1",CTM001, 
64,AE134,2346,스마트도시과,CTV001,진안-02366,슬기로운어린이집(진안-02366),"41590520","41590116","4159011600","867-1",자가망, ,"37.214043","127.037403","203319.947287657","512767.980559556","4",CTM001, 
65,AE134,2658,스마트도시과,CTV001,진안-02686,병점지하차도(오산방향)-1,"41590520","41590116","4159011600","544-19",LG, ,"37.210443","127.032867","202917.434801015","512368.289593752","1",CTM001, 
66,AE134,2659,스마트도시과,CTV001,진안-02687,병점지하차도(오산방향)-3,"41590520","41590116","4159011600","544-19",LG, ,"37.210513","127.032834","202914.505781898","512376.101683491","1",CTM001, 
67,AE134,2660,스마트도시과,CTV001,진안-02688,병점지하차도(오산방향)-2,"41590520","41590116","4159011600","544-19",LG, ,"37.210513","127.032834","202914.505781898","512376.101683491","1",CTM001, 
68,AE134,2661,스마트도시과,CTV001,진안-02689,병점지하차도(수원방향)-2,"41590520","41590116","4159011600","544-19",LG, ,"37.210513","127.032834","202914.505781898","512376.101683491","1",CTM001, 
69,AE134,2662,스마트도시과,CTV001,진안-02690,병점지하차도외부-차도,"41590520","41590116","4159011600","556-1",LG, ,"37.212329","127.031326","202780.592315972","512577.628568617","1",CTM001, 
70,AE134,2669,스마트도시과,CTV001,진안-02697,진안지하차도1-차도,"41590520","41590116","4159011600","845-1",LG, ,"37.215941","127.029953","202658.637581667","512978.479601428","1",CTM001, 
71,AE134,2675,스마트도시과,CTV001,진안-02703,진안지하차도2-차도,"41590520","41590116","4159011600","845-1",LG, ,"37.215941","127.029953","202658.637581667","512978.479601428","1",CTM001, 
72,AE134,2676,스마트도시과,CTV001,진안-02704,진안지하차도3-차도,"41590520","41590116","4159011600","845-1",LG, ,"37.215941","127.029953","202658.637581667","512978.479601428","1",CTM001, 
73,AE134,3421,스마트도시과,CTV001,진안-03464,진안동868-8(진안-03464),"41590520","41590116","4159011600","868-8",KT, ,"37.212744","127.037439","203323.236027792","512623.919882629","5",CTM001, 
74,AE134,3422,스마트도시과,CTV001,진안-03465,진안동869-8-검지(진안-03465),"41590520","41590116","4159011600","898",자가망, ,"37.213625","127.03841","203409.385365066","512721.64043221","2",CTM001, 
75,AE134,3423,스마트도시과,CTV001,진안-03466,진안동865-2-검지,"41590520","41590116","4159011600","895",자가망, ,"37.215372","127.040374","203583.578099549","512915.664470656","1",CTM001, 
76,AE134,3424,스마트도시과,CTV001,진안-03467,진안동858-9-검지,"41590520","41590116","4159011600","892",자가망, ,"37.216559","127.038869","203449.9846453","513047.321701554","2",CTM001, 
77,AE134,3425,스마트도시과,CTV001,진안-03468,진안동853-18,"41590520","41590116","4159011600","930-14",자가망, ,"37.217217","127.039157","203475.445935589","513120.347072398","4",CTM001, 
78,AE134,3426,스마트도시과,CTV001,진안-03469,진안동852-14-검지,"41590520","41590116","4159011600","854-3",자가망, ,"37.217774","127.037541","203332.042039012","513182.094753797","2",CTM001, 
79,AE134,3427,스마트도시과,CTV001,진안-03470,진안동871-3-검지(진안-03470),"41590520","41590116","4159011600","871-4",자가망, ,"37.214172","127.03965","203519.389360505","512782.448223017","2",CTM001, 
81,AE134,3429,스마트도시과,CTV001,진안-03472,진안동443-14-검지,"41590520","41590116","4159011600","443-14",자가망, ,"37.215603","127.034213","203036.691913011","512941.030463706","2",CTM001, 
82,AE134,3430,스마트도시과,CTV001,진안-03473,진안동712-4-검지1,"41590520","41590116","4159011600","712-4",자가망, ,"37.210619","127.030102","202672.003077573","512387.762993883","2",CTM001, 
83,AE134,3453,스마트도시과,CTV001,진안-03496,비상활주로-검지,"41590520","41590116","4159011600","452-10",자가망, ,"37.217288","127.02947","202615.664107483","513127.959734989","1",CTM001, 
84,AE134,3486,스마트도시과,CTV001,진안-03530,진안동899,"41590520","41590116","4159011600","899",자가망, ,"37.21423","127.040684","203611.183636275","512788.924080947","5",CTM001, 
671,AE134,2851,스마트도시과,CTV001,반송-02880,반송동131-6주택가,"41590585","41590127","4159012700","131-5",동탄1자가망, ,"37.196128","127.078022","206927.017678233","510781.957506278","1",CTM001, 
672,AE134,2852,스마트도시과,CTV001,반송-02881,반송동131-21대로,"41590585","41590127","4159012700","243-4",동탄1자가망, ,"37.194951","127.079797","207084.725510178","510651.530274429","1",CTM001, 
673,AE134,2854,스마트도시과,CTV001,반송-02883,반송동125-9주택가,"41590585","41590127","4159012700","315-2",동탄1자가망, ,"37.195534","127.080953","207187.233432138","510716.330468544","1",CTM001, 
674,AE134,2855,스마트도시과,CTV001,반송-02884,반송동124-6주택가,"41590585","41590127","4159012700","243-2",동탄1자가망, ,"37.196111","127.080164","207117.164799505","510780.307193697","3",CTM001, 
676,AE134,2858,스마트도시과,CTV001,반송-02887,반송동118-8앞대로사거리2,"41590585","41590127","4159012700","266",동탄1자가망, ,"37.196289","127.076442","206786.700147931","510799.777759407","1",CTM001, 
677,AE134,2859,스마트도시과,CTV001,반송-02888,동탄꿈의유치원(반송-02888),"41590585","41590127","4159012700","313-1",동탄1자가망, ,"37.196587","127.077111","206846.042031408","510832.865003035","5",CTM001, 
678,AE134,2861,스마트도시과,CTV001,반송-02890,반송동114-6주택가,"41590585","41590127","4159012700","311-3",동탄1자가망, ,"37.197937","127.077002","206836.251929826","510982.693090087","1",CTM001, 
679,AE134,2862,스마트도시과,CTV001,반송-02891,반송동112-5주택가,"41590585","41590127","4159012700","312",동탄1자가망, ,"37.198543","127.07801","206925.713851371","511050.054315786","1",CTM001, 
680,AE134,2867,스마트도시과,CTV001,반송-02896,반송고등학교정문(어린이)(반송-02896),"41590585","41590127","4159012700","289-2",동탄1자가망, ,"37.192859","127.078233","206946.050243587","510419.197212999","4",CTM001, 
681,AE134,2868,스마트도시과,CTV001,반송-02897,반송고교뒤대로(어린이)(반송-02897),"41590585","41590127","4159012700","213-1",동탄1자가망, ,"37.19324","127.077286","206861.926194607","510461.400999296","5",CTM001, 
682,AE134,2869,스마트도시과,CTV001,반송-02898,반석초교정문,"41590585","41590127","4159012700","289-2",동탄1자가망, ,"37.192991","127.078113","206935.312775923","510433.837897299","3",CTM001, 
683,AE134,2876,스마트도시과,CTV001,반송-02905,동탄사랑의교회앞사거리(반송-02905),"41590585","41590127","4159012700","290",동탄1자가망, ,"37.192383","127.080217","207122.190857187","510366.565405419","5",CTM001, 
684,AE134,2878,스마트도시과,CTV001,반송-02907,동탄공영차고지입구(반송-02907),"41590585","41590127","4159012700","301-2",동탄1자가망, ,"37.186025","127.078288","206951.526121056","509660.809910952","4",CTM001, 
685,AE134,2880,스마트도시과,CTV001,반송-02909,반송동744공원내,"41590585","41590127","4159012700","744",KT, ,"37.191849","127.081378","207225.308587936","510307.374464593","3",CTM001, 
686,AE134,2881,스마트도시과,CTV001,반송-02910,동탄2동(반송동)236,"41590585","41590127","4159012700","236",KT, ,"37.188429","127.083509","207414.88477299","509928.005417833","4",CTM001, 
687,AE134,2938,스마트도시과,CTV001,반송-02967,금곡초등학교(반송-02967),"41590585","41590127","4159012700","261",동탄1자가망, ,"37.198157","127.067644","206005.451189223","511006.513838294","5",CTM001, 
688,AE134,2939,스마트도시과,CTV001,반송-02968,국제고교정문,"41590585","41590127","4159012700","290-2",동탄1자가망, ,"37.188361","127.079063","207020.114955495","509920.031382212","1",CTM001, 
689,AE134,2940,스마트도시과,CTV001,반송-02969,국제고교앞삼거리,"41590585","41590127","4159012700","290",동탄1자가망, ,"37.189727","127.079418","207051.50001262","510071.757950892","1",CTM001, 
690,AE134,3451,스마트도시과,CTV001,반송-03494,대우푸르지오타운하우스3-검지1,"41590585","41590127","4159012700","165",동탄1자가망, ,"37.186226","127.066873","205937.929709724","509682.297801297","2",CTM001, 
691,AE134,3452,스마트도시과,CTV001,반송-03495,대우푸르지오타운하우스2-검지1,"41590585","41590127","4159012700","165",동탄1자가망, ,"37.185327","127.066563","205910.473582634","509582.506376538","2",CTM001, 
692,AE134,3482,스마트도시과,CTV001,반송-03526,반송동301(등산로입구),"41590585","41590127","4159012700","301",동탄1자가망, ,"37.190157","127.069462","206167.462540651","510118.719064895","6",CTM001, 
694,AE134,3580,스마트도시과,CTV001,반송-3594,반송동206-1-어안(20차),"41590585","41590127","4159012700","206-1",KT, ,"37.186504","127.077093","206845.416243659","509713.861875287","1",CTM001, 
695,AE134,4085,스마트도시과,CTV001,반송-04101,반송동132-7[1](24차),"41590585","41590127","4159012700","263-1",동탄1자가망, ,"37.196863","127.072876","206470.044415078","510863.198354624","5",CTM001, 
696,AE134,4087,스마트도시과,CTV001,반송-04102,반송동132-7[2](24차),"41590585","41590127","4159012700","132-7",동탄1자가망, ,"37.197161","127.073468","206522.595301197","510896.300295627","4",CTM001, 
697,AE134,4096,스마트도시과,CTV001,반송-04111,반송동108(24차),"41590585","41590127","4159012700","108",동탄1자가망, ,"37.198265","127.076332","206776.730843246","511019.046857572","4",CTM001, 
698,AE134,4099,스마트도시과,CTV001,반송-04114,반송동303-1(24차),"41590585","41590127","4159012700","303-1",kt, ,"37.186823","127.072661","206451.792770492","509748.931779321","5",CTM001, 
699,AE134,4357,스마트도시과,CTV001,반송-04380,솔빛유치원(반송-04380),"41590586","41590127","4159012700","264",KT, ,"37.196327","127.069261","206149.150969715","510803.471686147","4",CTM001, 
700,AE134,4470,스마트도시과,CTV001,반송-04487,반석산및오산천둘레길3(반송-04487),"41590586","41590127","4159012700","276",동탄1자가망, ,"37.194733","127.082283","207305.457443688","510627.528765055","3",CTM001, 
701,AE134,4471,스마트도시과,CTV001,반송-04488,반석산및오산천둘레길4(반송-04488),"41590586","41590127","4159012700","273-4",동탄1자가망, ,"37.1955","127.082433","207318.701067562","510712.626026891","3",CTM001, 
702,AE134,4472,스마트도시과,CTV001,반송-04489,반석산및오산천둘레길5(반송-04489),"41590586","41590127","4159012700","270-1",동탄1자가망, ,"37.19605","127.082617","207334.924795069","510773.679940315","3",CTM001, 
703,AE134,4488,스마트도시과,CTV001,반송-04505,동탄복합문화센터주차장(반송-04505),"41590586","41590127","4159012700","243-3",KT, ,"37.199167","127.074617","206624.391323665","511118.982725652","4",CTM001, 
704,AE134,360,스마트도시과,CTV001,반송-00361,금곡초교후문옆도로-검지,"41590585","41590127","4159012700","257",동탄1자가망, ,"37.198914","127.065252","205793.033902088","511090.294616561","2",CTM001, 
705,AE134,2249,스마트도시과,CTV001,반송-02268,숲속초등학교(반송-02268),"41590586","41590127","4159012700","246",KT, ,"37.206248","127.060825","205399.467835386","511903.949001564","4",CTM001, 
706,AE134,2288,스마트도시과,CTV001,반송-02307,개나리공원,"41590585","41590127","4159012700","12",동탄1자가망, ,"37.20827","127.065217","205789.229701929","512128.701818658","3",CTM001, 
707,AE134,2295,스마트도시과,CTV001,반송-02314,센트럴파크(매점),"41590586","41590127","4159012700","59",동탄1자가망, ,"37.20631","127.063406","205628.589254804","511910.991158624","3",CTM001, 
708,AE134,2297,스마트도시과,CTV001,반송-02316,노작공원(화장실입구)(반송-02316),"41590585","41590127","4159012700","271-1",KT, ,"37.195995","127.081718","207255.135195693","510767.484589912","4",CTM001, 
709,AE134,2314,스마트도시과,CTV001,반송-02334,센트럴파크(풋살장),"41590586","41590127","4159012700","59",동탄1자가망, ,"37.205993","127.064977","205768.080893059","511875.915596147","3",CTM001, 
710,AE134,2316,스마트도시과,CTV001,반송-02336,센트럴파크(자전거보관소),"41590586","41590127","4159012700","59",동탄1자가망, ,"37.203897","127.067705","206010.396574402","511643.523384828","2",CTM001, 
1926,AE134,1366,스마트도시과,CTV001,화수-01377,화수리528,"41590356","41590256","4159025626","528",KT, ,"37.106545","126.789079","181251.785720626","500857.994148302","1",CTM002, 
1927,AE134,2267,스마트도시과,CTV001,화수-02286,화수초등학교,"41590356","41590256","4159025626","847-35",자가망, ,"37.109818","126.799704","182196.981287317","501219.186554182","2",CTM002, 
1928,AE134,3782,스마트도시과,CTV001,화수-3796,화수리131-2-검지(20차),"41590356","41590256","4159025626","131-2",KT, ,"37.110496","126.780578","180497.166266093","501298.187751187","1",CTM002, 
1930,AE134,609,스마트도시과,CTV001,주곡-00616,주곡리241-5-검지,"41590356","41590256","4159025627","241-5",KT, ,"37.125654","126.81491","183552.007473708","502973.9345025","1",CTM002, 
1931,AE134,1196,스마트도시과,CTV001,주곡-01207,선창입구횟집촌,"41590356","41590256","4159025627","161-190",자가망, ,"37.129782","126.796392","181907.332340932","503435.396779857","3",CTM002, 
1932,AE134,1206,스마트도시과,CTV001,주곡-01217,주곡리버스정류장,"41590356","41590256","4159025627","451-241",자가망, ,"37.123893","126.7955","181826.678783311","502782.026850646","3",CTM002, 
1933,AE134,1218,스마트도시과,CTV001,주곡-01229,주곡1리마을회관인근,"41590356","41590256","4159025627","125-26",KT, ,"37.126205","126.816925","183731.144173051","503034.73742302","3",CTM002, 
1934,AE134,1222,스마트도시과,CTV001,주곡-01233,호곡리버스정류장,"41590356","41590256","4159025627","518-8",자가망, ,"37.117585","126.794526","181738.642653167","502082.195582093","3",CTM002, 
1935,AE134,1224,스마트도시과,CTV001,화수-01235,화수사거리,"41590356","41590256","4159025626",산111,자가망, ,"37.10981","126.801354","182343.637442953","501217.990658756","4",CTM002, 
1936,AE134,1225,스마트도시과,CTV001,주곡-01236,주곡리버스정류장앞,"41590356","41590256","4159025627",산232-1,자가망, ,"37.116701","126.816547","183695.524200902","501980.080907613","4",CTM002, 
1937,AE134,1260,스마트도시과,CTV001,주곡-01271,주곡리622,"41590356","41590256","4159025627","622",KT, ,"37.11957","126.803062","182497.670705661","502300.883441299","1",CTM002, 
1938,AE134,1261,스마트도시과,CTV001,주곡-01272,주곡리725-3,"41590356","41590256","4159025627","725-3",KT, ,"37.115129","126.803064","182496.861625512","501807.97632562","1",CTM002, 
1939,AE134,1267,스마트도시과,CTV001,주곡-01278,주곡리654,"41590356","41590256","4159025627","654",KT, ,"37.118683","126.7983","182074.269602176","502203.277074972","1",CTM002, 
1940,AE134,1334,스마트도시과,CTV001,주곡-01345,주곡리721-3,"41590356","41590256","4159025627","721-3",KT, ,"37.114723","126.804395","182615.064712551","501762.696127437","1",CTM002, 
1941,AE134,1335,스마트도시과,CTV001,주곡-01346,주곡리740-6,"41590356","41590256","4159025627","740-6",KT, ,"37.115728","126.808404","182971.610036175","501873.437904568","1",CTM002, 
1942,AE134,1336,스마트도시과,CTV001,주곡-01347,주곡리758,"41590356","41590256","4159025627","758",KT, ,"37.125158","126.820966","184090.008467737","502917.811937479","1",CTM002, 
1943,AE134,1337,스마트도시과,CTV001,주곡-01348,주곡리798-14,"41590356","41590256","4159025627","798-14",KT, ,"37.136358","126.813513","183430.125692626","504162.054825017","1",CTM002, 
1944,AE134,1338,스마트도시과,CTV001,주곡-01349,주곡리939-2,"41590356","41590256","4159025627","939-2",자가망, ,"37.124983","126.793861","181681.296956753","502903.288042413","1",CTM002, 
1945,AE134,1339,스마트도시과,CTV001,주곡-01350,주곡리산198,"41590356","41590256","4159025627",산198,KT, ,"37.119211","126.795894","181860.54857237","502262.287167437","1",CTM002, 
1947,AE134,2368,스마트도시과,CTV001,주곡-02388,주곡문화공원,"41590356","41590256","4159025627","932",KT, ,"37.124947","126.794842","181768.457078595","502899.181607218","3",CTM002, 
1948,AE134,3431,스마트도시과,CTV001,주곡-03474,주곡리256-검지,"41590356","41590256","4159025627","256(252)",KT, ,"37.127677","126.815619","183615.386674857","503198.302710623","1",CTM002, 
1949,AE134,3773,스마트도시과,CTV001,멱우-3787,멱우리130-1-검지(20차),"41590356","41590256","4159025625","130-1",KT, ,"37.111421","126.808222","182954.448695221","501395.504403519","1",CTM002, 
1950,AE134,4047,스마트도시과,CTV001,주곡-04063,주곡리738-검지(23차),"41590356","41590256","4159025627","738",KT, ,"37.128229","126.796126","181883.334343817","503263.161749853","2",CTM002, 
1951,AE134,1235,스마트도시과,CTV001,이화-01246,화성현대요양병원,"41590356","41590256","4159025628",산57-2,자가망, ,"37.041762","126.798178","182045.341225775","493666.625207637","2",CTM002, 
1952,AE134,1245,스마트도시과,CTV001,이화-01256,이화리1105-54,"41590356","41590256","4159025628","1105-54",KT, ,"37.027846","126.793312","181609.028977871","492123.233741045","1",CTM002, 
1953,AE134,1246,스마트도시과,CTV001,이화-01257,이화리1105-72,"41590356","41590256","4159025628","1105-72",자가망, ,"37.026836","126.795277","181783.632121117","492010.712092006","1",CTM002, 
1954,AE134,1250,스마트도시과,CTV001,이화-01261,이화4리버스정류장(25차),"41590356","41590256","4159025628","343",자가망, ,"37.04666","126.806032","182745.097769332","494208.813794211","3",CTM002, 
1955,AE134,1251,스마트도시과,CTV001,이화-01262,이화3리마을회관앞,"41590356","41590256","4159025628","918",자가망, ,"37.0377","126.798002","182028.726351546","493215.852364149","3",CTM002, 
1956,AE134,1252,스마트도시과,CTV001,이화-01263,이화원룸,"41590356","41590256","4159025628","896-3",자가망, ,"37.037936","126.795983","181849.156579349","493242.504341668","3",CTM002, 
1957,AE134,1302,스마트도시과,CTV001,이화-01313,이화리1097-15,"41590356","41590256","4159025628","1097-15",자가망, ,"37.027764","126.795163","181773.763570549","492113.777208051","1",CTM002, 
1958,AE134,1303,스마트도시과,CTV001,이화-01314,이화리304-3,"41590356","41590256","4159025628","304-3",KT, ,"37.044729","126.805819","182725.771822062","493994.517004525","1",CTM002, 
1959,AE134,1304,스마트도시과,CTV001,이화-01315,이화리310-1,"41590356","41590256","4159025628","310-1",자가망, ,"37.043752","126.807617","182885.496681335","493885.804660734","1",CTM002, 
1960,AE134,1305,스마트도시과,CTV001,이화-01316,이화리312,"41590356","41590256","4159025628","312",자가망, ,"37.044723","126.807471","182872.722935147","493993.563469913","1",CTM002, 
1961,AE134,1306,스마트도시과,CTV001,이화-01317,이화리526,"41590356","41590256","4159025628","526",KT, ,"37.042689","126.790021","181319.887422634","493771.162147812","1",CTM002, 
1962,AE134,1307,스마트도시과,CTV001,이화-01318,이화리537,"41590356","41590256","4159025628","537",KT, ,"37.04147","126.789887","181307.640865606","493635.861182532","1",CTM002, 
1963,AE134,1308,스마트도시과,CTV001,이화-01319,이화리550,"41590356","41590256","4159025628","550",KT, ,"37.04436","126.790458","181359.163463444","493956.499579199","1",CTM002, 
1965,AE134,1310,스마트도시과,CTV001,이화-01321,이화리681-2,"41590356","41590256","4159025628","681-2",KT, ,"37.041603","126.794763","181741.414112735","493649.674284716","1",CTM002, 
1966,AE134,1311,스마트도시과,CTV001,이화-01322,이화리709-27,"41590356","41590256","4159025628","709-27",자가망, ,"37.040231","126.799692","182179.637981455","493496.432317998","1",CTM002, 
1967,AE134,1312,스마트도시과,CTV001,이화-01323,이화리산107,"41590356","41590256","4159025628",산107,KT, ,"37.040418","126.791288","181431.9869913","493518.870635184","1",CTM002, 
1968,AE134,1321,스마트도시과,CTV001,이화-01332,이화리산116,"41590356","41590256","4159025628",산116,KT, ,"37.04132","126.791732","181471.697563153","493618.864582928","1",CTM002, 
1287,AE134,4375,스마트도시과,CTV001,산척-04392,산척동778[1],"41590610","41590135","4159013500","778",동탄2자가망, ,"37.167914","127.120322","210686.499999875","507654.750102193","1",CTM001, 
1288,AE134,4376,스마트도시과,CTV001,산척-04393,산척동778[2],"41590610","41590135","4159013500","778",동탄2자가망, ,"37.167288","127.120552","210706.999999894","507585.250102194","1",CTM001, 
1289,AE134,4377,스마트도시과,CTV001,산척-04394,산척동778[3],"41590610","41590135","4159013500","778",동탄2자가망, ,"37.167675","127.120848","210733.249999858","507628.250102192","1",CTM001, 
1290,AE134,4378,스마트도시과,CTV001,산척-04395,산척동778[4],"41590610","41590135","4159013500","778",동탄2자가망, ,"37.166967","127.121754","210813.74999989","507549.750102191","1",CTM001, 
1291,AE134,4379,스마트도시과,CTV001,산척-04396,산척동778[5],"41590610","41590135","4159013500","778",동탄2자가망, ,"37.167453","127.122495","210879.499999902","507603.750102194","1",CTM001, 
1292,AE134,4380,스마트도시과,CTV001,산척-04397,산척동778[6],"41590610","41590135","4159013500","778",동탄2자가망, ,"37.167042","127.122933","210918.499999934","507558.25010219","1",CTM001, 
1293,AE134,4381,스마트도시과,CTV001,산척-04398,산척동778[7],"41590610","41590135","4159013500","778",동탄2자가망, ,"37.167008","127.123772","210992.999999866","507554.500102192","1",CTM001, 
1294,AE134,4495,스마트도시과,CTV001,오산-04512,도그파크1,"41590610","41590129","4159012900","527",동탄1자가망, ,"37.167917","127.122733","210900.631152159","507655.2694907","5",CTM001, 
1295,AE134,4519,스마트도시과,CTV001,산척-04536,산척동주차타워,"41590610","41590135","4159013500","728-1",동탄2자가망, ,"37.168039","127.107544","209551.601511788","507667.196130198","4",CTM001, 
1296,AE134,4552,스마트도시과,CTV001,산척-04569,오산방향터널1,"41590610","41590135","4159013500",산29,자가망, ,"37.17595","127.120332","210686.249999917","508546.500102192","1",CTM001, 
1297,AE134,4553,스마트도시과,CTV001,산척-04570,오산방향터널2,"41590610","41590135","4159013500",산155-6,자가망, ,"37.178436","127.121079","210752.249999934","508822.500102185","1",CTM001, 
1298,AE134,4554,스마트도시과,CTV001,산척-04571,기흥IC방향터널1,"41590610","41590135","4159013500",산29,자가망, ,"37.175895","127.120816","210729.249999414","508540.500102185","1",CTM001, 
1299,AE134,4555,스마트도시과,CTV001,산척-04572,기흥IC방향터널2,"41590610","41590135","4159013500",산155-6,자가망, ,"37.178354","127.121451","210785.249999885","508813.500102189","1",CTM001, 
1300,AE134,177,스마트도시과,CTV001,장지-00178,장지리농협버스정류장,"41590620","41590136","4159013600","714-2",KT, ,"37.154787","127.118321","210510.520417255","506197.598062266","4",CTM001, 
1301,AE134,180,스마트도시과,CTV001,장지-00181,장지리563-5,"41590620","41590136","4159013600","563-5",KT, ,"37.156869","127.116046","210308.209450215","506428.443464232","1",CTM001, 
1302,AE134,187,스마트도시과,CTV001,장지-00188,장지리버스정류장,"41590620","41590136","4159013600","494-1",KT, ,"37.155726","127.115461","210256.425833351","506301.507024287","3",CTM001, 
1304,AE134,203,스마트도시과,CTV001,장지-00204,장지리601-2-고정,"41590620","41590136","4159013600","601-2",KT, ,"37.159063","127.119371","210603.204633674","506672.279287317","1",CTM001, 
1305,AE134,204,스마트도시과,CTV001,장지-00205,장지리512-고정,"41590620","41590136","4159013600","512",KT, ,"37.154379","127.117377","210426.773266685","506152.2471627","1",CTM001, 
1306,AE134,3307,스마트도시과,CTV001,장지-03350,장지동910-119,"41590620","41590136","4159013600","910-119",동탄2자가망, ,"37.163233","127.091154","208096.384591331","507132.276375764","4",CTM001, 
1307,AE134,3308,스마트도시과,CTV001,장지-03351,장지동910-134,"41590620","41590136","4159013600","910-134",동탄2자가망, ,"37.161772","127.090535","208041.541367542","506970.069756695","4",CTM001, 
1308,AE134,3309,스마트도시과,CTV001,장지-03352,장지동910-281,"41590620","41590136","4159013600","910-281",동탄2자가망, ,"37.16427","127.093463","208301.332299854","507247.640677302","4",CTM001, 
1309,AE134,3311,스마트도시과,CTV001,장지-03354,장지동910-118,"41590620","41590136","4159013600","910-118",동탄2자가망, ,"37.164363","127.091684","208143.35623813","507257.785508547","3",CTM001, 
1310,AE134,3312,스마트도시과,CTV001,장지-03355,장지동910-260,"41590620","41590136","4159013600","910-260",동탄2자가망, ,"37.163039","127.093153","208273.932345987","507110.974087437","4",CTM001, 
1311,AE134,3313,스마트도시과,CTV001,장지-03356,장지동910-184,"41590620","41590136","4159013600","910-184",동탄2자가망, ,"37.161744","127.09228","208196.557886153","506967.122782019","4",CTM001, 
1312,AE134,3314,스마트도시과,CTV001,장지-03357,장지동910-585,"41590620","41590136","4159013600","910-585",동탄2자가망, ,"37.161138","127.091387","208117.339436138","506899.802808528","4",CTM001, 
1313,AE134,3315,스마트도시과,CTV001,장지-03358,장지동910-182,"41590620","41590136","4159013600","910-182",동탄2자가망, ,"37.161036","127.092107","208181.312253605","506888.533547491","3",CTM001, 
1314,AE134,3316,스마트도시과,CTV001,장지-03359,장지동910-591,"41590620","41590136","4159013600","910-591",동탄2자가망, ,"37.160266","127.090939","208077.612636548","506802.989371479","4",CTM001, 
1315,AE134,3317,스마트도시과,CTV001,장지-03360,장지동910-382,"41590620","41590136","4159013600","910-382",동탄2자가망, ,"37.164281","127.095495","208481.813078641","507248.974663089","4",CTM001, 
1316,AE134,3318,스마트도시과,CTV001,장지-03361,장지동910-473,"41590620","41590136","4159013600","910-473",동탄2자가망, ,"37.160853","127.095251","208460.523026779","506868.577504664","4",CTM001, 
1317,AE134,3319,스마트도시과,CTV001,장지-03362,장지동880-30,"41590620","41590136","4159013600","880-30",동탄2자가망, ,"37.159907","127.093923","208342.68674149","506763.405571785","4",CTM001, 
1318,AE134,3320,스마트도시과,CTV001,장지-03363,장지동187-2,"41590620","41590136","4159013600","187-2",동탄2자가망, ,"37.159631","127.09559","208490.771062058","506732.911706584","4",CTM001, 
1319,AE134,3321,스마트도시과,CTV001,장지-03364,장지동910-430,"41590620","41590136","4159013600","910-430",동탄2자가망, ,"37.163117","127.096617","208581.63609713","507119.860733756","4",CTM001, 
1321,AE134,3323,스마트도시과,CTV001,장지-03366,장지동910-503,"41590620","41590136","4159013600","910-503",동탄2자가망, ,"37.161254","127.098264","208728.103224995","506913.320476141","4",CTM001, 
1322,AE134,3324,스마트도시과,CTV001,장지-03367,장지동178,"41590620","41590136","4159013600","178",동탄2자가망, ,"37.160311","127.098001","208704.895181425","506808.674845255","4",CTM001, 
1323,AE134,3325,스마트도시과,CTV001,장지-03368,장지동196-3,"41590620","41590136","4159013600","196-3",동탄2자가망, ,"37.159486","127.097796","208686.745110391","506717.019262853","4",CTM001, 
1324,AE134,3326,스마트도시과,CTV001,장지-03369,장지동910-511,"41590620","41590136","4159013600","910-511",동탄2자가망, ,"37.162114","127.100245","208903.988173755","507008.903659745","3",CTM001, 
1325,AE134,3327,스마트도시과,CTV001,장지-03370,장지동880-92,"41590620","41590136","4159013600","880-92",동탄2자가망, ,"37.160322","127.100035","208885.571891158","506809.98436193","4",CTM001, 
1326,AE134,3328,스마트도시과,CTV001,장지-03371,장지동216-1,"41590620","41590136","4159013600","216-1",동탄2자가망, ,"37.159176","127.099358","208825.570908167","506682.770587115","4",CTM001, 
1327,AE134,3329,스마트도시과,CTV001,장지-03372,장지동164-10,"41590620","41590136","4159013600","164-10",동탄2자가망, ,"37.160783","127.102418","209097.194190347","506861.438955496","4",CTM001, 
85,AE134,3588,스마트도시과,CTV001,진안-3602,진안동824-25-검지(20차),"41590520","41590116","4159011600","824-25",자가망, ,"37.206091","127.034101","203027.175168572","511885.36988327","3",CTM001, 
87,AE134,3831,스마트도시과,CTV001,진안-3845,진안동441-검지(20차),"41590520","41590116","4159011600","441",KT, ,"37.215972","127.034818","203090.459913687","512982.040039151","2",CTM001, 
88,AE134,4058,스마트도시과,CTV001,진안-04074,진안동526-19-검지(23차),"41590520","41590116","4159011600","526-19",KT, ,"37.209063","127.036119","203206.180133295","512215.351090483","2",CTM001, 
89,AE134,4059,스마트도시과,CTV001,진안-04075,진안동525-67-검지(23차),"41590520","41590116","4159011600","525-67",KT, ,"37.209201","127.035023","203108.867670449","512230.618917298","2",CTM001, 
90,AE134,4060,스마트도시과,CTV001,진안-04076,진안동633-1-검지(23차),"41590520","41590116","4159011600","633-1",KT, ,"37.221848","127.036326","203224.055310029","513634.159164875","2",CTM001, 
91,AE134,4077,스마트도시과,CTV001,진안-04093,진안동842-127(23차),"41590520","41590116","4159011600","842-127",KT, ,"37.21049","127.031598","202804.836629697","512373.511815378","4",CTM001, 
92,AE134,4126,스마트도시과,CTV001,진안-04140,진안동902(24차),"41590520","41590116","4159011600","902",kt, ,"37.212141","127.039152","203475.243829613","512557.026095867","4",CTM001, 
93,AE134,4300,스마트도시과,CTV001,진안-4315,진안동797-1(진안-4315),"41590520","41590116","4159011600","797-1",KT, ,"37.209664","127.028336","202515.28365672","512281.7827256","3",CTM001, 
94,AE134,4350,스마트도시과,CTV001,진안-04367,병점육교,"41590520","41590116","4159011600","815-2",KT, ,"37.209483","127.031463","202792.872614732","512261.760461965","1",CTM001, 
95,AE134,4449,스마트도시과,CTV001,진안-04466,진안동882-15(진안-04466),"41590520","41590116","4159011600","882-15",KT, ,"37.21258","127.042402","203763.739823185","512605.849017287","4",CTM001, 
96,AE134,4450,스마트도시과,CTV001,진안-04467,코리아마트(진안-04467),"41590520","41590116","4159011600","876-4",KT, ,"37.214527","127.038496","203416.942704325","512821.782273049","5",CTM001, 
97,AE134,4452,스마트도시과,CTV001,진안-04469,진안동872-13-검지(진안-04469),"41590520","41590116","4159011600","872-13",KT, ,"37.213235","127.038363","203405.195557827","512678.38917711","2",CTM001, 
98,AE134,4516,스마트도시과,CTV001,진안-04533,병점근린공원남측5,"41590520","41590116","4159011600","832-82",자가망, ,"37.207014","127.027439","202435.791764985","511987.616290051","4",CTM001, 
99,AE134,4517,스마트도시과,CTV001,진안-04534,병점근린공원남측6,"41590520","41590116","4159011600","832-313",자가망, ,"37.207675","127.028179","202501.44101696","512061.001336439","4",CTM001, 
100,AE134,4518,스마트도시과,CTV001,진안-04535,병점근린공원남측7,"41590520","41590116","4159011600","832-110",자가망, ,"37.207941","127.028053","202490.220244772","512090.503630119","4",CTM001, 
101,AE134,4527,스마트도시과,CTV001,진안-04544,병점역후문공원(진안-04544),"41590520","41590116","4159011600","822-58",자가망, ,"37.206411","127.032785","202910.340414778","511920.864932654","1",CTM001, 
102,AE134,4560,스마트도시과,CTV001,진안-04574,병점육교소공원,"41590520","41590116","4159011600","832-52",KT, ,"37.2091","127.0307","202725.157249892","512219.232300793","4",CTM001, 
104,AE134,432,스마트도시과,CTV001,병점-00436,뉴질랜드어린이집,"41590530","41590117","4159011700","100-8",자가망, ,"37.209468","127.037285","203309.674126384","512260.249940193","3",CTM001, 
105,AE134,433,스마트도시과,CTV001,병점-00437,광은교회앞삼거리,"41590530","41590117","4159011700","815",자가망, ,"37.207741","127.03932","203490.367694636","512068.668894603","4",CTM001, 
106,AE134,434,스마트도시과,CTV001,병점-00438,동부보건지소앞삼거리,"41590530","41590117","4159011700","388-5",자가망, ,"37.205315","127.034455","203058.59584594","511799.303981842","4",CTM001, 
107,AE134,435,스마트도시과,CTV001,병점-00439,병점성당앞삼거리,"41590530","41590117","4159011700","355-39",자가망, ,"37.206872","127.036779","203264.905405213","511972.146480269","1",CTM001, 
108,AE134,439,스마트도시과,CTV001,병점-00443,병점1동주민센터앞(행복한교회골목),"41590530","41590117","4159011700","358-11",자가망, ,"37.206946","127.037775","203353.245990633","511980.382771473","1",CTM001, 
109,AE134,440,스마트도시과,CTV001,병점-00444,병점주유소뒤주택가,"41590530","41590117","4159011700","377-8",KT, ,"37.205733","127.03577","203175.313220241","511845.726409282","3",CTM001, 
110,AE134,443,스마트도시과,CTV001,병점-00447,삼미교,"41590530","41590117","4159011700","756-244",자가망, ,"37.200268","127.031284","202777.35648746","511239.094071995","5",CTM001, 
111,AE134,445,스마트도시과,CTV001,병점-00449,벌말초교정문,"41590530","41590117","4159011700","419-2",자가망, ,"37.202063","127.036949","203280.133399487","511438.420168281","1",CTM001, 
112,AE134,447,스마트도시과,CTV001,병점-00451,행복한교회골목삼거리,"41590530","41590117","4159011700","490-8",자가망, ,"37.202027","127.041835","203713.910432386","511434.582956448","1",CTM001, 
113,AE134,448,스마트도시과,CTV001,병점-00452,성호아파트101동앞삼거리,"41590530","41590117","4159011700","501-12",자가망, ,"37.200236","127.040843","203625.939531947","511235.832304385","4",CTM001, 
114,AE134,450,스마트도시과,CTV001,병점-00454,우남1차육교입구,"41590530","41590117","4159011700","504-11",자가망, ,"37.199702","127.041139","203652.207953867","511176.579587112","5",CTM001, 
115,AE134,451,스마트도시과,CTV001,병점-00455,한일타운육교뒤,"41590530","41590117","4159011700","422-3",자가망, ,"37.200858","127.037903","203364.940917104","511304.776511057","3",CTM001, 
116,AE134,452,스마트도시과,CTV001,병점-00456,송화초교정문,"41590530","41590117","4159011700","818",자가망, ,"37.202633","127.039953","203546.841852119","511501.776725403","4",CTM001, 
117,AE134,453,스마트도시과,CTV001,병점-00457,송화초교후문,"41590530","41590117","4159011700","476-31",자가망, ,"37.200995","127.040472","203593.011386464","511320.108576154","2",CTM001, 
118,AE134,458,스마트도시과,CTV001,병점-00462,유일약국앞사거리,"41590530","41590117","4159011700","431-29",자가망, ,"37.206225","127.039804","203533.438017518","511900.505433895","1",CTM001, 
119,AE134,460,스마트도시과,CTV001,병점-00464,한일타운101동옆삼거리,"41590530","41590117","4159011700","531-14",자가망, ,"37.200339","127.037251","203307.036561058","511247.1763847","1",CTM001, 
121,AE134,465,스마트도시과,CTV001,병점-00469,병점동399-12,"41590530","41590117","4159011700","399-12",자가망, ,"37.202908","127.03609","203203.8571915","511532.225600386","1",CTM001, 
122,AE134,466,스마트도시과,CTV001,병점-00470,병점중학교사거리(22차),"41590530","41590117","4159011700","867-1",KT, ,"37.2091","127.040072","203557.129130871","512219.58742042","5",CTM001, 
123,AE134,467,스마트도시과,CTV001,병점-00471,병점동871,"41590530","41590117","4159011700","871",자가망, ,"37.203607","127.035436","203145.760724531","511609.768628916","1",CTM001, 
124,AE134,469,스마트도시과,CTV001,병점-00473,한빛유치원옆길,"41590530","41590117","4159011700","868-2",자가망, ,"37.201659","127.043167","203832.160386854","511393.861402913","3",CTM001, 
125,AE134,471,스마트도시과,CTV001,병점-00475,아이조음인테리어앞,"41590530","41590117","4159011700","348-29",자가망, ,"37.208079","127.036908","203276.295685128","512106.072355212","3",CTM001, 
126,AE134,472,스마트도시과,CTV001,병점-00476,참유치원앞사거리,"41590530","41590117","4159011700","814",자가망, ,"37.207024","127.041603","203693.079864019","511989.181679702","1",CTM001, 
711,AE134,2340,스마트도시과,CTV001,반송-02360,센트럴파크(축구장),"41590585","41590127","4159012700","59",동탄1자가망, ,"37.205835","127.064841","205756.046615944","511858.449950239","1",CTM001, 
712,AE134,2341,스마트도시과,CTV001,반송-02361,센트럴파크(농구장),"41590585","41590127","4159012700","59",동탄1자가망, ,"37.204795","127.06016","205340.528802713","511742.699559976","1",CTM001, 
713,AE134,2345,스마트도시과,CTV001,반송-02365,센트럴파크(주차장),"41590585","41590127","4159012700","59",동탄1자가망, ,"37.207092","127.06334","205622.645687714","511997.863570737","1",CTM001, 
715,AE134,2666,스마트도시과,CTV001,반송-02694,잎새지하차도1-차도,"41590585","41590127","4159012700","19-3",LG, ,"37.209143","127.071577","206353.666903291","512225.907462309","1",CTM001, 
716,AE134,2730,스마트도시과,CTV001,반송-02758,화성금곡초교후문,"41590585","41590127","4159012700","59",동탄1자가망, ,"37.199149","127.066637","205915.957129091","511116.438596804","3",CTM001, 
717,AE134,2734,스마트도시과,CTV001,반송-02762,학동초교주변,"41590585","41590127","4159012700","247",KT, ,"37.2045","127.066383","205893.02967945","511710.340021698","3",CTM001, 
719,AE134,2738,스마트도시과,CTV001,반송-02766,중앙로잎새지하차도위(반송-02766),"41590585","41590127","4159012700","109-1",동탄1자가망, ,"37.209477","127.070811","206285.690745237","512262.979747519","5",CTM001, 
720,AE134,2740,스마트도시과,CTV001,반송-02768,은혜와진리교회앞삼거리,"41590585","41590127","4159012700","251-1",동탄1자가망, ,"37.201463","127.061899","205495.16329458","511373.019837178","1",CTM001, 
721,AE134,2747,스마트도시과,CTV001,반송-02775,숲속초등학교뒤쪽(반송-02775),"41590585","41590127","4159012700","246-2",동탄1자가망, ,"37.205143","127.060806","205397.859882575","511781.32443942","5",CTM001, 
722,AE134,2749,스마트도시과,CTV001,반송-02777,석우초등학교(반송-02777),"41590585","41590127","4159012700","231",동탄1자가망, ,"37.208867","127.06715","205960.745334198","512195.007370939","5",CTM001, 
723,AE134,2770,스마트도시과,CTV001,반송-02798,반송동974-2메타폴리스공원내,"41590585","41590127","4159012700","97",동탄1자가망, ,"37.203508","127.069609","206179.426283125","511600.496230191","1",CTM001, 
724,AE134,2771,스마트도시과,CTV001,반송-02799,반송동93-8동탄파라곤입구,"41590585","41590127","4159012700","249",동탄1자가망, ,"37.203842","127.070796","206284.8176158","511637.619950306","1",CTM001, 
725,AE134,2772,스마트도시과,CTV001,반송-02800,반송동92-7스타프라자삼거리,"41590585","41590127","4159012700","243-1",동탄1자가망, ,"37.20194","127.073806","206552.1637289","511426.659361262","1",CTM001, 
726,AE134,2773,스마트도시과,CTV001,반송-02801,반송동92-3샌트럴시티앞대로,"41590585","41590127","4159012700","243-1",동탄1자가망, ,"37.203594","127.07371","206543.542781357","511610.315999237","1",CTM001, 
727,AE134,2774,스마트도시과,CTV001,반송-02802,반송동92-1KT앞삼거리,"41590585","41590127","4159012700","243",동탄1자가망, ,"37.204392","127.074371","206602.090668052","511698.85844431","1",CTM001, 
728,AE134,2775,스마트도시과,CTV001,반송-02803,반송동92-1KT뒷길,"41590585","41590127","4159012700","250",동탄1자가망, ,"37.204311","127.073444","206519.849527928","511689.860282656","1",CTM001, 
729,AE134,2776,스마트도시과,CTV001,반송-02804,반송동90-1하이마트삼거리,"41590585","41590127","4159012700","242",동탄1자가망, ,"37.206909","127.074818","206641.595951277","511978.241316841","1",CTM001, 
730,AE134,2777,스마트도시과,CTV001,반송-02805,반송동86-1외환은행삼거리,"41590585","41590127","4159012700","87-8",동탄1자가망, ,"37.206889","127.072917","206472.828308418","511975.856820113","3",CTM001, 
731,AE134,2778,스마트도시과,CTV001,반송-02806,반송동84-2육교아래,"41590585","41590127","4159012700","84-2",동탄1자가망, ,"37.20804","127.069367","206157.565929548","512103.426544481","1",CTM001, 
732,AE134,2779,스마트도시과,CTV001,반송-02807,학동초등학교(반송-02807),"41590586","41590127","4159012700","247",동탄1자가망, ,"37.205003","127.065162","205784.57017675","511766.099558511","4",CTM001, 
733,AE134,2780,스마트도시과,CTV001,반송-02808,반송동80-1월드A332동뒤대로,"41590585","41590127","4159012700","248",동탄1자가망, ,"37.202939","127.067197","205965.39279803","511537.193235515","1",CTM001, 
734,AE134,2781,스마트도시과,CTV001,반송-02809,반송동79-2번지공원내,"41590586","41590127","4159012700","79-2",동탄1자가망, ,"37.199141","127.06505","205775.083186968","511115.486162749","3",CTM001, 
735,AE134,2782,스마트도시과,CTV001,반송-02810,반송동78-3육교아래,"41590585","41590127","4159012700","248-1",동탄1자가망, ,"37.199177","127.067514","205993.822935634","511119.667778534","3",CTM001, 
737,AE134,2784,스마트도시과,CTV001,반송-02812,반송동77-4앞대로,"41590585","41590127","4159012700","257",동탄1자가망, ,"37.199441","127.06452","205727.972091829","511148.803883281","1",CTM001, 
738,AE134,2785,스마트도시과,CTV001,반송-02813,반송동7-27육교아래,"41590586","41590127","4159012700","7-27",동탄1자가망, ,"37.211536","127.066539","205906.326866421","512491.249320807","1",CTM001, 
739,AE134,2786,스마트도시과,CTV001,반송-02814,반송동7-24지하차도옆,"41590586","41590127","4159012700","109",동탄1자가망, ,"37.210711","127.068747","206102.332091006","512399.784982947","1",CTM001, 
740,AE134,2787,스마트도시과,CTV001,반송-02815,반송동67-1주택가,"41590586","41590127","4159012700","63-9",동탄1자가망, ,"37.202632","127.060887","205405.238324946","511502.698947658","3",CTM001, 
741,AE134,2789,스마트도시과,CTV001,반송-02817,반송동6-3주택가,"41590586","41590127","4159012700","227-1",동탄1자가망, ,"37.210515","127.064889","205759.925352572","512377.757798465","3",CTM001, 
742,AE134,2790,스마트도시과,CTV001,반송-02818,반송동63-3주택가,"41590585","41590127","4159012700","251",동탄1자가망, ,"37.203408","127.061372","205448.238386453","511588.848342159","1",CTM001, 
743,AE134,2791,스마트도시과,CTV001,반송-02819,반송동61-2주택가,"41590586","41590127","4159012700","252",동탄1자가망, ,"37.203065","127.059867","205314.684187877","511550.674047901","4",CTM001, 
744,AE134,2792,스마트도시과,CTV001,반송-02820,반송동61-10주택가,"41590586","41590127","4159012700","252",동탄1자가망, ,"37.201836","127.059841","205312.435539884","511414.298558971","1",CTM001, 
745,AE134,2793,스마트도시과,CTV001,반송-02821,반송동59월드A346동뒤공원내,"41590586","41590127","4159012700","59",동탄1자가망, ,"37.204235","127.065593","205822.872235454","511680.869955614","1",CTM001, 
746,AE134,2794,스마트도시과,CTV001,반송-02822,반송동58-4주택가도로,"41590586","41590127","4159012700","246-1",동탄1자가망, ,"37.205628","127.061967","205500.933335047","511835.228369767","1",CTM001, 
747,AE134,2795,스마트도시과,CTV001,반송-02823,반송동57번지앞공원,"41590586","41590127","4159012700","59",동탄1자가망, ,"37.205832","127.062354","205535.228538058","511857.968795013","1",CTM001, 
748,AE134,2796,스마트도시과,CTV001,반송-02824,반송동5-3주택가,"41590586","41590127","4159012700","5-8",동탄1자가망, ,"37.210761","127.064308","205708.333885228","512405.123995066","1",CTM001, 
749,AE134,2797,스마트도시과,CTV001,반송-02825,반송동53-1주택가,"41590586","41590127","4159012700","246",동탄1자가망, ,"37.206499","127.062395","205538.810585216","511931.918177199","1",CTM001, 
750,AE134,2798,스마트도시과,CTV001,반송-02826,반송동5-1주택가진입로(반송-02826),"41590586","41590127","4159012700","226",동탄1자가망, ,"37.210985","127.064817","205753.445278064","512429.914746542","5",CTM001, 
751,AE134,2799,스마트도시과,CTV001,반송-02827,반송동51-2주택가,"41590585","41590127","4159012700","245",동탄1자가망, ,"37.207087","127.060735","205391.409890267","511997.090674667","3",CTM001, 
1969,AE134,1322,스마트도시과,CTV001,이화-01333,이화리산169-31,"41590356","41590256","4159025628",산169-31,KT, ,"37.029473","126.795083","181766.991330245","492303.410322989","1",CTM002, 
1970,AE134,1323,스마트도시과,CTV001,이화-01334,이화리산95,"41590356","41590256","4159025628",산95,KT, ,"37.042385","126.795605","181816.578914976","493736.309209195","1",CTM002, 
1972,AE134,3753,스마트도시과,CTV001,이화-3767,이화리337-3-검지(20차),"41590356","41590256","4159025628","337-3",자가망, ,"37.045531","126.806033","182744.981942429","494083.545211815","2",CTM002, 
1973,AE134,3766,스마트도시과,CTV001,이화-3780,이화리439-1-검지(20차),"41590356","41590256","4159025628","439-1",자가망, ,"37.04235","126.79754","181988.659528222","493732.067984863","1",CTM002, 
1974,AE134,3767,스마트도시과,CTV001,이화-3781,이화리873-검지(20차),"41590356","41590256","4159025628","873",KT, ,"37.035432","126.795419","181798.39003281","492964.688570504","1",CTM002, 
1975,AE134,3768,스마트도시과,CTV001,이화-3782,이화리1045-12-검지(20차),"41590356","41590256","4159025628","1045-12",자가망, ,"37.032849","126.802309","182410.712173685","492676.757433772","1",CTM002, 
1976,AE134,3769,스마트도시과,CTV001,이화-3783,이화리106-3-검지(20차),"41590356","41590256","4159025628","106-3",자가망, ,"37.042171","126.809896","183087.884012272","493709.923156026","1",CTM002, 
1977,AE134,3770,스마트도시과,CTV001,이화-3784,이화리1214-10-검지(20차),"41590356","41590256","4159025628","1214-10",자가망, ,"37.04565","126.810248","183119.969161949","494095.95529103","1",CTM002, 
1978,AE134,3771,스마트도시과,CTV001,이화-3785,이화리301-검지(20차),"41590356","41590256","4159025628","301",자가망, ,"37.042891","126.805309","182679.984893558","493790.653211892","1",CTM002, 
1979,AE134,1190,스마트도시과,CTV001,석천-01201,석천초교정문,"41590356","41590256","4159025629",산184,자가망, ,"37.054917","126.789796","181302.799340417","495128.210452092","1",CTM002, 
1980,AE134,1191,스마트도시과,CTV001,석천-01202,석천1리삼거리,"41590356","41590256","4159025629","55",자가망, ,"37.053207","126.787594","181106.583531779","494938.860602041","3",CTM002, 
1981,AE134,1192,스마트도시과,CTV001,석천-01203,대한유치원앞,"41590356","41590256","4159025629","940-1",자가망, ,"37.039518","126.772128","179727.246059406","493422.901731418","4",CTM002, 
1982,AE134,1198,스마트도시과,CTV001,석천-01209,매향리띨뿌리길사거리,"41590356","41590256","4159025629","962-29",자가망, ,"37.03876","126.769352","179480.07306429","493339.375198339","3",CTM002, 
1983,AE134,1241,스마트도시과,CTV001,석천-01252,석천리909,"41590356","41590256","4159025629","909",KT, ,"37.041724","126.772338","179746.514698002","493667.609300571","1",CTM002, 
1984,AE134,1242,스마트도시과,CTV001,석천-01253,석천리957-13,"41590356","41590256","4159025629","957-13",KT, ,"37.038329","126.774208","179911.954879379","493290.473637168","1",CTM002, 
1985,AE134,1281,스마트도시과,CTV001,석천-01292,석천리1008-1,"41590356","41590256","4159025629","1008-1",KT, ,"37.051406","126.786722","181028.553233541","494739.161377395","1",CTM002, 
1986,AE134,1282,스마트도시과,CTV001,석천-01293,석천리1014,"41590356","41590256","4159025629","1014",KT, ,"37.051489","126.783546","180746.045244286","494749.022113219","1",CTM002, 
1987,AE134,1283,스마트도시과,CTV001,석천-01294,석천리1022-1,"41590356","41590256","4159025629","1022-1",KT, ,"37.041174","126.77643","180110.33753142","493605.729874408","1",CTM002, 
1989,AE134,1285,스마트도시과,CTV001,석천-01296,석천리442-2,"41590356","41590256","4159025629","442-2",KT, ,"37.052627","126.778993","180341.350144405","494876.247603576","1",CTM002, 
1990,AE134,1286,스마트도시과,CTV001,석천-01297,석천리499,"41590356","41590256","4159025629","499",KT, ,"37.057106","126.777678","180225.542518595","495373.594777604","1",CTM002, 
1991,AE134,1287,스마트도시과,CTV001,석천-01298,석천리산188,"41590356","41590256","4159025629",산188,KT, ,"37.055698","126.781678","180580.964690275","495216.512018908","1",CTM002, 
1992,AE134,1288,스마트도시과,CTV001,석천-01299,석천리산31,"41590356","41590256","4159025629",산31,KT, ,"37.054159","126.780906","180511.904142745","495045.873445714","1",CTM002, 
1993,AE134,1289,스마트도시과,CTV001,석천-01300,석천리산55-10,"41590356","41590256","4159025629",산55-10,자가망, ,"37.055989","126.795662","181824.831493679","495246.009101507","1",CTM002, 
1994,AE134,1290,스마트도시과,CTV001,석천-01301,석천리산8-2,"41590356","41590256","4159025629",산8-2,KT, ,"37.056361","126.78137","180553.738238265","495290.153989015","1",CTM002, 
1995,AE134,1478,스마트도시과,CTV001,사곡-01489,사곡리665-6,"41590370","41590370","4159037029","665-6",자가망, ,"37.056049","126.796553","181904.141588199","495252.508890342","1",CTM002, 
1996,AE134,2242,스마트도시과,CTV001,석천-02261,석천초등학교,"41590356","41590256","4159025629","52-3",자가망, ,"37.054277","126.788808","181214.761223781","495057.40090501","3",CTM002, 
1997,AE134,3760,스마트도시과,CTV001,석천-3774,석천리68-2-검지(20차),"41590356","41590256","4159025629","68-2",자가망, ,"37.054174","126.786437","181003.874111722","495046.418856246","1",CTM002, 
1998,AE134,3761,스마트도시과,CTV001,석천-3775,석천리41-2-검지(20차),"41590356","41590256","4159025629","41-2",자가망, ,"37.053429","126.791199","181427.310451779","494962.776569571","1",CTM002, 
1999,AE134,1189,스마트도시과,CTV001,매향-01200,기아후문입구정류장,"41590356","41590256","4159025630","848-10",KT, ,"37.043836","126.758733","178536.755759684","493904.968924212","3",CTM002, 
2000,AE134,1194,스마트도시과,CTV001,매향-01205,매향리사거리,"41590356","41590256","4159025630","597-5",자가망, ,"37.04991","126.767555","179323.224214185","494577.166073213","5",CTM002, 
2001,AE134,1197,스마트도시과,CTV001,매향-01208,계양동태탕앞,"41590356","41590256","4159025630","965",자가망, ,"37.035818","126.766969","179267.194371216","493013.359789174","3",CTM002, 
2002,AE134,1199,스마트도시과,CTV001,매향-01210,매향1리버스정류장,"41590356","41590256","4159025630","898-1",자가망, ,"37.040601","126.751571","177898.681195607","493547.681799743","4",CTM002, 
2003,AE134,1238,스마트도시과,CTV001,매향-01249,매향리410,"41590356","41590256","4159025630","391-3",KT, ,"37.05219","126.764262","179030.900334851","494830.896825099","1",CTM002, 
2005,AE134,1240,스마트도시과,CTV001,매향-01251,매향리산19-6,"41590356","41590256","4159025630",산19-6,KT, ,"37.054048","126.759419","178600.588823283","495038.220197339","1",CTM002, 
2006,AE134,1269,스마트도시과,CTV001,매향-01280,매향리6,"41590356","41590256","4159025630","6",KT, ,"37.054942","126.768711","179427.403096061","495135.322225345","1",CTM002, 
2007,AE134,1270,스마트도시과,CTV001,매향-01281,매향리945-20,"41590356","41590256","4159025630","945-20",KT, ,"37.036013","126.746986","177489.379644338","493039.509364125","1",CTM002, 
2008,AE134,1272,스마트도시과,CTV001,매향-01283,매향리363-2,"41590356","41590256","4159025630","363-2",KT, ,"37.049917","126.763022","178919.945618495","494578.860612879","1",CTM002, 
2009,AE134,1273,스마트도시과,CTV001,매향-01284,매향리592,"41590356","41590256","4159025630","592",KT, ,"37.049541","126.768314","179390.6135306","494536.02799275","1",CTM002, 
2010,AE134,1274,스마트도시과,CTV001,매향-01285,매향리732-5,"41590356","41590256","4159025630","732-5",KT, ,"37.038492","126.767875","179348.552145528","493309.91939569","1",CTM002, 
2011,AE134,1275,스마트도시과,CTV001,매향-01286,매향리753,"41590356","41590256","4159025630","753",KT, ,"37.037467","126.76685","179257.099868332","493196.352314837","1",CTM002, 
1328,AE134,3330,스마트도시과,CTV001,장지-03373,장지동880-8,"41590620","41590136","4159013600","880-8",동탄2자가망, ,"37.159871","127.101101","208980.32095685","506760.087961555","4",CTM001, 
1329,AE134,3331,스마트도시과,CTV001,장지-03374,장지동산120-11,"41590620","41590136","4159013600",산120-11,동탄2자가망, ,"37.162794","127.106065","209420.850062145","507084.921680239","5",CTM001, 
1330,AE134,3332,스마트도시과,CTV001,장지-03375,장지동산120-18,"41590620","41590136","4159013600",산120-18,동탄2자가망, ,"37.162192","127.104533","209284.849020261","507017.960205644","4",CTM001, 
1331,AE134,3333,스마트도시과,CTV001,장지-03376,장지동산6-1,"41590620","41590136","4159013600",산6-1,동탄2자가망, ,"37.160607","127.108458","209633.711384199","506842.520189051","4",CTM001, 
1332,AE134,3334,스마트도시과,CTV001,장지-03377,장지동154,"41590620","41590136","4159013600","154",동탄2자가망, ,"37.159359","127.104842","209312.687009197","506703.613274777","4",CTM001, 
1333,AE134,3335,스마트도시과,CTV001,장지-03378,장지동151,"41590620","41590136","4159013600","151",동탄2자가망, ,"37.158635","127.104275","209262.402370533","506623.176665509","5",CTM001, 
1334,AE134,3336,스마트도시과,CTV001,장지-03379,장지동산4,"41590620","41590136","4159013600",산4,동탄2자가망, ,"37.158541","127.107577","209555.701316968","506613.138583853","5",CTM001, 
1335,AE134,3337,스마트도시과,CTV001,장지-03380,장지동103,"41590620","41590136","4159013600","103",동탄2자가망, ,"37.157727","127.107398","209539.912525485","506522.782318266","3",CTM001, 
1336,AE134,3338,스마트도시과,CTV001,장지-03381,장지동910-55,"41590620","41590136","4159013600","910-55",동탄2자가망, ,"37.162526","127.105381","209360.129104002","507055.144414878","3",CTM001, 
1337,AE134,3339,스마트도시과,CTV001,장지-03382,장지동452-16,"41590620","41590136","4159013600","452-16",동탄2자가망, ,"37.157007","127.107765","209572.549742936","506442.879869461","4",CTM001, 
1338,AE134,3340,스마트도시과,CTV001,장지-03383,장지동산17-1[1],"41590620","41590136","4159013600",산17-1,동탄2자가망, ,"37.157484","127.108752","209660.189268519","506495.939920817","4",CTM001, 
1339,AE134,3341,스마트도시과,CTV001,장지-03384,서연중옆대로,"41590620","41590136","4159013600","121",동탄2자가망, ,"37.161543","127.109462","209722.737207165","506946.449785802","4",CTM001, 
1340,AE134,3342,스마트도시과,CTV001,장지-03385,서연중고등학교사이길,"41590620","41590136","4159013600",산15,동탄2자가망, ,"37.160331","127.110859","209846.980251054","506812.063074712","5",CTM001, 
1341,AE134,3343,스마트도시과,CTV001,장지-03386,서연고옆대로1,"41590620","41590136","4159013600",산14,동탄2자가망, ,"37.161602","127.112186","209964.718998381","506953.280391962","5",CTM001, 
1343,AE134,3345,스마트도시과,CTV001,장지-03388,장지동산22,"41590620","41590136","4159013600",산22,동탄2자가망, ,"37.160452","127.113893","210116.466390626","506825.877618833","4",CTM001, 
1344,AE134,3346,스마트도시과,CTV001,장지-03389,장지동79,"41590620","41590136","4159013600","79",동탄2자가망, ,"37.159058","127.113432","210075.708699771","506671.129232418","4",CTM001, 
1345,AE134,3347,스마트도시과,CTV001,장지-03390,장지동472-4,"41590620","41590136","4159013600","472-4",동탄2자가망, ,"37.156411","127.112503","209993.568076282","506377.190830544","5",CTM001, 
1346,AE134,3348,스마트도시과,CTV001,장지-03391,장지동495-17,"41590620","41590136","4159013600","495-17",동탄2자가망, ,"37.155464","127.11269","210010.223908589","506272.200584145","3",CTM001, 
1347,AE134,3349,스마트도시과,CTV001,송-03392,송동산28-3,"41590610","41590137","4159013700",산28-3,동탄2자가망, ,"37.165586","127.103644","209205.500979135","507394.59446024","5",CTM001, 
1348,AE134,3357,스마트도시과,CTV001,장지-03400,장지동910-601,"41590620","41590136","4159013600","910-601",동탄2자가망, ,"37.160664","127.089964","207990.949002961","506847.132574311","3",CTM001, 
1349,AE134,3358,스마트도시과,CTV001,장지-03401,장지동143,"41590620","41590136","4159013600","143",동탄2자가망, ,"37.158726","127.106202","209433.559592369","506633.510201844","5",CTM001, 
1350,AE134,3359,스마트도시과,CTV001,장지-03402,장지동910-567,"41590620","41590136","4159013600","910-567",동탄2자가망, ,"37.15986","127.092478","208214.357506437","506758.085578825","4",CTM001, 
1351,AE134,3360,스마트도시과,CTV001,장지-03403,장지동173-2,"41590620","41590136","4159013600","173-2",동탄2자가망, ,"37.159057","127.101231","208991.973548564","506669.717620452","3",CTM001, 
1352,AE134,3361,스마트도시과,CTV001,장지-03404,장지동104-4,"41590620","41590136","4159013600","104-4",동탄2자가망, ,"37.157943","127.106908","209496.33341402","506546.671648852","4",CTM001, 
1353,AE134,3362,스마트도시과,CTV001,장지-03405,장지동52-8,"41590620","41590136","4159013600","52-8",동탄2자가망, ,"37.163036","127.119477","210612.082165966","507113.184597459","5",CTM001, 
1354,AE134,3363,스마트도시과,CTV001,장지-03406,장지동455-3,"41590620","41590136","4159013600","455-3",동탄2자가망, ,"37.156506","127.108829","209667.126895418","506387.397568904","4",CTM001, 
1355,AE134,3364,스마트도시과,CTV001,장지-03407,장지동산15-1,"41590620","41590136","4159013600",산15-1,동탄2자가망, ,"37.159536","127.110021","209772.620979572","506723.791114617","4",CTM001, 
1356,AE134,3365,스마트도시과,CTV001,장지-03408,장지동78,"41590620","41590136","4159013600","78",동탄2자가망, ,"37.158306","127.114251","210148.561236466","506587.762405","4",CTM001, 
1357,AE134,3366,스마트도시과,CTV001,장지-03409,장지동910-58,"41590620","41590136","4159013600","910-58",동탄2자가망, ,"37.163631","127.104581","209288.91853794","507177.754967551","4",CTM001, 
1358,AE134,3367,스마트도시과,CTV001,장지-03410,장지동산17-1[2],"41590620","41590136","4159013600",산17-1,동탄2자가망, ,"37.156713","127.110241","209792.571126587","506410.482145524","3",CTM001, 
1359,AE134,3368,스마트도시과,CTV001,장지-03411,장지동458,"41590620","41590136","4159013600","458",동탄2자가망, ,"37.155947","127.109892","209761.659454096","506325.479394184","3",CTM001, 
1361,AE134,3370,스마트도시과,CTV001,장지-03413,장지동산15[2],"41590620","41590136","4159013600",산15,동탄2자가망, ,"37.159787","127.11111","209869.325472075","506751.726733861","5",CTM001, 
1362,AE134,3371,스마트도시과,CTV001,장지-03414,장지동530-1,"41590620","41590136","4159013600","530-1",동탄2자가망, ,"37.155178","127.116628","210360.076255774","506240.794150453","4",CTM001, 
1363,AE134,3372,스마트도시과,CTV001,장지-03415,장지동산24-1[1],"41590620","41590136","4159013600",산24-1,동탄2자가망, ,"37.161651","127.11504","210218.195478673","506958.99987817","4",CTM001, 
1364,AE134,3373,스마트도시과,CTV001,장지-03416,장지동60,"41590620","41590136","4159013600","60",동탄2자가망, ,"37.161706","127.115703","210277.02430395","506965.208678695","4",CTM001, 
1365,AE134,3374,스마트도시과,CTV001,장지-03417,장지동산23-1,"41590620","41590136","4159013600",산23-1,동탄2자가망, ,"37.160022","127.115162","210229.251335093","506778.258729117","4",CTM001, 
1367,AE134,3376,스마트도시과,CTV001,장지-03419,장지동61-1,"41590620","41590136","4159013600","61-1",동탄2자가망, ,"37.16101","127.116304","210330.501521009","506888.064671641","4",CTM001, 
1368,AE134,3377,스마트도시과,CTV001,장지-03420,장지동66,"41590620","41590136","4159013600","66",동탄2자가망, ,"37.159567","127.116259","210326.780669469","506727.925801391","4",CTM001, 
1369,AE134,3378,스마트도시과,CTV001,장지-03421,장지동48,"41590620","41590136","4159013600","48",동탄2자가망, ,"37.161655","127.117712","210455.514679263","506959.760505441","4",CTM001, 
128,AE134,475,스마트도시과,CTV001,병점-00479,병점동357-2,"41590530","41590117","4159011700","357-2",자가망, ,"37.207081","127.03838","203406.954539929","511995.453453297","1",CTM001, 
129,AE134,476,스마트도시과,CTV001,병점-00480,병점동377-8-검지,"41590530","41590117","4159011700","377-24",KT, ,"37.205879","127.035741","203172.744284385","511861.92097386","2",CTM001, 
130,AE134,477,스마트도시과,CTV001,병점-00481,병점동541-5,"41590530","41590117","4159011700","541-5",자가망, ,"37.201496","127.035542","203155.303004066","511375.490332773","1",CTM001, 
131,AE134,478,스마트도시과,CTV001,병점-00482,병점동640-2,"41590530","41590117","4159011700","640-2",자가망, ,"37.200192","127.032366","202873.372436821","511230.680631147","1",CTM001, 
132,AE134,479,스마트도시과,CTV001,병점-00483,병점동756-243,"41590530","41590117","4159011700","552",자가망, ,"37.200809","127.03541","203143.586408797","511299.20840461","2",CTM001, 
133,AE134,480,스마트도시과,CTV001,병점-00484,병점동319-6-고정,"41590530","41590117","4159011700","319-6",자가망, ,"37.206755","127.039435","203500.630519126","511959.300835466","1",CTM001, 
134,AE134,481,스마트도시과,CTV001,병점-00486,병점동356-45-고정,"41590530","41590117","4159011700","356-45",자가망, ,"37.207566","127.038617","203427.997658053","512049.276960406","2",CTM001, 
135,AE134,482,스마트도시과,CTV001,병점-00488,병점동424-2-고정,"41590530","41590117","4159011700","424-2",자가망, ,"37.201837","127.037298","203311.196948942","511413.406019584","1",CTM001, 
136,AE134,483,스마트도시과,CTV001,병점-00489,병점동426-4-고정,"41590530","41590117","4159011700","426-4",자가망, ,"37.203106","127.038508","203418.523001334","511554.240035299","1",CTM001, 
137,AE134,484,스마트도시과,CTV001,병점-00490,병점동836-1-고정,"41590530","41590117","4159011700","357-2",자가망, ,"37.208005","127.041144","203652.287270831","512098.014585806","1",CTM001, 
138,AE134,485,스마트도시과,CTV001,병점-00491,병점동431-4-고정,"41590530","41590117","4159011700","431-4",자가망, ,"37.205036","127.039561","203511.886315511","511768.550470924","1",CTM001, 
139,AE134,486,스마트도시과,CTV001,병점-00492,병점동500-1(498-4)-고정,"41590530","41590117","4159011700","500-1",자가망, ,"37.201102","127.042202","203746.536780521","511331.995069124","1",CTM001, 
140,AE134,2183,스마트도시과,CTV001,안녕-02201,안녕동190-103,"41590570","41590126","4159012600","190-103",자가망, ,"37.200746","127.025869","202296.56648547","511291.920519836","1",CTM001, 
141,AE134,2256,스마트도시과,CTV001,병점-02275,벌말초교뒤대로,"41590530","41590117","4159011700","426-2",자가망, ,"37.202315","127.03876","203440.930038842","511466.485023708","2",CTM001, 
142,AE134,2257,스마트도시과,CTV001,병점-02276,벌말초교후문,"41590530","41590117","4159011700","472-7",자가망, ,"37.201882","127.038477","203415.805710622","511418.457546683","3",CTM001, 
143,AE134,2280,스마트도시과,CTV001,병점-02299,한빛유치원,"41590530","41590117","4159011700","868-2",KT, ,"37.202245","127.043984","203904.660255936","511458.896583981","2",CTM001, 
144,AE134,2281,스마트도시과,CTV001,진안-02300,송화초등학교,"41590520","41590116","4159011600","464-15",자가망, ,"37.203112","127.041342","203670.118132004","511555.011928527","4",CTM001, 
146,AE134,2652,스마트도시과,CTV001,병점-02680,구목포지하차도-차도,"41590530","41590117","4159011700","496-8",LG, ,"37.199618","127.039181","203478.410420457","511167.216792251","1",CTM001, 
147,AE134,2656,스마트도시과,CTV001,진안-02684,병점지하차도(수원방향)-3,"41590520","41590116","4159011600","544-19",LG, ,"37.207663","127.035299","203133.497123884","512059.869341702","1",CTM001, 
148,AE134,2657,스마트도시과,CTV001,진안-02685,병점지하차도(수원방향)-1,"41590520","41590116","4159011600","544-19",LG, ,"37.207663","127.035299","203133.497123884","512059.869341702","1",CTM001, 
149,AE134,2699,스마트도시과,CTV001,병점-02727,병점적사장,"41590530","41590117","4159011700","547-3",KT, ,"37.201625","127.034634","203074.662290699","511389.821472781","1",CTM001, 
150,AE134,3443,스마트도시과,CTV001,병점-03486,병점동777-검지1,"41590530","41590117","4159011700","556-6",자가망, ,"37.200352","127.034455","203058.805005443","511248.469739024","2",CTM001, 
151,AE134,3444,스마트도시과,CTV001,병점-03487,병점동381-33-검지1,"41590530","41590117","4159011700","381-33",KT, ,"37.207153","127.035445","203146.474616569","512003.309354291","2",CTM001, 
152,AE134,3445,스마트도시과,CTV001,병점-03488,병점동347-23-검지1,"41590530","41590117","4159011700","347-23",KT, ,"37.208754","127.037105","203293.682739889","512180.980611611","2",CTM001, 
153,AE134,3446,스마트도시과,CTV001,병점-03489,병점동345-11-검지1,"41590530","41590117","4159011700","345-11",KT, ,"37.208411","127.037632","203340.478457276","512142.943484041","2",CTM001, 
154,AE134,3499,스마트도시과,CTV001,병점-03543,병점동440-16(병점고정문),"41590530","41590117","4159011700","440-16",KT, ,"37.204922","127.043196","203834.640839035","511755.984029832","4",CTM001, 
155,AE134,3586,스마트도시과,CTV001,병점-3600,병점동373-1-어안(20차),"41590530","41590117","4159011700","364-4",자가망, ,"37.205169","127.037322","203313.146425485","511783.163796723","1",CTM001, 
156,AE134,3587,스마트도시과,CTV001,병점-3601,병점동485-검지(20차),"41590530","41590117","4159011700","485",자가망, ,"37.204044","127.043886","203895.921062714","511658.55932388","1",CTM001, 
157,AE134,3590,스마트도시과,CTV001,병점-3604,병점동382-4-회전(20차),"41590530","41590117","4159011700","382-4",자가망, ,"37.207062","127.035201","203124.738708948","511993.146439464","4",CTM001, 
158,AE134,3591,스마트도시과,CTV001,병점-3605,병점동868-3-어안(20차),"41590530","41590117","4159011700","868-3",KT, ,"37.201052","127.042731","203793.528775395","511326.511447851","1",CTM001, 
159,AE134,3898,스마트도시과,CTV001,병점-03914,벌말초교옆육교(22차)-검지,"41590530","41590117","4159011700","426-4",자가망, ,"37.202479","127.038775","203442.28084404","511484.708732871","3",CTM001, 
160,AE134,3996,스마트도시과,CTV001,병점-04012,병점동868-3-검지(23차),"41590530","41590117","4159011700","868-3",KT, ,"37.200728","127.040759","203618.432066067","511290.476329048","2",CTM001, 
161,AE134,3997,스마트도시과,CTV001,병점-04013,병점동526-1-검지(23차),"41590530","41590117","4159011700","526-1",KT, ,"37.2004","127.037784","203354.396716831","511253.953903278","2",CTM001, 
163,AE134,4086,스마트도시과,CTV001,병점-04101,병점동423(23차),"41590530","41590117","4159011700","423",KT, ,"37.201598","127.037583","203336.455346039","511386.824843606","4",CTM001, 
164,AE134,4111,스마트도시과,CTV001,병점-04125,병점동345-51(24차),"41590530","41590117","4159011700","345-51",kt, ,"37.208272","127.038112","203383.173269741","512127.523012486","5",CTM001, 
165,AE134,4112,스마트도시과,CTV001,병점-04126,병점동512-10(24차),"41590530","41590117","4159011700","512-10",kt, ,"37.199388","127.039581","203513.959117098","511141.65034929","4",CTM001, 
166,AE134,4113,스마트도시과,CTV001,병점-04127,병점동501-19(24차),"41590530","41590117","4159011700","501-19",kt, ,"37.200012","127.041601","203693.252852226","511210.96845095","3",CTM001, 
167,AE134,4268,스마트도시과,CTV001,병점-04283,영은빌(25차),"41590530","41590117","4159011700","377-8",KT, ,"37.205833","127.035433","203145.45823653","511856.839240146","5",CTM001, 
168,AE134,4351,스마트도시과,CTV001,병점-04368,병점동513-2(병점-04368),"41590530","41590117","4159011700","513-2",KT, ,"37.198649","127.041324","203668.727296287","511059.723351899","4",CTM001, 
752,AE134,2800,스마트도시과,CTV001,반송-02828,반송동50-9주택가,"41590586","41590127","4159012700","49-18",동탄1자가망, ,"37.207176","127.062084","205511.162645804","512007.02345338","1",CTM001, 
753,AE134,2801,스마트도시과,CTV001,반송-02829,반송동49-3주택가,"41590586","41590127","4159012700","49-4",동탄1자가망, ,"37.207774","127.06158","205466.397393234","512073.350138918","3",CTM001, 
754,AE134,2802,스마트도시과,CTV001,반송-02830,반송동45-1주택가,"41590586","41590127","4159012700","43-8",동탄1자가망, ,"37.208647","127.061712","205478.033986769","512170.31124713","1",CTM001, 
755,AE134,2803,스마트도시과,CTV001,반송-02831,반송동42-8파크프라자사거리,"41590585","41590127","4159012700","233-1",동탄1자가망, ,"37.206927","127.066079","205865.807597962","511979.651082831","1",CTM001, 
756,AE134,2804,스마트도시과,CTV001,반송-02832,반송동38-5주택가,"41590586","41590127","4159012700","225-1",동탄1자가망, ,"37.210217","127.0623","205530.123837129","512344.538414628","1",CTM001, 
757,AE134,2805,스마트도시과,CTV001,반송-02833,반송동38-1주택가,"41590585","41590127","4159012700","1-14",동탄1자가망, ,"37.21097","127.062889","205582.360431049","512428.156913359","4",CTM001, 
758,AE134,2806,스마트도시과,CTV001,반송-02834,반송동35-7주택가,"41590586","41590127","4159012700","39-15",동탄1자가망, ,"37.209319","127.063396","205627.442588457","512244.95625004","1",CTM001, 
759,AE134,2807,스마트도시과,CTV001,반송-02835,반송동35-2주택가,"41590586","41590127","4159012700","5-9",동탄1자가망, ,"37.209379","127.063447","205631.965243724","512251.629273865","1",CTM001, 
760,AE134,2808,스마트도시과,CTV001,반송-02836,반송동35-1주택가진입로,"41590586","41590127","4159012700","35-1",동탄1자가망, ,"37.210135","127.064217","205700.330013048","512335.55526132","1",CTM001, 
762,AE134,2812,스마트도시과,CTV001,반송-02840,반송동254하이페리온사거리,"41590585","41590127","4159012700","254",동탄1자가망, ,"37.202054","127.070641","206271.179066155","511439.108199326","1",CTM001, 
763,AE134,2813,스마트도시과,CTV001,반송-02841,반송동25-1주택가,"41590585","41590127","4159012700","23",동탄1자가망, ,"37.20885","127.065333","205799.485423535","512193.044933605","1",CTM001, 
765,AE134,2816,스마트도시과,CTV001,반송-02844,반송동22-8(반송-02844),"41590586","41590127","4159012700","230-1",동탄1자가망, ,"37.20805","127.0662","205876.479416046","512104.313075626","4",CTM001, 
766,AE134,2817,스마트도시과,CTV001,반송-02845,반송동22-2주택가,"41590585","41590127","4159012700","231-1",동탄1자가망, ,"37.208717","127.066617","205913.414305125","512178.326714078","3",CTM001, 
767,AE134,2818,스마트도시과,CTV001,반송-02846,반송동227주택가(반송-02846),"41590586","41590127","4159012700","227",동탄1자가망, ,"37.211108","127.066928","205940.889835271","512443.740211471","4",CTM001, 
768,AE134,2834,스마트도시과,CTV001,반송-02862,반송동18-4주택가,"41590585","41590127","4159012700","230",동탄1자가망, ,"37.209567","127.06725","205969.56695531","512272.700778606","3",CTM001, 
769,AE134,2846,스마트도시과,CTV001,반송-02874,반송동14-4주택가,"41590585","41590127","4159012700","230",동탄1자가망, ,"37.210373","127.067905","206027.627354455","512362.186009017","1",CTM001, 
770,AE134,2853,스마트도시과,CTV001,반송-02882,반송동12능동공원내,"41590585","41590127","4159012700","12",동탄1자가망, ,"37.210472","127.066274","205882.851401546","512373.103970726","1",CTM001, 
771,AE134,2857,스마트도시과,CTV001,반송-02886,반송동12-1주택가(반송-02886),"41590585","41590127","4159012700","229",동탄1자가망, ,"37.209733","127.065917","205851.198345751","512291.114535697","5",CTM001, 
772,AE134,2860,스마트도시과,CTV001,반송-02889,반송동114-8주택가,"41590585","41590127","4159012700","312",동탄1자가망, ,"37.198288","127.076904","206827.537629047","511021.596113795","3",CTM001, 
773,AE134,2863,스마트도시과,CTV001,반송-02892,반송동111-7등산로2(반송-02892),"41590585","41590127","4159012700","108",동탄1자가망, ,"37.19955","127.078291","206950.568672415","511161.77767188","4",CTM001, 
774,AE134,2864,스마트도시과,CTV001,반송-02893,반송동111-7등산로1(반송-02893),"41590585","41590127","4159012700","108-5",동탄1자가망, ,"37.199944","127.078072","206931.072428879","511205.443903497","4",CTM001, 
775,AE134,2865,스마트도시과,CTV001,반송-02894,반송동107-1센터프라자삼거리,"41590585","41590127","4159012700","104-14",동탄1자가망, ,"37.200327","127.071165","206317.876921738","511247.48918322","4",CTM001, 
776,AE134,2866,스마트도시과,CTV001,반송-02895,반송동102-3제일프라자사거리(반송-02895),"41590585","41590127","4159012700","261",동탄1자가망, ,"37.199348","127.071419","206340.526086486","511138.844257371","5",CTM001, 
777,AE134,2875,스마트도시과,CTV001,반송-02904,동탄소방서사거리,"41590585","41590127","4159012700","235",동탄1자가망, ,"37.205287","127.071679","206363.03005323","511798.047112939","1",CTM001, 
778,AE134,2877,스마트도시과,CTV001,반송-02906,동탄문화센터앞삼거리,"41590585","41590127","4159012700","216",동탄1자가망, ,"37.199839","127.073889","206559.749415853","511193.515329946","1",CTM001, 
780,AE134,2914,스마트도시과,CTV001,능-02943,능동1113-7한솔프라자뒤길삼거리,"41590587","41590118","4159011800","1223",동탄1자가망, ,"37.20948","127.061639","205471.538171778","512262.754715709","1",CTM001, 
781,AE134,2941,스마트도시과,CTV001,반송-02970,하이페리온,"41590585","41590127","4159012700","93-8",동탄1자가망, ,"37.202038","127.072008","206392.518907759","511437.434921575","2",CTM001, 
782,AE134,2951,스마트도시과,CTV001,석우-02980,석우동58-2노작문학관사거리(석우-02980),"41590585","41590128","4159012800","109-2",동탄1자가망, ,"37.206272","127.075534","206705.238159772","511907.652013202","5",CTM001, 
783,AE134,3503,스마트도시과,CTV001,반송-03548,반송동104-14(남광도로),"41590585","41590127","4159012700","104-14",KT, ,"37.200336","127.072272","206416.135241348","511248.56237835","5",CTM001, 
784,AE134,3504,스마트도시과,CTV001,반송-03549,반송동103-12(남광도로),"41590585","41590127","4159012700","103-12",KT, ,"37.201251","127.072053","206396.624584354","511350.128885884","5",CTM001, 
785,AE134,3505,스마트도시과,CTV001,반송-03550,반송동104-7(남광장1),"41590585","41590127","4159012700","104-7",KT, ,"37.200755","127.071398","206338.49966381","511295.038067905","5",CTM001, 
786,AE134,3506,스마트도시과,CTV001,반송-03551,반송동104-7(남광장2),"41590585","41590127","4159012700","104-7",KT, ,"37.200791","127.072337","206421.840548799","511299.140998041","5",CTM001, 
787,AE134,3507,스마트도시과,CTV001,반송-03552,반송동86-9(북광도로),"41590585","41590127","4159012700","86-9",KT, ,"37.207047","127.073991","206568.17123934","511993.532417153","5",CTM001, 
788,AE134,3508,스마트도시과,CTV001,반송-03553,반송동88-14(북광도로),"41590585","41590127","4159012700","88-14",KT, ,"37.205676","127.072992","206479.598618039","511841.26354524","5",CTM001, 
789,AE134,3509,스마트도시과,CTV001,반송-03554,반송동88-7(북광장1),"41590585","41590127","4159012700","88-7",KT, ,"37.206379","127.07297","206477.612135751","511919.359765642","5",CTM001, 
790,AE134,3510,스마트도시과,CTV001,반송-03555,반송동88-7(북광장2),"41590585","41590127","4159012700","88-7",KT, ,"37.205981","127.073296","206506.576700906","511875.111560674","6",CTM001, 
791,AE134,3579,스마트도시과,CTV001,반송-3593,반송동100-1-검지(20차)(반송-3593),"41590586","41590127","4159012700","100-1",동탄1자가망, ,"37.199841","127.067758","206015.441226113","511193.330506267","2",CTM001, 
792,AE134,4095,스마트도시과,CTV001,반송-04110,반송동53-6(24차),"41590585","41590127","4159012700","53-6",kt, ,"37.206137","127.061502","205459.538037489","511891.735411171","4",CTM001, 
2012,AE134,1276,스마트도시과,CTV001,매향-01287,매향리904-11,"41590356","41590256","4159025630","904-11",KT, ,"37.039266","126.749448","177709.43065212","493399.986239885","1",CTM002, 
2013,AE134,1277,스마트도시과,CTV001,매향-01288,매향리963,"41590356","41590256","4159025630","963",KT, ,"37.037509","126.748884","177658.693521419","493205.092556677","1",CTM002, 
2014,AE134,1319,스마트도시과,CTV001,매향-01330,매향리666-4,"41590356","41590256","4159025630","666-4",KT, ,"37.04792","126.763825","178990.878481449","494357.102464421","1",CTM002, 
2015,AE134,3754,스마트도시과,CTV001,매향-3768,매향리314-5-검지(20차),"41590356","41590256","4159025630","314-5",자가망, ,"37.048851","126.763287","178943.236351741","494460.515084774","1",CTM002, 
2016,AE134,3755,스마트도시과,CTV001,매향-3769,매향리950-15-검지(20차),"41590356","41590256","4159025630","950-15",자가망, ,"37.037023","126.748701","177642.294897116","493151.248701148","1",CTM002, 
2017,AE134,3756,스마트도시과,CTV001,매향-3770,매향리947-51-검지(20차),"41590356","41590256","4159025630","947-51",자가망, ,"37.037953","126.748511","177625.663740484","493254.514609984","1",CTM002, 
2018,AE134,4494,스마트도시과,CTV001,매향-04511,매향선창길,"41590356","41590256","4159025630","945-29",KT, ,"37.036117","126.746833","177475.854302435","493051.083508514","1",CTM002, 
2020,AE134,1193,스마트도시과,CTV001,화산-01204,두레자연고교내,"41590356","41590256","4159025631","701-34",자가망, ,"37.059124","126.795674","181826.717818104","495593.981046986","4",CTM002, 
2021,AE134,1219,스마트도시과,CTV001,화산-01230,장포마을사거리,"41590356","41590256","4159025631","527-1",자가망, ,"37.06713","126.79031","181351.570294019","496483.517986322","1",CTM002, 
2022,AE134,1223,스마트도시과,CTV001,화산-01234,화산리신우하이택앞삼거리,"41590356","41590256","4159025631",산164,자가망, ,"37.070173","126.81075","183170.025800469","496817.423988737","3",CTM002, 
2023,AE134,1232,스마트도시과,CTV001,화산-01243,화산1리버스종점,"41590356","41590256","4159025631","1074-10",자가망, ,"37.065464","126.777253","180189.869590322","496301.246031316","3",CTM002, 
2024,AE134,1233,스마트도시과,CTV001,화산-01244,화산삼거리,"41590356","41590256","4159025631","668-4",자가망, ,"37.062646","126.792273","181525.077101824","495985.47124476","5",CTM002, 
2026,AE134,1253,스마트도시과,CTV001,화산-01264,화산리351-6,"41590356","41590256","4159025631","351-6",KT, ,"37.071897","126.788552","181196.39309094","497012.879771982","1",CTM002, 
2027,AE134,1254,스마트도시과,CTV001,화산-01265,화산리532-2,"41590356","41590256","4159025631","532-2",자가망, ,"37.066948","126.792753","181568.743719666","496462.845631387","1",CTM002, 
2028,AE134,1263,스마트도시과,CTV001,화산-01274,화산리1175,"41590356","41590256","4159025631","1175(77-4)",자가망, ,"37.074419","126.804646","182628.204194255","497289.743049632","1",CTM002, 
2029,AE134,1343,스마트도시과,CTV001,화산-01354,화산리378-5,"41590356","41590256","4159025631","378-5",KT, ,"37.071193","126.79118","181429.897386571","496934.211603815","1",CTM002, 
2030,AE134,1344,스마트도시과,CTV001,화산-01355,화산리511-26,"41590356","41590256","4159025631","511-26",자가망, ,"37.068944","126.790224","181344.321808865","496684.84221069","1",CTM002, 
2031,AE134,1345,스마트도시과,CTV001,화산-01356,화산리511-33,"41590356","41590256","4159025631","511-33",자가망, ,"37.067953","126.788418","181183.502399319","496575.193377299","1",CTM002, 
2032,AE134,1357,스마트도시과,CTV001,화산-01368,화산리545-4,"41590356","41590256","4159025631","545-4",자가망, ,"37.067885","126.793078","181597.876137326","496566.73456758","1",CTM002, 
2033,AE134,1358,스마트도시과,CTV001,화산-01369,화산리565,"41590356","41590256","4159025631","565",자가망, ,"37.067578","126.794932","181762.710542409","496532.362097298","1",CTM002, 
2034,AE134,1359,스마트도시과,CTV001,화산-01370,화산리산102-9,"41590356","41590256","4159025631",산102-9,자가망, ,"37.065287","126.78008","180441.257332478","496281.066138328","1",CTM002, 
2035,AE134,1360,스마트도시과,CTV001,화산-01371,화산리산175,"41590356","41590256","4159025631",산175,자가망, ,"37.063702","126.785209","180897.051850971","496104.083506017","1",CTM002, 
2036,AE134,1361,스마트도시과,CTV001,화산-01372,화산리산40-2,"41590356","41590256","4159025631",산40-2,자가망, ,"37.06955","126.792976","181589.260717776","496751.490063589","1",CTM002, 
2038,AE134,3781,스마트도시과,CTV001,화산-3795,화산리617-15-회전(20차),"41590356","41590256","4159025631","617-15",자가망, ,"37.064639","126.796148","181870.153411364","496205.873202076","1",CTM002, 
2039,AE134,4045,스마트도시과,CTV001,화산-04061,화산리554-5-검지(23차),"41590356","41590256","4159025631","554-5",KT, ,"37.068627","126.796028","181860.430043528","496648.578351834","2",CTM002, 
2040,AE134,4122,스마트도시과,CTV001,화산-04136,화산리701-18(24차),"41590356","41590256","4159025631","701-18",kt, ,"37.05717","126.795916","181847.77727031","495377.020952967","5",CTM002, 
2041,AE134,1195,스마트도시과,CTV001,조암-01206,삼우빌라앞,"41590356","41590256","4159025632","340-40",자가망, ,"37.083256","126.814919","183543.599711798","498268.65421073","5",CTM002, 
2042,AE134,1200,스마트도시과,CTV001,조암-01211,삼일아파트주변,"41590356","41590256","4159025632","375-12",자가망, ,"37.08465","126.812947","183368.568988015","498423.696140677","3",CTM002, 
2043,AE134,1201,스마트도시과,CTV001,조암-01212,신도주택앞,"41590356","41590256","4159025632","353-1",자가망, ,"37.083456","126.816976","183726.577117369","498290.425829627","3",CTM002, 
2044,AE134,1202,스마트도시과,CTV001,조암-01213,신우정유치원정문,"41590356","41590256","4159025632","777-2",자가망, ,"37.08841","126.815081","183559.101932746","498840.595213223","1",CTM002, 
2045,AE134,1203,스마트도시과,CTV001,조암-01214,모닝건설앞,"41590356","41590256","4159025632","228-4",자가망, ,"37.087091","126.820505","184041.083528508","498693.255184078","3",CTM002, 
2046,AE134,1204,스마트도시과,CTV001,조암-01215,우정4호어린이공원,"41590356","41590256","4159025632","798-11",자가망, ,"37.086267","126.822931","184256.627822537","498601.391174133","4",CTM002, 
2047,AE134,1205,스마트도시과,CTV001,조암-01216,예랑파크타운앞삼거리,"41590356","41590256","4159025632","450-1",자가망, ,"37.081274","126.810339","183135.892338408","498049.454047699","3",CTM002, 
2048,AE134,1207,스마트도시과,CTV001,조암-01218,조암버스터미널,"41590356","41590256","4159025632","312-2",자가망, ,"37.081794","126.816128","183650.806613597","498106.155929348","4",CTM002, 
2049,AE134,1210,스마트도시과,CTV001,조암-01221,신흥교회입구삼거리,"41590356","41590256","4159025632","372-12",자가망, ,"37.085929","126.816218","183659.676182191","498565.025763637","5",CTM002, 
2050,AE134,1211,스마트도시과,CTV001,조암-01222,쌍봉산근린공원,"41590356","41590256","4159025632",산55-19,자가망, ,"37.090554","126.818072","183825.500998914","499077.988489991","4",CTM002, 
2051,AE134,1213,스마트도시과,CTV001,조암-01224,조암교회앞,"41590356","41590256","4159025632","266-42",자가망, ,"37.084882","126.817954","183813.806638578","498448.529860546","3",CTM002, 
2052,AE134,1214,스마트도시과,CTV001,조암-01225,조암삼괴고정문,"41590356","41590256","4159025632","150-5",자가망, ,"37.088527","126.820741","184062.367006407","498852.58204361","5",CTM002, 
2053,AE134,1215,스마트도시과,CTV001,조암-01226,조암천막앞삼거리,"41590356","41590256","4159025632","274-2",자가망, ,"37.083781","126.821365","184116.85565748","498325.769289722","4",CTM002, 
1370,AE134,3379,스마트도시과,CTV001,장지-03422,장지동43,"41590620","41590136","4159013600","43",동탄2자가망, ,"37.160991","127.117731","210457.286695515","506886.055847752","4",CTM001, 
1371,AE134,3380,스마트도시과,CTV001,장지-03423,장지동45,"41590620","41590136","4159013600","45",동탄2자가망, ,"37.160178","127.117012","210393.502624431","506795.783863078","4",CTM001, 
1372,AE134,3381,스마트도시과,CTV001,장지-03424,장지동37-3,"41590620","41590136","4159013600","37-3",동탄2자가망, ,"37.161338","127.118843","210555.996213832","506924.676001624","4",CTM001, 
1373,AE134,3382,스마트도시과,CTV001,장지-03425,장지동37-4,"41590620","41590136","4159013600","37-4",동탄2자가망, ,"37.160413","127.118457","210521.899857981","506822.019302037","4",CTM001, 
1374,AE134,3383,스마트도시과,CTV001,장지-03426,장지동37-2,"41590620","41590136","4159013600","37-2",동탄2자가망, ,"37.160888","127.119054","210574.829878495","506874.797056494","3",CTM001, 
1375,AE134,3384,스마트도시과,CTV001,장지-03427,장지동620-1,"41590620","41590136","4159013600","620-1",동탄2자가망, ,"37.159866","127.119978","210657.062608665","506761.433806495","4",CTM001, 
1376,AE134,3385,스마트도시과,CTV001,장지-03428,장지동산35-2,"41590620","41590136","4159013600",산35-2,동탄2자가망, ,"37.160712","127.120044","210662.801784442","506855.338671942","4",CTM001, 
1377,AE134,3386,스마트도시과,CTV001,장지-03429,장지동산23,"41590620","41590136","4159013600",산23,동탄2자가망, ,"37.159926","127.115764","210282.710162952","506767.736228236","5",CTM001, 
1378,AE134,3387,스마트도시과,CTV001,장지-03430,장지동산24-1[2],"41590620","41590136","4159013600",산24-1,동탄2자가망, ,"37.160988","127.114777","210194.950651531","506885.457974984","4",CTM001, 
1379,AE134,4055,스마트도시과,CTV001,장지-04071,장지동638-검지(23차),"41590620","41590136","4159013600","638",KT, ,"37.157533","127.1187","210543.8503473","506502.463291284","2",CTM001, 
1380,AE134,4225,스마트도시과,CTV001,산척-04239,장지동132-11,"41590610","41590135","4159013500","132-11",동탄3자가망, ,"37.162752","127.110224","209790.249999939","507080.7501022","3",CTM001, 
1381,AE134,4250,스마트도시과,CTV001,산척-04264,산척동산90-2[2],"41590610","41590135","4159013500",산90-2,동탄3자가망, ,"37.165648","127.114146","210138.249999884","507402.500102202","5",CTM001, 
1383,AE134,4252,스마트도시과,CTV001,산척-04266,장지동910-616,"41590610","41590135","4159013500","910-616",동탄3자가망, ,"37.165472","127.106971","209500.999999936","507382.250102196","5",CTM001, 
1384,AE134,4253,스마트도시과,CTV001,산척-04267,장지동910-43,"41590610","41590135","4159013500","910-43",동탄3자가망, ,"37.162902","127.106548","209463.749999909","507097.000102195","5",CTM001, 
1385,AE134,4256,스마트도시과,CTV001,산척-04270,장지동910-555,"41590610","41590135","4159013500","910-555",동탄3자가망, ,"37.163878","127.110284","209795.499999868","507205.750102201","5",CTM001, 
1386,AE134,4257,스마트도시과,CTV001,산척-04271,장지동131-7,"41590620","41590135","4159013500","131-7",동탄3자가망, ,"37.16205","127.112044","209951.999999867","507003.000102198","3",CTM001, 
1387,AE134,4258,스마트도시과,CTV001,산척-04272,장지동산22-2,"41590620","41590135","4159013500",산 22-2,동탄3자가망, ,"37.161903","127.114616","210180.499999924","506987.000102195","4",CTM001, 
1388,AE134,4259,스마트도시과,CTV001,산척-04273,장지동134-3,"41590620","41590135","4159013500","134-3",동탄3자가망, ,"37.163797","127.115041","210217.99999987","507197.250102193","5",CTM001, 
1389,AE134,4322,스마트도시과,CTV001,장지-04340,장지동산7,"41590620","41590136","4159013600",산7,동탄3자가망, ,"37.16085","127.109143","209694.499999878","506869.500102198","3",CTM001, 
1390,AE134,2684,스마트도시과,CTV001,송-02712,방교터널3-차도,"41590610","41590137","4159013700",산49-39,동탄1자가망, ,"37.172505","127.095891","208516.098375801","508161.738837801","1",CTM001, 
1391,AE134,2688,스마트도시과,CTV001,송-02716,방교터널6-차도,"41590610","41590137","4159013700",산49-39,동탄1자가망, ,"37.172516","127.098568","208753.842060995","508163.203397782","1",CTM001, 
1392,AE134,2689,스마트도시과,CTV001,송-02717,방교터널1-차도,"41590610","41590137","4159013700",산49-39,동탄1자가망, ,"37.172589","127.095821","208509.832781709","508171.042579872","1",CTM001, 
1393,AE134,2691,스마트도시과,CTV001,송-02719,방교터널2-차도,"41590610","41590137","4159013700",산49-39,동탄1자가망, ,"37.172516","127.098568","208753.842060995","508163.203397782","1",CTM001, 
1394,AE134,2692,스마트도시과,CTV001,송-02720,방교터널4-차도,"41590610","41590137","4159013700",산49-39,동탄1자가망, ,"37.172516","127.098568","208753.842060995","508163.203397782","1",CTM001, 
1395,AE134,2693,스마트도시과,CTV001,송-02721,방교터널5-차도,"41590610","41590137","4159013700",산49-39,동탄1자가망, ,"37.172516","127.098568","208753.842060995","508163.203397782","1",CTM001, 
1397,AE134,2695,스마트도시과,CTV001,송-02723,송리지하차도1-차도,"41590610","41590137","4159013700","595-8",동탄1자가망, ,"37.164845","127.09226","208194.455513915","507311.305645354","1",CTM001, 
1398,AE134,2696,스마트도시과,CTV001,송-02724,송리지하차도2-차도,"41590610","41590137","4159013700","595-8",동탄1자가망, ,"37.164845","127.09226","208194.455513915","507311.305645354","1",CTM001, 
1399,AE134,2697,스마트도시과,CTV001,송-02725,송리지하차도3-차도,"41590610","41590137","4159013700","595-8",동탄1자가망, ,"37.164845","127.09226","208194.455513915","507311.305645354","1",CTM001, 
1400,AE134,2698,스마트도시과,CTV001,송-02726,송리지하차도5-차도,"41590610","41590137","4159013700","595-8",동탄1자가망, ,"37.164845","127.09226","208194.455513915","507311.305645354","1",CTM001, 
1402,AE134,3115,스마트도시과,CTV001,송-03150,워터프론트02,"41590610","41590137","4159013700",산49-14,동탄2자가망, ,"37.171842","127.095462","208478.050701964","508088.081185095","1",CTM001, 
1403,AE134,3116,스마트도시과,CTV001,송-03151,워터프론트03,"41590610","41590137","4159013700",산49-46,동탄2자가망, ,"37.171341","127.095542","208485.2657594","508032.503609762","1",CTM001, 
1404,AE134,3117,스마트도시과,CTV001,송-03152,워터프론트04,"41590610","41590137","4159013700","681-625",동탄2자가망, ,"37.170652","127.098168","208718.574817286","507956.244912869","1",CTM001, 
1405,AE134,3118,스마트도시과,CTV001,송-03153,워터프론트05,"41590610","41590137","4159013700","681-613",동탄2자가망, ,"37.170842","127.099171","208807.595960739","507977.524922971","1",CTM001, 
1406,AE134,3119,스마트도시과,CTV001,송-03154,워터프론트06,"41590610","41590137","4159013700","681-599",동탄2자가망, ,"37.171544","127.100701","208943.415384012","508055.573405326","1",CTM001, 
1407,AE134,3120,스마트도시과,CTV001,송-03155,워터프론트07,"41590610","41590137","4159013700","681-598",동탄2자가망, ,"37.172037","127.102165","209073.346928493","508110.436027705","1",CTM001, 
1408,AE134,3121,스마트도시과,CTV001,송-03156,워터프론트08,"41590610","41590137","4159013700","681-571",동탄2자가망, ,"37.171566","127.103294","209173.629512381","508058.247068789","1",CTM001, 
1409,AE134,3122,스마트도시과,CTV001,송-03157,워터프론트09,"41590610","41590137","4159013700","681-567",동탄2자가망, ,"37.170856","127.10323","209168.106884811","507979.41677526","1",CTM001, 
1410,AE134,3126,스마트도시과,CTV001,송-03161,워터프론트13,"41590610","41590137","4159013700",산49-15,동탄2자가망, ,"37.169209","127.093743","208325.680583845","507795.702910702","1",CTM001, 
1411,AE134,3127,스마트도시과,CTV001,송-03162,워터프론트14,"41590610","41590137","4159013700","195-3",동탄2자가망, ,"37.167811","127.092859","208247.30043656","507640.471100304","1",CTM001, 
169,AE134,4387,스마트도시과,CTV001,병점-04404,병점동476-34-검지(병점-04404),"41590530","41590117","4159011700","476-34",자가망, ,"37.199736","127.040664","203610.081008011","511180.33477343","2",CTM001, 
170,AE134,4388,스마트도시과,CTV001,병점-04405,병점동504-9-검지(병점-04405),"41590530","41590117","4159011700","504-9",자가망, ,"37.199736","127.040664","203610.081008011","511180.33477343","2",CTM001, 
171,AE134,4507,스마트도시과,CTV001,병점-04524,병점동벌말공원,"41590530","41590117","4159011700","532-11",KT, ,"37.20048","127.03677","203264.346235667","511262.763700541","3",CTM001, 
173,AE134,4510,스마트도시과,CTV001,병점-04527,병점근린공원북측2,"41590530","41590117","4159011700","756-268",자가망, ,"37.200192","127.030253","202685.814888861","511230.630503753","4",CTM001, 
174,AE134,4511,스마트도시과,CTV001,병점-04528,병점근린공원북측3,"41590530","41590117","4159011700","756-59",자가망, ,"37.200221","127.03001","202664.18853093","511233.813741871","5",CTM001, 
175,AE134,4512,스마트도시과,CTV001,병점-04529,병점근린공원남측1,"41590530","41590117","4159011700","756-60",자가망, ,"37.200279","127.029775","202643.362125252","511240.187397591","5",CTM001, 
176,AE134,4513,스마트도시과,CTV001,병점-04530,병점근린공원남측2,"41590530","41590117","4159011700","756-61",자가망, ,"37.200314","127.029586","202626.541184547","511244.169767556","4",CTM001, 
177,AE134,4514,스마트도시과,CTV001,병점-04531,병점근린공원남측3,"41590530","41590117","4159011700","756-289",자가망, ,"37.200925","127.029333","202604.09395101","511311.952352434","5",CTM001, 
178,AE134,4515,스마트도시과,CTV001,병점-04532,병점근린공원남측4,"41590530","41590117","4159011700","756-288",자가망, ,"37.201134","127.029983","202661.753669793","511335.098477805","5",CTM001, 
179,AE134,4523,스마트도시과,CTV001,병점-04540,병점복합타운근린공원-1(병점-04540),"41590530","41590117","4159011700","747",자가망, ,"37.203427","127.032119","202851.331523699","511589.675913421","1",CTM001, 
180,AE134,4524,스마트도시과,CTV001,병점-04541,병점복합타운근린공원-2(병점-04541),"41590530","41590117","4159011700","756-44",자가망, ,"37.20196","127.03276","202908.291933207","511426.885606749","1",CTM001, 
181,AE134,4525,스마트도시과,CTV001,병점-04542,병점복합타운근린공원-3(병점-04542),"41590530","41590117","4159011700","545-6",자가망, ,"37.201957","127.034426","203056.192375139","511426.605092747","1",CTM001, 
182,AE134,4526,스마트도시과,CTV001,병점-04543,병점복합타운근린공원-4(병점-04543),"41590530","41590117","4159011700","756-248",자가망, ,"37.201641","127.033364","202961.924922365","511391.5012374","1",CTM001, 
183,AE134,4556,스마트도시과,CTV001,병점-04570,병점아이파크캐슬APT사거리,"41590530","41590117","4159011700","690-6",자가망, ,"37.203283","127.030117","202673.581483551","511573.673203968","4",CTM001, 
184,AE134,4557,스마트도시과,CTV001,병점-04571,유엔아이센터사거리,"41590530","41590117","4159011700","704",자가망, ,"37.20425","127.033733","202994.606851375","511681.063460145","4",CTM001, 
185,AE134,4558,스마트도시과,CTV001,병점-04572,병점역후문분수대,"41590530","41590117","4159011700","756-210",자가망, ,"37.206467","127.0311","202760.760112409","511926.992478869","5",CTM001, 
186,AE134,4559,스마트도시과,CTV001,병점-04573,병점역후문광장,"41590530","41590117","4159011700","756-210",자가망, ,"37.206067","127.0299","202654.249612213","511882.565583067","5",CTM001, 
187,AE134,431,스마트도시과,CTV001,병점-00435,구봉초교,"41590540","41590117","4159011700","843-17",KT, ,"37.205962","127.045233","204015.361502783","511871.533541589","1",CTM001, 
188,AE134,436,스마트도시과,CTV001,병점-00440,구봉산근린공원내,"41590540","41590117","4159011700","865",KT, ,"37.204572","127.045197","204012.221615776","511717.178934203","1",CTM001, 
189,AE134,437,스마트도시과,CTV001,병점-00441,매화어린이집,"41590540","41590117","4159011700","857",KT, ,"37.213921","127.051368","204559.483926286","512755.124748658","5",CTM001, 
191,AE134,441,스마트도시과,CTV001,병점-00445,병점중학교정문,"41590540","41590117","4159011700","826-8",자가망, ,"37.210535","127.039452","203501.982689366","512378.800684503","3",CTM001, 
192,AE134,442,스마트도시과,CTV001,병점-00446,병점근린공원내,"41590540","41590117","4159011700","823",KT, ,"37.211569","127.045521","204040.664099892","512493.80835872","1",CTM001, 
193,AE134,444,스마트도시과,CTV001,병점-00448,정든어린이집,"41590540","41590117","4159011700","858-1",KT, ,"37.209977","127.048395","204295.845625123","512317.263172563","5",CTM001, 
194,AE134,449,스마트도시과,CTV001,병점-00453,재크와콩나무유치원,"41590540","41590117","4159011700","132-5",자가망, ,"37.208904","127.044709","203968.673680473","512197.99696007","1",CTM001, 
195,AE134,454,스마트도시과,CTV001,병점-00458,예원유치원(병점-00458),"41590540","41590117","4159011700","792-22",KT, ,"37.210833","127.051415","204563.903885666","512412.349155263","4",CTM001, 
196,AE134,455,스마트도시과,CTV001,병점-00459,안화공원입구,"41590540","41590117","4159011700","840",KT, ,"37.213539","127.042853","203803.750557691","512712.265147708","1",CTM001, 
197,AE134,456,스마트도시과,CTV001,병점-00460,안화초교,"41590540","41590117","4159011700","843-12",KT, ,"37.213041","127.046243","204104.654563077","512657.159961679","1",CTM001, 
198,AE134,457,스마트도시과,CTV001,병점-00461,안화초교후문,"41590540","41590117","4159011700","849-2",KT, ,"37.212823","127.048712","204323.813278965","512633.120178894","1",CTM001, 
199,AE134,459,스마트도시과,CTV001,병점-00463,해당화공원,"41590540","41590117","4159011700","838",KT, ,"37.210036","127.044542","203953.790445024","512323.598931795","4",CTM001, 
200,AE134,461,스마트도시과,CTV001,병점-00465,회화어린이집,"41590540","41590117","4159011700","847-1",KT, ,"37.215741","127.045577","204045.394430479","512956.770736338","4",CTM001, 
201,AE134,462,스마트도시과,CTV001,병점-00466,주공6단지입구버스정류장,"41590540","41590117","4159011700","843-14",KT, ,"37.211726","127.050431","204476.479425215","512511.419876926","1",CTM001, 
202,AE134,468,스마트도시과,CTV001,병점-00472,즐거운어린이집,"41590540","41590117","4159011700","849-2",KT, ,"37.213444","127.047467","204213.2954739","512701.9615065","4",CTM001, 
203,AE134,470,스마트도시과,CTV001,병점-00474,신창APT201동앞,"41590540","41590117","4159011700","858",KT, ,"37.209094","127.046311","204110.886811616","512219.085183918","4",CTM001, 
204,AE134,474,스마트도시과,CTV001,병점-00478,태안초교후문,"41590540","41590117","4159011700","843-8",KT, ,"37.210288","127.042098","203736.859961485","512351.422720065","1",CTM001, 
205,AE134,1631,스마트도시과,CTV001,진안-01643,병점2동동사무소(진안-01643),"41590520","41590116","4159011600","907",자가망, ,"37.211875","127.043323","203845.553204507","512527.632866581","4",CTM001, 
206,AE134,2215,스마트도시과,CTV001,병점-02233,동실유치원,"41590540","41590117","4159011700","836",자가망, ,"37.208186","127.042145","203741.15344395","512118.230095186","1",CTM001, 
208,AE134,2255,스마트도시과,CTV001,병점-02274,동실유치원옆대로,"41590540","41590117","4159011700","843-8",자가망, ,"37.20883","127.043064","203822.690278811","512189.683409103","2",CTM001, 
209,AE134,2304,스마트도시과,CTV001,병점-02323,장미공원,"41590540","41590117","4159011700","855",KT, ,"37.212769","127.048231","204281.15685161","512627.08314762","2",CTM001, 
210,AE134,2305,스마트도시과,CTV001,병점-02324,정든어린이공원,"41590540","41590117","4159011700","858-1",KT, ,"37.209673","127.04801","204261.687694988","512283.496284255","1",CTM001, 
793,AE134,4097,스마트도시과,CTV001,반송-04112,반송동232(24차),"41590585","41590127","4159012700","232",동탄1자가망, ,"37.208241","127.069662","206183.798410268","512125.741999775","6",CTM001, 
794,AE134,4098,스마트도시과,CTV001,반송-04113,반송동233(24차),"41590585","41590127","4159012700","233",동탄1자가망, ,"37.208476","127.063384","205626.439956213","512151.420261797","5",CTM001, 
795,AE134,4448,스마트도시과,CTV001,반송-04465,반송동248-1-검지(반송-04465),"41590585","41590127","4159012700","248-1",KT, ,"37.20165","127.067083","205955.394513947","511394.086587517","1",CTM001, 
796,AE134,4451,스마트도시과,CTV001,반송-04468,반송동98-1-검지(반송-04468),"41590585","41590127","4159012700","98-1",동탄1자가망, ,"37.202142","127.067503","205992.611979065","511448.715917914","1",CTM001, 
797,AE134,4486,스마트도시과,CTV001,반송-04503,어울교아래(반송-04503),"41590585","41590127","4159012700","108",동탄1자가망, ,"37.20315","127.074333","206598.89050974","511561.039033432","5",CTM001, 
798,AE134,4487,스마트도시과,CTV001,반송-04504,반석산에코스쿨주차장(반송-04504),"41590585","41590127","4159012700","108",동탄1자가망, ,"37.201733","127.07435","206600.493440196","511403.816451208","4",CTM001, 
799,AE134,4489,스마트도시과,CTV001,반송-04506,향기가게주변(반송-04506),"41590586","41590127","4159012700","117-1",동탄1자가망, ,"37.198733","127.075983","206745.761170152","511070.987191247","3",CTM001, 
800,AE134,4490,스마트도시과,CTV001,반송-04507,헤리스주변(반송-04507),"41590586","41590127","4159012700","112-2",동탄1자가망, ,"37.1992","127.077967","206921.797901445","511122.921530574","4",CTM001, 
801,AE134,4491,스마트도시과,CTV001,반송-04508,카페블루힐주변(반송-04508),"41590586","41590127","4159012700","124-1",동탄1자가망, ,"37.196483","127.079467","207055.21914259","510821.532719815","5",CTM001, 
802,AE134,4499,스마트도시과,CTV001,반송-04516,동탄평화의소녀상(반송-04516),"41590585","41590127","4159012700","97",동탄1자가망, ,"37.20395","127.068367","206069.139654659","511649.425387747","1",CTM001, 
803,AE134,2293,스마트도시과,CTV001,석우-02312,반남박씨문화재주차장,"41590585","41590128","4159012800","45-5",KT, ,"37.215202","127.084676","207515.849555914","512899.337419771","1",CTM001, 
805,AE134,2665,스마트도시과,CTV001,반송-02693,잎새지하차도3-차도,"41590585","41590127","4159012700","19-3",LG, ,"37.2105","127.069548","206173.50662951","512376.43089378","1",CTM001, 
806,AE134,2670,스마트도시과,CTV001,석우-02698,풀입지하차도1-차도,"41590585","41590128","4159012800","108",LG, ,"37.215343","127.079578","207063.325947579","512914.652738107","1",CTM001, 
807,AE134,2679,스마트도시과,CTV001,석우-02707,풀입지하차도2-차도,"41590585","41590128","4159012800","108",LG, ,"37.213559","127.076354","206777.334017764","512716.388900457","1",CTM001, 
808,AE134,2680,스마트도시과,CTV001,석우-02708,풀입지하차도3-차도,"41590585","41590128","4159012800","108",LG, ,"37.213559","127.076354","206777.334017764","512716.388900457","1",CTM001, 
809,AE134,2681,스마트도시과,CTV001,석우-02709,풀입지하차도4-차도,"41590585","41590128","4159012800","108",LG, ,"37.214245","127.077881","206912.780661193","512792.601813362","1",CTM001, 
810,AE134,2739,스마트도시과,CTV001,석우-02767,전하리교회사거리(석우-02767),"41590585","41590128","4159012800","113",동탄1자가망, ,"37.211286","127.080154","207114.861280593","512464.439513948","5",CTM001, 
812,AE134,2742,스마트도시과,CTV001,석우-02770,열병합발전소삼거리(석우-02770),"41590585","41590128","4159012800","100",동탄1자가망, ,"37.219168","127.079233","207032.324017777","513339.128533837","5",CTM001, 
813,AE134,2750,스마트도시과,CTV001,석우-02778,석우동9-4산책로,"41590585","41590128","4159012800","4-8",동탄1자가망, ,"37.224966","127.075286","206681.547596834","513982.326627679","1",CTM001, 
814,AE134,2751,스마트도시과,CTV001,석우-02779,석우동87사거리,"41590585","41590128","4159012800","87",동탄1자가망, ,"37.22174","127.072723","206454.33012352","513624.106974745","1",CTM001, 
815,AE134,2752,스마트도시과,CTV001,석우-02780,석우동7-1식당가,"41590585","41590128","4159012800","7-1",동탄1자가망, ,"37.224476","127.074502","206611.97588347","513927.834965619","1",CTM001, 
816,AE134,2753,스마트도시과,CTV001,석우-02781,석우동549-11나래교앞,"41590585","41590128","4159012800","549-1",동탄1자가망, ,"37.208983","127.079676","207072.673287594","512208.801991979","1",CTM001, 
817,AE134,2754,스마트도시과,CTV001,석우-02782,석우동37삼거리,"41590585","41590128","4159012800","97",동탄1자가망, ,"37.22139","127.080115","207110.424498895","513585.773773762","1",CTM001, 
818,AE134,2755,스마트도시과,CTV001,석우-02783,석우동3-7대로사거리,"41590585","41590128","4159012800","72",동탄1자가망, ,"37.223636","127.074544","206615.785608522","513834.605364537","1",CTM001, 
819,AE134,2756,스마트도시과,CTV001,석우-02784,석우동3-1쓰리엠옆삼거리,"41590585","41590128","4159012800","81",동탄1자가망, ,"37.225037","127.072826","206463.237358809","513989.984596229","1",CTM001, 
820,AE134,2757,스마트도시과,CTV001,석우-02785,석우동31-7제일병원뒤삼거리,"41590585","41590128","4159012800","102",동탄1자가망, ,"37.217101","127.079171","207027.092799834","513109.702497574","1",CTM001, 
822,AE134,2759,스마트도시과,CTV001,석우-02787,석우동23-6삼거리,"41590585","41590128","4159012800","94",동탄1자가망, ,"37.220324","127.076103","206754.460470087","513467.118053479","1",CTM001, 
823,AE134,2760,스마트도시과,CTV001,석우-02788,석우동23-17(주)바텍앞삼거리,"41590585","41590128","4159012800","85",동탄1자가망, ,"37.221389","127.074878","206645.669685655","513585.315840197","1",CTM001, 
824,AE134,2761,스마트도시과,CTV001,석우-02789,석우동23-13한국도로전산삼거리,"41590585","41590128","4159012800","93",동탄1자가망, ,"37.218908","127.072514","206436.050805961","513309.706861813","1",CTM001, 
825,AE134,2762,스마트도시과,CTV001,석우-02790,석우동22동탄IC입구,"41590585","41590128","4159012800","23",동탄1자가망, ,"37.217226","127.086213","207652.113926373","513124.120829751","1",CTM001, 
826,AE134,2763,스마트도시과,CTV001,석우-02791,석우동2-14PSK앞도로,"41590585","41590128","4159012800","83",동탄1자가망, ,"37.222252","127.070522","206258.981652698","513680.74536588","1",CTM001, 
827,AE134,2764,스마트도시과,CTV001,석우-02792,석우동20-12디엔씨삼거리,"41590585","41590128","4159012800","86",동탄1자가망, ,"37.220681","127.069736","206189.342986037","513506.360138355","1",CTM001, 
828,AE134,2765,스마트도시과,CTV001,석우-02793,석우동14-1어린이공원,"41590585","41590128","4159012800","14-1",동탄1자가망, ,"37.22474","127.074729","206632.134349194","513957.172278023","1",CTM001, 
829,AE134,2942,스마트도시과,CTV001,석우-02971,석우동77주택가,"41590585","41590128","4159012800","77",동탄1자가망, ,"37.222282","127.076442","206784.372777259","513684.444686813","1",CTM001, 
830,AE134,2943,스마트도시과,CTV001,석우-02972,석우동64반석산등산로2,"41590585","41590128","4159012800","64",동탄1자가망, ,"37.203905","127.077427","206873.47799103","511645.027795734","1",CTM001, 
831,AE134,2944,스마트도시과,CTV001,석우-02973,석우동64반석산등산로1,"41590585","41590128","4159012800","64",동탄1자가망, ,"37.204967","127.077053","206840.136486396","511762.874152674","1",CTM001, 
832,AE134,2945,스마트도시과,CTV001,석우-02974,석우동64-1노작문학관공원내,"41590585","41590128","4159012800","64",동탄1자가망, ,"37.205175","127.075259","206680.843038536","511785.874690385","1",CTM001, 
833,AE134,2946,스마트도시과,CTV001,석우-02975,석우동637교차로,"41590585","41590128","4159012800","637",동탄1자가망, ,"37.204482","127.084472","207498.776572139","511709.587252312","1",CTM001, 
2055,AE134,1217,스마트도시과,CTV001,조암-01228,조암한라비발디앞대로,"41590356","41590256","4159025632","791-6",KT, ,"37.088099","126.824976","184438.806955973","498804.380825708","3",CTM002, 
2057,AE134,1221,스마트도시과,CTV001,조암-01232,마스터카경정비,"41590356","41590256","4159025632","210-11",자가망, ,"37.086439","126.818972","183904.646373862","498621.155191948","4",CTM002, 
2058,AE134,1226,스마트도시과,CTV001,조암-01237,프로건강원앞사거리,"41590356","41590256","4159025632","290-13",자가망, ,"37.082833","126.818864","183894.295278125","498220.957398602","4",CTM002, 
2059,AE134,1227,스마트도시과,CTV001,조암-01238,조암시장내,"41590356","41590256","4159025632","350-2",KT, ,"37.082918","126.817795","183799.235454242","498230.542455427","3",CTM002, 
2060,AE134,1231,스마트도시과,CTV001,조암-01242,홍익빌라앞,"41590356","41590256","4159025632","230-2",자가망, ,"37.086315","126.820431","184034.325350988","498607.1154339","5",CTM002, 
2061,AE134,1247,스마트도시과,CTV001,조암-01258,조암리211-4,"41590356","41590256","4159025632","211-4",KT, ,"37.086145","126.819014","183908.318482747","498588.520130672","1",CTM002, 
2062,AE134,1248,스마트도시과,CTV001,조암-01259,산마리노모텔골목안,"41590356","41590256","4159025632","270-90",자가망, ,"37.083491","126.81905","183910.977020214","498293.960283551","3",CTM002, 
2063,AE134,1257,스마트도시과,CTV001,조암-01268,조암리772-50,"41590356","41590256","4159025632","772-50",KT, ,"37.085073","126.819257","183929.697614666","498469.509087722","1",CTM002, 
2064,AE134,1258,스마트도시과,CTV001,조암-01269,조암리90-4,"41590356","41590256","4159025632","90-4",자가망, ,"37.08799","126.826469","184571.525976815","498792.040581882","1",CTM002, 
2065,AE134,1264,스마트도시과,CTV001,조암-01275,조암리260-12,"41590356","41590256","4159025632","260-12",KT, ,"37.084139","126.820319","184023.962167199","498365.619702458","1",CTM002, 
2066,AE134,1265,스마트도시과,CTV001,조암-01276,조암리365-27,"41590356","41590256","4159025632","365-27",자가망, ,"37.083599","126.814039","183465.422941609","498306.798556013","1",CTM002, 
2067,AE134,1266,스마트도시과,CTV001,조암-01277,조암리590,"41590356","41590256","4159025632","590",자가망, ,"37.083138","126.804426","182610.629256019","498257.341868218","1",CTM002, 
2068,AE134,1280,스마트도시과,CTV001,조암-01291,조암리513-8,"41590356","41590256","4159025632","513-8",자가망, ,"37.080283","126.803233","182503.894219132","497940.703710232","1",CTM002, 
2069,AE134,1313,스마트도시과,CTV001,조암-01324,조암리598-1,"41590356","41590256","4159025632","598-1",KT, ,"37.084009","126.801019","182307.819028808","498354.700602013","1",CTM002, 
2070,AE134,1314,스마트도시과,CTV001,조암-01325,조암리618-2,"41590356","41590256","4159025632","618-2",자가망, ,"37.080728","126.801523","182351.886965105","497990.450237996","1",CTM002, 
2071,AE134,1315,스마트도시과,CTV001,조암-01326,조암리624-6,"41590356","41590256","4159025632","624-6",자가망, ,"37.082194","126.801573","182356.686912827","498153.187705662","1",CTM002, 
2072,AE134,1316,스마트도시과,CTV001,조암-01327,조암리630-9,"41590356","41590256","4159025632","630-9",자가망, ,"37.082022","126.800484","182259.813830806","498134.295355756","1",CTM002, 
2074,AE134,1318,스마트도시과,CTV001,조암-01329,조암리756,"41590356","41590256","4159025632","756",KT, ,"37.082137","126.796471","181903.047273015","498147.732529665","1",CTM002, 
2075,AE134,1324,스마트도시과,CTV001,조암-01335,조암리144-5,"41590356","41590256","4159025632","144-5",자가망, ,"37.089394","126.820452","184036.88992575","498948.889639112","1",CTM002, 
2076,AE134,1325,스마트도시과,CTV001,조암-01336,조암리424-1,"41590356","41590256","4159025632","424-1",KT, ,"37.086347","126.811926","183278.132934678","498612.117559863","1",CTM002, 
2077,AE134,1326,스마트도시과,CTV001,조암-01337,조암리450,"41590356","41590256","4159025632","455-5",자가망, ,"37.082634","126.810947","183190.278241148","498200.323683045","1",CTM002, 
2078,AE134,1327,스마트도시과,CTV001,조암-01338,조암리493-8,"41590356","41590256","4159025632","493-8",자가망, ,"37.082207","126.807773","182907.98260058","498153.446171371","1",CTM002, 
2079,AE134,1328,스마트도시과,CTV001,조암-01339,조암리517,"41590356","41590256","4159025632","517",자가망, ,"37.080069","126.806066","182755.718931546","497916.48074841","1",CTM002, 
2080,AE134,1329,스마트도시과,CTV001,조암-01340,조암리772-83,"41590356","41590256","4159025632","29-2",KT, ,"37.095573","126.8238","184335.80619637","499634.057092787","1",CTM002, 
2081,AE134,1330,스마트도시과,CTV001,조암-01341,조암리789-1,"41590356","41590256","4159025632","789-1",KT, ,"37.09177","126.825637","184498.278980098","499211.64519159","1",CTM002, 
2082,AE134,1331,스마트도시과,CTV001,조암-01342,조암리830,"41590356","41590256","4159025632","830",자가망, ,"37.085384","126.820468","184037.43589948","498503.819547821","1",CTM002, 
2083,AE134,1332,스마트도시과,CTV001,조암-01343,조암리산54-1,"41590356","41590256","4159025632",산54-1,KT, ,"37.092602","126.816316","183669.821283018","499305.57493812","1",CTM002, 
2084,AE134,1333,스마트도시과,CTV001,조암-01344,조암리산90-1,"41590356","41590256","4159025632",산90-1,KT, ,"37.082689","126.80635","182781.608823701","498207.228331475","1",CTM002, 
2085,AE134,1342,스마트도시과,CTV001,조암-01353,조암리772-106,"41590356","41590256","4159025632","772-106",자가망, ,"37.085003","126.820002","183995.92273127","498461.614788409","1",CTM002, 
2086,AE134,1365,스마트도시과,CTV001,조암-01376,조암리363,"41590356","41590256","4159025632","363",자가망, ,"37.084","126.814769","183530.420612967","498351.151193866","1",CTM002, 
2087,AE134,1368,스마트도시과,CTV001,조암-01379,조암리270-72-고정,"41590356","41590256","4159025632","291-1",KT, ,"37.082916","126.818734","183882.749468927","498230.208491867","1",CTM002, 
2088,AE134,1398,스마트도시과,CTV001,어은-01409,어은리장안초교앞도로,"41590370","41590370","4159037021","411-7",자가망, ,"37.085241","126.822778","184242.812012678","498487.536138452","1",CTM002, 
2089,AE134,2205,스마트도시과,CTV001,조암-02223,우진약국건너편-환경,"41590356","41590256","4159025632","262-22",자가망, ,"37.084197","126.819694","183968.407473622","498372.241916998","1",CTM002, 
2091,AE134,2317,스마트도시과,CTV001,조암-02337,쌍봉산근린공원(놀이터),"41590356","41590256","4159025632",산55-12,KT, ,"37.0895","126.8185","183863.329358233","498960.943333776","3",CTM002, 
2092,AE134,2323,스마트도시과,CTV001,조암-02343,쌍봉산근린공원(체육시설),"41590356","41590256","4159025632",산55-12,KT, ,"37.089354","126.820087","184004.385781176","498944.483079024","3",CTM002, 
2093,AE134,2348,스마트도시과,CTV001,조암-02368,조암신태영아파트,"41590356","41590256","4159025632","233",자가망, ,"37.086466","126.821515","184130.748111708","498623.753852899","5",CTM002, 
2094,AE134,2352,스마트도시과,CTV001,조암-02372,조암2호어린이공원,"41590356","41590256","4159025632","790",KT, ,"37.09082","126.823903","184343.932724267","499106.572242286","3",CTM002, 
2095,AE134,2366,스마트도시과,CTV001,조암-02386,조암1호근린공원,"41590356","41590256","4159025632","791-5",KT, ,"37.089291","126.825561","184491.08551788","498936.528237453","5",CTM002, 
2096,AE134,2367,스마트도시과,CTV001,조암-02387,조암3호어린이공원,"41590356","41590256","4159025632","792-1",KT, ,"37.089464","126.822619","184229.566775936","498956.211958107","3",CTM002, 
2097,AE134,2377,스마트도시과,CTV001,조암-02397,조암5호어린이공원,"41590356","41590256","4159025632","808-3",KT, ,"37.085477","126.821228","184105.012568335","498514.018802709","3",CTM002, 
1412,AE134,3128,스마트도시과,CTV001,송-03163,워터프론트15,"41590610","41590137","4159013700","183-3",동탄2자가망, ,"37.168154","127.097012","208616.181495511","507678.941235693","1",CTM001, 
1413,AE134,3129,스마트도시과,CTV001,송-03164,워터프론트16,"41590610","41590137","4159013700","183-3",동탄2자가망, ,"37.170413","127.097499","208659.157224068","507929.725742462","1",CTM001, 
1414,AE134,3130,스마트도시과,CTV001,송-03165,워터프론트17,"41590610","41590137","4159013700","183-3",동탄2자가망, ,"37.168045","127.094505","208393.53086647","507666.658338249","1",CTM001, 
1415,AE134,3131,스마트도시과,CTV001,송-03166,워터프론트18,"41590610","41590137","4159013700","183-3",동탄2자가망, ,"37.169567","127.097332","208644.452926851","507835.85179316","1",CTM001, 
1416,AE134,3132,스마트도시과,CTV001,송-03167,워터프론트19,"41590610","41590137","4159013700","159-1",동탄2자가망, ,"37.169629","127.097272","208639.108197884","507842.698275195","1",CTM001, 
1417,AE134,3133,스마트도시과,CTV001,송-03168,워터프론트20,"41590610","41590137","4159013700","151-3",동탄2자가망, ,"37.167964","127.097162","208629.493354968","507657.933960948","1",CTM001, 
1418,AE134,3134,스마트도시과,CTV001,송-03169,워터프론트21,"41590610","41590137","4159013700","154-1",동탄2자가망, ,"37.166981","127.096769","208594.717064872","507548.78194109","1",CTM001, 
1419,AE134,3135,스마트도시과,CTV001,송-03170,워터프론트22,"41590610","41590137","4159013700","136",동탄2자가망, ,"37.167395","127.097694","208676.808339471","507594.765600786","1",CTM001, 
1421,AE134,3137,스마트도시과,CTV001,송-03172,워터프론트24,"41590610","41590137","4159013700","137",동탄2자가망, ,"37.167649","127.100013","208882.764631971","507623.229370317","1",CTM001, 
1422,AE134,3138,스마트도시과,CTV001,송-03173,워터프론트25,"41590610","41590137","4159013700",산37-1,동탄2자가망, ,"37.167026","127.100363","208913.936715768","507554.09675265","1",CTM001, 
1423,AE134,3139,스마트도시과,CTV001,송-03174,워터프론트26,"41590610","41590137","4159013700","681-834",동탄2자가망, ,"37.169882","127.102333","209088.55370132","507871.236151426","1",CTM001, 
1425,AE134,3141,스마트도시과,CTV001,송-03176,워터프론트28,"41590610","41590137","4159013700","681-696",동탄2자가망, ,"37.169907","127.101669","209029.538792377","507873.89392947","1",CTM001, 
1426,AE134,3142,스마트도시과,CTV001,송-03177,워터프론트29,"41590610","41590137","4159013700","681-701",동탄2자가망, ,"37.169899","127.102245","209080.693482679","507873.099922713","1",CTM001, 
1427,AE134,3143,스마트도시과,CTV001,송-03178,워터프론트30,"41590610","41590137","4159013700","681-717",동탄2자가망, ,"37.170359","127.104125","209247.649835996","507924.390562344","1",CTM001, 
1428,AE134,3144,스마트도시과,CTV001,송-03179,워터프론트31,"41590610","41590137","4159013700","681-751",동탄2자가망, ,"37.170113","127.105949","209409.680095655","507897.268699112","1",CTM001, 
1429,AE134,3145,스마트도시과,CTV001,송-03180,워터프론트32,"41590610","41590137","4159013700","681-773",동탄2자가망, ,"37.168869","127.106162","209428.747470983","507759.150847301","1",CTM001, 
1430,AE134,3146,스마트도시과,CTV001,송-03181,워터프론트33,"41590610","41590137","4159013700","55-1",동탄2자가망, ,"37.16815","127.104161","209251.12524744","507679.236238049","1",CTM001, 
1431,AE134,3147,스마트도시과,CTV001,송-03182,워터프론트34,"41590610","41590137","4159013700","70",동탄2자가망, ,"37.168779","127.105869","209402.722559904","507749.220029193","1",CTM001, 
1432,AE134,3148,스마트도시과,CTV001,송-03183,워터프론트35,"41590610","41590137","4159013700","81-5",동탄2자가망, ,"37.168617","127.105399","209360.961575487","507731.12356356","1",CTM001, 
1433,AE134,3149,스마트도시과,CTV001,송-03184,워터프론트36,"41590610","41590137","4159013700","143-1",동탄2자가망, ,"37.168456","127.105125","209336.651387707","507713.296339364","1",CTM001, 
1434,AE134,3150,스마트도시과,CTV001,송-03185,워터프론트37,"41590610","41590137","4159013700","112-1",동탄2자가망, ,"37.16648","127.101457","209011.106591583","507493.556826278","1",CTM001, 
1435,AE134,3151,스마트도시과,CTV001,송-03186,워터프론트38,"41590610","41590137","4159013700","131-2",동탄2자가망, ,"37.167087","127.101044","208974.402944569","507560.956321999","1",CTM001, 
1436,AE134,3173,스마트도시과,CTV001,송-03208,워터프론트60,"41590610","41590137","4159013700","128",동탄2자가망, ,"37.165662","127.10173","209035.483029791","507402.827171218","1",CTM001, 
1437,AE134,3229,스마트도시과,CTV001,송-03265,송동681-589,"41590610","41590137","4159013700","681-589",동탄2자가망, ,"37.172672","127.102029","209061.231085342","508180.841570226","5",CTM001, 
1439,AE134,3263,스마트도시과,CTV001,송-03305,송동681-670,"41590610","41590137","4159013700","681-670",동탄2자가망, ,"37.169592","127.095084","208444.765123637","507838.37490186","3",CTM001, 
1440,AE134,3264,스마트도시과,CTV001,송-03306,송동681-669,"41590610","41590137","4159013700","681-669",동탄2자가망, ,"37.169816","127.095384","208471.374473374","507863.22584932","4",CTM001, 
1441,AE134,3265,스마트도시과,CTV001,송-03307,송동190-2,"41590610","41590137","4159013700","190-2",동탄2자가망, ,"37.169252","127.094149","208361.792978453","507800.509756907","5",CTM001, 
1442,AE134,3266,스마트도시과,CTV001,송-03308,송동194,"41590610","41590137","4159013700","194",동탄2자가망, ,"37.168303","127.09354","208307.774378842","507695.241915222","5",CTM001, 
1443,AE134,3267,스마트도시과,CTV001,송-03309,송동185,"41590610","41590137","4159013700","185",동탄2자가망, ,"37.168579","127.095077","208444.248188053","507725.909600896","4",CTM001, 
1444,AE134,3268,스마트도시과,CTV001,송-03310,송동432,"41590610","41590137","4159013700","432",동탄2자가망, ,"37.167375","127.095405","208473.476543461","507592.340090094","4",CTM001, 
1445,AE134,3269,스마트도시과,CTV001,송-03311,송동447-9,"41590610","41590137","4159013700","447-9",동탄2자가망, ,"37.166825","127.093639","208316.734448856","507531.134372097","4",CTM001, 
1446,AE134,3270,스마트도시과,CTV001,송-03312,송동192-1,"41590610","41590137","4159013700","192-1",동탄2자가망, ,"37.169026","127.094462","208389.582093889","507775.475669638","4",CTM001, 
1447,AE134,3271,스마트도시과,CTV001,송-03313,송동435-6,"41590610","41590137","4159013700","435-6",동탄2자가망, ,"37.166873","127.095977","208524.397919732","507536.733422002","4",CTM001, 
1448,AE134,3272,스마트도시과,CTV001,송-03314,송동산41-3,"41590610","41590137","4159013700",산41-3,동탄2자가망, ,"37.165962","127.0953","208464.375884542","507435.549300546","4",CTM001, 
1449,AE134,3273,스마트도시과,CTV001,송-03315,송동산38-1,"41590610","41590137","4159013700",산38-1,동탄2자가망, ,"37.166743","127.099647","208850.34149211","507522.610988251","5",CTM001, 
1450,AE134,3274,스마트도시과,CTV001,송-03316,송동456,"41590610","41590137","4159013700","456",동탄2자가망, ,"37.165337","127.09345","208300.105396507","507366.033872815","4",CTM001, 
1451,AE134,3275,스마트도시과,CTV001,송-03317,송동134-9,"41590610","41590137","4159013700","134-9",동탄2자가망, ,"37.166953","127.099196","208810.260665079","507545.874967958","4",CTM001, 
1452,AE134,3281,스마트도시과,CTV001,송-03324,송동산41-12,"41590610","41590137","4159013700",산41-12,동탄2자가망, ,"37.165394","127.096369","208559.347221005","507372.55262173","4",CTM001, 
1453,AE134,3288,스마트도시과,CTV001,송-03331,송동681-183,"41590610","41590137","4159013700","681-183",동탄2자가망, ,"37.173809","127.102194","209075.704283354","508307.098121233","4",CTM001, 
1454,AE134,3289,스마트도시과,CTV001,송-03332,송동681-16,"41590610","41590137","4159013700","681-16",동탄2자가망, ,"37.176741","127.101486","209012.532787704","508632.382483119","4",CTM001, 
211,AE134,2330,스마트도시과,CTV001,병점-02350,살구꽃공원,"41590540","41590117","4159011700","863-1",KT, ,"37.205989","127.044528","203952.812061084","511874.444925551","1",CTM001, 
212,AE134,2333,스마트도시과,CTV001,병점-02353,구봉산공원,"41590540","41590117","4159011700","865",KT, ,"37.203776","127.044847","203981.246258013","511628.834035408","1",CTM001, 
213,AE134,2355,스마트도시과,CTV001,병점-02375,느치미어린이공원,"41590540","41590117","4159011700","835-2",KT, ,"37.209775","127.04222","203747.723615237","512294.582771966","3",CTM001, 
214,AE134,3498,스마트도시과,CTV001,병점-03542,병점동203-15(신미주APT),"41590540","41590117","4159011700","203-15",KT, ,"37.213125","127.051787","204596.71451624","512666.759197199","4",CTM001, 
215,AE134,3511,스마트도시과,CTV001,병점-03556,병점동859-4(목련어린이공원),"41590540","41590117","4159011700","859-4",KT, ,"37.205887","127.046068","204089.533778951","511863.156875612","5",CTM001, 
216,AE134,3584,스마트도시과,CTV001,병점-3598,병점동836-1-검지(20차),"41590540","41590117","4159011700","836-1",자가망, ,"37.2076","127.042998","203816.911330787","512053.140146568","3",CTM001, 
217,AE134,3585,스마트도시과,CTV001,병점-3599,병점동259-27-검지(20차),"41590540","41590117","4159011700","259-16",자가망, ,"37.208192","127.043593","203869.716450342","512118.909760631","3",CTM001, 
218,AE134,4365,스마트도시과,CTV001,병점-04375,리더스프라자(병점-04375),"41590540","41590117","4159011700","843-20",KT, ,"37.214529","127.044109","203915.158009368","512822.221448234","4",CTM001, 
219,AE134,4500,스마트도시과,CTV001,병점-04517,구봉산산책로(병점-04517),"41590540","41590117","4159011700","865",KT, ,"37.20525","127.048083","204268.446372501","511792.594916667","4",CTM001, 
220,AE134,425,스마트도시과,CTV001,반월-00426,삼성부동산앞버스정류장,"41590550","41590120","4159012000","543",자가망, ,"37.220171","127.058585","205199.639327907","513449.021317211","4",CTM001, 
221,AE134,2216,스마트도시과,CTV001,능-02234,동탄푸른어린이집(능-02234),"41590520","41590118","4159011800","977-3",KT, ,"37.199266","127.057548","205109.07236781","511128.905849358","4",CTM001, 
222,AE134,2296,스마트도시과,CTV001,능-02315,동탄2호어린이공원,"41590520","41590118","4159011800","1166",동탄1자가망, ,"37.19831","127.051722","204591.877946505","511022.553835711","2",CTM001, 
223,AE134,2339,스마트도시과,CTV001,능-02359,서동탄역,"41590520","41590118","4159011800","1174",동탄1자가망, ,"37.197359","127.053206","204723.686695411","510917.083491354","4",CTM001, 
224,AE134,2343,스마트도시과,CTV001,능-02363,손바닥공원,"41590520","41590118","4159011800","1118",KT, ,"37.209614","127.056828","205044.409575076","512277.303729617","1",CTM001, 
225,AE134,2356,스마트도시과,CTV001,능-02376,동탄1호어린이공원,"41590520","41590118","4159011800","1097-1",KT, ,"37.216485","127.05623","204990.901064621","513039.871411644","3",CTM001, 
226,AE134,2673,스마트도시과,CTV001,진안-02701,하나지하차도3-차도,"41590587","41590118","4159011800","1175",LG, ,"37.2162","127.05935","205267.848015874","513008.410560336","1",CTM001, 
228,AE134,2732,스마트도시과,CTV001,능-02760,한마음초등학교(능-02760),"41590587","41590118","4159011800","1230",동탄1자가망, ,"37.208582","127.05561","204936.376602837","512162.795381939","3",CTM001, 
229,AE134,2733,스마트도시과,CTV001,능-02761,한마음초교앞삼거리(능-02761),"41590587","41590118","4159011800","1234",동탄1자가망, ,"37.208","127.055416","204919.193456007","512098.094138365","3",CTM001, 
230,AE134,2736,스마트도시과,CTV001,능-02764,푸른초등학교(능-02764),"41590587","41590118","4159011800","1239",동탄1자가망, ,"37.201494","127.054953","204878.494552417","511376.046764543","4",CTM001, 
231,AE134,2737,스마트도시과,CTV001,능-02765,푸른초교앞도로,"41590587","41590118","4159011800","1239",동탄1자가망, ,"37.201481","127.055894","204962.033853843","511374.663962268","1",CTM001, 
232,AE134,2743,스마트도시과,CTV001,능-02771,신일해피트리968동뒤대로,"41590587","41590118","4159011800","1242",동탄1자가망, ,"37.199121","127.055553","204931.93239343","511112.807720956","1",CTM001, 
233,AE134,2745,스마트도시과,CTV001,반송-02773,숲속초교후문사거리[2],"41590586","41590127","4159012700","244",동탄1자가망, ,"37.206745","127.059847","205312.650720613","511959.129249882","3",CTM001, 
234,AE134,2746,스마트도시과,CTV001,능-02774,숲속초교후문사거리[1](능-02774),"41590587","41590118","4159011800","1241",동탄1자가망, ,"37.206687","127.059882","205315.699645409","511952.627655536","5",CTM001, 
235,AE134,2766,스마트도시과,CTV001,능-02794,복지재단입구사거리(능-02794),"41590587","41590118","4159011800","1246",동탄1자가망, ,"37.204939","127.052721","204680.16873798","511758.276466491","5",CTM001, 
236,AE134,2870,스마트도시과,CTV001,능-02899,모아미래도9단지후문진입로,"41590587","41590118","4159011800","1244",동탄1자가망, ,"37.200301","127.056506","205016.469645658","511243.749215078","2",CTM001, 
237,AE134,2871,스마트도시과,CTV001,능-02900,모아미래도943동뒤사거리(능-02900),"41590587","41590118","4159011800","1241",동탄1자가망, ,"37.199833","127.05923","205258.323518473","511192.02416936","5",CTM001, 
238,AE134,2872,스마트도시과,CTV001,반송-02901,모아미래도941동뒤사거리(반송-02901),"41590585","41590127","4159012700","244",동탄1자가망, ,"37.201417","127.059162","205252.203498934","511367.792791564","5",CTM001, 
239,AE134,2873,스마트도시과,CTV001,능-02902,동탄이화유치원(능-02902),"41590587","41590118","4159011800","1234",동탄1자가망, ,"37.208341","127.052427","204653.860761826","512135.887745606","5",CTM001, 
240,AE134,2874,스마트도시과,CTV001,능-02903,동탄숲속성당앞도로,"41590587","41590118","4159011800","1235",동탄1자가망, ,"37.209128","127.049489","204392.978608267","512223.001171643","1",CTM001, 
241,AE134,2882,스마트도시과,CTV001,능-02911,데시앙817동뒤산책로,"41590587","41590118","4159011800","1133",동탄1자가망, ,"37.205605","127.054963","204879.179801163","511832.325453337","1",CTM001, 
242,AE134,2883,스마트도시과,CTV001,능-02912,능리교차로(능-02912),"41590587","41590118","4159011800","1175",동탄1자가망, ,"37.218415","127.056446","205009.945310571","513254.077565424","5",CTM001, 
243,AE134,2884,스마트도시과,CTV001,능-02913,능동초등학교(능-02913),"41590587","41590118","4159011800","1201",동탄1자가망, ,"37.213176","127.058051","205152.764549547","512672.752699763","4",CTM001, 
244,AE134,2885,스마트도시과,CTV001,능-02914,능동고교앞삼거리,"41590587","41590118","4159011800","1219",동탄1자가망, ,"37.212722","127.05786","205135.815027877","512622.378838038","1",CTM001, 
246,AE134,2888,스마트도시과,CTV001,능-02917,능동1257주택가,"41590587","41590118","4159011800","1257",동탄1자가망, ,"37.200339","127.052288","204642.012082208","511247.707173212","1",CTM001, 
247,AE134,2889,스마트도시과,CTV001,능-02918,능동1253주택가,"41590587","41590118","4159011800","1253",동탄1자가망, ,"37.202332","127.053172","204720.358495866","511468.947929207","1",CTM001, 
248,AE134,2890,스마트도시과,CTV001,능-02919,능동1238포스코905동뒷길,"41590587","41590118","4159011800","1133-1",동탄1자가망, ,"37.2044","127.057698","205122.015623053","511698.725958885","1",CTM001, 
249,AE134,2891,스마트도시과,CTV001,능-02920,능동1202상록예가뒤도로,"41590587","41590118","4159011800","1202",동탄1자가망, ,"37.215704","127.057237","205080.333442406","512953.248223858","1",CTM001, 
251,AE134,2893,스마트도시과,CTV001,능-02922,능동1184에스제이티앞도로,"41590587","41590118","4159011800","1184",동탄1자가망, ,"37.219474","127.059957","205321.494766477","513371.798723251","1",CTM001, 
834,AE134,2947,스마트도시과,CTV001,석우-02976,석우동61예당고교앞삼거리,"41590585","41590128","4159012800","114",동탄1자가망, ,"37.206854","127.075856","206733.726228831","511972.254973249","1",CTM001, 
835,AE134,2948,스마트도시과,CTV001,석우-02977,석우동61-2예당고교뒤대로,"41590585","41590128","4159012800","116",동탄1자가망, ,"37.208717","127.079589","207064.97533235","512179.252201972","1",CTM001, 
836,AE134,2949,스마트도시과,CTV001,석우-02978,석우동591-13노작로,"41590585","41590128","4159012800","606",동탄1자가망, ,"37.216353","127.087943","207805.675036446","513027.400367713","1",CTM001, 
837,AE134,2950,스마트도시과,CTV001,석우-02979,석우동590-20노작로,"41590585","41590128","4159012800","590-9",동탄1자가망, ,"37.212081","127.085147","207557.966928573","512553.001056096","1",CTM001, 
838,AE134,2952,스마트도시과,CTV001,석우-02981,석우동56-4노작홍보관사거리(석우-02981),"41590585","41590128","4159012800","110",동탄1자가망, ,"37.206933","127.075561","206707.541003128","511980.957206111","4",CTM001, 
839,AE134,2953,스마트도시과,CTV001,석우-02982,석우동56-2위너스타사거리,"41590585","41590128","4159012800","110",동탄1자가망, ,"37.208062","127.073727","206544.666158276","512106.116055093","1",CTM001, 
840,AE134,2954,스마트도시과,CTV001,석우-02983,석우동557-1교차로,"41590585","41590128","4159012800","557-1",동탄1자가망, ,"37.204991","127.083728","207432.750733212","511766.018287715","1",CTM001, 
841,AE134,2955,스마트도시과,CTV001,석우-02984,석우동553-26열림교앞대로(석우-02984),"41590585","41590128","4159012800","117",동탄1자가망, ,"37.204776","127.080256","207124.482918681","511741.912696669","4",CTM001, 
842,AE134,2956,스마트도시과,CTV001,석우-02985,석우동53-3롯데A155동뒤대로,"41590585","41590128","4159012800","107",동탄1자가망, ,"37.212798","127.074645","206625.71494366","512631.822065729","1",CTM001, 
843,AE134,2957,스마트도시과,CTV001,석우-02986,석우동52육교아래,"41590585","41590128","4159012800","112",동탄1자가망, ,"37.210002","127.076666","206805.364995766","512321.66067582","1",CTM001, 
844,AE134,2958,스마트도시과,CTV001,석우-02987,석우동45큰재봉산정상(정자),"41590585","41590128","4159012800","45",동탄1자가망, ,"37.212791","127.08256","207328.239481416","512631.616962612","1",CTM001, 
845,AE134,2959,스마트도시과,CTV001,석우-02988,석우동45-1큰재봉공원진입로,"41590585","41590128","4159012800","45-1",동탄1자가망, ,"37.214014","127.081792","207259.987838256","512767.232962965","1",CTM001, 
846,AE134,2960,스마트도시과,CTV001,석우-02989,예원초등학교(석우-02989),"41590585","41590128","4159012800","45-1",동탄1자가망, ,"37.210456","127.077323","206863.607837318","512372.082594907","6",CTM001, 
847,AE134,2961,스마트도시과,CTV001,석우-02990,석우동43지하차도위(이마트앞),"41590585","41590128","4159012800","109",동탄1자가망, ,"37.215109","127.07916","207026.301171523","512888.659378755","1",CTM001, 
848,AE134,2962,스마트도시과,CTV001,석우-02991,석우동338-11예당고교뒤사거리,"41590585","41590128","4159012800","114",동탄1자가망, ,"37.208995","127.080937","207184.581370624","512210.184231801","1",CTM001, 
849,AE134,2963,스마트도시과,CTV001,석우-02992,석우동24-9도쿄일렉트론앞코너,"41590585","41590128","4159012800","92",동탄1자가망, ,"37.218511","127.06975","206190.777076116","513265.530590805","1",CTM001, 
851,AE134,2965,스마트도시과,CTV001,석우-02994,석우동118동탄보건소앞삼거리,"41590585","41590128","4159012800","118",동탄1자가망, ,"37.206714","127.077573","206886.148150737","511956.82985425","1",CTM001, 
852,AE134,2966,스마트도시과,CTV001,석우-02995,석우동114예당고교뒤사거리(석우-02995),"41590585","41590128","4159012800","116",동탄1자가망, ,"37.209301","127.080566","207151.566439881","512244.183075684","5",CTM001, 
853,AE134,2967,스마트도시과,CTV001,석우-02996,석우동11-2주택가,"41590585","41590128","4159012800","73",동탄1자가망, ,"37.223852","127.076123","206755.894183065","513858.752160603","1",CTM001, 
854,AE134,4117,스마트도시과,CTV001,석우-04131,석우동11-7(24차),"41590585","41590128","4159012800","11-7",kt, ,"37.223123","127.075994","206744.501515606","513777.770593325","5",CTM001, 
855,AE134,4118,스마트도시과,CTV001,석우-04132,석우동120(24차),"41590585","41590128","4159012800","120",kt, ,"37.207573","127.078691","206985.331807269","512052.189372486","5",CTM001, 
856,AE134,4272,스마트도시과,CTV001,석우-04287,동탄디오네오피스텔뒤(25차),"41590585","41590128","4159012800","85",동탄1자가망, ,"37.2235","127.07415","206580.847531382","513819.503264161","5",CTM001, 
857,AE134,4318,스마트도시과,CTV001,석우-04333,한림대성심병원부근-검지1,"41590585","41590128","4159012800",산1-11,동탄1자가망, ,"37.217115","127.082889","207357.058142798","513111.527393179","8",CTM001, 
858,AE134,4473,스마트도시과,CTV001,오산-04490,반석산및오산천둘레길6(오산-04490),"41590585","41590129","4159012900","967-1639",동탄1자가망, ,"37.1965","127.08275","207346.718875831","510823.631877863","3",CTM001, 
859,AE134,4474,스마트도시과,CTV001,오산-04491,반석산및오산천둘레길7(오산-04491),"41590585","41590129","4159012900",산88-60,동탄1자가망, ,"37.197383","127.083067","207374.747288905","510921.690014592","3",CTM001, 
860,AE134,4475,스마트도시과,CTV001,오산-04492,반석산및오산천둘레길8(오산-04492),"41590585","41590129","4159012900","967-1638",동탄1자가망, ,"37.198533","127.083333","207398.310019104","511049.339394865","3",CTM001, 
861,AE134,4476,스마트도시과,CTV001,오산-04493,반석산및오산천둘레길9(오산-04493),"41590585","41590129","4159012900","967-1638",동탄1자가망, ,"37.199317","127.0832","207386.396397956","511136.264429071","3",CTM001, 
862,AE134,4477,스마트도시과,CTV001,오산-04494,반석산및오산천둘레길10(오산-04494),"41590585","41590129","4159012900","967-1636",동탄1자가망, ,"37.199733","127.08295","207364.161217184","511182.487229988","3",CTM001, 
863,AE134,4478,스마트도시과,CTV001,오산-04495,반석산및오산천둘레길11(오산-04495),"41590585","41590129","4159012900","967-1636",동탄1자가망, ,"37.199933","127.082717","207343.426899247","511204.665408156","3",CTM001, 
864,AE134,4479,스마트도시과,CTV001,오산-04496,반석산및오산천둘레길12(오산-04496),"41590585","41590129","4159012900","967-1635",동탄1자가망, ,"37.201183","127.083083","207375.857242705","511343.420679719","3",CTM001, 
865,AE134,4480,스마트도시과,CTV001,석우-04497,반석산및오산천둘레길13(석우-04497),"41590585","41590128","4159012800","581-9",동탄1자가망, ,"37.202183","127.082817","207352.086483034","511454.381414792","3",CTM001, 
866,AE134,4481,스마트도시과,CTV001,석우-04498,반석산및오산천둘레길14(석우-04498),"41590585","41590128","4159012800","581-9",동탄1자가망, ,"37.202983","127.0824","207315.019503313","511543.134348312","3",CTM001, 
867,AE134,4482,스마트도시과,CTV001,석우-04499,반석산및오산천둘레길15(석우-04499),"41590585","41590128","4159012800","581-9",동탄1자가망, ,"37.2036","127.081867","207267.613962939","511611.531894397","3",CTM001, 
868,AE134,4483,스마트도시과,CTV001,석우-04500,반석산및오산천둘레길16(석우-04500),"41590585","41590128","4159012800","581-10",동탄1자가망, ,"37.204083","127.0808","207172.876167594","511665.091674879","3",CTM001, 
870,AE134,4485,스마트도시과,CTV001,석우-04502,홍사용문학관주차장(석우-04502),"41590585","41590128","4159012800","117",동탄1자가망, ,"37.205983","127.076","206746.595514989","511875.604000531","4",CTM001, 
872,AE134,4493,스마트도시과,CTV001,석우-04510,팔각정(석우-04510),"41590585","41590128","4159012800","64",동탄1자가망, ,"37.201933","127.079783","207082.824276434","511426.405018043","5",CTM001, 
2098,AE134,3772,스마트도시과,CTV001,조암-3786,조암리411-1-검지(20차),"41590356","41590256","4159025632","385-38",자가망, ,"37.08886","126.816719","183704.806606368","498890.251607017","1",CTM002, 
2100,AE134,3776,스마트도시과,CTV001,조암-3790,조암리632-8-검지(20차),"41590356","41590256","4159025632","632-8",자가망, ,"37.081156","126.799714","182191.159066727","498038.273523466","1",CTM002, 
2101,AE134,3777,스마트도시과,CTV001,조암-3791,조암리산109-검지(20차),"41590356","41590256","4159025632",산109,KT, ,"37.08442","126.803087","182491.821778517","498399.843450269","1",CTM002, 
2102,AE134,4042,스마트도시과,CTV001,조암-04058,조암리201-4-검지(23차),"41590356","41590256","4159025632","201-4",KT, ,"37.087662","126.818661","183877.273624271","498756.906868194","2",CTM002, 
2103,AE134,4044,스마트도시과,CTV001,조암-04060,조암리194-16-검지1(23차),"41590356","41590256","4159025632","194-16",KT, ,"37.087752","126.819436","183946.216276081","498766.83366903","2",CTM002, 
2105,AE134,4121,스마트도시과,CTV001,조암-04135,조암리821(24차),"41590356","41590256","4159025632","821",kt, ,"37.087767","126.823122","184273.856633579","498767.834339379","4",CTM002, 
2106,AE134,1782,스마트도시과,CTV001,평-01797,평리하나은행앞대로,"41590259","41590259","4159025921","37",자가망, ,"37.132386","126.910888","192081.78170113","503708.767715686","1",CTM002, 
2107,AE134,1791,스마트도시과,CTV001,평-01806,평리주차장앞삼거리(평-01806),"41590259","41590259","4159025921","120-2",자가망, ,"37.130818","126.907797","191806.935660947","503534.9998816","3",CTM002, 
2108,AE134,1792,스마트도시과,CTV001,평-01807,평리영재빌딩앞(평-01807),"41590259","41590259","4159025921","81-25",자가망, ,"37.130948","126.909726","191978.351193659","503549.209270264","4",CTM002, 
2109,AE134,1805,스마트도시과,CTV001,평-01820,발안하나로마트평리점(평-01820),"41590259","41590259","4159025921","80-25",자가망, ,"37.131891","126.908787","191895.057786991","503653.97656829","5",CTM002, 
2110,AE134,1809,스마트도시과,CTV001,평-01824,발안맷돌시즌2앞사거리,"41590259","41590259","4159025921","148-1",자가망, ,"37.129261","126.907278","191760.650801178","503362.217682258","3",CTM002, 
2111,AE134,1810,스마트도시과,CTV001,평-01825,발안바이오고,"41590259","41590259","4159025921","62-1",자가망, ,"37.133195","126.914725","192422.753849947","503798.170919443","3",CTM002, 
2112,AE134,1816,스마트도시과,CTV001,평-01831,평리공영주차장앞(평-01831),"41590259","41590259","4159025921","223-42",자가망, ,"37.134631","126.910824","192076.31112473","503957.879192144","4",CTM002, 
2113,AE134,1822,스마트도시과,CTV001,평-01838,삼성빌라앞(평-01838),"41590259","41590259","4159025921","222-25",자가망, ,"37.133697","126.908099","191834.121302456","503854.473494642","4",CTM002, 
2114,AE134,1823,스마트도시과,CTV001,평-01839,서울떡집앞(평-01839),"41590259","41590259","4159025921","97-2",자가망, ,"37.132","126.906987","191735.107975379","503666.239742008","5",CTM002, 
2115,AE134,1835,스마트도시과,CTV001,평-01851,서원아트빌,"41590259","41590259","4159025921","61-6",자가망, ,"37.132824","126.91405","192362.809716873","503757.051312979","4",CTM002, 
2116,AE134,1839,스마트도시과,CTV001,평-01855,평리공영주차장(평-01855),"41590259","41590259","4159025921","650-1",KT, ,"37.13055","126.9083","191851.604740415","503505.182830666","4",CTM002, 
2117,AE134,1862,스마트도시과,CTV001,평-01878,평리35-14(평-01878),"41590259","41590259","4159025921","35-14",자가망, ,"37.133427","126.909531","191961.259320999","503824.367804082","4",CTM002, 
2118,AE134,1869,스마트도시과,CTV001,평-01885,평리94-19(평-01885),"41590259","41590259","4159025921","94-19",KT, ,"37.132775","126.906086","191655.150175557","503752.350385281","3",CTM002, 
2119,AE134,1877,스마트도시과,CTV001,평-01893,평리98-1(평-01893),"41590259","41590259","4159025921","98-1",KT, ,"37.132302","126.907361","191768.346772273","503699.7232752","3",CTM002, 
2120,AE134,1880,스마트도시과,CTV001,평-01896,평리221-50,"41590259","41590259","4159025921","221-50",KT, ,"37.124508","126.909907","191993.775925243","502834.555532606","1",CTM002, 
2121,AE134,1881,스마트도시과,CTV001,평-01897,평리213-1,"41590259","41590259","4159025921","213-1",KT, ,"37.128766","126.91053","192049.552174353","503307.056274385","1",CTM002, 
2123,AE134,1883,스마트도시과,CTV001,평-01899,평리81-162(평-01899),"41590259","41590259","4159025921","81-162",자가망, ,"37.131011","126.908619","191879.991256574","503556.350637423","3",CTM002, 
2124,AE134,2022,스마트도시과,CTV001,평-02040,평리117-5-고정,"41590259","41590259","4159025921","117-5",KT, ,"37.130897","126.90748","191778.785671847","503543.781394959","1",CTM002, 
2125,AE134,2023,스마트도시과,CTV001,평-02041,평리164-2-고정,"41590259","41590259","4159025921","164-2",KT, ,"37.12904","126.908245","191846.55989973","503337.576500625","1",CTM002, 
2126,AE134,2025,스마트도시과,CTV001,평-02043,평리40-4-고정,"41590259","41590259","4159025921","40-4",KT, ,"37.134034","126.911297","192118.295150771","503891.573514651","1",CTM002, 
2127,AE134,2027,스마트도시과,CTV001,평-02045,평리80-41(평-02045),"41590259","41590259","4159025921","80-41",자가망, ,"37.131414","126.908509","191870.295415774","503601.051722257","3",CTM002, 
2128,AE134,2028,스마트도시과,CTV001,평-02046,평리81-43-고정,"41590259","41590259","4159025921","81-119",KT, ,"37.131213","126.910398","192038.100973973","503578.562417671","1",CTM002, 
2129,AE134,2029,스마트도시과,CTV001,평-02047,평리85-23-검지(평-02047),"41590259","41590259","4159025921","85-23",자가망, ,"37.132533","126.909302","191940.869827441","503725.181995482","2",CTM002, 
2130,AE134,2030,스마트도시과,CTV001,평-02048,평리35-1-고정,"41590259","41590259","4159025921","35-1",KT, ,"37.133063","126.911082","192099.072561668","503783.840747165","1",CTM002, 
2131,AE134,2031,스마트도시과,CTV001,평-02049,평리81-144(평-02049),"41590259","41590259","4159025921","81-144",KT, ,"37.13219","126.909744","191980.099483822","503687.033977411","3",CTM002, 
2132,AE134,2277,스마트도시과,CTV001,행정-02296,발안초등학교후문,"41590259","41590259","4159025939","292-2",KT, ,"37.131073","126.91241","192216.869990647","503562.880516669","3",CTM002, 
2133,AE134,3418,스마트도시과,CTV001,평-03461,MG새마을금고-검지(평-03461),"41590259","41590259","4159025921","86-2",KT, ,"37.132932","126.908879","191903.30805731","503769.488003052","3",CTM002, 
2134,AE134,3900,스마트도시과,CTV001,평-03916,향남스파랜드후문(22차),"41590259","41590259","4159025921","35-35",KT, ,"37.133199","126.910171","192018.129844321","503799.032479578","5",CTM002, 
2135,AE134,3947,스마트도시과,CTV001,평-03963,BIT-발안삼거리,"41590259","41590259","4159025921","26-4",KT, ,"37.134715","126.911465","192133.275567817","503967.14820643","1",CTM002, 
2136,AE134,4134,스마트도시과,CTV001,행정-04148,행정리526-1(24차),"41590259","41590259","4159025939","526-1",kt, ,"37.131828","126.916704","192598.502667622","503646.309290848","4",CTM002, 
2137,AE134,4363,스마트도시과,CTV001,평-04386,발안쌍용자동차(평-04386),"41590259","41590259","4159025921","37",KT, ,"37.133841","126.911156","192105.728754407","503870.177170945","4",CTM002, 
2139,AE134,4454,스마트도시과,CTV001,평-04471,만세빌딩(평-04471),"41590259","41590259","4159025921","89-11",KT, ,"37.132972","126.908139","191837.548689035","503774.015265039","4",CTM002, 
2140,AE134,4455,스마트도시과,CTV001,평-04472,평리81-119(평-04472),"41590259","41590259","4159025921","81-119",KT, ,"37.131389","126.91","192002.753814429","503598.138247201","4",CTM002, 
1455,AE134,3290,스마트도시과,CTV001,송-03333,송동산49-31,"41590610","41590137","4159013700",산49-31,동탄2자가망, ,"37.172657","127.100422","208918.515113522","508179.046702725","4",CTM001, 
1456,AE134,3291,스마트도시과,CTV001,송-03334,송동산49-24,"41590610","41590137","4159013700",산49-24,동탄2자가망, ,"37.175056","127.105619","209379.764382901","508445.769249621","5",CTM001, 
1457,AE134,3292,스마트도시과,CTV001,송-03335,송동681-190,"41590610","41590137","4159013700","681-190",동탄2자가망, ,"37.175143","127.100975","208967.306661803","508454.964178545","5",CTM001, 
1458,AE134,3293,스마트도시과,CTV001,송-03336,송동산49-10,"41590610","41590137","4159013700",산49-10,동탄2자가망, ,"37.172771","127.098959","208788.5639148","508191.584120577","3",CTM001, 
1459,AE134,3350,스마트도시과,CTV001,송-03393,송동442,"41590610","41590137","4159013700","442",동탄2자가망, ,"37.165336","127.094944","208432.826308694","507366.005878855","4",CTM001, 
1460,AE134,3415,스마트도시과,CTV001,송-03458,송동681-136,"41590610","41590137","4159013700","681-136",동탄2자가망, ,"37.175001","127.102166","209073.066320212","508439.295953904","5",CTM001, 
1461,AE134,4496,스마트도시과,CTV001,송-04513,송동727[1],"41590610","41590137","4159013700","727",동탄1자가망, ,"37.171592","127.102602","209112.249999937","508061.000102191","1",CTM001, 
1462,AE134,4497,스마트도시과,CTV001,송-04514,송동727[2],"41590610","41590137","4159013700","727",동탄1자가망, ,"37.171285","127.102506","209103.749999863","508027.000102198","1",CTM001, 
1463,AE134,4498,스마트도시과,CTV001,송-04515,송동727[3],"41590610","41590137","4159013700","727",동탄1자가망, ,"37.171327","127.101515","209015.749999929","508031.500102189","1",CTM001, 
1464,AE134,185,스마트도시과,CTV001,방교-00186,동탄프리미엄아울렛삼거리,"41590600","41590138","4159013800","779-5",동탄1자가망, ,"37.181119","127.09239","208204.24224647","509117.464874132","4",CTM001, 
1465,AE134,201,스마트도시과,CTV001,방교-00202,방교리827-5-고정,"41590600","41590138","4159013800","827-5",KT, ,"37.173429","127.088871","207892.590115405","508263.644579975","1",CTM001, 
1466,AE134,2710,스마트도시과,CTV001,방교-02738,동탄기흥로44사거리앞,"41590600","41590138","4159013800","842-2",동탄1자가망, ,"37.164657","127.087821","207800.242053201","507290.044794319","1",CTM001, 
1467,AE134,2711,스마트도시과,CTV001,방교-02739,동탄기흥로나길,"41590600","41590138","4159013800","877-1",동탄1자가망, ,"37.1825","127.088725","207878.63750577","509270.363396548","1",CTM001, 
1469,AE134,2713,스마트도시과,CTV001,방교-02741,동탄산단5길산책로,"41590600","41590138","4159013800","872-435",동탄1자가망, ,"37.172114","127.083672","207430.929117011","508117.351127395","1",CTM001, 
1470,AE134,2714,스마트도시과,CTV001,방교-02742,동탄산단7길사거리앞,"41590600","41590138","4159013800","796-1",동탄1자가망, ,"37.172727","127.084307","207487.263416256","508185.421275882","1",CTM001, 
1471,AE134,2715,스마트도시과,CTV001,방교-02743,동탄산단8길사거리앞,"41590600","41590138","4159013800","831-2",동탄1자가망, ,"37.172324","127.090836","208067.13757342","508141.209240085","1",CTM001, 
1472,AE134,2716,스마트도시과,CTV001,방교-02744,소라공원앞사거리,"41590600","41590138","4159013800","797-11",동탄1자가망, ,"37.168512","127.085541","207597.294625842","507717.723946763","1",CTM001, 
1473,AE134,2717,스마트도시과,CTV001,방교-02745,근린공원앞,"41590600","41590138","4159013800","763-1",동탄1자가망, ,"37.18109","127.090024","207994.12651671","509113.955499379","1",CTM001, 
1474,AE134,2718,스마트도시과,CTV001,방교-02746,단독부지3앞,"41590600","41590138","4159013800","761-1",동탄1자가망, ,"37.179685","127.088602","207867.980620712","508957.930331338","1",CTM001, 
1475,AE134,2719,스마트도시과,CTV001,방교-02747,동탄산단3길삼거리앞,"41590600","41590138","4159013800","800-9",동탄1자가망, ,"37.164716","127.080989","207193.404626398","507296.019319811","1",CTM001, 
1476,AE134,2720,스마트도시과,CTV001,방교-02748,방다리공원2앞,"41590600","41590138","4159013800","874-1",동탄1자가망, ,"37.182283","127.08613","207648.218304573","509246.134577875","1",CTM001, 
1477,AE134,2721,스마트도시과,CTV001,방교-02749,방다리공원앞2,"41590600","41590138","4159013800","876-2",동탄1자가망, ,"37.18342","127.089985","207990.435547335","509372.626972766","1",CTM001, 
1478,AE134,2722,스마트도시과,CTV001,방교-02750,방다리공원앞3,"41590600","41590138","4159013800","765-9",동탄1자가망, ,"37.183386","127.092072","208175.715075755","509369.02041598","1",CTM001, 
1479,AE134,2723,스마트도시과,CTV001,방교-02751,산업24앞,"41590600","41590138","4159013800","785-7",동탄1자가망, ,"37.180328","127.09414","208359.774089925","509029.787368537","1",CTM001, 
1480,AE134,2724,스마트도시과,CTV001,방교-02752,소라공원2내,"41590600","41590138","4159013800","841-2",동탄1자가망, ,"37.167725","127.08953","207951.632979052","507630.74231244","1",CTM001, 
1481,AE134,2725,스마트도시과,CTV001,방교-02753,송리3교뒤,"41590600","41590138","4159013800","872-213",동탄1자가망, ,"37.166542","127.081088","207201.962227626","507498.766467632","1",CTM001, 
1482,AE134,2726,스마트도시과,CTV001,방교-02754,수질복원센터앞산책로,"41590600","41590138","4159013800","872-254",동탄1자가망, ,"37.175447","127.084594","207512.544773177","508487.267797433","1",CTM001, 
1483,AE134,2727,스마트도시과,CTV001,방교-02755,주차장1앞,"41590600","41590138","4159013800","779-1",동탄1자가망, ,"37.182345","127.092135","208181.448224083","509253.505637612","1",CTM001, 
1484,AE134,2728,스마트도시과,CTV001,방교-02756,주차장5앞,"41590600","41590138","4159013800","780-5",동탄1자가망, ,"37.179818","127.091401","208116.558166054","508972.937890882","1",CTM001, 
1485,AE134,2729,스마트도시과,CTV001,방교-02757,한샘인테리어뒤,"41590600","41590138","4159013800","843-1",동탄1자가망, ,"37.164715","127.085422","207587.158466148","507296.353660438","1",CTM001, 
1487,AE134,4107,스마트도시과,CTV001,방교-04121,방교동789(24차),"41590600","41590138","4159013800","789",kt, ,"37.182128","127.090449","208031.738849774","509229.267457531","4",CTM001, 
1489,AE134,4109,스마트도시과,CTV001,방교-04123,방교동876-2[1](24차),"41590600","41590138","4159013800","876-2",동탄1자가망, ,"37.184014","127.089182","207919.095882353","509438.426916801","4",CTM001, 
1490,AE134,4110,스마트도시과,CTV001,방교-04124,방교동876-2[2](24차),"41590600","41590138","4159013800","876-2",동탄1자가망, ,"37.183674","127.091255","208103.163409242","509400.912860284","4",CTM001, 
1491,AE134,4271,스마트도시과,CTV001,방교-04286,동탄리치타워앞(25차),"41590600","41590138","4159013800","776-3",KT, ,"37.1828","127.091533","208127.990056997","509303.905912504","4",CTM001, 
1492,AE134,4358,스마트도시과,CTV001,방교-04381,해솔어린이집(방교-04381),"41590600","41590138","4159013800","856",KT, ,"37.16857","127.087012","207727.953187049","507724.268609454","5",CTM001, 
1493,AE134,176,스마트도시과,CTV001,금곡-00177,DSLCD입구삼거리,"41590600","41590139","4159013900","587-1",KT, ,"37.166517","127.078553","206976.875161649","507495.769210125","4",CTM001, 
1494,AE134,179,스마트도시과,CTV001,금곡-00180,금곡리109-1,"41590600","41590139","4159013900","109-1",KT, ,"37.183831","127.076853","206824.275221861","509417.147525934","1",CTM001, 
1495,AE134,182,스마트도시과,CTV001,금곡-00183,금곡1리버스정류장,"41590600","41590139","4159013900","452",KT, ,"37.171364","127.078869","207004.502925293","508033.705543638","3",CTM001, 
1496,AE134,183,스마트도시과,CTV001,금곡-00184,금곡리버스정류장,"41590600","41590139","4159013900","544-1",KT, ,"37.16839","127.078225","206947.589413578","507703.623303838","3",CTM001, 
252,AE134,2894,스마트도시과,CTV001,능-02923,능동1183시노펙스앞도로,"41590587","41590118","4159011800","1183",동탄1자가망, ,"37.21955","127.058347","205178.593705858","513380.144104641","1",CTM001, 
253,AE134,2895,스마트도시과,CTV001,능-02924,능동1173-1서동탄역입구,"41590587","41590118","4159011800","1173-1",동탄1자가망, ,"37.197112","127.051608","204581.829429681","510889.592644523","1",CTM001, 
254,AE134,2896,스마트도시과,CTV001,능-02925,능동1171-7주택가,"41590587","41590118","4159011800","1277",동탄1자가망, ,"37.197816","127.050358","204470.811181977","510967.663820979","1",CTM001, 
255,AE134,2897,스마트도시과,CTV001,능-02926,능동1171-1주택가,"41590587","41590118","4159011800","1276",동탄1자가망, ,"37.197816","127.051135","204539.793678046","510967.700758538","4",CTM001, 
256,AE134,2898,스마트도시과,CTV001,능-02927,능동1166주택가(공원),"41590587","41590118","4159011800","1166",동탄1자가망, ,"37.198518","127.051267","204551.470566595","511045.616013029","1",CTM001, 
257,AE134,2899,스마트도시과,CTV001,능-02928,능동1162-1주택가도로,"41590587","41590118","4159011800","1271",동탄1자가망, ,"37.197835","127.052181","204632.656984426","510969.860023116","1",CTM001, 
259,AE134,2901,스마트도시과,CTV001,능-02930,능동1154-1주택가,"41590587","41590118","4159011800","1260",동탄1자가망, ,"37.199215","127.051787","204597.593760604","511122.995139175","1",CTM001, 
260,AE134,2902,스마트도시과,CTV001,능-02931,능동1153-7주택가,"41590587","41590118","4159011800","1261",동탄1자가망, ,"37.198698","127.053823","204778.380236142","511065.71847784","1",CTM001, 
261,AE134,2903,스마트도시과,CTV001,능-02932,능동1153-13주택가,"41590587","41590118","4159011800","1153-13",동탄1자가망, ,"37.19909","127.05295","204700.806997809","511109.201692145","1",CTM001, 
262,AE134,2904,스마트도시과,CTV001,능-02933,능동1149-7중앙프라자사거리(능-02933),"41590587","41590118","4159011800","1245",동탄1자가망, ,"37.199604","127.052944","204700.30460581","511166.234768165","5",CTM001, 
263,AE134,2905,스마트도시과,CTV001,능-02934,능동1148-2앞도로,"41590587","41590118","4159011800","1243",동탄1자가망, ,"37.199838","127.051737","204593.108189854","511192.134120631","1",CTM001, 
264,AE134,2906,스마트도시과,CTV001,능-02935,능동1145-1앞삼거리,"41590587","41590118","4159011800","1246",동탄1자가망, ,"37.201432","127.053716","204768.717722443","511369.125166908","1",CTM001, 
265,AE134,2907,스마트도시과,CTV001,능-02936,능동1143-1앞도로,"41590587","41590118","4159011800","1246",동탄1자가망, ,"37.203218","127.05351","204750.317896742","511567.283299665","1",CTM001, 
266,AE134,2908,스마트도시과,CTV001,능-02937,능동1139-1복지재단주차장,"41590587","41590118","4159011800","1247",동탄1자가망, ,"37.204771","127.052003","204616.413872612","511739.618534602","1",CTM001, 
267,AE134,2909,스마트도시과,CTV001,능-02938,능동1133근린공원5호정상,"41590587","41590118","4159011800","1133",동탄1자가망, ,"37.204705","127.056462","205012.236698029","511732.509198109","1",CTM001, 
268,AE134,2910,스마트도시과,CTV001,능-02939,능동1133-1포스코915동뒷길,"41590587","41590118","4159011800","1133-1",동탄1자가망, ,"37.204048","127.055805","204953.973831719","511659.615309252","1",CTM001, 
269,AE134,2911,스마트도시과,CTV001,능-02940,능동1128구봉산등산로,"41590587","41590118","4159011800","1128",동탄1자가망, ,"37.206597","127.050879","204516.542645332","511942.161127939","1",CTM001, 
270,AE134,2912,스마트도시과,CTV001,능-02941,능동1120동탄3동우체국앞도로(능-02941),"41590587","41590118","4159011800","1227",동탄1자가망, ,"37.209766","127.058121","205159.183479451","512294.286954276","3",CTM001, 
271,AE134,2913,스마트도시과,CTV001,능-02942,능동1114-7덕천프라자뒤길삼거리,"41590587","41590118","4159011800","1232",동탄1자가망, ,"37.208739","127.06093","205408.637611545","512180.410053692","1",CTM001, 
272,AE134,2915,스마트도시과,CTV001,능-02944,능동1107밀알교회사거리,"41590587","41590118","4159011800","1218",동탄1자가망, ,"37.213938","127.055445","204921.426419381","512757.182184463","1",CTM001, 
273,AE134,2916,스마트도시과,CTV001,능-02945,능동1104-7주택가,"41590587","41590118","4159011800","1104-7",동탄1자가망, ,"37.214657","127.055766","204949.836455158","512836.972516952","1",CTM001, 
274,AE134,2917,스마트도시과,CTV001,능-02946,능동1100-9주택가,"41590587","41590118","4159011800","1211",동탄1자가망, ,"37.215038","127.054484","204836.020742875","512879.190325721","1",CTM001, 
275,AE134,2918,스마트도시과,CTV001,능-02947,능동1100-1주택가,"41590587","41590118","4159011800","1100-1",동탄1자가망, ,"37.215851","127.055676","204941.770100646","512969.479962248","1",CTM001, 
277,AE134,2920,스마트도시과,CTV001,능-02949,능동1096-16공원앞,"41590587","41590118","4159011800","1096-8",동탄1자가망, ,"37.21652","127.056674","205030.307601989","513043.779256392","1",CTM001, 
278,AE134,2921,스마트도시과,CTV001,능-02950,능동1093-6주택가,"41590587","41590118","4159011800","1093-6",동탄1자가망, ,"37.217252","127.055878","204959.607792254","513124.975907986","3",CTM001, 
279,AE134,2922,스마트도시과,CTV001,능-02951,능동1092-1주택가진입로,"41590587","41590118","4159011800","1202",동탄1자가망, ,"37.216329","127.057893","205138.517357935","513022.647174741","1",CTM001, 
280,AE134,2923,스마트도시과,CTV001,능-02952,능동1091-19주택가,"41590587","41590118","4159011800","1204",동탄1자가망, ,"37.216667","127.057848","205134.500301447","513060.156555966","1",CTM001, 
281,AE134,2924,스마트도시과,CTV001,능-02953,능동1087상록예가진입로대로,"41590587","41590118","4159011800","1201",동탄1자가망, ,"37.215052","127.059882","205315.139487837","512881.02217623","1",CTM001, 
282,AE134,2925,스마트도시과,CTV001,능-02954,능동1083주공736동뒤도로,"41590587","41590118","4159011800","1200",동탄1자가망, ,"37.213058","127.06152","205460.708219305","512659.784602102","1",CTM001, 
283,AE134,2926,스마트도시과,CTV001,능-02955,능동1083-2앞대로,"41590587","41590118","4159011800","1177",동탄1자가망, ,"37.214155","127.061148","205427.574338708","512781.609974215","1",CTM001, 
284,AE134,2927,스마트도시과,CTV001,능-02956,능동1082능동중교앞삼거리,"41590587","41590118","4159011800","1222",동탄1자가망, ,"37.211725","127.060272","205349.955444099","512511.79701693","1",CTM001, 
285,AE134,2928,스마트도시과,CTV001,능-02957,능동1080-11동부광성교회앞삼거리,"41590587","41590118","4159011800","1178",동탄1자가망, ,"37.21215","127.06319","205608.946986888","512559.177377367","1",CTM001, 
286,AE134,2929,스마트도시과,CTV001,능-02958,능동1079-4주택가,"41590587","41590118","4159011800","1197",동탄1자가망, ,"37.21285","127.0637","205654.190915597","512636.883766206","1",CTM001, 
287,AE134,2930,스마트도시과,CTV001,능-02959,능동1077-3주택가,"41590587","41590118","4159011800","1197",동탄1자가망, ,"37.214008","127.063233","205612.652820246","512765.394961199","1",CTM001, 
288,AE134,2931,스마트도시과,CTV001,능-02960,능동1070-4앞삼거리,"41590587","41590118","4159011800","1177",동탄1자가망, ,"37.215276","127.060472","205367.536607167","512905.937566465","1",CTM001, 
289,AE134,2932,스마트도시과,CTV001,능-02961,능동1066-5포레스트사거리(능-02961),"41590587","41590118","4159011800","1175",동탄1자가망, ,"37.216885","127.058785","205217.651987338","513084.401770008","5",CTM001, 
290,AE134,2933,스마트도시과,CTV001,능-02962,능동1063-2한성전자앞사거리,"41590587","41590118","4159011800","1185",동탄1자가망, ,"37.217958","127.060185","205341.83784954","513203.56320441","1",CTM001, 
291,AE134,2934,스마트도시과,CTV001,능-02963,능동1058-1신형에프에이앞,"41590587","41590118","4159011800","1058-1",동탄1자가망, ,"37.217458","127.06167","205473.678079785","513148.157106968","1",CTM001, 
873,AE134,178,스마트도시과,CTV001,오산-00179,풍선신미주아파트앞(동탄초교정문),"41590600","41590129","4159012900","694-9",KT, ,"37.189654","127.090528","208038.027447978","510064.440798244","1",CTM001, 
874,AE134,2287,스마트도시과,CTV001,오산-02306,감배산공원1,"41590600","41590129","4159012900","965",KT, ,"37.189791","127.091586","208131.943792619","510079.790951924","3",CTM001, 
875,AE134,2299,스마트도시과,CTV001,오산-02318,감배산공원2,"41590600","41590129","4159012900","966",KT, ,"37.19138","127.092462","208209.525186577","510256.182360435","1",CTM001, 
876,AE134,2541,스마트도시과,CTV001,오산-02569,IBK동탄역지점앞사거리,"41590600","41590129","4159012900","969-3",동탄2자가망, ,"37.196897","127.098658","208759.027857303","510869.087578673","5",CTM001, 
877,AE134,3180,스마트도시과,CTV001,오산-03215,오산동967-655,"41590600","41590129","4159012900","967-655",동탄2자가망, ,"37.202552","127.087854","207799.20029425","511495.690149441","3",CTM001, 
878,AE134,3181,스마트도시과,CTV001,오산-03216,오산동967-546,"41590600","41590129","4159012900","967-546",동탄2자가망, ,"37.20235","127.089723","207965.140210706","511473.419810342","4",CTM001, 
879,AE134,3182,스마트도시과,CTV001,오산-03217,오산동967-1257,"41590600","41590129","4159012900","967-1257",동탄2자가망, ,"37.201127","127.092447","208207.133788093","511337.885330411","3",CTM001, 
880,AE134,3184,스마트도시과,CTV001,오산-03219,오산동967-645,"41590600","41590129","4159012900","967-645",동탄2자가망, ,"37.2006","127.089906","207981.599622501","511279.239878504","5",CTM001, 
881,AE134,3185,스마트도시과,CTV001,오산-03220,오산동967-1020,"41590600","41590129","4159012900","967-1020",동탄2자가망, ,"37.198156","127.089531","207948.59367423","511007.969798304","5",CTM001, 
882,AE134,3186,스마트도시과,CTV001,오산-03221,오산동967-1054,"41590600","41590129","4159012900","967-1054",동탄2자가망, ,"37.196733","127.087882","207802.313163822","510849.932869724","5",CTM001, 
883,AE134,3187,스마트도시과,CTV001,오산-03222,오산동967-1142,"41590600","41590129","4159012900","967-1142",동탄2자가망, ,"37.195678","127.089629","207957.549759123","510732.986151388","5",CTM001, 
885,AE134,3189,스마트도시과,CTV001,오산-03224,오산동514,"41590600","41590129","4159012900","514",동탄2자가망, ,"37.198241","127.086732","207700.074185148","511017.208738706","5",CTM001, 
886,AE134,3190,스마트도시과,CTV001,오산-03225,오산동663-2,"41590600","41590129","4159012900","663-2",동탄2자가망, ,"37.189317","127.090416","208028.065279171","510027.108266623","4",CTM001, 
887,AE134,3191,스마트도시과,CTV001,오산-03226,오산동842-7,"41590600","41590129","4159012900","842-7",동탄2자가망, ,"37.190561","127.086264","207659.299154849","510164.769881407","4",CTM001, 
888,AE134,3193,스마트도시과,CTV001,오산-03228,오산동591-2,"41590600","41590129","4159012900","591-2",동탄2자가망, ,"37.191461","127.087875","207802.201298649","510264.850956948","3",CTM001, 
889,AE134,3194,스마트도시과,CTV001,오산-03229,오산동213,"41590600","41590129","4159012900","213",동탄2자가망, ,"37.192153","127.092558","208217.973929708","510342.001413211","4",CTM001, 
890,AE134,3195,스마트도시과,CTV001,오산-03230,오산동614,"41590600","41590129","4159012900","614",동탄2자가망, ,"37.190464","127.089815","207974.563815963","510154.330806168","4",CTM001, 
891,AE134,3196,스마트도시과,CTV001,오산-03231,오산동738-1,"41590600","41590129","4159012900","738-1",동탄2자가망, ,"37.187903","127.092566","208219.127081942","509870.331791729","4",CTM001, 
892,AE134,3197,스마트도시과,CTV001,오산-03232,오산동673-10,"41590600","41590129","4159012900","673-10",동탄2자가망, ,"37.188234","127.090587","208043.416650371","509906.874660456","4",CTM001, 
893,AE134,3198,스마트도시과,CTV001,오산-03233,오산동908,"41590600","41590129","4159012900","908",동탄2자가망, ,"37.185038","127.086252","207658.817985","509551.886359853","4",CTM001, 
894,AE134,3199,스마트도시과,CTV001,오산-03234,오산동883-2,"41590600","41590129","4159012900","883-2",동탄2자가망, ,"37.185135","127.088454","207854.291344069","509562.809464228","5",CTM001, 
895,AE134,3200,스마트도시과,CTV001,오산-03235,오산동701-2,"41590600","41590129","4159012900","701-2",동탄2자가망, ,"37.186993","127.090137","208003.529136495","509769.119942195","4",CTM001, 
896,AE134,3201,스마트도시과,CTV001,오산-03236,오산동727-2,"41590600","41590129","4159012900","727-2",동탄2자가망, ,"37.187283","127.09113","208091.705351314","509801.455411297","3",CTM001, 
897,AE134,3208,스마트도시과,CTV001,오산-03243,오산동265-2,"41590600","41590129","4159012900","265-2",동탄2자가망, ,"37.199152","127.086237","207656.012113648","511118.22827954","4",CTM001, 
899,AE134,3211,스마트도시과,CTV001,오산-03246,오산동953-1,"41590600","41590129","4159012900","953-1",동탄2자가망, ,"37.185205","127.091376","208113.726372776","509570.790926282","3",CTM001, 
900,AE134,3214,스마트도시과,CTV001,오산-03250,오산동967-2577,"41590600","41590129","4159012900","967-2577",동탄2자가망, ,"37.194024","127.095921","208516.309897132","510549.959807725","5",CTM001, 
901,AE134,3215,스마트도시과,CTV001,오산-03251,오산동962-31,"41590600","41590129","4159012900","962-31",동탄2자가망, ,"37.185719","127.098092","208710.061251061","509628.497819952","5",CTM001, 
902,AE134,3216,스마트도시과,CTV001,오산-03252,오산동406,"41590600","41590129","4159012900","406",동탄2자가망, ,"37.18578","127.101382","209002.179972141","509635.475135664","5",CTM001, 
904,AE134,3218,스마트도시과,CTV001,오산-03254,오산동967-2145,"41590600","41590129","4159012900","967-2145",동탄2자가망, ,"37.184304","127.102777","209126.252691676","509471.889137965","4",CTM001, 
905,AE134,3219,스마트도시과,CTV001,오산-03255,오산동489-1,"41590600","41590129","4159012900","489-1",동탄2자가망, ,"37.185409","127.103314","209173.793884169","509594.530747557","4",CTM001, 
906,AE134,3220,스마트도시과,CTV001,오산-03256,오산동967-1728,"41590600","41590129","4159012900","967-1728",동탄2자가망, ,"37.184167","127.104265","209258.336365426","509456.784543302","4",CTM001, 
907,AE134,3221,스마트도시과,CTV001,오산-03257,오산동458-6,"41590600","41590129","4159012900","458-6",동탄2자가망, ,"37.183947","127.105859","209399.896475073","509432.536640527","4",CTM001, 
908,AE134,3222,스마트도시과,CTV001,오산-03258,오산동413-3,"41590600","41590129","4159012900","413-3",동탄2자가망, ,"37.184405","127.1061","209421.24850381","509483.389939936","3",CTM001, 
909,AE134,3223,스마트도시과,CTV001,오산-03259,오산동465,"41590600","41590129","4159012900","465",동탄2자가망, ,"37.183458","127.107679","209561.612787196","509378.415629063","4",CTM001, 
910,AE134,3224,스마트도시과,CTV001,오산-03260,오산동453-4,"41590600","41590129","4159012900","453-4",동탄2자가망, ,"37.183383","127.109367","209711.482744078","509370.322782663","4",CTM001, 
911,AE134,3225,스마트도시과,CTV001,오산-03261,오산동453-12,"41590600","41590129","4159012900","453-12",동탄2자가망, ,"37.182833","127.109683","209739.672570864","509309.315645712","4",CTM001, 
912,AE134,3226,스마트도시과,CTV001,오산-03262,오산동967-2294,"41590600","41590129","4159012900","967-2294",동탄2자가망, ,"37.181459","127.109398","209714.511542502","509156.728031146","5",CTM001, 
913,AE134,3227,스마트도시과,CTV001,오산-03263,오산동495,"41590600","41590129","4159012900","495",동탄2자가망, ,"37.185164","127.102053","209061.799175063","509567.274510616","4",CTM001, 
914,AE134,3228,스마트도시과,CTV001,오산-03264,오산동967-1790,"41590600","41590129","4159012900","967-1790",동탄2자가망, ,"37.181261","127.103226","209166.445586057","509134.227957834","5",CTM001, 
2141,AE134,4456,스마트도시과,CTV001,평-04473,평리85-31(평-04473),"41590259","41590259","4159025921","85-31",KT, ,"37.13225","126.909417","191951.011004097","503693.753798058","3",CTM002, 
2142,AE134,4464,스마트도시과,CTV001,평-04481,발안파출소앞-검지(평-04481),"41590259","41590259","4159025921","116-3",KT, ,"37.131722","126.907611","191790.517189213","503635.335579222","3",CTM002, 
2143,AE134,4577,스마트도시과,CTV001,평리-04591,평리보호수공원,"41590259","41590259","4159025921","123-2",자가망, ,"37.130381","126.907585","191788.079370654","503486.529736414","4",CTM002, 
2144,AE134,1784,스마트도시과,CTV001,발안-01799,향남119안정센터,"41590259","41590259","4159025922","182-12",자가망, ,"37.128403","126.901814","191275.034686719","503267.518291622","4",CTM002, 
2145,AE134,1785,스마트도시과,CTV001,발안-01800,가림주택뒤편,"41590259","41590259","4159025922","86-24",자가망, ,"37.132728","126.904457","191510.342212655","503747.211139832","3",CTM002, 
2146,AE134,1796,스마트도시과,CTV001,발안-01811,농어촌공사앞삼거리,"41590259","41590259","4159025922","245-1",자가망, ,"37.132497","126.904063","191475.326312594","503721.633320749","1",CTM002, 
2147,AE134,1797,스마트도시과,CTV001,발안-01812,발안보건소앞삼거리-검지,"41590259","41590259","4159025922","138-12",자가망, ,"37.129239","126.905476","191600.485650316","503359.922994871","3",CTM002, 
2148,AE134,1798,스마트도시과,CTV001,발안-01813,발안남로나우빌앞사거리,"41590259","41590259","4159025922","292",자가망, ,"37.132846","126.899584","191077.399795745","503760.777049561","4",CTM002, 
2149,AE134,1806,스마트도시과,CTV001,발안-01821,발안뚝방촌도로,"41590259","41590259","4159025922","134",자가망, ,"37.12986","126.906598","191700.308609505","503428.720700056","3",CTM002, 
2150,AE134,1807,스마트도시과,CTV001,발안-01822,발안리동광빌라,"41590259","41590259","4159025922","61-12",자가망, ,"37.132346","126.901036","191206.298681716","503705.17926028","1",CTM002, 
2151,AE134,1813,스마트도시과,CTV001,발안-01828,발안주공A버스정류장앞,"41590259","41590259","4159025922","294",자가망, ,"37.130295","126.900145","191126.92834177","503477.654056763","3",CTM002, 
2152,AE134,1817,스마트도시과,CTV001,발안-01832,발안주공106동옆삼거리,"41590259","41590259","4159025922","293",자가망, ,"37.131351","126.898929","191018.998063834","503594.941258479","1",CTM002, 
2154,AE134,1820,스마트도시과,CTV001,발안-01835,발안천주차장내,"41590259","41590259","4159025922","86-15",자가망, ,"37.132134","126.905604","191612.182871154","503681.156989053","1",CTM002, 
2155,AE134,1821,스마트도시과,CTV001,발안-01836,발안천뚝방집(발안-01836),"41590259","41590259","4159025922","244-27",자가망, ,"37.130919","126.907051","191740.663130894","503546.233570848","5",CTM002, 
2156,AE134,1826,스마트도시과,CTV001,발안-01842,발안주공아파트앞삼거리지하보도내,"41590259","41590259","4159025922","19-8",KT, ,"37.131737","126.899636","191081.875979047","503637.69516899","3",CTM002, 
2157,AE134,1827,스마트도시과,CTV001,발안-01843,발안리120-14(발안-01843),"41590259","41590259","4159025922","126-1",KT, ,"37.131326","126.904821","191542.576282696","503591.618816175","4",CTM002, 
2158,AE134,1828,스마트도시과,CTV001,발안-01844,발안리130-9(발안-01844),"41590259","41590259","4159025922","130-9",KT, ,"37.131333","126.906364","191679.6766331","503592.237117024","3",CTM002, 
2159,AE134,1833,스마트도시과,CTV001,발안-01849,근린공원앞삼거리,"41590259","41590259","4159025922","27-23",자가망, ,"37.13342","126.898082","190943.989533177","503824.587546561","1",CTM002, 
2160,AE134,1837,스마트도시과,CTV001,발안-01853,제암초교차로,"41590259","41590259","4159025922","300",자가망, ,"37.131045","126.903177","191396.455940874","503560.573383967","1",CTM002, 
2161,AE134,1863,스마트도시과,CTV001,발안-01879,발안리127-23(발안-01879),"41590259","41590259","4159025922","403",자가망, ,"37.130274","126.904894","191548.885553538","503474.876807525","3",CTM002, 
2162,AE134,1865,스마트도시과,CTV001,발안-01881,발안리55-10,"41590259","41590259","4159025922","55-10",KT, ,"37.133333","126.900734","191179.612135943","503814.745794324","1",CTM002, 
2163,AE134,1866,스마트도시과,CTV001,발안-01882,발안리74-2(발안-01882),"41590259","41590259","4159025922","72-1",자가망, ,"37.131902","126.904304","191496.656517004","503655.58962093","5",CTM002, 
2164,AE134,1977,스마트도시과,CTV001,발안-01994,발안리124-1-고정,"41590259","41590259","4159025922","124-1",자가망, ,"37.131362","126.904483","191512.547947486","503595.646489911","1",CTM002, 
2165,AE134,1978,스마트도시과,CTV001,발안-01995,발안리185-고정,"41590259","41590259","4159025922","185",자가망, ,"37.128355","126.899963","191110.483615748","503262.318661583","1",CTM002, 
2166,AE134,1979,스마트도시과,CTV001,발안-01996,발안리226-4-고정,"41590259","41590259","4159025922","226-4",자가망, ,"37.128246","126.897322","190875.830820462","503250.516769046","1",CTM002, 
2167,AE134,1980,스마트도시과,CTV001,발안-01997,발안리413-고정,"41590259","41590259","4159025922","413",자가망, ,"37.13064","126.904506","191514.46216567","503515.480197197","1",CTM002, 
2168,AE134,1981,스마트도시과,CTV001,발안-01998,발안리82-고정,"41590259","41590259","4159025922","82",자가망, ,"37.131836","126.904591","191522.192220792","503648.266961025","1",CTM002, 
2170,AE134,2199,스마트도시과,CTV001,발안-02217,풍년이발관앞-환경(발안-02217),"41590259","41590259","4159025922","119-8",자가망, ,"37.131512","126.905557","191607.944137015","503612.163664737","4",CTM002, 
2171,AE134,2202,스마트도시과,CTV001,평-02220,발안1교-환경(평-02220),"41590259","41590259","4159025921","222-12",자가망, ,"37.131592","126.906969","191733.485820616","503620.90219598","4",CTM002, 
2173,AE134,2245,스마트도시과,CTV001,발안-02264,제암초교후문(발안-02264),"41590259","41590259","4159025922","299",자가망, ,"37.13157","126.902305","191319.039938599","503618.862969234","5",CTM002, 
2174,AE134,2291,스마트도시과,CTV001,발안-02310,도와지뜰어린이공원,"41590259","41590259","4159025922","307",KT, ,"37.129426","126.904352","191500.653638711","503380.765204214","3",CTM002, 
2175,AE134,2298,스마트도시과,CTV001,발안-02317,무궁화어린이공원,"41590259","41590259","4159025922","296",KT, ,"37.130453","126.901691","191264.340245705","503494.972250697","2",CTM002, 
2176,AE134,2320,스마트도시과,CTV001,발안-02340,배틀어린이공원,"41590259","41590259","4159025922","263",자가망, ,"37.132965","126.899717","191089.253063478","503774.026663899","1",CTM002, 
2177,AE134,2321,스마트도시과,CTV001,발안-02341,발안유적공원,"41590259","41590259","4159025922","306",KT, ,"37.130699","126.903325","191409.564374572","503522.1686229","2",CTM002, 
2178,AE134,3447,스마트도시과,CTV001,발안-03490,발안리27-31-검지1,"41590259","41590259","4159025922","27-31",KT, ,"37.133296","126.896403","190794.769435406","503811.033043357","2",CTM002, 
2179,AE134,3865,스마트도시과,CTV001,발안-3880,발안리51-8-검지(20차),"41590259","41590259","4159025922","51-8",자가망, ,"37.133278","126.899594","191078.317753447","503808.718461954","1",CTM002, 
2180,AE134,3866,스마트도시과,CTV001,발안-3881,발안리291-검지(20차),"41590259","41590259","4159025922","291",자가망, ,"37.132545","126.899856","191101.508683123","503727.359824482","1",CTM002, 
2181,AE134,3867,스마트도시과,CTV001,발안-3882,발안리45-2-검지(20차),"41590259","41590259","4159025922","45-2",자가망, ,"37.132139","126.900481","191156.989975012","503682.282312863","1",CTM002, 
2182,AE134,4070,스마트도시과,CTV001,발안-04086,발안리127-26-검지(23차),"41590259","41590259","4159025922","127-26",KT, ,"37.129974","126.905884","191636.829770376","503441.482870281","2",CTM002, 
1497,AE134,189,스마트도시과,CTV001,금곡-00190,금곡리126,"41590600","41590139","4159013900","126",KT, ,"37.183292","127.074718","206634.803007855","509357.221595728","1",CTM001, 
1499,AE134,191,스마트도시과,CTV001,금곡-00192,금곡리317-2,"41590600","41590139","4159013900","317-2",KT, ,"37.179467","127.079247","207037.313213238","508933.023354677","1",CTM001, 
1500,AE134,192,스마트도시과,CTV001,금곡-00193,금곡리407-1,"41590600","41590139","4159013900","407-1",KT, ,"37.1749","127.080017","207106.071174298","508426.230538971","1",CTM001, 
1501,AE134,194,스마트도시과,CTV001,금곡-00195,금곡리732,"41590600","41590139","4159013900","732",KT, ,"37.183039","127.076319","206776.955077234","509329.178907529","1",CTM001, 
1502,AE134,195,스마트도시과,CTV001,금곡-00196,금곡리195-2,"41590600","41590139","4159013900","195-2",KT, ,"37.18215","127.076739","206814.338926343","509230.546827568","1",CTM001, 
1503,AE134,196,스마트도시과,CTV001,금곡-00197,금곡리499-1(금곡-00197),"41590600","41590139","4159013900","499-1",KT, ,"37.171886","127.07553","206707.86172606","508091.440503824","4",CTM001, 
1504,AE134,197,스마트도시과,CTV001,금곡-00198,금곡리115-2,"41590600","41590139","4159013900","115-2",KT, ,"37.184051","127.074534","206618.398018806","509441.454497451","1",CTM001, 
1505,AE134,198,스마트도시과,CTV001,금곡-00199,금곡리486-3,"41590600","41590139","4159013900","486-3",KT, ,"37.1733","127.077609","206892.380121949","508248.483306895","1",CTM001, 
1506,AE134,3546,스마트도시과,CTV001,금곡-3560,금곡리366-1-검지(20차),"41590600","41590139","4159013900","366-1",KT, ,"37.177016","127.077766","206906.020508366","508660.855598522","1",CTM001, 
1507,AE134,4382,스마트도시과,CTV001,금곡-04399,금곡1리마을회관앞,"41590600","41590139","4159013900","486-4",KT, ,"37.173167","127.077014","206839.603922067","508233.62431539","1",CTM001, 
1508,AE134,489,스마트도시과,CTV001,상-00495,꿈이있는교회(호수공원),"41590253","41590253","4159025321","22-13",자가망, ,"37.218933","126.950867","195639.130742999","513311.241405002","4",CTM002, 
1509,AE134,502,스마트도시과,CTV001,상-00508,가든한우농장-검지,"41590253","41590253","4159025321","348",KT, ,"37.219079","126.935359","194262.710472392","513328.234366701","3",CTM002, 
1510,AE134,510,스마트도시과,CTV001,상-00516,롯데슈퍼사거리,"41590253","41590253","4159025321","11-97",자가망, ,"37.218083","126.9512","195668.66741987","513216.891621393","1",CTM002, 
1511,AE134,516,스마트도시과,CTV001,상-00522,봉담중학교정문,"41590253","41590253","4159025321","11-36",자가망, ,"37.2162","126.9524","195775.070577608","513007.821841494","2",CTM002, 
1512,AE134,518,스마트도시과,CTV001,상-00524,봉담농협앞대로,"41590253","41590253","4159025321","27-7",자가망, ,"37.220339","126.949683","195534.139410847","513467.252222106","1",CTM002, 
1513,AE134,520,스마트도시과,CTV001,상-00526,봉담고정문앞,"41590253","41590253","4159025321","11-89",자가망, ,"37.217521","126.95293","195822.185735915","513154.459570355","4",CTM002, 
1514,AE134,537,스마트도시과,CTV001,상-00543,우정프라자뒷길,"41590253","41590253","4159025321","31-5",자가망, ,"37.220093","126.947879","195374.033154146","513440.046147145","1",CTM002, 
1516,AE134,557,스마트도시과,CTV001,상-00563,호수공원앞,"41590253","41590253","4159025321","9-30",자가망, ,"37.219653","126.952566","195789.960990502","513391.078814519","3",CTM002, 
1517,AE134,558,스마트도시과,CTV001,상-00564,봉담읍사무소앞삼거리,"41590253","41590253","4159025321","27-48",자가망, ,"37.219383","126.949717","195537.088054632","513361.236761759","5",CTM002, 
1518,AE134,563,스마트도시과,CTV001,상-00569,한신A앞상가앞사거리,"41590253","41590253","4159025321","21-21",자가망, ,"37.21814","126.950053","195566.863093552","513223.199246648","1",CTM002, 
1519,AE134,566,스마트도시과,CTV001,상-00573,주공1단지A앞사거리,"41590253","41590253","4159025321","25-30",자가망, ,"37.218045","126.947661","195354.593706009","513212.760592717","1",CTM002, 
1520,AE134,606,스마트도시과,CTV001,상-00613,상리445-고정,"41590253","41590253","4159025321","445",KT, ,"37.219137","126.941298","194789.860957805","513334.339202888","1",CTM002, 
1521,AE134,612,스마트도시과,CTV001,상-00619,상리17-1-고정,"41590253","41590253","4159025321","17-1",KT, ,"37.215584","126.950165","195576.674144654","512939.522498469","1",CTM002, 
1522,AE134,644,스마트도시과,CTV001,상-00653,웃골낚시터입구,"41590253","41590253","4159025321","457-10",KT, ,"37.216081","126.944184","195045.854095218","512994.968654005","1",CTM002, 
1523,AE134,2228,스마트도시과,CTV001,상-02247,비손유치원,"41590253","41590253","4159025321","24-7",자가망, ,"37.217439","126.948814","195456.893160266","513145.476374494","3",CTM002, 
1524,AE134,2246,스마트도시과,CTV001,상-02265,진주어린이집진입로,"41590253","41590253","4159025321","223-11",자가망, ,"37.225343","126.936567","194370.463890312","514023.363118134","1",CTM002, 
1525,AE134,2250,스마트도시과,CTV001,상-02269,해담은어린이집정문,"41590253","41590253","4159025321","11-98",자가망, ,"37.217801","126.951225","195670.870206653","513185.556633337","1",CTM002, 
1526,AE134,2275,스마트도시과,CTV001,동화-02294,학촌유치원,"41590253","41590253","4159025324","588",KT, ,"37.213097","126.940472","194716.154234801","512664.044291369","3",CTM002, 
1527,AE134,2279,스마트도시과,CTV001,상-02298,진주어린이집,"41590253","41590253","4159025321","258-3",자가망, ,"37.224631","126.936292","194345.951693347","513944.349336691","2",CTM002, 
1528,AE134,2360,스마트도시과,CTV001,상-02380,봉담상리어린이공원,"41590253","41590253","4159025321","619",KT, ,"37.217778","126.947591","195348.289820529","513183.21407005","3",CTM002, 
1529,AE134,3484,스마트도시과,CTV001,상-03528,상리22-68,"41590253","41590253","4159025321","22-68",자가망, ,"37.21871","126.951553","195700.015514536","513286.435210562","5",CTM002, 
1530,AE134,3613,스마트도시과,CTV001,상-3627,상리31-3-어안(20차),"41590253","41590253","4159025321","31-3",자가망, ,"37.220583","126.948533","195432.133312052","513494.471308464","1",CTM002, 
1531,AE134,3614,스마트도시과,CTV001,상-3628,상리39-2-검지(20차),"41590253","41590253","4159025321","39-2",자가망, ,"37.221811","126.947107","195305.643402996","513630.822987903","2",CTM002, 
1533,AE134,3616,스마트도시과,CTV001,상-3630,상리11-92-검지(20차),"41590253","41590253","4159025321","11-92",자가망, ,"37.216824","126.951395","195685.875784752","513077.143047437","3",CTM002, 
1534,AE134,4003,스마트도시과,CTV001,상-04019,상리27-49-검지(23차),"41590253","41590253","4159025321","27-49",KT, ,"37.218991","126.94896","195469.879796565","513317.741946198","2",CTM002, 
1535,AE134,4395,스마트도시과,CTV001,봉담2-001,SA-001,"41590253","41590253","4159025321","72-13",봉담2자가망, ,"37.237461","126.943177","194957.861761002","515367.859484707","4",CTM002, 
1536,AE134,4396,스마트도시과,CTV001,봉담2-002,SA-002,"41590253","41590253","4159025321","74-11",봉담2자가망, ,"37.236967","126.942441","194892.520123328","515313.073770171","5",CTM002, 
1537,AE134,4397,스마트도시과,CTV001,봉담2-003,SA-003,"41590253","41590253","4159025321","73-25",봉담2자가망, ,"37.236043","126.942434","194891.836635654","515210.526691778","4",CTM002, 
1538,AE134,4398,스마트도시과,CTV001,봉담2-004,SA-004,"41590253","41590253","4159025321","73-18",봉담2자가망, ,"37.23602","126.94298","194940.284833556","515207.944788273","4",CTM002, 
1539,AE134,4399,스마트도시과,CTV001,봉담2-005,SA-005,"41590253","41590253","4159025321","73-46",봉담2자가망, ,"37.235592","126.941528","194811.411111461","515160.523033284","5",CTM002, 
293,AE134,2937,스마트도시과,CTV001,능-02966,능동1140-6주택가(능-02966),"41590587","41590118","4159011800","1248",동탄1자가망, ,"37.204086","127.052064","204621.906251175","511663.63250149","4",CTM001, 
294,AE134,2968,스마트도시과,CTV001,능-02997,미래도2차A입구,"41590520","41590118","4159011800","1280",KT, ,"37.20887","127.051382","204561.057259872","512194.512878989","1",CTM001, 
295,AE134,3542,스마트도시과,CTV001,능-3556,능동1015-2-회전(20차),"41590520","41590118","4159011800","1015-2",KT, ,"37.210602","127.055914","204963.220883268","512386.994068022","3",CTM001, 
296,AE134,3544,스마트도시과,CTV001,능-3558,시립숲속어린이집(능-3558),"41590520","41590118","4159011800","1121",KT, ,"37.209978","127.057442","205098.949948028","512317.822719573","5",CTM001, 
297,AE134,3545,스마트도시과,CTV001,능-3559,능동158-1-검지(20차),"41590520","41590118","4159011800","158-1",KT, ,"37.213932","127.054065","204798.909040617","512756.467678442","2",CTM001, 
298,AE134,4092,스마트도시과,CTV001,능-04107,능동1068(24차),"41590520","41590118","4159011800","1068",kt, ,"37.214242","127.062779","205572.32014322","512791.260174097","4",CTM001, 
299,AE134,4093,스마트도시과,CTV001,능-04108,능동1263(24차),"41590520","41590118","4159011800","1263",동탄1자가망, ,"37.198625","127.052735","204681.810366197","511057.573641222","5",CTM001, 
300,AE134,4533,스마트도시과,CTV001,능-04550,동탄능동성당삼거리(능-04550),"41590587","41590118","4159011800","1070-5",동탄1자가망, ,"37.215596","127.060949","205409.801963532","512941.495986392","3",CTM001, 
301,AE134,1620,스마트도시과,CTV001,진안-01632,효원장례식장앞,"41590520","41590116","4159011600","508-7",자가망, ,"37.209303","127.053401","204740.210256878","512242.690287592","1",CTM001, 
302,AE134,2211,스마트도시과,CTV001,능-02229,나인유치원(능-02229),"41590520","41590118","4159011800","528-8",KT, ,"37.20941","127.052888","204694.681180322","512254.560869487","4",CTM001, 
303,AE134,2685,스마트도시과,CTV001,능-02713,능동지하차도4-차도,"41590520","41590118","4159011800","668-5",LG, ,"37.198974","127.046703","204146.281523132","511096.036295411","1",CTM001, 
304,AE134,2686,스마트도시과,CTV001,능-02714,능동지하차도3-차도,"41590520","41590118","4159011800","668-5",LG, ,"37.198974","127.046703","204146.281523132","511096.036295411","1",CTM001, 
305,AE134,2687,스마트도시과,CTV001,능-02715,능동지하차도2-차도,"41590520","41590118","4159011800","668-5",LG, ,"37.198974","127.046703","204146.281523132","511096.036295411","1",CTM001, 
306,AE134,2690,스마트도시과,CTV001,능-02718,능동지하차도1-차도,"41590520","41590118","4159011800","668-5",LG, ,"37.198974","127.046703","204146.281523132","511096.036295411","1",CTM001, 
307,AE134,2744,스마트도시과,CTV001,능-02772,신나는교회,"41590520","41590118","4159011800","697-8",자가망, ,"37.202198","127.044131","203917.783690331","511453.67545826","3",CTM001, 
308,AE134,2887,스마트도시과,CTV001,능-02916,능동536-고정,"41590520","41590118","4159011800","536",KT, ,"37.209373","127.051575","204578.13242222","512250.290415717","1",CTM001, 
309,AE134,2936,스마트도시과,CTV001,능-02965,능동1040-고정,"41590520","41590118","4159011800","1040",KT, ,"37.199714","127.04981","204422.075367518","511178.258591797","1",CTM001, 
310,AE134,2969,스마트도시과,CTV001,능-02998,능동지하차도입구,"41590520","41590118","4159011800","1109-1",KT, ,"37.210847","127.058683","205208.995989767","512414.277720453","3",CTM001, 
312,AE134,3475,스마트도시과,CTV001,능-03519,능동어린이공원[2]-검지1,"41590520","41590118","4159011800","650-20",자가망, ,"37.201799","127.048763","204328.987605188","511409.639794612","4",CTM001, 
313,AE134,3476,스마트도시과,CTV001,능-03520,능동어린이공원[3]-검지1,"41590520","41590118","4159011800","652-5",자가망, ,"37.201619","127.048807","204332.868528757","511389.654030375","2",CTM001, 
314,AE134,3477,스마트도시과,CTV001,능-03521,능동어린이공원[4],"41590520","41590118","4159011800","652-5",자가망, ,"37.201901","127.048609","204315.274800186","511420.952859291","5",CTM001, 
315,AE134,3478,스마트도시과,CTV001,능-03522,능동어린이공원[5],"41590520","41590118","4159011800","653",자가망, ,"37.201551","127.04827","204285.190714613","511382.105066279","4",CTM001, 
316,AE134,3479,스마트도시과,CTV001,능-03523,능동어린이공원[6],"41590520","41590118","4159011800","653-2",자가망, ,"37.201483","127.048067","204267.178887685","511374.563968968","4",CTM001, 
317,AE134,3480,스마트도시과,CTV001,능-03524,능동어린이공원[7],"41590520","41590118","4159011800","653",자가망, ,"37.20154","127.04812","204271.892695668","511380.810918198","3",CTM001, 
318,AE134,3481,스마트도시과,CTV001,능-03525,능동어린이공원[8],"41590520","41590118","4159011800","688-7",자가망, ,"37.20138","127.045624","204050.324707987","511362.988685378","3",CTM001, 
319,AE134,3543,스마트도시과,CTV001,능-3557,능동473-2-회전(20차),"41590520","41590118","4159011800","473-2",KT, ,"37.211391","127.054268","204817.107009963","512474.373745759","3",CTM001, 
320,AE134,3980,스마트도시과,CTV001,능-03996,능동1028-3-검지(23차),"41590520","41590118","4159011800","1028-3",KT, ,"37.201096","127.044002","203906.326270127","511331.446250368","2",CTM001, 
321,AE134,26,스마트도시과,CTV001,기산-00026,기산동238-3-고정,"41590520","41590119","4159011900","238-3",KT, ,"37.22479","127.046568","204132.825937425","513961.076572028","1",CTM001, 
322,AE134,422,스마트도시과,CTV001,반월-00423,화성태안푸르지오아파트앞,"41590550","41590120","4159012000","779-10",자가망, ,"37.228466","127.045808","204065.179366278","514369.090846692","3",CTM001, 
323,AE134,1612,스마트도시과,CTV001,기산-01624,기산1통마을입구,"41590520","41590119","4159011900","256-9",자가망, ,"37.223338","127.047124","204182.259395808","513799.986401807","3",CTM001, 
324,AE134,1613,스마트도시과,CTV001,진안-01625,기산2통버스정류장,"41590520","41590116","4159011600","475",자가망, ,"37.216883","127.051777","204595.661084492","513083.805735017","1",CTM001, 
325,AE134,1614,스마트도시과,CTV001,기산-01626,기산사거리,"41590520","41590119","4159011900","106-9",자가망, ,"37.214667","127.052554","204664.762628109","512837.974847155","3",CTM001, 
326,AE134,1615,스마트도시과,CTV001,기산-01627,기산초교입구,"41590520","41590119","4159011900","214-6",자가망, ,"37.223937","127.049676","204408.751746704","513866.538112452","1",CTM001, 
327,AE134,1639,스마트도시과,CTV001,기산-01651,기산중학교육교건너편,"41590520","41590119","4159011900","467",자가망, ,"37.218984","127.051459","204567.291549116","513316.962988293","3",CTM001, 
328,AE134,1645,스마트도시과,CTV001,기산-01657,참누리아파트버스정류장,"41590520","41590119","4159011900","74-16",자가망, ,"37.219865","127.05188","204604.568698452","513414.713898954","1",CTM001, 
330,AE134,1655,스마트도시과,CTV001,기산-01668,기산지구86호소공원2-회전,"41590520","41590119","4159011900","27-9",자가망, ,"37.218619","127.053147","204717.107397461","513276.515158322","3",CTM001, 
331,AE134,1659,스마트도시과,CTV001,기산-01672,기산지구87호소공원2-회전,"41590520","41590119","4159011900","27-9",자가망, ,"37.215489","127.053976","204790.893076231","512929.20615492","1",CTM001, 
332,AE134,1661,스마트도시과,CTV001,기산-01674,기산지구86호소공원1-회전,"41590520","41590119","4159011900","27-9",자가망, ,"37.218158","127.051892","204605.79607741","513225.338562127","3",CTM001, 
333,AE134,1662,스마트도시과,CTV001,기산-01675,기산지구87호소공원1-회전,"41590520","41590119","4159011900","27-9",자가망, ,"37.215912","127.053711","204767.345064424","512976.193537067","3",CTM001, 
915,AE134,3230,스마트도시과,CTV001,오산-03266,오산동967-550,"41590600","41590129","4159012900","967-550",동탄2자가망, ,"37.201847","127.086291","207660.556029831","511417.324309501","5",CTM001, 
916,AE134,3234,스마트도시과,CTV001,오산-03270,오산동967-825,"41590600","41590129","4159012900","967-825",동탄2자가망, ,"37.200586","127.087884","207802.081777355","511277.521069102","4",CTM001, 
917,AE134,3235,스마트도시과,CTV001,오산-03271,오산동967-605,"41590600","41590129","4159012900","967-605",동탄2자가망, ,"37.19991","127.085537","207593.786448841","511202.280332769","4",CTM001, 
918,AE134,3239,스마트도시과,CTV001,오산-03276,오산동967-1058,"41590600","41590129","4159012900","967-1058",동탄2자가망, ,"37.196842","127.087161","207738.260128243","510861.984015519","4",CTM001, 
919,AE134,3250,스마트도시과,CTV001,오산-03288,오산동524,"41590600","41590129","4159012900","524",동탄2자가망, ,"37.197432","127.085337","207576.325527609","510927.240243274","4",CTM001, 
920,AE134,3259,스마트도시과,CTV001,오산-03298,오산동544-3,"41590600","41590129","4159012900","544-3",동탄2자가망, ,"37.195571","127.085884","207625.062609948","510720.732246792","4",CTM001, 
921,AE134,4215,스마트도시과,CTV001,오산-4229,동탄2신도시통신국사2내부,"41590600","41590129","4159012900","967-1557",동탄2자가망, ,"37.194559","127.086338","207665.499999897","510608.500102178","2",CTM001, 
922,AE134,4299,스마트도시과,CTV001,오산-4314,사랑밭다정마을입구(오산-4314),"41590600","41590129","4159012900","967-1671",KT, ,"37.185467","127.083186","207386.520203817","509599.253965514","4",CTM001, 
923,AE134,4321,스마트도시과,CTV001,오산-04339,오산동584-3,"41590600","41590129","4159012900","584-3",동탄3자가망, ,"37.191711","127.09046","208031.749999924","510292.750102182","3",CTM001, 
924,AE134,4324,스마트도시과,CTV001,오산-04342,오산동701-1,"41590600","41590129","4159012900","701-1",동탄3자가망, ,"37.187104","127.090579","208042.749999887","509781.500102187","4",CTM001, 
925,AE134,4325,스마트도시과,CTV001,오산-04343,오산동694-9,"41590600","41590129","4159012900","694-9",동탄3자가망, ,"37.188806","127.092487","208211.999999926","509970.500102183","4",CTM001, 
926,AE134,4468,스마트도시과,CTV001,반송-04485,반석산및오산천둘레길1(반송-04485),"41590586","41590127","4159012700","739",동탄1자가망, ,"37.192867","127.082317","207308.596839969","510420.366224548","3",CTM001, 
927,AE134,4469,스마트도시과,CTV001,반송-04486,반석산및오산천둘레길2-검지1(반송-04486),"41590586","41590127","4159012700","280",동탄1자가망, ,"37.1941","127.082433","207318.836204495","510557.252167722","2",CTM001, 
928,AE134,4520,스마트도시과,CTV001,영천-04537,유아숲[4],"41590590","41590131","4159013100","612",동탄1자가망, ,"37.200469","127.088097","207820.99999995","511264.500102177","1",CTM001, 
929,AE134,4543,스마트도시과,CTV001,오산-04560,자라뫼공원1,"41590600","41590129","4159012900","553-5",자가망, ,"37.194105","127.084747","207524.249999881","510558.000102171","4",CTM001, 
930,AE134,4544,스마트도시과,CTV001,오산-04561,자라뫼공원2,"41590600","41590129","4159012900","752-10",자가망, ,"37.193362","127.084774","207526.74999994","510475.500102181","4",CTM001, 
931,AE134,4545,스마트도시과,CTV001,오산-04562,자라뫼공원3,"41590600","41590129","4159012900","553-5",자가망, ,"37.192495","127.083762","207436.999999896","510379.250102181","4",CTM001, 
933,AE134,4547,스마트도시과,CTV001,오산-04564,자라뫼공원5,"41590600","41590129","4159012900","748-1",자가망, ,"37.192251","127.085469","207588.49999991","510352.25010218","4",CTM001, 
934,AE134,4548,스마트도시과,CTV001,오산-04565,자라뫼공원6,"41590600","41590129","4159012900","594-1",자가망, ,"37.192029","127.086341","207665.999999954","510327.750102173","4",CTM001, 
935,AE134,4549,스마트도시과,CTV001,오산-04566,자라뫼공원7,"41590600","41590129","4159012900","967-2593",자가망, ,"37.193711","127.087072","207730.749999913","510514.500102174","4",CTM001, 
936,AE134,4550,스마트도시과,CTV001,오산-04567,자라뫼공원8,"41590600","41590129","4159012900","967-2597",자가망, ,"37.193607","127.087579","207775.749999869","510503.000102175","4",CTM001, 
937,AE134,4551,스마트도시과,CTV001,오산-04568,자라뫼공원9,"41590600","41590129","4159012900","571-4",자가망, ,"37.19304","127.087804","207795.749999934","510440.000102174","4",CTM001, 
938,AE134,2347,스마트도시과,CTV001,청계-02367,예솔초등학교,"41590588","41590130","4159013000","555",동탄2자가망, ,"37.196484","127.120519","210699.897892956","510825.485366216","4",CTM001, 
939,AE134,2349,스마트도시과,CTV001,청계-02369,청계중앙공원1,"41590588","41590130","4159013000","527",동탄2자가망, ,"37.199168","127.108453","209628.347031068","511122.032162889","4",CTM001, 
940,AE134,2350,스마트도시과,CTV001,청계-02370,청계중앙공원2,"41590588","41590130","4159013000","527",동탄2자가망, ,"37.199485","127.10645","209450.483154334","511157.011654058","4",CTM001, 
941,AE134,2351,스마트도시과,CTV001,청계-02371,청계중앙공원3,"41590588","41590130","4159013000","527",동탄2자가망, ,"37.199705","127.106036","209413.701478726","511181.386365565","4",CTM001, 
942,AE134,2417,스마트도시과,CTV001,청계-02437,청계중앙공원지하보도엘리베이터,"41590588","41590130","4159013000","527",동탄2자가망, ,"37.200669","127.106432","209448.737561229","511288.411893477","2",CTM001, 
943,AE134,2419,스마트도시과,CTV001,청계-02446,청계중앙육교엘리베이터1,"41590588","41590130","4159013000","533",동탄2자가망, ,"37.201583","127.11495","210204.819135719","511390.769247485","2",CTM001, 
944,AE134,2428,스마트도시과,CTV001,목-02456,목리산65-1,"41590610","41590134","4159013400",산65-1,동탄2자가망, ,"37.193961","127.119484","210608.352487523","510545.351910906","3",CTM001, 
945,AE134,2429,스마트도시과,CTV001,청계-02457,신안인스빌리베라1차1353동진입로,"41590588","41590130","4159013000","545",동탄2자가망, ,"37.194936","127.117526","210434.421456952","510653.330330971","3",CTM001, 
946,AE134,2430,스마트도시과,CTV001,청계-02458,신안인스빌리베라1차1351동앞,"41590588","41590130","4159013000","545",동탄2자가망, ,"37.194459","127.116115","210309.194449758","510600.171203172","3",CTM001, 
947,AE134,2431,스마트도시과,CTV001,청계-02459,대원칸타빌포레지움1263-1223동사이,"41590588","41590130","4159013000","558",동탄2자가망, ,"37.197138","127.122949","210915.535604046","510898.27771449","3",CTM001, 
948,AE134,2432,스마트도시과,CTV001,청계-02460,대원칸타빌포레지움1228동진입로,"41590588","41590130","4159013000","558",동탄2자가망, ,"37.19621","127.120202","210671.792500119","510795.05182097","3",CTM001, 
950,AE134,2434,스마트도시과,CTV001,청계-02462,예솔초등학교앞사거리쪽,"41590588","41590130","4159013000","553",동탄2자가망, ,"37.195681","127.119159","210579.301821083","510736.125896397","4",CTM001, 
951,AE134,2435,스마트도시과,CTV001,중-02463,예솔초앞사거리,"41590590","41590132","4159013200","808",동탄2자가망, ,"37.195392","127.118684","210537.196548604","510704.077083293","4",CTM001, 
953,AE134,2437,스마트도시과,CTV001,청계-02465,예솔초등학교앞버스정류장쪽,"41590588","41590130","4159013000","553",동탄2자가망, ,"37.196535","127.118505","210521.083565736","510830.897742233","4",CTM001, 
954,AE134,2438,스마트도시과,CTV001,청계-02466,동탄2센트럴푸르지오1325동앞횡단보도쪽,"41590588","41590130","4159013000","538",동탄2자가망, ,"37.195503","127.116472","210340.783546485","510716.163465447","3",CTM001, 
955,AE134,2454,스마트도시과,CTV001,청계-02482,KCC스위첸아파트1124동뒤지하차도쪽사거리,"41590588","41590130","4159013000","550",동탄2자가망, ,"37.202707","127.120481","210695.699463162","511516.074336807","5",CTM001, 
2183,AE134,4128,스마트도시과,CTV001,발안-04142,발안리127-31(24차),"41590259","41590259","4159025922","127-31",kt, ,"37.130862","126.905273","191582.644408626","503540.03950306","5",CTM002, 
2184,AE134,4465,스마트도시과,CTV001,발안-04482,제암초등학교측문(발안-04482),"41590259","41590259","4159025922","298",KT, ,"37.130819","126.901767","191271.088292297","503535.666656562","4",CTM002, 
2185,AE134,4466,스마트도시과,CTV001,발안-04483,발안보건소앞(발안-04483),"41590259","41590259","4159025922","244-30",자가망, ,"37.129139","126.905333","191587.832647038","503348.836349691","4",CTM002, 
2186,AE134,1780,스마트도시과,CTV001,제암-01795,GS발안IC주유소옆,"41590259","41590259","4159025923","455-10",자가망, ,"37.121295","126.89189","190392.253898815","502479.597186863","3",CTM002, 
2187,AE134,1876,스마트도시과,CTV001,제암-01892,제암리392-5,"41590259","41590259","4159025923","392-5",자가망, ,"37.126378","126.891344","190344.376468153","503043.764019823","1",CTM002, 
2188,AE134,1878,스마트도시과,CTV001,제암-01894,제암리307-1,"41590259","41590259","4159025923","307-1",자가망, ,"37.125324","126.894045","190584.268064198","502926.519721994","1",CTM002, 
2189,AE134,2013,스마트도시과,CTV001,제암-02030,제암리357-고정,"41590259","41590259","4159025923","357",자가망, ,"37.129479","126.892143","190415.769989255","503387.832322998","1",CTM002, 
2190,AE134,2014,스마트도시과,CTV001,제암-02031,제암리478-30-고정,"41590259","41590259","4159025923","478-30",자가망, ,"37.122298","126.895063","190674.36183938","502590.593709202","1",CTM002, 
2192,AE134,4458,스마트도시과,CTV001,발안-04475,발안리244-1(발안-04475),"41590259","41590259","4159025922","244-1",KT, ,"37.128472","126.904722","191533.454472043","503274.903949507","4",CTM002, 
2193,AE134,4459,스마트도시과,CTV001,제암-04476,제암리278-3(제암-04476),"41590259","41590259","4159025923","278-3",KT, ,"37.123972","126.895972","190755.367066239","502776.30996757","5",CTM002, 
2194,AE134,1783,스마트도시과,CTV001,상신-01798,중앙어린이집앞,"41590259","41590259","4159025924","87-25",KT, ,"37.11263","126.898762","191001.970672719","501517.260932271","4",CTM002, 
2195,AE134,1831,스마트도시과,CTV001,상신-01847,상신5리입구앞,"41590259","41590259","4159025924","636-4",자가망, ,"37.098717","126.902817","191360.743764609","499972.809525083","4",CTM002, 
2196,AE134,1834,스마트도시과,CTV001,상신-01850,상신초교뒤도로,"41590259","41590259","4159025924","1175",자가망, ,"37.094494","126.902268","191311.451488463","499504.207981221","3",CTM002, 
2197,AE134,1852,스마트도시과,CTV001,상신-01868,상신리598-102번지앞,"41590259","41590259","4159025924","598-102",KT, ,"37.103576","126.902486","191331.937859031","500512.11530365","3",CTM002, 
2198,AE134,1859,스마트도시과,CTV001,상신-01875,상신리202-4(202-7),"41590259","41590259","4159025924","202-4",KT, ,"37.112499","126.896496","190800.481101514","501502.961977804","1",CTM002, 
2199,AE134,1860,스마트도시과,CTV001,상신-01876,상신리651-4(645-4),"41590259","41590259","4159025924","645-4",KT, ,"37.100067","126.904917","191547.576395341","500122.442980928","1",CTM002, 
2201,AE134,1938,스마트도시과,CTV001,상신-01954,상신리1228-3(1228-1),"41590259","41590259","4159025924","1228-3",KT, ,"37.096396","126.886143","189878.159884862","499716.942954144","1",CTM002, 
2202,AE134,1939,스마트도시과,CTV001,상신-01955,상신리1229-2,"41590259","41590259","4159025924","1229-2",KT, ,"37.096204","126.884326","189716.683955079","499695.752258036","1",CTM002, 
2203,AE134,1940,스마트도시과,CTV001,상신-01956,상신리1231-8,"41590259","41590259","4159025924","1231-8",KT, ,"37.095489","126.885155","189790.276847407","499616.367995231","1",CTM002, 
2204,AE134,1941,스마트도시과,CTV001,상신-01957,상신리204-7(207-1),"41590259","41590259","4159025924","204-7",KT, ,"37.111478","126.896099","190765.098313218","501389.734507729","1",CTM002, 
2205,AE134,1942,스마트도시과,CTV001,상신-01958,상신리339-4,"41590259","41590259","4159025924","339-4",KT, ,"37.104985","126.889815","190205.73028479","500669.772736012","1",CTM002, 
2206,AE134,1943,스마트도시과,CTV001,상신-01959,상신리359-1(332-1),"41590259","41590259","4159025924","330-1",KT, ,"37.106443","126.890147","190235.419780738","500831.558032463","1",CTM002, 
2207,AE134,1944,스마트도시과,CTV001,상신-01960,상신리444-135,"41590259","41590259","4159025924","444-135",KT, ,"37.094656","126.886575","189916.369367976","499523.814845407","1",CTM002, 
2208,AE134,1945,스마트도시과,CTV001,상신-01961,상신리448-24,"41590259","41590259","4159025924","448-24",KT, ,"37.091548","126.88812","190053.288851566","499178.66128987","1",CTM002, 
2209,AE134,1946,스마트도시과,CTV001,상신-01962,상신리598-10(598-25),"41590259","41590259","4159025924","598-10",KT, ,"37.10329","126.903408","191413.83626457","500480.302507696","1",CTM002, 
2211,AE134,1948,스마트도시과,CTV001,상신-01964,상신리605-7,"41590259","41590259","4159025924","605-7",KT, ,"37.105901","126.897099","190853.30918527","500770.637185461","1",CTM002, 
2212,AE134,1949,스마트도시과,CTV001,상신-01965,상신리612-3,"41590259","41590259","4159025924","612-3",KT, ,"37.100054","126.902096","191296.823149425","500121.336366668","1",CTM002, 
2213,AE134,1950,스마트도시과,CTV001,상신-01966,상신리627-11(627-1),"41590259","41590259","4159025924","627-1",KT, ,"37.099036","126.90271","191351.297769444","500008.258698402","1",CTM002, 
2214,AE134,1951,스마트도시과,CTV001,상신-01967,상신리63-14,"41590259","41590259","4159025924","63-14",KT, ,"37.110113","126.899997","191111.443690934","501237.88620588","1",CTM002, 
2215,AE134,1952,스마트도시과,CTV001,상신-01968,상신리640-1,"41590259","41590259","4159025924","640-1",KT, ,"37.099586","126.904486","191509.23867342","500069.137217981","1",CTM002, 
2216,AE134,1953,스마트도시과,CTV001,상신-01969,상신리64-10,"41590259","41590259","4159025924","64-17",KT, ,"37.11077","126.899566","191073.185475229","501310.829267192","1",CTM002, 
2217,AE134,1954,스마트도시과,CTV001,상신-01970,상신리64-17(64-21),"41590259","41590259","4159025924","64-21",KT, ,"37.111354","126.899908","191103.616024683","501375.60939632","1",CTM002, 
2218,AE134,1955,스마트도시과,CTV001,상신-01971,상신리387(394),"41590259","41590259","4159025924","387",KT, ,"37.105607","126.895","190666.696923985","500738.180081647","1",CTM002, 
2219,AE134,1956,스마트도시과,CTV001,상신-01972,상신리701-3(700-3),"41590259","41590259","4159025924","701-3",KT, ,"37.100667","126.908593","191874.447837583","500188.702498483","1",CTM002, 
2220,AE134,1957,스마트도시과,CTV001,상신-01973,상신리945,"41590259","41590259","4159025924","946-9",KT, ,"37.094242","126.893346","190518.277022028","499477.116576438","1",CTM002, 
2221,AE134,2241,스마트도시과,CTV001,상신-02260,상신초등학교,"41590259","41590259","4159025924","881-6",자가망, ,"37.093969","126.90188","191276.906483515","499446.020008588","3",CTM002, 
2222,AE134,2278,스마트도시과,CTV001,상신-02297,상신초등학교진입로,"41590259","41590259","4159025924","906-8",자가망, ,"37.092905","126.901062","191204.079377739","499327.983696552","2",CTM002, 
2223,AE134,2653,스마트도시과,CTV001,상신-02681,상신2지하차도(서해안고속도로)-차도,"41590259","41590259","4159025924","32351",자가망, ,"37.109645","126.887255","189978.830341247","501187.160828135","1",CTM002, 
2224,AE134,2654,스마트도시과,CTV001,상신-02682,상신1지하차도(39번국도)-차도,"41590259","41590259","4159025924","631-17",자가망, ,"37.098569","126.902131","191299.773510301","499956.484129076","1",CTM002, 
2225,AE134,2972,스마트도시과,CTV001,상신-03001,저류조-3,"41590259","41590259","4159025924","1329-7",향남2자가망, ,"37.09575","126.896268","190778.230645383","499644.185972439","1",CTM002, 
1540,AE134,4400,스마트도시과,CTV001,봉담2-006,SA-006,"41590253","41590253","4159025321","73-56",봉담2자가망, ,"37.235056","126.941802","194835.688298281","515101.021662996","4",CTM002, 
1541,AE134,4401,스마트도시과,CTV001,봉담2-007,SA-007,"41590253","41590253","4159025321","53-16",봉담2자가망, ,"37.234224","126.943078","194948.86112095","515008.615760293","4",CTM002, 
1542,AE134,4402,스마트도시과,CTV001,봉담2-008,SA-008,"41590253","41590253","4159025321","53-9",봉담2자가망, ,"37.232432","126.943874","195019.37861949","514809.693789912","4",CTM002, 
1543,AE134,4403,스마트도시과,CTV001,봉담2-009,SA-009,"41590253","41590253","4159025321","53-19",봉담2자가망, ,"37.231136","126.94313","194953.269673822","514665.900500624","4",CTM002, 
1544,AE134,4404,스마트도시과,CTV001,봉담2-010,SA-010,"41590253","41590253","4159025321","183-1",봉담2자가망, ,"37.230537","126.941657","194822.512444307","514599.501805547","4",CTM002, 
1547,AE134,4407,스마트도시과,CTV001,봉담2-013,SA-013,"41590253","41590253","4159025321","194-11",봉담2자가망, ,"37.228115","126.941103","194773.182078079","514330.733928127","4",CTM002, 
1548,AE134,4408,스마트도시과,CTV001,봉담2-014,SA-014,"41590253","41590253","4159025321","53-24",봉담2자가망, ,"37.22868","126.943245","194963.311596195","514393.322657657","4",CTM002, 
1549,AE134,4409,스마트도시과,CTV001,봉담2-015,SA-015,"41590253","41590253","4159025321","198-22",봉담2자가망, ,"37.22716","126.940858","194751.373348806","514224.759735195","5",CTM002, 
1550,AE134,4410,스마트도시과,CTV001,봉담2-016,SA-016,"41590253","41590253","4159025321","199-1",봉담2자가망, ,"37.227352","126.941905","194844.303680283","514246.01075367","4",CTM002, 
1551,AE134,4411,스마트도시과,CTV001,봉담2-017,SA-017,"41590253","41590253","4159025321","59-44",봉담2자가망, ,"37.227836","126.944282","195055.284438248","514299.599253452","5",CTM002, 
1552,AE134,4412,스마트도시과,CTV001,봉담2-018,SA-018,"41590253","41590253","4159025321","50-69",봉담2자가망, ,"37.223728","126.946214","195226.481629717","513843.586518232","4",CTM002, 
1553,AE134,4413,스마트도시과,CTV001,봉담2-019,SA-019,"41590253","41590253","4159025321","45-3",봉담2자가망, ,"37.224928","126.943736","195006.637723888","513976.892522439","4",CTM002, 
1554,AE134,4414,스마트도시과,CTV001,봉담2-020,SA-020,"41590253","41590253","4159025321","44-3",봉담2자가망, ,"37.223757","126.941411","194800.216361323","513847.05786569","4",CTM002, 
1555,AE134,4415,스마트도시과,CTV001,봉담2-021,SA-021,"41590253","41590253","4159025321","48-4",봉담2자가망, ,"37.224959","126.941288","194789.382783059","513980.464830361","5",CTM002, 
1556,AE134,4416,스마트도시과,CTV001,봉담2-022,SA-022,"41590253","41590253","4159025321","45-9",봉담2자가망, ,"37.224078","126.944178","195045.809096367","513882.53472255","4",CTM002, 
1557,AE134,4417,스마트도시과,CTV001,봉담2-023,SA-023,"41590253","41590253","4159025321","50-14",봉담2자가망, ,"37.226421","126.942707","194915.415438244","514142.643233098","5",CTM002, 
1558,AE134,4418,스마트도시과,CTV001,봉담2-024,SA-024,"41590253","41590253","4159025321","202-8",봉담2자가망, ,"37.225687","126.941276","194788.367893125","514061.260303489","4",CTM002, 
1559,AE134,4419,스마트도시과,CTV001,봉담2-025,SA-025,"41590253","41590253","4159025321",산17-18,봉담2자가망, ,"37.226529","126.944096","195038.692172226","514154.555612475","5",CTM002, 
1560,AE134,4420,스마트도시과,CTV001,봉담2-026,SA-026,"41590253","41590253","4159025321","35-18",봉담2자가망, ,"37.22104","126.947078","195302.995129394","513545.224170655","4",CTM002, 
1561,AE134,4421,스마트도시과,CTV001,봉담2-027,SA-027,"41590253","41590253","4159025321","50-16",봉담2자가망, ,"37.225533","126.944585","195082.024743816","514043.9921385","5",CTM002, 
1562,AE134,4422,스마트도시과,CTV001,봉담2-028,SA-028,"41590253","41590253","4159025321","50-61",봉담2자가망, ,"37.227308","126.945395","195154.024277775","514240.94326583","3",CTM002, 
1564,AE134,4424,스마트도시과,CTV001,봉담2-030,SA-030,"41590253","41590253","4159025321","50-62",봉담2자가망, ,"37.226621","126.946086","195215.304370179","514164.663557388","4",CTM002, 
1565,AE134,4425,스마트도시과,CTV001,봉담2-031,SA-031,"41590253","41590253","4159025321","50-41",봉담2자가망, ,"37.225684","126.94543","195157.026539447","514060.70686067","5",CTM002, 
1566,AE134,4426,스마트도시과,CTV001,봉담2-032,SA-032,"41590253","41590253","4159025321","635-5",봉담2자가망, ,"37.220161","126.947148","195309.153432681","513447.667704765","4",CTM002, 
1567,AE134,4428,스마트도시과,CTV001,봉담2-034,SA-034,"41590253","41590253","4159025321","50-41",봉담2자가망, ,"37.224869","126.945838","195193.183964603","513970.235841503","3",CTM002, 
1568,AE134,4429,스마트도시과,CTV001,봉담2-035,SA-035,"41590253","41590253","4159025323","642-1",봉담2자가망, ,"37.224708","126.946874","195285.117773593","513952.31568404","4",CTM002, 
1569,AE134,4436,스마트도시과,CTV001,봉담2-042,SA-042,"41590253","41590253","4159025321","637-10",봉담2자가망, ,"37.21907","126.947027","195298.34643874","513326.592586512","4",CTM002, 
1570,AE134,4438,스마트도시과,CTV001,봉담2-044,SA-044,"41590253","41590253","4159025321","643",봉담2자가망, ,"37.22341","126.945064","195124.398418987","513808.352867911","3",CTM002, 
1571,AE134,4439,스마트도시과,CTV001,봉담2-045,SA-045,"41590253","41590253","4159025321","642",봉담2자가망, ,"37.22354","126.94575","195185.289582002","513822.745416024","4",CTM002, 
1572,AE134,4441,스마트도시과,CTV001,봉담2-047,SA-047,"41590253","41590253","4159025321","39-43",봉담2자가망, ,"37.222752","126.946106","195216.834973296","513735.273686825","5",CTM002, 
1573,AE134,4442,스마트도시과,CTV001,봉담2-048,SA-048,"41590253","41590253","4159025321","644",봉담2자가망, ,"37.221561","126.945348","195149.485180885","513603.132882016","5",CTM002, 
1574,AE134,4443,스마트도시과,CTV001,봉담2-049,SA-049,"41590253","41590253","4159025321","632-10",봉담2자가망, ,"37.221626","126.946507","195252.353690286","513610.287977718","4",CTM002, 
1575,AE134,4444,스마트도시과,CTV001,봉담2-050,SA-050,"41590253","41590253","4159025321","641-11",봉담2자가망, ,"37.2198","126.947367","195328.568381837","513407.592458497","4",CTM002, 
1576,AE134,4445,스마트도시과,CTV001,봉담2-051,SA-051,"41590253","41590253","4159025321","632-10",봉담2자가망, ,"37.221203","126.946524","195253.835981805","513563.341820251","4",CTM002, 
1577,AE134,4446,스마트도시과,CTV001,봉담2-052,SA-052,"41590253","41590253","4159025321","646",봉담2자가망, ,"37.220354","126.945927","195200.796551808","513469.148354626","5",CTM002, 
1578,AE134,4447,스마트도시과,CTV001,봉담2-053,SA-053,"41590253","41590253","4159025321","53-18",봉담2자가망, ,"37.230088","126.942945","194936.782416705","514549.601256244","5",CTM002, 
1579,AE134,495,스마트도시과,CTV001,내-00501,내1리마을입구,"41590253","41590253","4159025322","303-3",자가망, ,"37.227352","126.930716","193851.36053105","514246.645201424","3",CTM002, 
1581,AE134,590,스마트도시과,CTV001,내-00597,큰광전목장입구사거리,"41590253","41590253","4159025322","196-1",자가망, ,"37.233089","126.925396","193379.689222141","514883.763039387","3",CTM002, 
1582,AE134,627,스마트도시과,CTV001,내-00636,삼거리(내리172),"41590253","41590253","4159025322","172임",KT, ,"37.233599","126.929334","193729.22213882","514940.129101249","1",CTM002, 
1583,AE134,628,스마트도시과,CTV001,내-00637,신가성목장,"41590253","41590253","4159025322","769임",KT, ,"37.236228","126.923428","193205.314335632","515232.264082418","1",CTM002, 
334,AE134,1663,스마트도시과,CTV001,기산-01676,손잡이나라,"41590520","41590119","4159011900","195-24",자가망, ,"37.221623","127.04658","204134.08152669","513609.597616521","3",CTM001, 
335,AE134,2105,스마트도시과,CTV001,기산-02123,기산동235-2주택앞,"41590520","41590119","4159011900","235-2",자가망, ,"37.225016","127.045891","204072.721840704","513986.173537028","3",CTM001, 
336,AE134,2145,스마트도시과,CTV001,기산-02163,기산동446-3,"41590520","41590119","4159011900","446-3",자가망, ,"37.227238","127.038236","203393.286539546","514232.418105458","1",CTM001, 
337,AE134,2163,스마트도시과,CTV001,기산-02181,기산동351-2,"41590520","41590119","4159011900","351-2",자가망, ,"37.226774","127.040262","203573.090240048","514181.052496221","1",CTM001, 
338,AE134,2165,스마트도시과,CTV001,기산-02183,기산동452-10(기산-02183),"41590520","41590119","4159011900","452-10",자가망, ,"37.216423","127.050222","204457.615861729","513032.657614312","4",CTM001, 
339,AE134,2671,스마트도시과,CTV001,진안-02699,하나지하차도1-차도,"41590587","41590118","4159011800","1175",LG, ,"37.216083","127.050917","204519.320489896","512995.027049167","1",CTM001, 
340,AE134,3485,스마트도시과,CTV001,기산-03529,기산동468-1(크로바어린이공원),"41590520","41590119","4159011900","468-1",자가망, ,"37.219901","127.052479","204657.721671378","513418.782916776","4",CTM001, 
341,AE134,3512,스마트도시과,CTV001,기산-3526,기산동183-9-어안(20차),"41590520","41590119","4159011900","183-9",자가망, ,"37.221533","127.050102","204446.647066622","513599.835359651","1",CTM001, 
342,AE134,3892,스마트도시과,CTV001,기산-03907,신동탄SK뷰파크3차공원[1],"41590520","41590119","4159011900","164-11",자가망, ,"37.218733","127.04913","204360.584929961","513289.01900397","4",CTM001, 
343,AE134,3893,스마트도시과,CTV001,기산-03908,신동탄SK뷰파크3차공원[2],"41590520","41590119","4159011900","164-11",자가망, ,"37.218958","127.049155","204362.826364347","513314.013265755","4",CTM001, 
344,AE134,3894,스마트도시과,CTV001,기산-03909,신동탄SK뷰파크3차공원[3],"41590520","41590119","4159011900","164-12",자가망, ,"37.219176","127.049543","204397.22436154","513338.169726362","4",CTM001, 
345,AE134,3895,스마트도시과,CTV001,기산-03910,신동탄SK뷰파크3차공원[4],"41590520","41590119","4159011900","164-11",자가망, ,"37.219129","127.049821","204421.901116315","513333.022015528","4",CTM001, 
346,AE134,3896,스마트도시과,CTV001,기산-03911,신동탄SK뷰파크3차공원[5],"41590520","41590119","4159011900","186-2",자가망, ,"37.221711","127.049891","204427.918717784","513619.546947692","4",CTM001, 
348,AE134,408,스마트도시과,CTV001,반월-00409,동학중학교후문(근린공원),"41590550","41590120","4159012000","184-3",자가망, ,"37.233144","127.057236","205079.048429353","514888.738639989","3",CTM001, 
349,AE134,409,스마트도시과,CTV001,반월-00410,율목초교,"41590550","41590120","4159012000","879-1",자가망, ,"37.236375","127.065265","205791.279230394","515247.838033299","2",CTM001, 
350,AE134,410,스마트도시과,CTV001,반월-00411,신영통현대A입구삼거리,"41590550","41590120","4159012000","25-2",자가망, ,"37.235739","127.061919","205494.478917602","515176.998571628","1",CTM001, 
351,AE134,411,스마트도시과,CTV001,반월-00412,반월동삼성전자입구,"41590550","41590120","4159012000","743",자가망, ,"37.224392","127.063395","205626.287560192","513917.828226199","3",CTM001, 
352,AE134,412,스마트도시과,CTV001,반월-00413,두산위브1단지후문공원,"41590550","41590120","4159012000","881-2",자가망, ,"37.234512","127.066821","205929.550658911","515041.163659319","3",CTM001, 
353,AE134,413,스마트도시과,CTV001,반월-00414,반월동행복공원내,"41590550","41590120","4159012000","875",자가망, ,"37.222741","127.051021","204528.143630779","513733.86232207","3",CTM001, 
354,AE134,414,스마트도시과,CTV001,반월-00415,해오름유치원앞,"41590550","41590120","4159012000","858",자가망, ,"37.232992","127.062327","205530.839523218","514872.21007397","3",CTM001, 
355,AE134,415,스마트도시과,CTV001,반월-00416,동학초교후문,"41590550","41590120","4159012000","183-1",자가망, ,"37.233492","127.059316","205263.610543313","514927.56277032","1",CTM001, 
356,AE134,416,스마트도시과,CTV001,반월-00417,반달문화복지센터앞삼거리,"41590550","41590120","4159012000","858-2",자가망, ,"37.232186","127.061006","205413.654756164","514782.615624254","1",CTM001, 
357,AE134,417,스마트도시과,CTV001,반월-00418,반도체골목충무식당앞,"41590550","41590120","4159012000","733-4",자가망, ,"37.227965","127.072415","206426.477682576","514314.918310625","1",CTM001, 
358,AE134,418,스마트도시과,CTV001,반월-00419,반월교차로,"41590550","41590120","4159012000","124-21",자가망, ,"37.231189","127.066093","205865.162719167","514672.347195498","3",CTM001, 
359,AE134,419,스마트도시과,CTV001,반월-00420,신영통현대A3단지뒷길,"41590550","41590120","4159012000","326-4",자가망, ,"37.230478","127.060451","205364.542584667","514593.115581622","3",CTM001, 
360,AE134,420,스마트도시과,CTV001,반월-00421,신영통현대112동옆공원내,"41590550","41590120","4159012000","172-1",자가망, ,"37.235557","127.059955","205320.16957346","515156.676549556","1",CTM001, 
361,AE134,421,스마트도시과,CTV001,반월-00422,신영통현대아파트210동옆,"41590550","41590120","4159012000","753",자가망, ,"37.23102","127.052417","204651.589198732","514652.754186242","1",CTM001, 
362,AE134,423,스마트도시과,CTV001,반월-00424,신영통현대3단지뒷길삼거리,"41590550","41590120","4159012000","132-6",자가망, ,"37.230444","127.062656","205560.230731496","514589.46938618","3",CTM001, 
363,AE134,424,스마트도시과,CTV001,반월-00425,반월동883-1공원내,"41590550","41590120","4159012000","883-1",KT, ,"37.235078","127.065734","205833.058164516","515103.934198196","3",CTM001, 
365,AE134,428,스마트도시과,CTV001,반월-00431,반월동370-1,"41590550","41590120","4159012000","370-1",자가망, ,"37.227253","127.071188","206317.628888121","514235.838799463","1",CTM001, 
367,AE134,430,스마트도시과,CTV001,반월-00434,반월동627-3-고정,"41590550","41590120","4159012000","560-14",KT, ,"37.22175","127.057633","205115.103585936","513624.26528126","1",CTM001, 
368,AE134,1660,스마트도시과,CTV001,기산-01673,기산동5-3(통로암거앞),"41590520","41590119","4159011900","5-3",자가망, ,"37.221043","127.053865","204780.699123644","513545.559901383","3",CTM001, 
369,AE134,2217,스마트도시과,CTV001,반월-02235,동학초교정문,"41590550","41590120","4159012000","165-2",자가망, ,"37.232263","127.059044","205239.532077188","514791.061971175","1",CTM001, 
370,AE134,2218,스마트도시과,CTV001,반월-02236,동학초교_후문,"41590550","41590120","4159012000","165-2",자가망, ,"37.232874","127.060316","205352.410803229","514858.943153043","1",CTM001, 
371,AE134,2240,스마트도시과,CTV001,반월-02259,반월초등학교,"41590550","41590120","4159012000","947",KT, ,"37.224267","127.059393","205271.058906546","513903.714127405","3",CTM001, 
372,AE134,2282,스마트도시과,CTV001,반월-02301,반월동소공원[1],"41590550","41590120","4159012000","560-14",자가망, ,"37.224167","127.059899","205316.035351471","513892.622063906","1",CTM001, 
373,AE134,2283,스마트도시과,CTV001,반월-02302,반월동소공원[2],"41590550","41590120","4159012000","560-14",자가망, ,"37.224361","127.060297","205351.290774532","513914.174925043","1",CTM001, 
374,AE134,2286,스마트도시과,CTV001,반월-02305,LG자이공원,"41590550","41590120","4159012000","248-3",자가망, ,"37.228653","127.046447","204121.903655942","514389.849906567","3",CTM001, 
375,AE134,2310,스마트도시과,CTV001,반월-02330,행복공원,"41590550","41590120","4159012000","875",KT, ,"37.222133","127.05195","204610.670056072","513666.51652849","1",CTM001, 
956,AE134,2455,스마트도시과,CTV001,청계-02483,신안인스빌리베라2차1121동앞사거리,"41590588","41590130","4159013000","547",동탄2자가망, ,"37.200411","127.118075","210482.371288","511261.036311551","5",CTM001, 
957,AE134,2456,스마트도시과,CTV001,청계-02484,무봉초등학교앞,"41590588","41590130","4159013000","549",동탄2자가망, ,"37.20274","127.116095","210306.292794972","511519.306133089","3",CTM001, 
958,AE134,2457,스마트도시과,CTV001,청계-02485,신안인스빌리베라2차1106동앞사거리,"41590588","41590130","4159013000","537",동탄2자가망, ,"37.199502","127.116367","210330.934123198","511159.955595421","5",CTM001, 
959,AE134,2458,스마트도시과,CTV001,청계-02486,인터프라임앞,"41590588","41590130","4159013000","535-3",동탄2자가망, ,"37.200387","127.113382","210065.741364664","511257.875060417","3",CTM001, 
960,AE134,2460,스마트도시과,CTV001,청계-02488,피추프라자앞,"41590588","41590130","4159013000","534-2",동탄2자가망, ,"37.200587","127.114488","210163.973596718","511280.178390124","3",CTM001, 
961,AE134,2461,스마트도시과,CTV001,청계-02489,청계중앙육교엘리베이터2옆,"41590588","41590130","4159013000","533",동탄2자가망, ,"37.201433","127.1145","210164.889965467","511374.073660363","3",CTM001, 
962,AE134,2462,스마트도시과,CTV001,청계-02490,반도유보라아이비파크1026동앞사거리,"41590588","41590130","4159013000","533",동탄2자가망, ,"37.203311","127.112999","210031.397016496","511582.311076581","5",CTM001, 
963,AE134,2463,스마트도시과,CTV001,청계-02491,시범반도유보라아이비파크1024동앞사거리,"41590588","41590130","4159013000","532-1",동탄2자가망, ,"37.203106","127.109515","209722.160711769","511559.241153099","5",CTM001, 
964,AE134,2464,스마트도시과,CTV001,청계-02492,우남퍼스트빌901동앞사거리,"41590588","41590130","4159013000","512",동탄2자가망, ,"37.201692","127.099044","208792.714836812","511401.223743074","5",CTM001, 
966,AE134,2502,스마트도시과,CTV001,청계-02530,우남퍼스트빌911동앞사거리,"41590588","41590130","4159013000","512",동탄2자가망, ,"37.204079","127.103363","209175.893949694","511666.612698306","5",CTM001, 
967,AE134,2507,스마트도시과,CTV001,청계-02535,우남퍼스트빌아파트907동앞사거리,"41590588","41590130","4159013000","512",동탄2자가망, ,"37.204504","127.099167","208803.369872402","511713.281905096","5",CTM001, 
968,AE134,2530,스마트도시과,CTV001,청계-02558,한화꿈에그린프리스티지1414동앞사거리,"41590588","41590130","4159013000","520-1",동탄2자가망, ,"37.194857","127.099046","208793.667435665","510642.64379658","5",CTM001, 
969,AE134,2531,스마트도시과,CTV001,청계-02559,반도유보라아이비파크1502동앞사거리,"41590588","41590130","4159013000","536",동탄2자가망, ,"37.197938","127.113349","210063.163539465","510985.978163439","4",CTM001, 
970,AE134,2532,스마트도시과,CTV001,청계-02560,동탄중앙어울림센터-동탄중앙초교쪽삼거리,"41590588","41590130","4159013000","530",동탄2자가망, ,"37.199039","127.112413","209979.893354694","511108.158486906","4",CTM001, 
971,AE134,2533,스마트도시과,CTV001,청계-02561,동탄중앙이음터도서관앞,"41590588","41590130","4159013000","529",동탄2자가망, ,"37.198148","127.109343","209707.49099931","511008.888609902","4",CTM001, 
972,AE134,2534,스마트도시과,CTV001,청계-02562,호반베르디움1461동진입로,"41590588","41590130","4159013000","525",동탄2자가망, ,"37.197133","127.109749","209743.683955323","510896.295266554","4",CTM001, 
974,AE134,2536,스마트도시과,CTV001,청계-02564,대원칸타빌1456동앞,"41590588","41590130","4159013000","516",동탄2자가망, ,"37.198346","127.106128","209422.038054144","511030.516257234","4",CTM001, 
975,AE134,2537,스마트도시과,CTV001,청계-02565,청계중-시범대원칸타빌1452동사이길,"41590588","41590130","4159013000","520-2",동탄2자가망, ,"37.197116","127.105702","209384.405524877","510893.989099374","4",CTM001, 
976,AE134,2538,스마트도시과,CTV001,청계-02566,동탄글렌힐즈입구,"41590588","41590130","4159013000","523",동탄2자가망, ,"37.196455","127.103486","209187.719335555","510820.457640046","5",CTM001, 
977,AE134,2539,스마트도시과,CTV001,청계-02567,대원칸타빌1451동앞,"41590588","41590130","4159013000","516-1",동탄2자가망, ,"37.198745","127.103801","209215.354118999","511074.613372351","3",CTM001, 
978,AE134,2540,스마트도시과,CTV001,청계-02568,청계초등학교앞삼거리,"41590588","41590130","4159013000","520",동탄2자가망, ,"37.19826","127.102065","209061.317517125","511020.608920007","4",CTM001, 
979,AE134,2542,스마트도시과,CTV001,청계-02570,동탄드림안과의원앞삼거리,"41590588","41590130","4159013000","530",동탄2자가망, ,"37.200375","127.112605","209996.83382342","511256.427824807","3",CTM001, 
980,AE134,2543,스마트도시과,CTV001,청계-02571,동탄중앙고-줄넘기교육관사이,"41590588","41590130","4159013000","531-1",동탄2자가망, ,"37.20109","127.109422","209714.127599036","511335.4374024","4",CTM001, 
981,AE134,2544,스마트도시과,CTV001,청계-02572,줄넘기교육관-동탄중앙고사이산쪽길,"41590588","41590130","4159013000","510-31",동탄2자가망, ,"37.201853","127.109579","209728.003078811","511420.187906679","5",CTM001, 
982,AE134,2545,스마트도시과,CTV001,청계-02573,청계중학교-대원칸타빌1452동사이,"41590588","41590130","4159013000","516-1",동탄2자가망, ,"37.199892","127.103576","209195.283981342","511201.898364933","4",CTM001, 
983,AE134,2546,스마트도시과,CTV001,청계-02574,청계초등학교앞-더샵센트럴파크1404동사이,"41590588","41590130","4159013000","518",동탄2자가망, ,"37.199477","127.100909","208958.570575015","511155.563433082","3",CTM001, 
984,AE134,2547,스마트도시과,CTV001,청계-02575,청계유치원뒤쪽,"41590588","41590130","4159013000","531-5",동탄2자가망, ,"37.200832","127.107824","209572.294914253","511306.641571634","3",CTM001, 
985,AE134,2548,스마트도시과,CTV001,청계-02576,아인초등학교앞,"41590588","41590130","4159013000","515",동탄2자가망, ,"37.201464","127.104933","209315.589383561","511376.504877391","3",CTM001, 
987,AE134,2550,스마트도시과,CTV001,청계-02578,우남퍼스트빌아파트진출입로앞사거리,"41590588","41590130","4159013000","514-1",동탄2자가망, ,"37.202433","127.103055","209148.759417333","511483.829683921","5",CTM001, 
988,AE134,2551,스마트도시과,CTV001,청계-02579,금강펜타리움942동진입로,"41590588","41590130","4159013000","514-4",동탄2자가망, ,"37.201576","127.102215","209074.21088454","511388.704290558","3",CTM001, 
989,AE134,2552,스마트도시과,CTV001,청계-02580,청계동510,"41590588","41590130","4159013000","510",동탄2자가망, ,"37.200256","127.1095","209721.159136923","511242.886861529","3",CTM001, 
990,AE134,2553,스마트도시과,CTV001,청계-02581,청계동527[1],"41590588","41590130","4159013000","510-3",동탄2자가망, ,"37.19953","127.108808","209659.822385049","511162.243575219","3",CTM001, 
991,AE134,2554,스마트도시과,CTV001,청계-02582,청계동510-6,"41590588","41590130","4159013000","510-6",동탄2자가망, ,"37.200554","127.111545","209902.670685212","511276.171073018","3",CTM001, 
992,AE134,2555,스마트도시과,CTV001,청계-02583,청계동527[2],"41590588","41590130","4159013000","527",동탄2자가망, ,"37.200606","127.11021","209784.146157304","511281.80344043","3",CTM001, 
993,AE134,2556,스마트도시과,CTV001,청계-02584,청계동527[3],"41590588","41590130","4159013000","527",동탄2자가망, ,"37.200153","127.105982","209408.851842268","511231.100690037","3",CTM001, 
994,AE134,2557,스마트도시과,CTV001,청계-02585,청계동75-2,"41590588","41590130","4159013000","75-2",동탄2자가망, ,"37.200079","127.102655","209113.4968152","511222.562926653","3",CTM001, 
995,AE134,3944,스마트도시과,CTV001,청계-03960,BIT-한화꿈에그린(55310),"41590588","41590130","4159013000","526",동탄2자가망, ,"37.194352","127.100545","208926.885215335","510586.738428257","1",CTM001, 
2227,AE134,2975,스마트도시과,CTV001,상신-03004,언덕풀잎교-02,"41590259","41590259","4159025924","522",향남2자가망, ,"37.099286","126.897186","190860.229947144","500036.46538129","1",CTM002, 
2228,AE134,2976,스마트도시과,CTV001,상신-03005,언덕풀잎교-01,"41590259","41590259","4159025924","522",향남2자가망, ,"37.099286","126.897186","190860.229947144","500036.46538129","1",CTM002, 
2229,AE134,2977,스마트도시과,CTV001,상신-03006,해솟음달공원내,"41590259","41590259","4159025924","1319",향남2자가망, ,"37.099006","126.900988","191198.215161529","500005.08749002","3",CTM002, 
2230,AE134,3022,스마트도시과,CTV001,상신-03051,생태터널앞,"41590259","41590259","4159025924","1250-3",향남2자가망, ,"37.111168","126.903358","191410.272515716","501354.605086037","4",CTM002, 
2232,AE134,3024,스마트도시과,CTV001,상신-03053,상신리610-132,"41590259","41590259","4159025924","1278",향남2자가망, ,"37.109357","126.901061","191205.901266925","501153.830995224","3",CTM002, 
2233,AE134,3025,스마트도시과,CTV001,상신-03054,상신리1281진입로,"41590259","41590259","4159025924","1278-9",향남2자가망, ,"37.108183","126.901068","191206.387723719","501023.5401471","4",CTM002, 
2234,AE134,3026,스마트도시과,CTV001,상신-03055,상신리1277-1교차로,"41590259","41590259","4159025924","1277-1",향남2자가망, ,"37.108088","126.901783","191269.929911635","501012.93110698","3",CTM002, 
2235,AE134,3027,스마트도시과,CTV001,상신-03056,상신리1279-7삼거리,"41590259","41590259","4159025924","1279-7",향남2자가망, ,"37.108181","126.90218","191305.228107597","501023.215799102","4",CTM002, 
2236,AE134,3028,스마트도시과,CTV001,상신-03057,상신리1272삼거리,"41590259","41590259","4159025924","1272",향남2자가망, ,"37.107466","126.903249","191400.165807326","500943.767969948","4",CTM002, 
2237,AE134,3029,스마트도시과,CTV001,상신-03058,애나빌앞,"41590259","41590259","4159025924","1283-6",향남2자가망, ,"37.107062","126.899777","191091.505323914","500899.25221751","3",CTM002, 
2238,AE134,3031,스마트도시과,CTV001,상신-03060,푸른빌앞,"41590259","41590259","4159025924","1267-4",향남2자가망, ,"37.105859","126.903937","191461.139171428","500765.361535827","3",CTM002, 
2239,AE134,3036,스마트도시과,CTV001,상신-03065,에스엠타운앞,"41590259","41590259","4159025924","1287",향남2자가망, ,"37.105162","126.897416","190881.415932161","500688.61490302","3",CTM002, 
2240,AE134,3037,스마트도시과,CTV001,상신-03066,상신리1242-15삼거리,"41590259","41590259","4159025924","605-9",향남2자가망, ,"37.106666","126.898659","190992.083035987","500855.409716252","4",CTM002, 
2241,AE134,3038,스마트도시과,CTV001,상신-03067,열매달공원,"41590259","41590259","4159025924","1289-5",향남2자가망, ,"37.106016","126.899006","191022.85018897","500783.240065322","5",CTM002, 
2242,AE134,3039,스마트도시과,CTV001,상신-03068,지성공인중개사삼거리,"41590259","41590259","4159025924","1290-5",향남2자가망, ,"37.105106","126.898484","190976.342715455","500682.298035247","4",CTM002, 
2243,AE134,3040,스마트도시과,CTV001,상신-03069,탱스빌앞삼거리,"41590259","41590259","4159025924","1282-8",향남2자가망, ,"37.106729","126.900478","191153.776210848","500862.230453375","4",CTM002, 
2244,AE134,3041,스마트도시과,CTV001,상신-03070,상신교회진입로,"41590259","41590259","4159025924","1269",향남2자가망, ,"37.106749","126.90151","191245.510043764","500864.354417522","3",CTM002, 
2245,AE134,3042,스마트도시과,CTV001,상신-03071,상신교회뒤,"41590259","41590259","4159025924","1270",향남2자가망, ,"37.106416","126.902082","191296.315372397","500827.345607614","4",CTM002, 
2246,AE134,3043,스마트도시과,CTV001,상신-03072,상신리1274-7삼거리,"41590259","41590259","4159025924","1334-4",향남2자가망, ,"37.106833","126.902387","191323.473628345","500873.596228213","4",CTM002, 
2247,AE134,3044,스마트도시과,CTV001,상신-03073,상신리1194삼거리,"41590259","41590259","4159025924","1194",향남2자가망, ,"37.106454","126.902947","191373.207375768","500831.483912081","4",CTM002, 
2248,AE134,3045,스마트도시과,CTV001,상신-03074,나래빌앞삼거리,"41590259","41590259","4159025924","599-18",향남2자가망, ,"37.105563","126.902636","191345.462001371","500732.629317754","4",CTM002, 
2250,AE134,3047,스마트도시과,CTV001,상신-03076,상신리1295사거리,"41590259","41590259","4159025924","1197-5",향남2자가망, ,"37.105775","126.901463","191241.248643114","500756.26673289","5",CTM002, 
2251,AE134,3048,스마트도시과,CTV001,상신-03077,삼성빌앞,"41590259","41590259","4159025924","1197",향남2자가망, ,"37.105527","126.901586","191252.124931909","500728.730248513","3",CTM002, 
2252,AE134,3049,스마트도시과,CTV001,상신-03078,상신리1297앞,"41590259","41590259","4159025924","1297",향남2자가망, ,"37.10461","126.898561","190983.128378878","500627.244812559","3",CTM002, 
2253,AE134,3050,스마트도시과,CTV001,상신-03079,상신리1299사거리,"41590259","41590259","4159025924","1299",향남2자가망, ,"37.104241","126.898217","190952.506462561","500586.326036831","5",CTM002, 
2254,AE134,3051,스마트도시과,CTV001,상신-03080,상신리1294-3보도,"41590259","41590259","4159025924","1295-2",향남2자가망, ,"37.104784","126.900242","191132.572112828","500646.397000951","4",CTM002, 
2255,AE134,3052,스마트도시과,CTV001,상신-03081,시샘달공원,"41590259","41590259","4159025924","1301-11",향남2자가망, ,"37.103704","126.899431","191060.355879636","500526.615013393","5",CTM002, 
2256,AE134,3053,스마트도시과,CTV001,상신-03082,김명자낙지마당앞,"41590259","41590259","4159025924","1296-7",향남2자가망, ,"37.10382","126.901051","191204.372189849","500539.337397407","4",CTM002, 
2257,AE134,3054,스마트도시과,CTV001,상신-03083,상신리1295-5사거리,"41590259","41590259","4159025924","1295-5",향남2자가망, ,"37.104351","126.901073","191206.389163407","500598.265548817","3",CTM002, 
2258,AE134,3055,스마트도시과,CTV001,상신-03084,수경빌앞,"41590259","41590259","4159025924","599-18",향남2자가망, ,"37.104618","126.90222","191308.376409231","500627.791531221","4",CTM002, 
2259,AE134,3056,스마트도시과,CTV001,상신-03085,상신리1271-5사거리,"41590259","41590259","4159025924","1271-4",향남2자가망, ,"37.106269","126.903781","191447.318718167","500810.877239433","4",CTM002, 
2260,AE134,3057,스마트도시과,CTV001,상신-03086,아이비타운앞,"41590259","41590259","4159025924","598-39",향남2자가망, ,"37.104743","126.903168","191392.657901407","500641.577651675","4",CTM002, 
2261,AE134,3058,스마트도시과,CTV001,상신-03087,하길리53-5돌담사거리,"41590259","41590259","4159025924","1252",향남2자가망, ,"37.106701","126.905636","191612.252996556","500858.655018777","3",CTM002, 
2262,AE134,3062,스마트도시과,CTV001,하길-03091,향남유치원앞,"41590259","41590259","4159025926","1542",향남2자가망, ,"37.105947","126.907808","191805.234702277","500774.786720842","3",CTM002, 
2263,AE134,3069,스마트도시과,CTV001,상신-03098,상신리1256-1,"41590259","41590259","4159025924","1256-1",향남2자가망, ,"37.104267","126.910083","192007.308094011","500588.110007402","4",CTM002, 
2264,AE134,3070,스마트도시과,CTV001,상신-03099,하늘연달공원보도끝,"41590259","41590259","4159025924",산118-1,향남2자가망, ,"37.101172","126.894171","190592.475986826","500246.089377799","3",CTM002, 
2265,AE134,3071,스마트도시과,CTV001,상신-03100,상신성당진입로,"41590259","41590259","4159025924","1347-1",향남2자가망, ,"37.10305","126.896764","190823.205545809","500454.288693629","4",CTM002, 
2267,AE134,3073,스마트도시과,CTV001,상신-03102,상신초교육교건너편,"41590259","41590259","4159025924","1330-1",향남2자가망, ,"37.099088","126.897165","190858.374963324","500014.548902279","4",CTM002, 
1584,AE134,629,스마트도시과,CTV001,내-00638,전형목장입구,"41590253","41590253","4159025322","130-5",KT, ,"37.236117","126.935164","194246.75979606","515219.211801315","1",CTM002, 
1585,AE134,3595,스마트도시과,CTV001,내(봉)-3609,내리85-1-검지(20차),"41590253","41590253","4159025322","85-1",KT, ,"37.237148","126.930532","193835.784474566","515333.881478184","3",CTM002, 
1587,AE134,405,스마트도시과,CTV001,천천-00406,천천리96-1-고정,"41590310","41590310","4159031021","96-1",KT, ,"37.24207","126.951702","195714.589900042","515878.967400134","1",CTM002, 
1588,AE134,503,스마트도시과,CTV001,수영-00509,봉담신창아파트공원앞,"41590253","41590253","4159025323","171-1",자가망, ,"37.233947","126.956286","196120.903416968","514977.230943809","3",CTM002, 
1589,AE134,526,스마트도시과,CTV001,수영-00532,봉담초교입구삼거리,"41590253","41590253","4159025323","651-2",자가망, ,"37.221365","126.947976","195382.742971432","513581.25352928","1",CTM002, 
1590,AE134,529,스마트도시과,CTV001,수영-00535,수영리성우빌라앞,"41590253","41590253","4159025323","651-34",자가망, ,"37.221303","126.94836","195416.769766217","513574.339607646","5",CTM002, 
1591,AE134,540,스마트도시과,CTV001,수영-00546,쌍용예가아파트뒤지하도,"41590253","41590253","4159025323","411-54",자가망, ,"37.241274","126.952074","195747.514084457","515790.564431667","3",CTM002, 
1592,AE134,544,스마트도시과,CTV001,수영-00550,수영어린이공원내,"41590253","41590253","4159025323","406-5",자가망, ,"37.241723","126.954678","195978.636078125","515840.300493386","4",CTM002, 
1593,AE134,545,스마트도시과,CTV001,수영-00551,수영리청운빌라앞(어보10),"41590253","41590253","4159025323","649-32(도)",자가망, ,"37.221902","126.949018","195475.257699612","513640.759043296","3",CTM002, 
1594,AE134,546,스마트도시과,CTV001,수영-00552,신창아파트입구(수영오거리)-검지,"41590253","41590253","4159025323","233-8",자가망, ,"37.237267","126.960568","196501.000235505","515345.52017065","2",CTM002, 
1595,AE134,554,스마트도시과,CTV001,수영-00560,수영초교사거리,"41590253","41590253","4159025323","149-1",자가망, ,"37.23647","126.955217","196026.130326546","515257.320775634","4",CTM002, 
1596,AE134,597,스마트도시과,CTV001,수영-00604,수영리366-1(338-1),"41590253","41590253","4159025323","338-1",자가망, ,"37.239567","126.952101","195749.814848466","515601.15661823","1",CTM002, 
1597,AE134,598,스마트도시과,CTV001,수영-00605,수영리366-1(376-1),"41590253","41590253","4159025323","376-1",KT, ,"37.238351","126.952901","195820.719702686","515466.130111016","1",CTM002, 
1598,AE134,599,스마트도시과,CTV001,수영-00606,수영리605-6-고정,"41590253","41590253","4159025323","605-6",KT, ,"37.228843","126.955635","196062.849940921","514410.830143092","1",CTM002, 
1599,AE134,613,스마트도시과,CTV001,수영-00620,수영리127-5임-고정,"41590253","41590253","4159025323","127-5",KT, ,"37.235339","126.95514","196019.249767391","515131.779968044","1",CTM002, 
1600,AE134,614,스마트도시과,CTV001,수영-00621,수영리121-4-고정,"41590253","41590253","4159025323","121-4",KT, ,"37.234243","126.953594","195882.003403009","515010.270786635","1",CTM002, 
1601,AE134,615,스마트도시과,CTV001,수영-00622,수영리450-고정,"41590253","41590253","4159025323","450",자가망, ,"37.242413","126.951568","195702.728565197","515916.973774236","1",CTM002, 
1602,AE134,620,스마트도시과,CTV001,수영-00627,수영리606-1-고정,"41590253","41590253","4159025323","606-1",KT, ,"37.229255","126.955196","196023.969677486","514456.609644331","1",CTM002, 
1604,AE134,622,스마트도시과,CTV001,수영-00629,수영리648-2도-고정,"41590253","41590253","4159025323","648-2",KT, ,"37.221282","126.949626","195529.117485139","513571.991772094","1",CTM002, 
1605,AE134,657,스마트도시과,CTV001,수영-00666,비바파빌리202동,"41590253","41590253","4159025323","334-3",KT, ,"37.237624","126.952275","195765.212012297","515385.512729528","1",CTM002, 
1606,AE134,658,스마트도시과,CTV001,수영-00667,착한건축,"41590253","41590253","4159025323","403-20",KT, ,"37.242909","126.954298","195945.000321788","515971.990412991","1",CTM002, 
1607,AE134,666,스마트도시과,CTV001,수영-00675,코끼리중기,"41590253","41590253","4159025323","650-84",봉담2자가망, ,"37.223779","126.948486","195428.09054687","513849.092350745","1",CTM002, 
1608,AE134,2232,스마트도시과,CTV001,수영-02251,수영초등학교,"41590253","41590253","4159025323","339-33",자가망, ,"37.236529","126.952701","195802.869439997","515263.981720049","3",CTM002, 
1609,AE134,2301,스마트도시과,CTV001,수영-02320,한울2호공원,"41590253","41590253","4159025323","673-2",자가망, ,"37.237392","126.954004","195918.573404943","515359.646800915","1",CTM002, 
1610,AE134,2308,스마트도시과,CTV001,수영-02328,한울1호어린이공원,"41590253","41590253","4159025323","672-3",KT, ,"37.234176","126.956102","196104.540341139","515002.670054213","1",CTM002, 
1611,AE134,2379,스마트도시과,CTV001,수영-02399,한울3호어린이공원,"41590253","41590253","4159025323","672-3",자가망, ,"37.237421","126.95462","195973.262760145","515362.926569654","3",CTM002, 
1612,AE134,2668,스마트도시과,CTV001,수영-02696,수영리지하차도2-차도,"41590253","41590253","4159025323","654-120",KT, ,"37.242589","126.948303","195412.988112237","515936.748651136","1",CTM002, 
1613,AE134,2674,스마트도시과,CTV001,수영-02702,수영리지하차도1-차도,"41590253","41590253","4159025323","654-120",KT, ,"37.237151","126.961843","196614.163767612","515332.605798476","1",CTM002, 
1614,AE134,3626,스마트도시과,CTV001,수영-3640,수영리200-1-검지(20차),"41590253","41590253","4159025323","200-1",자가망, ,"37.236059","126.958592","196325.58926282","515211.573054073","3",CTM002, 
1615,AE134,3627,스마트도시과,CTV001,수영-3641,수영리386-15-검지(20차),"41590253","41590253","4159025323","386-15",자가망, ,"37.241673","126.955123","196018.119696993","515834.770308506","2",CTM002, 
1616,AE134,3628,스마트도시과,CTV001,수영-3642,수영리647-25-검지(20차),"41590253","41590253","4159025323","647-25",봉담2자가망, ,"37.223803","126.951286","195676.659831669","513851.7198412","1",CTM002, 
1617,AE134,3629,스마트도시과,CTV001,수영-3643,수영리624-9-검지(20차),"41590253","41590253","4159025323","624-9",자가망, ,"37.227617","126.955184","196022.775217957","514274.769593318","3",CTM002, 
1618,AE134,3630,스마트도시과,CTV001,수영-3644,수영리556-검지(20차),"41590253","41590253","4159025323","556",KT, ,"37.23333","126.950219","195582.464198669","514909.069656077","2",CTM002, 
1619,AE134,3631,스마트도시과,CTV001,수영-3645,수영리527-1-검지(20차),"41590253","41590253","4159025323","527-1",KT, ,"37.236191","126.948023","195387.789934622","515226.70622908","1",CTM002, 
1621,AE134,4138,스마트도시과,CTV001,수영-04152,수영리376-1(24차),"41590253","41590253","4159025323","376-1",KT, ,"37.239036","126.951865","195728.906329723","515542.230139587","5",CTM002, 
1622,AE134,4427,스마트도시과,CTV001,봉담2-033,SA-033,"41590253","41590253","4159025323","642-1",봉담2자가망, ,"37.225582","126.946911","195288.455859422","514049.312005551","5",CTM002, 
1623,AE134,4430,스마트도시과,CTV001,봉담2-036,SA-036,"41590253","41590253","4159025323","614-8",봉담2자가망, ,"37.226971","126.950044","195566.584766671","514203.314606448","5",CTM002, 
1624,AE134,4431,스마트도시과,CTV001,봉담2-037,SA-037,"41590253","41590253","4159025323","576-1",봉담2자가망, ,"37.228419","126.950547","195611.308123726","514363.993007334","5",CTM002, 
1625,AE134,4432,스마트도시과,CTV001,봉담2-038,SA-038,"41590253","41590253","4159025323","614-19",봉담2자가망, ,"37.226481","126.951568","195701.806481964","514148.86321941","4",CTM002, 
376,AE134,2313,스마트도시과,CTV001,반월-02333,푸루지오어린이공원,"41590550","41590120","4159012000","885-1",KT, ,"37.234092","127.067191","205962.43436161","514994.607735054","1",CTM001, 
377,AE134,2319,스마트도시과,CTV001,반월-02339,현대4호어린이공원,"41590550","41590120","4159012000","184-5",자가망, ,"37.233419","127.057699","205120.142673115","514919.316944395","1",CTM001, 
379,AE134,2362,스마트도시과,CTV001,반월-02382,사랑어린이공원,"41590550","41590120","4159012000","859",KT, ,"37.2311","127.05885","205222.441038017","514662.012504809","3",CTM001, 
380,AE134,2380,스마트도시과,CTV001,반월-02400,행림어린이공원,"41590550","41590120","4159012000","873",KT, ,"37.223774","127.050909","204518.136912959","513848.528343715","3",CTM001, 
382,AE134,2382,스마트도시과,CTV001,반월-02402,햇빛어린이공원,"41590550","41590120","4159012000","184-3일원",KT, ,"37.232477","127.056785","205039.12270649","514814.716200826","3",CTM001, 
383,AE134,2672,스마트도시과,CTV001,진안-02700,하나지하차도2-차도,"41590587","41590118","4159011800","1175",LG, ,"37.219267","127.055633","204937.760401917","513348.554361732","1",CTM001, 
384,AE134,2682,스마트도시과,CTV001,진안-02710,하나지하차도4-차도,"41590587","41590118","4159011800","1175",LG, ,"37.219367","127.055817","204954.025692441","513359.662111345","1",CTM001, 
385,AE134,3467,스마트도시과,CTV001,반월-03511,반월5지구[1],"41590550","41590120","4159012000","453",자가망, ,"37.226778","127.064828","205753.293137152","514182.694922449","5",CTM001, 
386,AE134,3468,스마트도시과,CTV001,반월-03512,반월5지구[2],"41590550","41590120","4159012000","451-6",자가망, ,"37.226746","127.066097","205865.879564848","514179.276810448","4",CTM001, 
387,AE134,3469,스마트도시과,CTV001,반월-03513,반월5지구[3],"41590550","41590120","4159012000","450-6",자가망, ,"37.226443","127.066069","205863.435904614","514145.592078114","4",CTM001, 
388,AE134,3470,스마트도시과,CTV001,반월-03514,반월5지구[4],"41590550","41590120","4159012000","450-6",자가망, ,"37.226403","127.066665","205916.305637117","514141.189847756","4",CTM001, 
389,AE134,3471,스마트도시과,CTV001,반월-03515,반월5지구[5],"41590550","41590120","4159012000","348-28",자가망, ,"37.227343","127.067035","205949.059334071","514245.54712159","4",CTM001, 
390,AE134,3472,스마트도시과,CTV001,반월-03516,반월5지구[6],"41590550","41590120","4159012000","354-16",자가망, ,"37.229045","127.067896","206025.325328326","514434.492817136","4",CTM001, 
391,AE134,3473,스마트도시과,CTV001,반월-03517,반월5지구[7],"41590550","41590120","4159012000","113-1",자가망, ,"37.229918","127.068615","206089.070954274","514531.392775812","5",CTM001, 
392,AE134,3581,스마트도시과,CTV001,반월-3595,반월동93-5-검지(20차),"41590550","41590120","4159012000","93-5",자가망, ,"37.233032","127.066144","205869.554548855","514876.879121751","3",CTM001, 
393,AE134,3582,스마트도시과,CTV001,반월-3596,반월동862-검지(20차),"41590550","41590120","4159012000","862",자가망, ,"37.230724","127.062183","205518.217472275","514620.483369266","1",CTM001, 
394,AE134,3583,스마트도시과,CTV001,반월-3597,반월동525-5-어안(20차),"41590550","41590120","4159012000","525-5",자가망, ,"37.224574","127.062419","205539.592690398","513937.947158289","1",CTM001, 
395,AE134,3991,스마트도시과,CTV001,반월-04007,반월동184-7-검지(23차),"41590550","41590120","4159012000","184-7",KT, ,"37.232355","127.055665","204939.743881243","514801.124043096","2",CTM001, 
396,AE134,3992,스마트도시과,CTV001,반월-04008,반월동593-2-검지(23차),"41590550","41590120","4159012000","593-2",KT, ,"37.224519","127.056314","204997.826678716","513931.547966253","2",CTM001, 
397,AE134,3993,스마트도시과,CTV001,반월-04009,반월동594-3-검지(23차),"41590550","41590120","4159012000","594-3",KT, ,"37.225757","127.056075","204976.534293225","514068.864360944","2",CTM001, 
399,AE134,4100,스마트도시과,CTV001,반월-04115,반월동733-41(24차),"41590550","41590120","4159012000","733-41",kt, ,"37.233198","127.063875","205668.254788212","514895.097362741","5",CTM001, 
400,AE134,4101,스마트도시과,CTV001,반월-04116,반월동270-7(24차),"41590550","41590120","4159012000","269",KT, ,"37.226961","127.051732","204591.011716778","514202.278294487","2",CTM001, 
401,AE134,4102,스마트도시과,CTV001,반월-04116-2,반월동270-7-검지2(24차),"41590550","41590120","4159012000","269",KT, ,"37.226989","127.051709","204588.968846421","514205.395771561","1",CTM001, 
402,AE134,4103,스마트도시과,CTV001,반월-04117,반월동741(24차),"41590550","41590120","4159012000","741",kt, ,"37.229327","127.046196","204099.642885105","514464.668615139","4",CTM001, 
403,AE134,4104,스마트도시과,CTV001,반월-04118,반월동944-1[1](24차),"41590550","41590120","4159012000","944-1",kt, ,"37.223865","127.05564","204938.087839948","513858.863906787","4",CTM001, 
404,AE134,4105,스마트도시과,CTV001,반월-04119,반월동944-1[2](24차),"41590550","41590120","4159012000","944-1",kt, ,"37.225455","127.057265","205082.137848475","514035.422103848","6",CTM001, 
405,AE134,4349,스마트도시과,CTV001,반월-04366,반정교차로,"41590550","41590120","4159012000","311-173",KT, ,"37.231413","127.046303","204108.983575861","514696.13168934","1",CTM001, 
406,AE134,4580,스마트도시과,CTV001,반월-04594,반월3지구 근린공원01,"41590550","41590120","4159012000","568-2",자가망, ,"37.227291","127.059104","205245.24522285","514239.296261685","4",CTM001, 
407,AE134,4581,스마트도시과,CTV001,반월-04595,반월3지구 근린공원02,"41590550","41590120","4159012000","514-2",자가망, ,"37.22727","127.05985","205311.451238844","514237.007218405","4",CTM001, 
408,AE134,4582,스마트도시과,CTV001,반월-04596,반월3지구 근린공원03,"41590550","41590120","4159012000","563-1",자가망, ,"37.226544","127.05977","205304.402403334","514156.429863655","5",CTM001, 
409,AE134,4583,스마트도시과,CTV001,반월-04597,반월3지구 근린공원04,"41590550","41590120","4159012000","775-15",자가망, ,"37.226215","127.059051","205240.61613963","514119.876789425","4",CTM001, 
410,AE134,4584,스마트도시과,CTV001,반월-04598,반월3지구 근린공원05,"41590550","41590120","4159012000","775-35",자가망, ,"37.225681","127.058836","205221.572287098","514060.600581027","4",CTM001, 
411,AE134,4585,스마트도시과,CTV001,반월-04599,반월3지구 근린공원06,"41590550","41590120","4159012000","775-41",자가망, ,"37.225161","127.058388","205181.848795435","514002.865394495","4",CTM001, 
412,AE134,4586,스마트도시과,CTV001,반월-04600,반월3지구 근린공원07,"41590550","41590120","4159012000","568-3",자가망, ,"37.226932","127.059184","205252.369803877","514199.458186235","4",CTM001, 
413,AE134,1606,스마트도시과,CTV001,반정-01618,공도스틸앞삼거리-검지,"41590520","41590121","4159012100","380-13",자가망, ,"37.229264","127.026403","202343.119769384","514456.910245938","2",CTM001, 
414,AE134,1623,스마트도시과,CTV001,반정-01635,반정동수원목양교회앞,"41590520","41590121","4159012100","49-18",자가망, ,"37.235307","127.040401","203585.079709939","515128.010450338","4",CTM001, 
416,AE134,2152,스마트도시과,CTV001,반정-02170,반정동194-2,"41590520","41590121","4159012100","194-2",자가망, ,"37.227483","127.038967","203458.130110616","514259.629559454","1",CTM001, 
417,AE134,2153,스마트도시과,CTV001,반정-02171,반정동213-1,"41590520","41590121","4159012100","213-1",자가망, ,"37.233339","127.038094","203380.43970079","514909.600602825","1",CTM001, 
418,AE134,2154,스마트도시과,CTV001,반정-02172,반정동374-20,"41590520","41590121","4159012100","374-20",자가망, ,"37.224925","127.032685","202900.718950925","513975.543633875","1",CTM001, 
996,AE134,3945,스마트도시과,CTV001,청계-03961,BIT-한화꿈에그린(55309),"41590588","41590130","4159013000","526",동탄2자가망, ,"37.19486","127.100263","208901.779331611","510643.179200939","1",CTM001, 
997,AE134,4127,스마트도시과,CTV001,청계-04141,청계동524(24차),"41590588","41590130","4159013000","524",kt, ,"37.201651","127.111324","209882.872297384","511397.939027753","4",CTM001, 
998,AE134,4368,스마트도시과,CTV001,청계-04378,청계유치원(청계-04378),"41590588","41590130","4159013000","531-5",동탄2자가망, ,"37.201265","127.107426","209536.907167654","511354.656418584","4",CTM001, 
999,AE134,4531,스마트도시과,CTV001,청계-04548,동탄2스위첸아파트앞(청계-04548),"41590588","41590130","4159013000","550",동탄2자가망, ,"37.201318","127.117377","210420.305922447","511361.532118763","4",CTM001, 
1001,AE134,2420,스마트도시과,CTV001,영천-02448,노드국사1,"41590590","41590131","4159013100","667-6",동탄2자가망, ,"37.20905","127.106833","209483.318141537","512218.588255076","1",CTM001, 
1002,AE134,2421,스마트도시과,CTV001,청계-02449,청계동47-1,"41590588","41590130","4159013000","47-1",동탄2자가망, ,"37.205083","127.099447","208828.149833855","511777.655036907","4",CTM001, 
1003,AE134,2422,스마트도시과,CTV001,중-02450,중리833-5,"41590590","41590132","4159013200","833-5",동탄2자가망, ,"37.203639","127.120914","210733.989232244","511619.569150886","3",CTM001, 
1004,AE134,2423,스마트도시과,CTV001,중-02451,중리833-66,"41590590","41590132","4159013200","833-66",동탄2자가망, ,"37.204314","127.105756","209388.246005577","511692.905510585","4",CTM001, 
1006,AE134,2425,스마트도시과,CTV001,중-02453,영천동783,"41590590","41590131","4159013100","783",동탄2자가망, ,"37.204174","127.114639","210176.817509794","511678.262941769","4",CTM001, 
1007,AE134,2426,스마트도시과,CTV001,영천-02454,영천동556,"41590590","41590131","4159013100","556",동탄2자가망, ,"37.207472","127.102696","209116.238580403","512043.086486105","3",CTM001, 
1008,AE134,2427,스마트도시과,CTV001,영천-02455,영천동478-4,"41590590","41590131","4159013100","478-4",동탄2자가망, ,"37.205731","127.100273","208901.363991746","511849.615020355","3",CTM001, 
1009,AE134,2439,스마트도시과,CTV001,영천-02467,영천동769-4앞,"41590590","41590131","4159013100","769-4",동탄2자가망, ,"37.202738","127.12945","211491.916613367","511520.609176563","3",CTM001, 
1010,AE134,2440,스마트도시과,CTV001,영천-02468,영천동767-1앞사거리,"41590590","41590131","4159013100","767-1",동탄2자가망, ,"37.202357","127.128781","211432.575759689","511478.210990474","5",CTM001, 
1011,AE134,2441,스마트도시과,CTV001,영천-02469,영천동765-1앞삼거리,"41590590","41590131","4159013100","765-1",동탄2자가망, ,"37.202865","127.127897","211354.003708458","511534.449997124","4",CTM001, 
1012,AE134,2442,스마트도시과,CTV001,영천-02470,영천동760-11앞사거리,"41590590","41590131","4159013100","760-11",동탄2자가망, ,"37.202384","127.127447","211314.171276967","511481.014123133","3",CTM001, 
1013,AE134,2443,스마트도시과,CTV001,영천-02471,큰부자부동산앞사거리,"41590590","41590131","4159013100","757-1",동탄2자가망, ,"37.203225","127.1274","211309.873325023","511574.366168471","5",CTM001, 
1014,AE134,2444,스마트도시과,CTV001,영천-02472,영천동750-9앞사거리,"41590590","41590131","4159013100","750-9",동탄2자가망, ,"37.202979","127.125831","211170.62265092","511546.945189405","4",CTM001, 
1015,AE134,2445,스마트도시과,CTV001,영천-02473,영천동760-6앞삼거리,"41590590","41590131","4159013100","760-6",동탄2자가망, ,"37.202428","127.12572","211160.849833734","511485.759097534","4",CTM001, 
1016,AE134,2446,스마트도시과,CTV001,영천-02474,영천동750-5앞,"41590590","41590131","4159013100","750-5",동탄2자가망, ,"37.20278","127.125288","211122.411871309","511524.707162041","4",CTM001, 
1017,AE134,2447,스마트도시과,CTV001,영천-02475,영천동749-18앞,"41590590","41590131","4159013100","749-18",동탄2자가망, ,"37.203217","127.125462","211137.785493063","511573.304200178","3",CTM001, 
1018,AE134,2448,스마트도시과,CTV001,영천-02476,전주밥상앞사거리,"41590590","41590131","4159013100","750-11",동탄2자가망, ,"37.203308","127.12481","211079.873588645","511583.338158545","3",CTM001, 
1019,AE134,2449,스마트도시과,CTV001,영천-02477,넘버원부동산앞삼거리,"41590590","41590131","4159013100","752-3",동탄2자가망, ,"37.202795","127.124162","211022.40488257","511526.240257239","4",CTM001, 
1020,AE134,2450,스마트도시과,CTV001,영천-02478,홀리커피건물옆,"41590590","41590131","4159013100","743-4",동탄2자가망, ,"37.202772","127.123724","210983.524833782","511523.659020871","3",CTM001, 
1021,AE134,2451,스마트도시과,CTV001,영천-02479,자연담은밥상앞,"41590590","41590131","4159013100","745-7",동탄2자가망, ,"37.203016","127.122788","210900.476397042","511550.652731143","4",CTM001, 
1022,AE134,2452,스마트도시과,CTV001,영천-02480,펠리토소파앞,"41590590","41590131","4159013100","745-1",동탄2자가망, ,"37.203247","127.121585","210793.647830378","511576.096265311","3",CTM001, 
1024,AE134,2459,스마트도시과,CTV001,영천-02487,동탄2LH4단지432동앞치동천산책로,"41590590","41590131","4159013100","728",동탄2자가망, ,"37.204214","127.118288","210500.771927263","511683.033782855","4",CTM001, 
1025,AE134,2465,스마트도시과,CTV001,영천-02493,영천동651-730앞,"41590590","41590131","4159013100","651-730",동탄2자가망, ,"37.203607","127.128554","211412.199124327","511616.943780852","3",CTM001, 
1026,AE134,2466,스마트도시과,CTV001,영천-02494,영천동774치동천육교쪽,"41590590","41590131","4159013100","774",동탄2자가망, ,"37.203836","127.127421","211311.628587163","511642.222761869","3",CTM001, 
1027,AE134,2467,스마트도시과,CTV001,영천-02495,투썸플레이스치동천방향삼거리,"41590590","41590131","4159013100","747-8",동탄2자가망, ,"37.204067","127.1252","211114.410976114","511667.526367293","4",CTM001, 
1028,AE134,2468,스마트도시과,CTV001,영천-02496,도어프렌드앞,"41590590","41590131","4159013100","742-2",동탄2자가망, ,"37.204133","127.124433","211046.341738949","511674.835487338","4",CTM001, 
1029,AE134,2469,스마트도시과,CTV001,영천-02497,영천동741-2앞쪽길,"41590590","41590131","4159013100","741-2",동탄2자가망, ,"37.2041","127.124017","211009.357743132","511671.087610994","4",CTM001, 
1030,AE134,2470,스마트도시과,CTV001,영천-02498,영천동742-1앞치동천방향사거리,"41590590","41590131","4159013100","742-1",동탄2자가망, ,"37.204383","127.124333","211037.428012481","511702.569220852","4",CTM001, 
1031,AE134,2471,스마트도시과,CTV001,영천-02499,동탄2LH단지423동옆산쪽오르막길,"41590590","41590131","4159013100","724",동탄2자가망, ,"37.207178","127.124437","211046.188008105","512012.715563726","3",CTM001, 
1032,AE134,2472,스마트도시과,CTV001,영천-02500,영천동740-10앞삼거리,"41590590","41590131","4159013100","740-10",동탄2자가망, ,"37.203399","127.123145","210932.060410796","511593.188613933","3",CTM001, 
1033,AE134,2473,스마트도시과,CTV001,영천-02501,영천동738-7앞쪽길,"41590590","41590131","4159013100","738-7",동탄2자가망, ,"37.20482","127.123146","210931.944218981","511750.904597478","3",CTM001, 
1034,AE134,2474,스마트도시과,CTV001,영천-02502,동탄2LH4단지종합사회복지관앞사거리,"41590590","41590131","4159013100","722",동탄2자가망, ,"37.205908","127.123204","210936.953800346","511871.637059761","5",CTM001, 
1035,AE134,2475,스마트도시과,CTV001,영천-02503,사랑으로부영아파트480동옆산쪽오르막길끝,"41590590","41590131","4159013100","720",동탄2자가망, ,"37.205552","127.119296","210590.085999404","511831.661497457","3",CTM001, 
1036,AE134,2476,스마트도시과,CTV001,영천-02504,사랑으로부영아파트488동옆산쪽오르막길,"41590590","41590131","4159013100","720",동탄2자가망, ,"37.204315","127.118548","210523.812183602","511694.349416308","4",CTM001, 
2268,AE134,3074,스마트도시과,CTV001,상신-03103,다은빌앞,"41590259","41590259","4159025924","1307-9",향남2자가망, ,"37.100248","126.89899","191020.747197612","500143.111109256","4",CTM002, 
2269,AE134,3075,스마트도시과,CTV001,상신-03104,상신리1303진입로,"41590259","41590259","4159025924","1303",향남2자가망, ,"37.101465","126.901296","191225.878766003","500277.957749676","5",CTM002, 
2270,AE134,3076,스마트도시과,CTV001,상신-03105,행복빌뒤,"41590259","41590259","4159025924","1305-5",향남2자가망, ,"37.100123","126.899916","191103.049087993","500129.151526163","3",CTM002, 
2271,AE134,3077,스마트도시과,CTV001,상신-03106,태안빌앞삼거리,"41590259","41590259","4159025924","1303-7",향남2자가망, ,"37.100131","126.901035","191202.523363503","500129.935135051","4",CTM002, 
2272,AE134,3078,스마트도시과,CTV001,상신-03107,허니빌앞,"41590259","41590259","4159025924","1313-3",향남2자가망, ,"37.099454","126.900543","191158.708426036","500054.847655577","5",CTM002, 
2273,AE134,3079,스마트도시과,CTV001,상신-03108,이영당앞,"41590259","41590259","4159025924","1321-1",향남2자가망, ,"37.099477","126.901675","191259.340936265","500057.295418622","3",CTM002, 
2274,AE134,3080,스마트도시과,CTV001,상신-03109,유원빌뒤삼거리,"41590259","41590259","4159025924","1318",향남2자가망, ,"37.098861","126.900476","191152.68346353","499989.043022287","4",CTM002, 
2275,AE134,3081,스마트도시과,CTV001,상신-03110,상신리690-31,"41590259","41590259","4159025924","690-31",향남2자가망, ,"37.101217","126.9068","191715.120398489","500249.903553638","3",CTM002, 
2276,AE134,3082,스마트도시과,CTV001,상신-03111,언덕마을1804동주차장건너편,"41590259","41590259","4159025924","469-3",향남2자가망, ,"37.097889","126.894278","190601.564125925","499881.753870988","3",CTM002, 
2277,AE134,3083,스마트도시과,CTV001,상신-03112,한결빌라앞,"41590259","41590259","4159025924","1315",향남2자가망, ,"37.098789","126.89973","191086.358361476","499981.122239541","4",CTM002, 
2278,AE134,3084,스마트도시과,CTV001,상신-03113,다복하우스우측뒤,"41590259","41590259","4159025924","1310",향남2자가망, ,"37.099472","126.898972","191019.075274678","500057.017311873","4",CTM002, 
2279,AE134,3085,스마트도시과,CTV001,상신-03114,햇살마루앞,"41590259","41590259","4159025924","1322-2",향남2자가망, ,"37.09862","126.901701","191261.553796645","499962.183556823","4",CTM002, 
2280,AE134,3086,스마트도시과,CTV001,상신-03115,하랑빌우측진입로,"41590259","41590259","4159025924","1322",향남2자가망, ,"37.098272","126.90146","191240.101146064","499923.529375492","4",CTM002, 
2282,AE134,3088,스마트도시과,CTV001,상신-03117,행복플러스앞사거리,"41590259","41590259","4159025924","1299-7",향남2자가망, ,"37.10337","126.899143","191034.716002293","500489.574963292","4",CTM002, 
2283,AE134,3089,스마트도시과,CTV001,상신-03118,LH1809옆사거리,"41590259","41590259","4159025924","567",향남2자가망, ,"37.097","126.898817","191004.954808454","499782.665966026","3",CTM002, 
2284,AE134,3090,스마트도시과,CTV001,상신-03119,향남화합공원축구장,"41590259","41590259","4159025924","672-1",향남2자가망, ,"37.105099","126.904998","191555.391757648","500680.877707357","3",CTM002, 
2285,AE134,3091,스마트도시과,CTV001,상신-03120,향남화합공원북쪽,"41590259","41590259","4159025924","675-13",향남2자가망, ,"37.106316","126.905913","191636.86795762","500815.892279915","3",CTM002, 
2286,AE134,3092,스마트도시과,CTV001,상신-03121,향남화합공원중앙,"41590259","41590259","4159025924","1254",향남2자가망, ,"37.105703","126.906117","191654.898237791","500747.854929967","4",CTM002, 
2287,AE134,3093,스마트도시과,CTV001,상신-03122,향남화합공원테니스장,"41590259","41590259","4159025924","1215",향남2자가망, ,"37.105096","126.906355","191675.996139445","500680.480479686","4",CTM002, 
2288,AE134,4082,스마트도시과,CTV001,상신-04098,상신리45-9(23차),"41590259","41590259","4159025924","45-9",KT, ,"37.114617","126.900041","191115.834474108","501737.699623523","4",CTM002, 
2289,AE134,4274,스마트도시과,CTV001,상신-04289,한우리공원(어보10),"41590259","41590259","4159025924","1308(공)",KT, ,"37.099283","126.897567","190894.104930321","500036.188326648","3",CTM002, 
2290,AE134,1788,스마트도시과,CTV001,구문천-01803,구문천리미니스톱앞사거리,"41590259","41590259","4159025925","940",자가망, ,"37.083938","126.905894","191632.710880075","498332.413202119","5",CTM002, 
2291,AE134,1789,스마트도시과,CTV001,구문천-01804,구문천리마을입구,"41590259","41590259","4159025925","941",자가망, ,"37.081335","126.899859","191095.775407924","498044.087192502","3",CTM002, 
2292,AE134,1793,스마트도시과,CTV001,구문천-01808,한국유통마트골목입구-검지,"41590259","41590259","4159025925","248-3",자가망, ,"37.083587","126.903877","191453.349327787","498293.663398044","2",CTM002, 
2293,AE134,1799,스마트도시과,CTV001,구문천-01814,대호피엠씨정문앞-검지,"41590259","41590259","4159025925","938",자가망, ,"37.082301","126.893836","190560.374997931","498151.86334683","2",CTM002, 
2294,AE134,1800,스마트도시과,CTV001,구문천-01815,도어텍앞삼거리,"41590259","41590259","4159025925","166-2",자가망, ,"37.080045","126.906061","191647.104802326","497900.34977197","1",CTM002, 
2295,AE134,1818,스마트도시과,CTV001,구문천-01833,발안산업단지입구,"41590259","41590259","4159025925","946",자가망, ,"37.086861","126.910569","192048.616052347","498656.432006784","1",CTM002, 
2296,AE134,1838,스마트도시과,CTV001,구문천-01854,토화골,"41590259","41590259","4159025925","594",자가망, ,"37.071934","126.899556","191067.739813411","497000.78975575","3",CTM002, 
2297,AE134,1845,스마트도시과,CTV001,구문천-01861,구문천리151-25,"41590259","41590259","4159025925","151-25",KT, ,"37.083551","126.905491","191596.826116997","498289.482047209","1",CTM002, 
2300,AE134,1848,스마트도시과,CTV001,구문천-01864,구문천리248-48(248-54),"41590259","41590259","4159025925","248-54",KT, ,"37.081641","126.904194","191481.232842337","498077.605060425","1",CTM002, 
2301,AE134,1849,스마트도시과,CTV001,구문천-01865,구문천리450-1,"41590259","41590259","4159025925","450-1",KT, ,"37.079401","126.897393","190876.275698257","497829.693998043","1",CTM002, 
2302,AE134,1851,스마트도시과,CTV001,구문천-01867,구문천리607-4,"41590259","41590259","4159025925","607-4",KT, ,"37.068891","126.889448","190168.464907727","496664.078323921","1",CTM002, 
2303,AE134,1853,스마트도시과,CTV001,구문천-01869,구문천리626-8(152-9),"41590259","41590259","4159025925","152-9",KT, ,"37.081699","126.905117","191563.366129255","498084.030478837","1",CTM002, 
2304,AE134,1855,스마트도시과,CTV001,구문천-01871,구문천리794,"41590259","41590259","4159025925","794",KT, ,"37.068717","126.88701","189951.627322943","496645.022926857","1",CTM002, 
2305,AE134,1856,스마트도시과,CTV001,구문천-01872,구문천리875-30,"41590259","41590259","4159025925","875-30",KT, ,"37.07092","126.889919","190210.61235538","496889.206121325","1",CTM002, 
2306,AE134,1884,스마트도시과,CTV001,구문천-01900,구문천리100,"41590259","41590259","4159025925","100",KT, ,"37.078577","126.910773","192065.934910099","497737.028565239","1",CTM002, 
2307,AE134,1885,스마트도시과,CTV001,구문천-01901,구문천리151-38,"41590259","41590259","4159025925","151-38",KT, ,"37.082065","126.905169","191568.050767177","498124.644237266","1",CTM002, 
2308,AE134,1886,스마트도시과,CTV001,구문천-01902,구문천리151-45,"41590259","41590259","4159025925","151-45",KT, ,"37.082613","126.905058","191558.192894938","498185.408610042","2",CTM002, 
2309,AE134,1887,스마트도시과,CTV001,구문천-01903,구문천리248-129,"41590259","41590259","4159025925","248-129",KT, ,"37.081387","126.905259","191575.936300481","498049.299165358","2",CTM002, 
1626,AE134,4433,스마트도시과,CTV001,봉담2-039,SA-039,"41590253","41590253","4159025323","639-20",봉담2자가망, ,"37.225458","126.950966","195648.322019236","514035.356233177","4",CTM002, 
1627,AE134,4434,스마트도시과,CTV001,봉담2-040,SA-040,"41590253","41590253","4159025323","614-18",봉담2자가망, ,"37.228223","126.95142","195688.771097724","514342.200449198","5",CTM002, 
1628,AE134,4435,스마트도시과,CTV001,봉담2-041,SA-041,"41590253","41590253","4159025323","616-3",봉담2자가망, ,"37.227955","126.95261","195794.362692698","514312.403782855","5",CTM002, 
1629,AE134,4437,스마트도시과,CTV001,봉담2-043,SA-043,"41590253","41590253","4159025323","639-54",봉담2자가망, ,"37.226942","126.952221","195759.784071452","514199.996442879","4",CTM002, 
1630,AE134,4440,스마트도시과,CTV001,봉담2-046,SA-046,"41590253","41590253","4159025323","639-54",봉담2자가망, ,"37.223798","126.947646","195353.576223036","513851.284037575","4",CTM002, 
1631,AE134,4537,스마트도시과,CTV001,수영-04554,봉담상부공원1(수영-04554),"41590253","41590253","4159025323","413-2",자가망, ,"37.240961","126.952502","195785.475804344","515755.87331061","3",CTM002, 
1632,AE134,4538,스마트도시과,CTV001,수영-04555,봉담상부공원2(수영-04555),"41590253","41590253","4159025323","413-2",자가망, ,"37.240862","126.954222","195938.105910087","515744.738474299","4",CTM002, 
1633,AE134,4539,스마트도시과,CTV001,수영-04556,봉담상부공원3(수영-04556),"41590253","41590253","4159025323","413-2",자가망, ,"37.240979","126.95514","196019.562666943","515757.769978089","3",CTM002, 
1634,AE134,4540,스마트도시과,CTV001,수영-04557,봉담상부공원4(수영-04557),"41590253","41590253","4159025323","413-2",자가망, ,"37.240922","126.955305","196034.200544167","515751.395380843","3",CTM002, 
1635,AE134,4541,스마트도시과,CTV001,수영-04558,봉담상부공원5-검지(수영-04558),"41590253","41590253","4159025323","413-2",자가망, ,"37.241206","126.957099","196193.413517506","515782.824911982","2",CTM002, 
1636,AE134,491,스마트도시과,CTV001,동화-00497,동화1리주택가,"41590253","41590253","4159025324","326-2",자가망, ,"37.22495","126.955483","196049.20062909","513978.779443204","3",CTM002, 
1637,AE134,499,스마트도시과,CTV001,동화-00505,와우중학교후문,"41590253","41590253","4159025324","238-63",자가망, ,"37.218886","126.966761","197049.852402408","513305.363794542","1",CTM002, 
1638,AE134,504,스마트도시과,CTV001,동화-00510,동화근린공원놀이터입구,"41590253","41590253","4159025324","573",KT, ,"37.21485","126.955762","196073.381846918","512857.885213264","3",CTM002, 
1639,AE134,507,스마트도시과,CTV001,동화-00513,동화리통계청뒤사거리,"41590253","41590253","4159025324","414-9",자가망, ,"37.223873","126.953452","195868.854667454","513859.338649037","5",CTM002, 
1640,AE134,508,스마트도시과,CTV001,동화-00514,동화컴퓨터앞삼거리,"41590253","41590253","4159025324","562-23",KT, ,"37.219876","126.955797","196076.766461371","513415.589141755","1",CTM002, 
1642,AE134,513,스마트도시과,CTV001,동화-00519,매봉카센터앞사거리-검지,"41590253","41590253","4159025324","389-3",자가망, ,"37.22275","126.95385","195904.125330105","513734.688750877","3",CTM002, 
1643,AE134,514,스마트도시과,CTV001,동화-00520,백청우칼국수옆삼거리,"41590253","41590253","4159025324","560-12",자가망, ,"37.220419","126.953395","195863.616176893","513476.009925026","1",CTM002, 
1644,AE134,517,스마트도시과,CTV001,동화-00523,봉담공구유통밸리,"41590253","41590253","4159025324","137-6",자가망, ,"37.222213","126.973787","197673.526749269","513674.448896095","4",CTM002, 
1645,AE134,521,스마트도시과,CTV001,동화-00527,상봉초교후문육교,"41590253","41590253","4159025324","636",KT, ,"37.21795","126.955733","196071.024756438","513201.896400259","4",CTM002, 
1646,AE134,525,스마트도시과,CTV001,동화-00531,동화초교통학로_1,"41590253","41590253","4159025324","607",KT, ,"37.214376","126.961273","196562.520029347","512805.032408172","1",CTM002, 
1647,AE134,538,스마트도시과,CTV001,동화-00544,수영프라자앞사거리,"41590253","41590253","4159025324","425-57",자가망, ,"37.221921","126.951411","195687.60473153","513642.837472871","2",CTM002, 
1648,AE134,543,스마트도시과,CTV001,동화-00549,동화초교후문,"41590253","41590253","4159025324","636-4",KT, ,"37.215964","126.961993","196626.525418295","512981.28982501","3",CTM002, 
1649,AE134,552,스마트도시과,CTV001,동화-00558,화성새마을금고앞삼거리,"41590253","41590253","4159025324","549-1",자가망, ,"37.22095","126.949261","195496.748220879","513535.129785486","1",CTM002, 
1650,AE134,555,스마트도시과,CTV001,동화-00561,와우초교정문앞,"41590253","41590253","4159025324","201-1",자가망, ,"37.219406","126.972449","197554.677101343","513362.901229589","3",CTM002, 
1651,AE134,556,스마트도시과,CTV001,동화-00562,학촌유치원앞공원,"41590253","41590253","4159025324","587",KT, ,"37.212435","126.959854","196436.467770431","512589.647257916","3",CTM002, 
1652,AE134,560,스마트도시과,CTV001,동화-00566,와우중학교정문앞,"41590253","41590253","4159025324","246-19",자가망, ,"37.218795","126.964913","196885.783440705","513295.368018507","3",CTM002, 
1653,AE134,565,스마트도시과,CTV001,동화-00572,칠보산돌밥앞,"41590253","41590253","4159025324","562-20",KT, ,"37.220067","126.9545","195961.670656207","513436.859661299","3",CTM002, 
1654,AE134,571,스마트도시과,CTV001,동화-00578,휴먼시아5단지산책로정자,"41590253","41590253","4159025324","573",KT, ,"37.211964","126.963448","196755.47582246","512537.264638661","3",CTM002, 
1655,AE134,572,스마트도시과,CTV001,동화-00579,휴먼시아604동산책로,"41590253","41590253","4159025324","573",KT, ,"37.213854","126.95873","196336.82841547","512747.195257237","3",CTM002, 
1656,AE134,573,스마트도시과,CTV001,동화-00580,휴먼시아6단지산책로놀이터,"41590253","41590253","4159025324","573",KT, ,"37.211804","126.960019","196451.119675716","512519.578346763","3",CTM002, 
1657,AE134,574,스마트도시과,CTV001,동화-00581,봉담고등학교후문숲길_1,"41590253","41590253","4159025324","571",KT, ,"37.21729","126.954985","196004.605648442","513128.679739233","1",CTM002, 
1659,AE134,576,스마트도시과,CTV001,동화-00583,아이네오어린이집(22차),"41590253","41590253","4159025324","562-15",KT, ,"37.221586","126.955127","196017.408476097","513605.44035235","4",CTM002, 
1660,AE134,577,스마트도시과,CTV001,동화-00584,이원타워앞삼거리_1,"41590253","41590253","4159025324","637",KT, ,"37.21688","126.957968","196269.332051789","513083.011202089","1",CTM002, 
1662,AE134,579,스마트도시과,CTV001,동화-00586,협성대정문맞은편골목길_1,"41590253","41590253","4159025324","572-10",자가망, ,"37.2153","126.953245","195850.022668852","512907.923155879","1",CTM002, 
1663,AE134,584,스마트도시과,CTV001,동화-00591,꽃향기정원내_1,"41590253","41590253","4159025324","636-3",KT, ,"37.216982","126.96059","196502.060868952","513094.308985285","1",CTM002, 
1664,AE134,585,스마트도시과,CTV001,동화-00592,동화마을102동앞공원_1,"41590253","41590253","4159025324","487-1",자가망, ,"37.219017","126.957783","196253.029314501","513320.193875015","1",CTM002, 
1665,AE134,591,스마트도시과,CTV001,동화-00598,동화배수지입구-검지,"41590253","41590253","4159025324","584-2",KT, ,"37.213879","126.956528","196141.331907623","512750.112726275","3",CTM002, 
1666,AE134,592,스마트도시과,CTV001,동화-00599,동화마을101옆동공원내_1,"41590253","41590253","4159025324","578",KT, ,"37.215609","126.958837","196346.401688877","512941.986171815","1",CTM002, 
1667,AE134,593,스마트도시과,CTV001,동화-00600,신동아파빌리에입구사거리,"41590253","41590253","4159025324","438-24",자가망, ,"37.220383","126.957117","196193.927497327","513471.895543608","4",CTM002, 
419,AE134,2155,스마트도시과,CTV001,반정-02173,반정동74-1,"41590520","41590121","4159012100","74-1",자가망, ,"37.235904","127.039213","203479.628697506","515194.256830885","1",CTM001, 
420,AE134,2167,스마트도시과,CTV001,반정-02185,반정동115-2,"41590520","41590121","4159012100","51-8",자가망, ,"37.234236","127.039575","203511.810741552","515009.118816536","1",CTM001, 
421,AE134,2168,스마트도시과,CTV001,반정-02186,반정동183-6,"41590520","41590121","4159012100","183-6",자가망, ,"37.231991","127.039356","203492.479772582","514760.040420322","1",CTM001, 
422,AE134,2169,스마트도시과,CTV001,반정-02187,반정동582(반정-02187),"41590520","41590121","4159012100","582",자가망, ,"37.228521","127.034381","203051.154133311","514374.765552865","4",CTM001, 
423,AE134,2655,스마트도시과,CTV001,진안-02683,반정지하차도-차도,"41590520","41590116","4159011600","390-3",LG, ,"37.227118","127.024382","202163.805564917","514218.775212538","1",CTM001, 
424,AE134,2667,스마트도시과,CTV001,진안-02695,황계지하차도-차도,"41590520","41590116","4159011600","448-12",LG, ,"37.225304","127.023686","202102.078690204","514017.389062906","1",CTM001, 
425,AE134,2683,스마트도시과,CTV001,진안-02711,효원지하차도-차도,"41590520","41590116","4159011600","509-39",LG, ,"37.220893","127.027203","202414.31767822","513527.888888992","1",CTM001, 
427,AE134,3995,스마트도시과,CTV001,반정-04011,반정동224-2-검지(23차),"41590520","41590121","4159012100","224-2",KT, ,"37.232471","127.036228","203214.879951905","514813.149953643","2",CTM001, 
428,AE134,4076,스마트도시과,CTV001,반정-04092,반정동537-3(23차),"41590520","41590121","4159012100","537-3",KT, ,"37.236329","127.037858","203359.369995281","515241.349754144","4",CTM001, 
430,AE134,4079,스마트도시과,CTV001,반정-04095,반정동295-1(23차),"41590520","41590121","4159012100","295-1",KT, ,"37.22914","127.037147","203296.568119778","514443.478375949","4",CTM001, 
431,AE134,4392,스마트도시과,CTV001,망포-04409,망포고삼거리(망포-04409),"41590520","41590121","4159012100","672-50",KT, ,"37.23415","127.045789","204063.223719385","514999.867298509","4",CTM001, 
432,AE134,4578,스마트도시과,CTV001,반정-04592,대황교.활주로버스정류장1,"41590520","41590121","4159012100","388-1",KT, ,"37.227679","127.024673","202189.652272653","514281.006878976","1",CTM001, 
433,AE134,4579,스마트도시과,CTV001,반정-04593,대황교.활주로버스정류장2,"41590520","41590121","4159012100","388-1",KT, ,"37.228116","127.024414","202166.652003037","514329.506679968","4",CTM001, 
434,AE134,2135,스마트도시과,CTV001,화산-02153,화산교앞삼거리-검지,"41590570","41590122","4159012200","104-33",자가망, ,"37.217785","127.019971","201772.542667553","513182.81994973","3",CTM001, 
435,AE134,2139,스마트도시과,CTV001,화산-02157,황계1리새마을회관앞,"41590570","41590122","4159012200","192-32",KT, ,"37.222838","127.015341","201361.532797168","513743.578672327","3",CTM001, 
436,AE134,2140,스마트도시과,CTV001,황계-02158,황계교앞버스정류장,"41590570","41590122","4159012200","149-77",KT, ,"37.224238","127.019753","201753.106370417","513899.047991068","3",CTM001, 
437,AE134,2160,스마트도시과,CTV001,황계-02178,황계동121-25(122-9),"41590570","41590122","4159012200","121-25",KT, ,"37.218129","127.016475","201462.285363099","513220.937982412","1",CTM001, 
438,AE134,2187,스마트도시과,CTV001,황계-02205,황계동149-74,"41590570","41590122","4159012200","149-74",자가망, ,"37.223538","127.016533","201467.275224914","513821.239355638","1",CTM001, 
439,AE134,2188,스마트도시과,CTV001,황계-02206,황계동180-12,"41590570","41590122","4159012200","180-12",자가망, ,"37.223773","127.011944","201060.013999602","513847.247768131","1",CTM001, 
440,AE134,2189,스마트도시과,CTV001,황계-02207,황계동194,"41590570","41590122","4159012200","194",자가망, ,"37.222408","127.0136","201207.04148887","513695.821787631","1",CTM001, 
441,AE134,2190,스마트도시과,CTV001,황계-02208,황계동산16,"41590570","41590122","4159012200",산16,자가망, ,"37.224128","127.009682","200859.248265341","513886.623403804","1",CTM001, 
442,AE134,2192,스마트도시과,CTV001,황계-02210,황계동119-35-고정,"41590570","41590122","4159012200","119-35",KT, ,"37.218656","127.018352","201628.870472905","513279.44488741","1",CTM001, 
443,AE134,3887,스마트도시과,CTV001,황계-3902,황계동151-23-검지(20차),"41590570","41590122","4159012200","151-23",자가망, ,"37.222369","127.017361","201540.784344292","513691.570239007","2",CTM001, 
445,AE134,3889,스마트도시과,CTV001,황계-3904,황계동128-5-검지(20차),"41590570","41590122","4159012200","128-5",자가망, ,"37.21796","127.018707","201660.349770913","513202.252143881","2",CTM001, 
446,AE134,3890,스마트도시과,CTV001,황계-3905,황계동183-4-검지(20차),"41590570","41590122","4159012200","183-4",자가망, ,"37.222234","127.012535","201112.541182603","513676.520110145","1",CTM001, 
447,AE134,1,스마트도시과,CTV001,기배-00001,기안동신미주A버스정류장,"41590560","41590123","4159012300","77",자가망, ,"37.21968","126.98934","199053.890067274","513392.985650842","1",CTM001, 
448,AE134,3,스마트도시과,CTV001,배양-00003,배양동마을회관앞,"41590560","41590123","4159012300","69-213",자가망, ,"37.221715","126.992084","199297.399258946","513618.898490202","4",CTM001, 
449,AE134,8,스마트도시과,CTV001,기배-00008,배양초교,"41590560","41590123","4159012300","76",자가망, ,"37.21913","126.988324","198963.654268498","513331.956321206","1",CTM001, 
450,AE134,9,스마트도시과,CTV001,배양-00009,산들푸드인근,"41590560","41590123","4159012300","19-6",자가망, ,"37.220705","126.994451","199507.469988893","513506.703161064","3",CTM001, 
451,AE134,11,스마트도시과,CTV001,기배-00011,늘푸른유치원입구삼거리,"41590560","41590123","4159012300",산1-88,자가망, ,"37.22402","126.994894","199546.825483578","513874.661154658","4",CTM001, 
452,AE134,15,스마트도시과,CTV001,기배-00015,배양하이퍼4거리,"41590560","41590123","4159012300","41-2",자가망, ,"37.227056","126.992655","199348.176187166","514211.648478464","4",CTM001, 
453,AE134,16,스마트도시과,CTV001,배양-00016,배양동교회앞,"41590560","41590123","4159012300","19-176",자가망, ,"37.22326","126.993341","199408.964398007","513790.279126968","2",CTM001, 
454,AE134,22,스마트도시과,CTV001,배양-00022,배양동63-9-고정,"41590560","41590123","4159012300","63-9",KT, ,"37.225707","126.993697","199440.622112152","514061.84955974","1",CTM001, 
455,AE134,23,스마트도시과,CTV001,배양-00023,배양동61-4-고정,"41590560","41590123","4159012300","61-4",KT, ,"37.224661","126.993134","199390.63089104","513945.777099354","1",CTM001, 
456,AE134,2108,스마트도시과,CTV001,배양-02126,배양동44-3,"41590560","41590123","4159012300","44-3",자가망, ,"37.225627","126.997647","199791.158269584","514053.010481686","3",CTM001, 
457,AE134,2115,스마트도시과,CTV001,배양-02133,수원성감리교회,"41590560","41590123","4159012300","15-170",자가망, ,"37.218799","126.996688","199706.049091165","513295.229216208","3",CTM001, 
458,AE134,2128,스마트도시과,CTV001,배양-02146,배양동41-4,"41590560","41590123","4159012300","41-4",자가망, ,"37.226739","126.997852","199809.416524467","514176.355316265","1",CTM001, 
459,AE134,2129,스마트도시과,CTV001,배양-02147,배양동69-635,"41590560","41590123","4159012300","69-635",자가망, ,"37.2209","126.990626","199168.006823081","513528.393547392","1",CTM001, 
460,AE134,2130,스마트도시과,CTV001,배양-02148,배양동77,"41590560","41590123","4159012300","77",자가망, ,"37.218433","126.987435","198884.758046288","513254.645431543","1",CTM001, 
461,AE134,2170,스마트도시과,CTV001,배양-02188,배양동61-2,"41590560","41590123","4159012300","61-2",자가망, ,"37.224651","126.994435","199506.093414949","513944.704096081","1",CTM001, 
1038,AE134,2478,스마트도시과,CTV001,영천-02506,모아미래도아파트1105동뒤쪽치동천5교방향,"41590590","41590131","4159013100","783",동탄2자가망, ,"37.203777","127.113126","210042.609646295","511633.997524183","5",CTM001, 
1039,AE134,2479,스마트도시과,CTV001,영천-02507,사랑으로부영아파트-롯데슈퍼사이사거리,"41590590","41590131","4159013100","720",동탄2자가망, ,"37.205101","127.116225","210317.556534729","511781.336628721","5",CTM001, 
1040,AE134,2480,스마트도시과,CTV001,영천-02508,영천동708-4앞쪽길,"41590590","41590131","4159013100","708-4",동탄2자가망, ,"37.205332","127.115681","210269.171198836","511806.82541099","4",CTM001, 
1041,AE134,2481,스마트도시과,CTV001,영천-02509,영천동706-4동탄대로24번길로나가는길목,"41590590","41590131","4159013100","706-4",동탄2자가망, ,"37.205731","127.115237","210229.738053549","511851.158952982","5",CTM001, 
1042,AE134,2482,스마트도시과,CTV001,영천-02510,새명성교회앞동탄순환대로24번길쪽,"41590590","41590131","4159013100","651-1189",동탄2자가망, ,"37.204828","127.115033","210211.7769836","511750.931735372","3",CTM001, 
1043,AE134,2483,스마트도시과,CTV001,영천-02511,갈풍집앞삼거리,"41590590","41590131","4159013100","710-1",동탄2자가망, ,"37.205225","127.11397","210117.332350163","511794.844054117","4",CTM001, 
1044,AE134,2484,스마트도시과,CTV001,영천-02512,CU동탄부영사랑점앞동탄대로24번길쪽,"41590590","41590131","4159013100","706-1",동탄2자가망, ,"37.206483","127.115562","210258.486949456","511934.652230751","4",CTM001, 
1045,AE134,2485,스마트도시과,CTV001,영천-02513,영천동702-5앞삼거리,"41590590","41590131","4159013100","702-5",동탄2자가망, ,"37.205928","127.113982","210118.277129895","511872.865339237","4",CTM001, 
1046,AE134,2486,스마트도시과,CTV001,영천-02514,영천동703-1앞사거리,"41590590","41590131","4159013100","703-1",동탄2자가망, ,"37.205441","127.113532","210078.421592356","511818.713901979","4",CTM001, 
1047,AE134,2487,스마트도시과,CTV001,영천-02515,세종공인중개사무소앞단독주택밀집구역,"41590590","41590131","4159013100","711-1",동탄2자가망, ,"37.204743","127.112766","210010.532450856","511741.156504629","4",CTM001, 
1048,AE134,2488,스마트도시과,CTV001,영천-02516,커피and펫상가앞단독주택밀집구역안쪽,"41590590","41590131","4159013100","701-10",동탄2자가망, ,"37.205315","127.112366","209974.921492415","511804.640127263","4",CTM001, 
1049,AE134,2489,스마트도시과,CTV001,영천-02517,단독주택밀집구역나가는외길,"41590590","41590131","4159013100","699-1",동탄2자가망, ,"37.206467","127.1128","210013.305181009","511932.499680823","5",CTM001, 
1050,AE134,2490,스마트도시과,CTV001,영천-02518,한백고교-한백초교사이사거리,"41590590","41590131","4159013100","696",동탄2자가망, ,"37.207357","127.114652","210177.615181462","512031.485444526","5",CTM001, 
1051,AE134,2491,스마트도시과,CTV001,영천-02519,한백홈마트앞단독주택밀집구역쪽,"41590590","41590131","4159013100","695-4",동탄2자가망, ,"37.207074","127.113198","210048.573003079","511999.989042137","3",CTM001, 
1052,AE134,2492,스마트도시과,CTV001,영천-02520,GS25동탄영천점단독주택밀집구역나오는외길,"41590590","41590131","4159013100","695-1",동탄2자가망, ,"37.2067","127.112617","209996.999817305","511958.376023253","4",CTM001, 
1053,AE134,2493,스마트도시과,CTV001,영천-02521,에이스프라자앞단독주택밀집구역쪽,"41590590","41590131","4159013100","681-6",동탄2자가망, ,"37.206725","127.111698","209915.464017584","511961.109543786","4",CTM001, 
1054,AE134,2494,스마트도시과,CTV001,영천-02522,서울아산내과의원건물앞사거리,"41590590","41590131","4159013100","681-8",동탄2자가망, ,"37.206178","127.11132","209881.953599562","511900.352004677","5",CTM001, 
1055,AE134,2495,스마트도시과,CTV001,영천-02523,정이가는참숯쪽갈비앞쪽길,"41590590","41590131","4159013100","685-8",동탄2자가망, ,"37.207465","127.111106","209862.78921306","512043.118607434","4",CTM001, 
1057,AE134,2497,스마트도시과,CTV001,영천-02525,놀부부대찌개맞은편삼거리,"41590590","41590131","4159013100","675-5",동탄2자가망, ,"37.204628","127.109763","209743.972249255","511728.158296644","4",CTM001, 
1058,AE134,2498,스마트도시과,CTV001,영천-02526,영천동673-1삼거리,"41590590","41590131","4159013100","673-1",동탄2자가망, ,"37.206144","127.107183","209514.730890029","511896.088624742","4",CTM001, 
1059,AE134,2499,스마트도시과,CTV001,영천-02527,영천유치원앞,"41590590","41590131","4159013100","651-1606",동탄2자가망, ,"37.205288","127.107323","209527.222011225","511801.113529319","3",CTM001, 
1060,AE134,2501,스마트도시과,CTV001,영천-02529,"금성백조에미지622,623동-영천초교사이","41590590","41590131","4159013100","671",동탄2자가망, ,"37.206258","127.105229","209341.258642592","511908.523901924","3",CTM001, 
1061,AE134,2503,스마트도시과,CTV001,영천-02531,영천초등학교-치동천3교사이,"41590590","41590131","4159013100","671",동탄2자가망, ,"37.205249","127.103574","209194.492112431","511796.426061934","3",CTM001, 
1062,AE134,2504,스마트도시과,CTV001,영천-02532,치동천3교아래산책길좌측편,"41590590","41590131","4159013100","734",동탄2자가망, ,"37.205046","127.102948","209138.874395626","511773.813975951","3",CTM001, 
1063,AE134,2505,스마트도시과,CTV001,영천-02533,영천초교앞,"41590590","41590131","4159013100","671",동탄2자가망, ,"37.206246","127.103729","209208.059644969","511907.056348369","4",CTM001, 
1064,AE134,2506,스마트도시과,CTV001,영천-02534,동탄센트럴자이아파트609동앞사거리,"41590590","41590131","4159013100","663",동탄2자가망, ,"37.20745","127.103301","209169.964484089","512040.636702271","5",CTM001, 
1065,AE134,2508,스마트도시과,CTV001,영천-02536,영천동662-1사거리,"41590590","41590131","4159013100","662-1",동탄2자가망, ,"37.207413","127.098766","208767.364382411","512036.167670614","5",CTM001, 
1066,AE134,2509,스마트도시과,CTV001,영천-02537,지엘프라자앞삼거리,"41590590","41590131","4159013100","658-1",동탄2자가망, ,"37.207153","127.097981","208697.76354558","512007.240167752","4",CTM001, 
1067,AE134,2510,스마트도시과,CTV001,영천-02538,영천동657-8,"41590590","41590131","4159013100","657-8",동탄2자가망, ,"37.206595","127.097634","208667.006522943","511945.291736233","4",CTM001, 
1068,AE134,2511,스마트도시과,CTV001,영천-02539,영천동659-1앞,"41590590","41590131","4159013100","659-1",동탄2자가망, ,"37.20624","127.096629","208577.850345317","511905.757454125","3",CTM001, 
1069,AE134,2512,스마트도시과,CTV001,영천-02540,영천동654-1앞삼거리,"41590590","41590131","4159013100","654-1",동탄2자가망, ,"37.20749","127.096442","208561.082443902","512044.411981259","4",CTM001, 
1070,AE134,2513,스마트도시과,CTV001,영천-02541,동탄2LH4단지423동뒤쪽외길-중리IC근처,"41590590","41590131","4159013100","724",동탄2자가망, ,"37.208989","127.124256","211029.874818218","512213.726602207","3",CTM001, 
1071,AE134,2514,스마트도시과,CTV001,영천-02542,반도유보라2차아파트451동앞쪽길,"41590590","41590131","4159013100","716",동탄2자가망, ,"37.209715","127.118988","210562.137499818","512293.665693668","3",CTM001, 
1072,AE134,2515,스마트도시과,CTV001,영천-02543,"반도유보라2차아파트407동,452동사이길","41590590","41590131","4159013100","716",동탄2자가망, ,"37.210523","127.118502","210518.929151196","512383.262656793","3",CTM001, 
1074,AE134,2517,스마트도시과,CTV001,영천-02545,한백초교-사랑으로부영아파트476동앞통학길,"41590590","41590131","4159013100","715",동탄2자가망, ,"37.207809","127.115343","210238.884938716","512081.701367091","3",CTM001, 
1075,AE134,2518,스마트도시과,CTV001,영천-02546,조가네갑오징어앞쪽길,"41590590","41590131","4159013100","691-2",동탄2자가망, ,"37.207689","127.112265","209965.678946149","512068.044308452","3",CTM001, 
2310,AE134,1888,스마트도시과,CTV001,구문천-01904,구문천리248-76,"41590259","41590259","4159025925","248-76",KT, ,"37.080739","126.904093","191472.149528243","497977.56747573","1",CTM002, 
2311,AE134,1889,스마트도시과,CTV001,구문천-01905,구문천리297-2,"41590259","41590259","4159025925","297-2",KT, ,"37.088904","126.895583","190716.499101092","498884.48755206","1",CTM002, 
2312,AE134,1890,스마트도시과,CTV001,구문천-01906,구문천리307-2,"41590259","41590259","4159025925","307-2",KT, ,"37.091467","126.898358","190963.523062572","499168.693453917","1",CTM002, 
2313,AE134,1891,스마트도시과,CTV001,구문천-01907,구문천리343-10,"41590259","41590259","4159025925","343-10",KT, ,"37.08863","126.891862","190385.637921075","498854.44926993","1",CTM002, 
2314,AE134,1892,스마트도시과,CTV001,구문천-01908,구문천리371-3,"41590259","41590259","4159025925","371-3",KT, ,"37.08662","126.896121","190764.054457003","498630.958310663","1",CTM002, 
2316,AE134,1894,스마트도시과,CTV001,구문천-01910,구문천리606-62,"41590259","41590259","4159025925","606-62",KT, ,"37.069603","126.893701","190546.778292592","496742.663932769","1",CTM002, 
2317,AE134,1895,스마트도시과,CTV001,구문천-01911,구문천리434,"41590259","41590259","4159025925","434",KT, ,"37.079932","126.898901","191010.435389765","497888.412522411","1",CTM002, 
2318,AE134,1896,스마트도시과,CTV001,구문천-01912,구문천리441,"41590259","41590259","4159025925","441",KT, ,"37.080275","126.899631","191075.369185675","497926.426242363","1",CTM002, 
2319,AE134,1897,스마트도시과,CTV001,구문천-01913,구문천리457-1,"41590259","41590259","4159025925","457-1",KT, ,"37.078486","126.897282","190866.330605364","497728.163120492","1",CTM002, 
2320,AE134,1898,스마트도시과,CTV001,구문천-01914,구문천리462,"41590259","41590259","4159025925","462",KT, ,"37.079438","126.898572","190981.155689033","497833.698738933","1",CTM002, 
2321,AE134,1899,스마트도시과,CTV001,구문천-01915,구문천리490,"41590259","41590259","4159025925","490",KT, ,"37.075577","126.898918","191011.433872187","497405.146665854","1",CTM002, 
2322,AE134,1900,스마트도시과,CTV001,구문천-01916,구문천리542-1,"41590259","41590259","4159025925","542-1",KT, ,"37.079","126.902035","191288.973500779","497784.793511057","1",CTM002, 
2323,AE134,1901,스마트도시과,CTV001,구문천-01917,구문천리601-5,"41590259","41590259","4159025925","601-5",KT, ,"37.069163","126.896226","190771.274526398","496693.585038135","1",CTM002, 
2324,AE134,1903,스마트도시과,CTV001,구문천-01919,구문천리623-11,"41590259","41590259","4159025925","623-11",KT, ,"37.076708","126.889637","190186.313175767","497531.582096612","1",CTM002, 
2325,AE134,1904,스마트도시과,CTV001,구문천-01920,구문천리623-36,"41590259","41590259","4159025925","623-36",KT, ,"37.076759","126.88874","190106.550305838","497537.301749363","1",CTM002, 
2326,AE134,1905,스마트도시과,CTV001,구문천-01921,구문천리623-40,"41590259","41590259","4159025925","623-40",KT, ,"37.075968","126.888684","190101.454549374","497449.560835872","2",CTM002, 
2327,AE134,1906,스마트도시과,CTV001,구문천-01922,구문천리623-47(623-14),"41590259","41590259","4159025925","623-47",KT, ,"37.076105","126.890056","190223.461267656","497464.618533631","1",CTM002, 
2328,AE134,1907,스마트도시과,CTV001,구문천-01923,구문천리623-51,"41590259","41590259","4159025925","623-51",KT, ,"37.075609","126.889543","190177.806469193","497409.592460359","2",CTM002, 
2329,AE134,1908,스마트도시과,CTV001,구문천-01924,구문천리623-62,"41590259","41590259","4159025925","623-62",KT, ,"37.075752","126.888652","190098.611152711","497425.587094473","1",CTM002, 
2330,AE134,1909,스마트도시과,CTV001,구문천-01925,구문천리870-10,"41590259","41590259","4159025925","870-10",KT, ,"37.072637","126.893838","190559.337853603","497079.360688003","1",CTM002, 
2332,AE134,1973,스마트도시과,CTV001,구문천-01990,구문천리604-33(605-5)-고정,"41590259","41590259","4159025925","606-2",KT, ,"37.07075","126.89295","190480.13483932","496870.031812274","1",CTM002, 
2333,AE134,1974,스마트도시과,CTV001,구문천-01991,구문천리927-6,"41590259","41590259","4159025925","927-8",자가망, ,"37.086454","126.908534","191867.68443445","498611.401222686","1",CTM002, 
2334,AE134,2034,스마트도시과,CTV001,구문천-02052,버스정류장(구문천리604-108),"41590259","41590259","4159025925","604-108",KT, ,"37.071303","126.892774","190464.552538634","496931.420856665","1",CTM002, 
2335,AE134,2035,스마트도시과,CTV001,구문천-02053,세븐일레븐,"41590259","41590259","4159025925","152",KT, ,"37.081984","126.905946","191637.076171084","498115.541917105","1",CTM002, 
2336,AE134,2036,스마트도시과,CTV001,구문천-02054,윤가네순대국,"41590259","41590259","4159025925","924-1",자가망, ,"37.087158","126.906483","191685.387429993","498689.689321753","1",CTM002, 
2337,AE134,2225,스마트도시과,CTV001,행정-02243,시립구문천어린이집,"41590259","41590259","4159025939","534",자가망, ,"37.085905","126.905875","191631.236844557","498550.682257083","3",CTM002, 
2338,AE134,2354,스마트도시과,CTV001,구문천-02374,구문천근린공원,"41590259","41590259","4159025925","929-18",KT, ,"37.08532","126.905785","191623.143785841","498485.789526204","3",CTM002, 
2339,AE134,3589,스마트도시과,CTV001,구문천-3603,구문천리76-1-검지(20차),"41590259","41590259","4159025925","76-1",KT, ,"37.076385","126.906685","191702.190987036","497494.111419008","1",CTM002, 
2340,AE134,3832,스마트도시과,CTV001,구문천-3846,구문천리175-검지(20차),"41590259","41590259","4159025925","175",KT, ,"37.077523","126.906113","191651.452036079","497620.455759825","1",CTM002, 
2341,AE134,3844,스마트도시과,CTV001,구문천-3859,구문천리189-5-검지(20차),"41590259","41590259","4159025925","189-5",KT, ,"37.076568","126.904811","191535.543770661","497514.630280812","1",CTM002, 
2342,AE134,3856,스마트도시과,CTV001,구문천-3871,구문천356-4-검지(20차),"41590259","41590259","4159025925","356-4",자가망, ,"37.085776","126.892995","190486.014307726","498537.600209027","1",CTM002, 
2343,AE134,3857,스마트도시과,CTV001,구문천-3872,구문천212-검지(20차),"41590259","41590259","4159025925","212",자가망, ,"37.079498","126.900226","191128.175983912","497840.128611792","1",CTM002, 
2344,AE134,3858,스마트도시과,CTV001,구문천-3873,구문천606-51-검지(20차),"41590259","41590259","4159025925","606-51",자가망, ,"37.070044","126.891031","190309.389925514","496791.87455052","1",CTM002, 
2345,AE134,3860,스마트도시과,CTV001,구문천-3875,구문천234-9(20차)(구문천-03875),"41590259","41590259","4159025925","234-9",자가망, ,"37.080206","126.900019","191109.879196881","497918.80997595","4",CTM002, 
2346,AE134,4068,스마트도시과,CTV001,구문천-04084,구문천리604-151-검지(23차),"41590259","41590259","4159025925","604-151",KT, ,"37.068254","126.893054","190489.114548908","496593.065493271","2",CTM002, 
2347,AE134,4069,스마트도시과,CTV001,구문천-04085,구문천리산156-검지(23차),"41590259","41590259","4159025925",산156,KT, ,"37.073504","126.898889","191008.610336434","497175.089760711","2",CTM002, 
2349,AE134,1868,스마트도시과,CTV001,하길-01884,하길리324,"41590259","41590259","4159025926","324",KT, ,"37.107302","126.910534","192047.685189607","500924.932447166","1",CTM002, 
2350,AE134,1874,스마트도시과,CTV001,하길-01890,하길리502-4,"41590259","41590259","4159025926","502-4",자가망, ,"37.108211","126.924672","193304.424252975","501024.755975343","1",CTM002, 
2351,AE134,1875,스마트도시과,CTV001,하길-01891,하길리1269,"41590259","41590259","4159025926","1269",KT, ,"37.104712","126.917441","192661.374127182","500636.939085106","1",CTM002, 
1668,AE134,594,스마트도시과,CTV001,동화-00601,동화마을508동옆사거리_1,"41590253","41590253","4159025324","587",KT, ,"37.212994","126.961279","196562.989898327","512651.633342371","1",CTM002, 
1669,AE134,595,스마트도시과,CTV001,동화-00602,동화마을603동옆공원내_1,"41590253","41590253","4159025324","579",KT, ,"37.214618","126.957322","196211.863407375","512832.040637077","1",CTM002, 
1671,AE134,603,스마트도시과,CTV001,동화-00610,동화리326-10-고정,"41590253","41590253","4159025324","326-10",KT, ,"37.226185","126.955305","196033.402936208","514115.827343883","1",CTM002, 
1672,AE134,604,스마트도시과,CTV001,동화-00611,와우중학교후문1-고정,"41590253","41590253","4159025324","238-122",KT, ,"37.21761","126.968321","197188.219835068","513163.714760269","1",CTM002, 
1674,AE134,626,스마트도시과,CTV001,동화-00633,마을안길삼거리,"41590253","41590253","4159025324","287-3",KT, ,"37.223631","126.961414","196575.498150278","513832.207847617","1",CTM002, 
1675,AE134,634,스마트도시과,CTV001,동화-00643,논두렁밭두렁,"41590253","41590253","4159025324","360-2",KT, ,"37.223933","126.954267","195941.168471978","513865.999327674","1",CTM002, 
1676,AE134,2226,스마트도시과,CTV001,동화-02244,보림어린이집,"41590253","41590253","4159025324","438-14",자가망, ,"37.221316","126.956437","196133.660777803","513575.476479175","3",CTM002, 
1677,AE134,2243,스마트도시과,CTV001,동화-02262,아이랜드유치원,"41590253","41590253","4159025324","410-5",자가망, ,"37.222966","126.95424","195938.749949709","513758.666229616","3",CTM002, 
1678,AE134,2307,스마트도시과,CTV001,동화-02327,피아노숲정원어린이공원,"41590253","41590253","4159025324","565",KT, ,"37.218417","126.955833","196079.924601904","513253.683738214","2",CTM002, 
1679,AE134,2342,스마트도시과,CTV001,동화-02362,솔향기공원,"41590253","41590253","4159025324","633",KT, ,"37.213198","126.961987","196625.887430093","512674.292522492","2",CTM002, 
1680,AE134,2344,스마트도시과,CTV001,동화-02364,산새들어린이공원,"41590253","41590253","4159025324","605",KT, ,"37.214384","126.961296","196564.58851353","512805.886121852","1",CTM002, 
1681,AE134,3450,스마트도시과,CTV001,동화-03493,동화리550-6-검지1,"41590253","41590253","4159025324","550-6",KT, ,"37.221577","126.960596","196502.752278038","513604.214498882","2",CTM002, 
1682,AE134,3490,스마트도시과,CTV001,동화-03534,동화리613(물소리공원),"41590253","41590253","4159025324","613",KT, ,"37.217736","126.96116","196552.634009457","513177.879548816","4",CTM002, 
1683,AE134,3602,스마트도시과,CTV001,동화-3616,동화리421-3-어안(20차),"41590253","41590253","4159025324","421-3",자가망, ,"37.223135","126.953047","195832.861419568","513777.440694586","1",CTM002, 
1684,AE134,3604,스마트도시과,CTV001,동화-3618,동화리392-1-검지(20차),"41590253","41590253","4159025324","392-1",KT, ,"37.2232","126.95725","196205.902467193","513784.488965073","1",CTM002, 
1685,AE134,3968,스마트도시과,CTV001,동화-03984,봉담CGV뒤(22.5),"41590253","41590253","4159025324","558-6",KT, ,"37.220867","126.955319","196034.410480148","513525.659687555","5",CTM002, 
1686,AE134,3999,스마트도시과,CTV001,동화-04015,동화리448-1-검지(23차),"41590253","41590253","4159025324","448-1",KT, ,"37.221117","126.95925","196383.304641658","513553.198602659","2",CTM002, 
1687,AE134,4001,스마트도시과,CTV001,동화-04017,동화리549-45-검지(23차),"41590253","41590253","4159025324","549-45",KT, ,"37.215803","126.964198","196822.259540768","512963.323321058","2",CTM002, 
1688,AE134,4002,스마트도시과,CTV001,동화-04018,동화리423-7-검지(23차),"41590253","41590253","4159025324","423-7",KT, ,"37.222203","126.962869","196704.576604273","513673.663076191","2",CTM002, 
1689,AE134,4005,스마트도시과,CTV001,동화-04021,동화리450-1-검지(23차),"41590253","41590253","4159025324","450-1",KT, ,"37.221329","126.959801","196432.19992652","513576.709554793","2",CTM002, 
1690,AE134,4080,스마트도시과,CTV001,동화-04096,동화리244-1(23차),"41590253","41590253","4159025324","244-1",KT, ,"37.21605","126.964861","196881.046238017","512990.702694861","4",CTM002, 
1692,AE134,530,스마트도시과,CTV001,와우-00536,수정약국앞삼거리,"41590253","41590253","4159025325","74-5",자가망, ,"37.215925","126.976419","197906.930457332","512976.478731728","1",CTM002, 
1693,AE134,531,스마트도시과,CTV001,와우-00537,수원대버스정류장,"41590253","41590253","4159025325","42-95",자가망, ,"37.213813","126.979772","198204.552613004","512741.994406854","4",CTM002, 
1694,AE134,532,스마트도시과,CTV001,와우-00538,수원대,"41590253","41590253","4159025325","62-22",자가망, ,"37.214587","126.978196","198064.657130943","512827.925252306","5",CTM002, 
1695,AE134,533,스마트도시과,CTV001,와우-00539,휴먼빌정문앞,"41590253","41590253","4159025325","591",자가망, ,"37.214789","126.97149","197469.442100066","512850.557103241","3",CTM002, 
1696,AE134,536,스마트도시과,CTV001,와우-00542,와우리남촌마을회관앞사거리,"41590253","41590253","4159025325","86-3",자가망, ,"37.217167","126.976617","197924.544745233","513114.298857253","5",CTM002, 
1697,AE134,539,스마트도시과,CTV001,와우-00545,신일해피트리a입구,"41590253","41590253","4159025325","45-3",자가망, ,"37.216153","126.978568","198097.707539583","513001.799384411","3",CTM002, 
1698,AE134,547,스마트도시과,CTV001,와우-00553,와우리시라맨션앞,"41590253","41590253","4159025325","31-7",자가망, ,"37.214276","126.97867","198106.75753579","512793.400367589","4",CTM002, 
1699,AE134,548,스마트도시과,CTV001,와우-00554,와우리로뎀하우스앞,"41590253","41590253","4159025325","89-2",자가망, ,"37.217437","126.975578","197832.398123094","513144.324168905","5",CTM002, 
1700,AE134,559,스마트도시과,CTV001,와우-00565,와우사거리,"41590253","41590253","4159025325","213-125",자가망, ,"37.219068","126.973728","197668.17582782","513325.43483357","1",CTM002, 
1701,AE134,567,스마트도시과,CTV001,와우-00574,와우리영풍아파트앞,"41590253","41590253","4159025325","227-3",자가망, ,"37.212787","126.97415","197705.475988743","512628.292991723","4",CTM002, 
1702,AE134,568,스마트도시과,CTV001,와우-00575,임광306동뒤앞,"41590253","41590253","4159025325","210-92",자가망, ,"37.216009","126.973916","197684.786159197","512985.930455682","3",CTM002, 
1703,AE134,569,스마트도시과,CTV001,와우-00576,임광315동앞,"41590253","41590253","4159025325","211-72",자가망, ,"37.215821","126.969446","197288.016720417","512965.157869838","4",CTM002, 
1704,AE134,570,스마트도시과,CTV001,와우-00577,임광316동뒷편,"41590253","41590253","4159025325","220-60",자가망, ,"37.214959","126.969814","197320.640847691","512869.492284457","4",CTM002, 
1705,AE134,581,스마트도시과,CTV001,와우-00588,효성A입구삼거리,"41590253","41590253","4159025325","90-5",자가망, ,"37.216922","126.975449","197820.906964721","513087.204844213","1",CTM002, 
1706,AE134,586,스마트도시과,CTV001,와우-00593,쌍용스윗닷홈입구,"41590253","41590253","4159025325","12-27",KT, ,"37.211901","126.970158","197351.129673286","512530.078506719","4",CTM002, 
1707,AE134,587,스마트도시과,CTV001,와우-00594,온누리교회부근사거리,"41590253","41590253","4159025325","168",자가망, ,"37.218423","126.976804","197941.170706833","513253.76921889","3",CTM002, 
1709,AE134,601,스마트도시과,CTV001,와우-00608,와우리240-고정,"41590253","41590253","4159025325",산4-78,KT, ,"37.214963","126.97377","197671.804023053","512869.776157046","1",CTM002, 
1710,AE134,616,스마트도시과,CTV001,와우-00623,와우리220-77-고정,"41590253","41590253","4159025325","220-77",자가망, ,"37.216316","126.967883","197149.339799911","513020.128591511","1",CTM002, 
462,AE134,2171,스마트도시과,CTV001,배양-02189,배양동65-90,"41590560","41590123","4159012300","65-90",자가망, ,"37.225789","126.992139","199302.335925244","514071.015905274","1",CTM001, 
463,AE134,2172,스마트도시과,CTV001,배양-02190,배양동69-213,"41590560","41590123","4159012300","69-171",자가망, ,"37.223747","126.990577","199163.662716948","513844.425795392","1",CTM001, 
464,AE134,2173,스마트도시과,CTV001,배양-02191,배양동69-283,"41590560","41590123","4159012300","69-283",자가망, ,"37.219856","126.989863","199100.319866753","513412.502246927","1",CTM001, 
465,AE134,2179,스마트도시과,CTV001,배양-02197,배양동15-140,"41590560","41590123","4159012300","15-140",자가망, ,"37.223225","126.998358","199854.306706098","513786.3863457","1",CTM001, 
466,AE134,2180,스마트도시과,CTV001,배양-02198,배양동19-224,"41590560","41590123","4159012300","19-224",자가망, ,"37.220831","126.995584","199608.028633288","513520.759263234","1",CTM001, 
467,AE134,2181,스마트도시과,CTV001,배양-02199,배양동19-90,"41590560","41590123","4159012300","19-90",자가망, ,"37.223172","126.997101","199742.711285648","513780.529179957","1",CTM001, 
468,AE134,4348,스마트도시과,CTV001,송산(동)-04365,화산터널(수원방향)-1,"41590570","41590125","4159012500","192-422",KT, ,"37.2183","126.995429","199594.29377138","513239.831780082","4",CTM001, 
470,AE134,5,스마트도시과,CTV001,기배-00005,나눔공원,"41590560","41590124","4159012400","924-4",자가망, ,"37.222693","126.975089","197789.104701637","513727.666784919","3",CTM001, 
472,AE134,7,스마트도시과,CTV001,기배-00007,미로어린이공원앞사거리,"41590560","41590124","4159012400","924-1",자가망, ,"37.224874","126.976739","197935.648353709","513969.680935976","4",CTM001, 
473,AE134,10,스마트도시과,CTV001,기안-00010,순복음교회앞,"41590560","41590124","4159012400","354-3",자가망, ,"37.224725","126.973444","197643.145218823","513953.177170029","3",CTM001, 
474,AE134,12,스마트도시과,CTV001,기배-00012,기안초교정문,"41590560","41590124","4159012400","438-1",자가망, ,"37.224353","126.981458","198354.416260072","513911.733676531","1",CTM001, 
475,AE134,13,스마트도시과,CTV001,기안-00013,기안1동노인정앞,"41590560","41590124","4159012400","168-2",자가망, ,"37.227268","126.985341","198699.036149785","514235.240954674","2",CTM001, 
476,AE134,14,스마트도시과,CTV001,기배-00014,남수원씨티프라자앞대로,"41590560","41590124","4159012400","337-3",자가망, ,"37.226076","126.972041","197518.727852088","514103.204993295","1",CTM001, 
477,AE134,17,스마트도시과,CTV001,기배-00017,아띠주방사거리-검지,"41590560","41590124","4159012400","237-6",자가망, ,"37.226477","126.981653","198371.741456287","514147.511301345","2",CTM001, 
478,AE134,18,스마트도시과,CTV001,기배-00018,예일유치원앞삼거리,"41590560","41590124","4159012400","900",자가망, ,"37.220605","126.986586","198809.420245354","513495.708153973","1",CTM001, 
479,AE134,19,스마트도시과,CTV001,기안-00019,좋은물옆통로암거,"41590560","41590124","4159012400","69-7",자가망, ,"37.231175","126.985486","198711.961903474","514668.812135605","3",CTM001, 
480,AE134,20,스마트도시과,CTV001,기안-00020,태안농원앞,"41590560","41590124","4159012400","912",자가망, ,"37.224066","126.979392","198171.017446112","513879.99747544","3",CTM001, 
481,AE134,24,스마트도시과,CTV001,기안-00024,기안동189-2-검지(25차),"41590560","41590124","4159012400","189-2",KT, ,"37.227924","126.984489","198623.498545722","514307.968338213","5",CTM001, 
482,AE134,25,스마트도시과,CTV001,기안-00025,기안동317-고정,"41590560","41590124","4159012400","317",KT, ,"37.228846","126.975257","197804.18446773","514410.54549237","1",CTM001, 
483,AE134,27,스마트도시과,CTV001,기안-00027,기안동311-고정,"41590560","41590124","4159012400","311",KT, ,"37.228701","126.976036","197873.31212711","514394.424235555","1",CTM001, 
484,AE134,463,스마트도시과,CTV001,병점-00467,병점동345-7-검지(24차),"41590560","41590117","4159011700","345-7",KT, ,"37.224103","126.972637","197571.549180316","513884.166829248","3",CTM001, 
485,AE134,2110,스마트도시과,CTV001,기안-02128,기안교차로인근,"41590560","41590124","4159012400","205-9",자가망, ,"37.225612","126.985888","198747.561720528","514051.392075586","3",CTM001, 
486,AE134,2146,스마트도시과,CTV001,기안-02164,기안동137-4,"41590560","41590124","4159012400","137-4",자가망, ,"37.230074","126.984673","198639.85742012","514546.576852494","1",CTM001, 
488,AE134,2148,스마트도시과,CTV001,기안-02166,기안동452-1,"41590560","41590124","4159012400","452-1",자가망, ,"37.222134","126.980125","198236.061538565","513665.466785711","1",CTM001, 
489,AE134,2150,스마트도시과,CTV001,기안-02168,기안동453-7,"41590560","41590124","4159012400","453-7",자가망, ,"37.221197","126.979075","198142.813397588","513561.519110855","1",CTM001, 
490,AE134,2151,스마트도시과,CTV001,기안-02169,기안동산16-9,"41590560","41590124","4159012400",산16-9,자가망, ,"37.227323","126.978799","198118.51409154","514241.432668818","1",CTM001, 
491,AE134,2166,스마트도시과,CTV001,기안-02184,기안동20-188,"41590560","41590124","4159012400","20-188",자가망, ,"37.226098","126.989219","199043.249544185","514105.29041243","1",CTM001, 
492,AE134,2210,스마트도시과,CTV001,기배-02228,기안초교후문,"41590560","41590124","4159012400","440",자가망, ,"37.224707","126.983921","198573.039487356","513950.948003812","1",CTM001, 
493,AE134,2289,스마트도시과,CTV001,기안-02308,광도어린이공원,"41590560","41590124","4159012400","329-5",KT, ,"37.227262","126.973228","197624.055031234","514234.788004188","3",CTM001, 
494,AE134,2318,스마트도시과,CTV001,기안-02338,야생초어린이공원,"41590560","41590124","4159012400","896",KT, ,"37.22018","126.988719","198998.779856527","513448.482918776","3",CTM001, 
495,AE134,2337,스마트도시과,CTV001,기안-02357,별향어린이공원,"41590560","41590124","4159012400","916",KT, ,"37.222193","126.975116","197791.486405474","513672.153049276","3",CTM001, 
496,AE134,2359,스마트도시과,CTV001,기안-02379,미로어린이공원,"41590560","41590124","4159012400","914",KT, ,"37.224839","126.976132","197881.776815456","513965.798875354","3",CTM001, 
497,AE134,3513,스마트도시과,CTV001,기안-3527,기안동341-5-검지(20차),"41590560","41590124","4159012400","341-5",KT, ,"37.225449","126.972484","197557.978385088","514033.618950438","2",CTM001, 
498,AE134,3974,스마트도시과,CTV001,기안-03990,기안동177-검지(23차),"41590560","41590124","4159012400","177",KT, ,"37.225939","126.982398","198437.846843528","514087.71281006","2",CTM001, 
499,AE134,3975,스마트도시과,CTV001,기안-03991,기안동258-1-검지(23차),"41590560","41590124","4159012400","258-1",KT, ,"37.224901","126.981384","198347.887377944","513972.553018045","2",CTM001, 
500,AE134,3976,스마트도시과,CTV001,기안-03992,기안동457-305-검지(23차),"41590560","41590124","4159012400","457-305",KT, ,"37.217217","126.985767","198736.754215305","513119.690383331","2",CTM001, 
501,AE134,4088,스마트도시과,CTV001,기안-04103,기안동356-11(24차),"41590560","41590124","4159012400","356-11",kt, ,"37.2242","126.97274","197580.640254412","513894.929448232","4",CTM001, 
502,AE134,4089,스마트도시과,CTV001,기안-04104,기안동913(24차),"41590560","41590124","4159012400","913",kt, ,"37.22242","126.979096","198144.689416771","513697.238353804","4",CTM001, 
503,AE134,4090,스마트도시과,CTV001,기안-04105,기안동920-1(24차),"41590560","41590124","4159012400","920-1",자가망, ,"37.224436","126.97492","197774.165795255","513921.056596751","4",CTM001, 
1076,AE134,2519,스마트도시과,CTV001,영천-02547,뽀또치킨앞사거리,"41590590","41590131","4159013100","686-3",동탄2자가망, ,"37.207886","127.112132","209953.83779489","512089.993575731","4",CTM001, 
1077,AE134,2520,스마트도시과,CTV001,영천-02548,영천동683-4단독주택밀집구역안쪽길,"41590590","41590131","4159013100","683-4",동탄2자가망, ,"37.208795","127.112274","209966.33235155","512190.846403264","5",CTM001, 
1079,AE134,2522,스마트도시과,CTV001,영천-02550,이지더원아파트304동앞삼거리,"41590590","41590131","4159013100",산27-160,동탄2자가망, ,"37.209166","127.112572","209992.665216711","512232.040790001","4",CTM001, 
1080,AE134,2523,스마트도시과,CTV001,영천-02551,서건에듀프라자앞-단독주택밀집구역안쪽길,"41590590","41590131","4159013100","681-2",동탄2자가망, ,"37.208061","127.110782","209833.977319239","512109.174502456","4",CTM001, 
1081,AE134,2524,스마트도시과,CTV001,영천-02552,이지더원아파트진입로앞사거리,"41590590","41590131","4159013100","672",동탄2자가망, ,"37.20876","127.111428","209891.195028579","512186.8733402","4",CTM001, 
1082,AE134,2525,스마트도시과,CTV001,영천-02553,영천동672-2,"41590590","41590131","4159013100","672-2",동탄2자가망, ,"37.20805","127.109918","209757.229366799","512107.897612721","5",CTM001, 
1083,AE134,2526,스마트도시과,CTV001,영천-02554,마크폴리스오피스텔앞사거리,"41590590","41590131","4159013100","667-8",동탄2자가망, ,"37.207965","127.107447","209537.93715191","512098.268114961","5",CTM001, 
1084,AE134,2527,스마트도시과,CTV001,영천-02555,영천동651-1848,"41590590","41590131","4159013100","651-1848",동탄2자가망, ,"37.209323","127.107395","209533.114878909","512248.942572817","5",CTM001, 
1085,AE134,2528,스마트도시과,CTV001,영천-02556,영천동539-17앞사거리,"41590590","41590131","4159013100","539-17",동탄2자가망, ,"37.209542","127.103246","209164.846843194","512272.882600426","5",CTM001, 
1086,AE134,2529,스마트도시과,CTV001,영천-02557,영천동443-1앞사거리,"41590590","41590131","4159013100","443-1",동탄2자가망, ,"37.209618","127.098279","208723.897687491","512280.781671604","5",CTM001, 
1087,AE134,3172,스마트도시과,CTV001,영천-03207,영천동382-1,"41590590","41590131","4159013100","382-1",동탄2자가망, ,"37.209196","127.094076","208350.890845982","512233.567698692","3",CTM001, 
1088,AE134,3175,스마트도시과,CTV001,영천-03210,영천동321-88,"41590590","41590131","4159013100","321-88",동탄2자가망, ,"37.206977","127.090985","208076.678885932","511987.021476595","4",CTM001, 
1089,AE134,3176,스마트도시과,CTV001,영천-03211,영천동636-73,"41590590","41590131","4159013100","636-73",동탄2자가망, ,"37.206256","127.090935","208072.340248254","511907.01951224","3",CTM001, 
1090,AE134,3177,스마트도시과,CTV001,영천-03212,영천동413-3,"41590590","41590131","4159013100","413-3",동탄2자가망, ,"37.206246","127.094011","208345.412422288","511906.200612899","4",CTM001, 
1091,AE134,3178,스마트도시과,CTV001,영천-03213,영천동418-27,"41590590","41590131","4159013100","418-27",동탄2자가망, ,"37.206293","127.094548","208393.077144829","511911.408686791","3",CTM001, 
1092,AE134,3179,스마트도시과,CTV001,영천-03214,영천동651-116,"41590590","41590131","4159013100","651-116",동탄2자가망, ,"37.204945","127.092574","208218.020099993","511761.636347807","5",CTM001, 
1093,AE134,3183,스마트도시과,CTV001,영천-03218,영천동387-9,"41590590","41590131","4159013100","387-9",동탄2자가망, ,"37.208879","127.094342","208374.504605002","512198.411015709","3",CTM001, 
1094,AE134,3202,스마트도시과,CTV001,영천-03237,영천동358-78,"41590590","41590131","4159013100","358-78",동탄2자가망, ,"37.209552","127.092619","208221.460056681","512273.010641095","5",CTM001, 
1095,AE134,3203,스마트도시과,CTV001,영천-03238,영천동651-267,"41590590","41590131","4159013100","651-267",동탄2자가망, ,"37.206474","127.088583","207863.560141103","511931.053854471","3",CTM001, 
1096,AE134,3204,스마트도시과,CTV001,영천-03239,영천동387-2,"41590590","41590131","4159013100","387-2",동탄2자가망, ,"37.208593","127.093952","208339.881142257","512166.691333939","4",CTM001, 
1097,AE134,3205,스마트도시과,CTV001,영천-03240,영천동408-3,"41590590","41590131","4159013100","408-3",동탄2자가망, ,"37.206982","127.092528","208213.73093337","511987.786792323","4",CTM001, 
1099,AE134,3207,스마트도시과,CTV001,영천-03242,영천동418-6,"41590590","41590131","4159013100","418-6",동탄2자가망, ,"37.207988","127.093377","208288.932388415","512099.474844102","5",CTM001, 
1100,AE134,3210,스마트도시과,CTV001,영천-03245,영천동320-1,"41590590","41590131","4159013100","320-1",동탄2자가망, ,"37.208088","127.090925","208071.23438316","512110.305794156","3",CTM001, 
1101,AE134,3212,스마트도시과,CTV001,영천-03248,영천동416,"41590590","41590131","4159013100","416",동탄2자가망, ,"37.207169","127.094528","208391.240194074","512008.682289758","4",CTM001, 
1102,AE134,3213,스마트도시과,CTV001,영천-03249,영천동418-15,"41590590","41590131","4159013100","418-15",동탄2자가망, ,"37.206809","127.094042","208348.093478219","511968.630461015","4",CTM001, 
1103,AE134,3231,스마트도시과,CTV001,영천-03267,영천동338,"41590590","41590131","4159013100","338",동탄2자가망, ,"37.215406","127.090219","208007.849567889","512922.404742302","4",CTM001, 
1104,AE134,3232,스마트도시과,CTV001,영천-03268,영천동358-48,"41590590","41590131","4159013100","358-48",동탄2자가망, ,"37.211419","127.090712","208051.987504162","512479.999507038","4",CTM001, 
1105,AE134,3233,스마트도시과,CTV001,영천-03269,영천동221-1,"41590590","41590131","4159013100","221-1",동탄2자가망, ,"37.213622","127.091219","208096.799578667","512724.51995884","4",CTM001, 
1106,AE134,3236,스마트도시과,CTV001,영천-03273,영천동352-1,"41590590","41590131","4159013100","352-1",동탄2자가망, ,"37.214378","127.092671","208225.546376828","512808.550236581","5",CTM001, 
1107,AE134,3237,스마트도시과,CTV001,영천-03274,영천동358-60,"41590590","41590131","4159013100","358-60",동탄2자가망, ,"37.210294","127.092591","208218.959841616","512355.310025811","3",CTM001, 
1108,AE134,3238,스마트도시과,CTV001,영천-03275,영천동157-1,"41590590","41590131","4159013100","157-1",동탄2자가망, ,"37.213388","127.093792","208325.229568498","512698.829869865","3",CTM001, 
1109,AE134,3240,스마트도시과,CTV001,영천-03277,영천동122-5,"41590590","41590131","4159013100","122-5",동탄2자가망, ,"37.217754","127.095969","208517.910427527","513183.559574331","3",CTM001, 
1110,AE134,3241,스마트도시과,CTV001,영천-03278,영천동103-4,"41590590","41590131","4159013100","103-4",동탄2자가망, ,"37.215984","127.097687","208670.650328834","512987.240053357","3",CTM001, 
1111,AE134,3242,스마트도시과,CTV001,영천-03279,영천동산26,"41590590","41590131","4159013100",산26,동탄2자가망, ,"37.21149","127.097848","208685.450419436","512488.469758472","3",CTM001, 
1112,AE134,3243,스마트도시과,CTV001,영천-03281,영천동99-8,"41590590","41590131","4159013100","99-8",동탄2자가망, ,"37.212749","127.099407","208823.649579389","512628.369663052","3",CTM001, 
1113,AE134,3244,스마트도시과,CTV001,영천-03282,영천동산24-1,"41590590","41590131","4159013100",산24-1,동탄2자가망, ,"37.210503","127.099626","208843.380070665","512379.159713117","3",CTM001, 
1114,AE134,3245,스마트도시과,CTV001,영천-03283,영천동539-13,"41590590","41590131","4159013100","539-13",동탄2자가망, ,"37.209903","127.103045","209146.949610509","512312.909773679","5",CTM001, 
1116,AE134,3247,스마트도시과,CTV001,영천-03285,영천동95,"41590590","41590131","4159013100","95",동탄2자가망, ,"37.214783","127.102554","209102.789715128","512854.419772334","5",CTM001, 
2352,AE134,1924,스마트도시과,CTV001,방축-01940,방축리297-42(하길리108),"41590259","41590259","4159025926","108",KT, ,"37.122216","126.917162","192638.304179133","502579.528903909","1",CTM002, 
2354,AE134,1959,스마트도시과,CTV001,하길-01976,하길리378-고정,"41590259","41590259","4159025926","378",KT, ,"37.106073","126.913516","192312.620422833","500788.292884403","1",CTM002, 
2355,AE134,1960,스마트도시과,CTV001,하길-01977,하길리709-8-고정,"41590259","41590259","4159025926","709-8",자가망, ,"37.098784","126.922685","193126.930589557","499978.615460188","1",CTM002, 
2356,AE134,1961,스마트도시과,CTV001,하길-01978,하길리629-2-고정,"41590259","41590259","4159025926","629-2",자가망, ,"37.105588","126.924051","193249.046940182","500733.678016461","1",CTM002, 
2358,AE134,1963,스마트도시과,CTV001,하길-01980,하길리996-1-고정,"41590259","41590259","4159025926","996-1",KT, ,"37.084552","126.921491","193019.527522245","498399.288202373","1",CTM002, 
2359,AE134,1964,스마트도시과,CTV001,하길-01981,하길리산70-고정,"41590259","41590259","4159025926",산70,KT, ,"37.106226","126.912052","192182.504260051","500805.392278563","1",CTM002, 
2360,AE134,1971,스마트도시과,CTV001,하길-01988,하길리934-5-고정,"41590259","41590259","4159025926","934-5",KT, ,"37.088573","126.921684","193037.055559541","498845.521781789","1",CTM002, 
2361,AE134,1995,스마트도시과,CTV001,하길-02012,하길리1129-3-고정,"41590259","41590259","4159025926","1129-3",자가망, ,"37.09191","126.919056","192803.684388363","499216.044682453","1",CTM002, 
2362,AE134,1996,스마트도시과,CTV001,하길-02013,하길리1153-6-고정,"41590259","41590259","4159025926","1153-6",자가망, ,"37.096216","126.917982","192708.613618285","499694.026228861","1",CTM002, 
2363,AE134,1997,스마트도시과,CTV001,하길-02014,하길리1412-13-고정,"41590259","41590259","4159025926","1412-13",자가망, ,"37.086809","126.917151","192633.82776359","498650.085018524","1",CTM002, 
2364,AE134,1998,스마트도시과,CTV001,하길-02015,하길리1405-6-고정,"41590259","41590259","4159025926","1405-6",자가망, ,"37.090489","126.919662","192857.462696457","499058.308316317","1",CTM002, 
2365,AE134,1999,스마트도시과,CTV001,하길-02016,하길리1156-고정,"41590259","41590259","4159025926","1156",자가망, ,"37.094605","126.92155","193025.69462782","499514.959280281","1",CTM002, 
2366,AE134,2000,스마트도시과,CTV001,하길-02017,하길리1168-2-고정,"41590259","41590259","4159025926","1168-2",KT, ,"37.081609","126.920988","192974.514890192","498072.702318926","1",CTM002, 
2367,AE134,2001,스마트도시과,CTV001,하길-02018,하길리211-10-고정,"41590259","41590259","4159025926","211-10",KT, ,"37.119917","126.910167","192016.388345326","502324.973546503","1",CTM002, 
2368,AE134,2002,스마트도시과,CTV001,하길-02019,하길리253-6-고정,"41590259","41590259","4159025926","253-6",KT, ,"37.110859","126.913122","192278.11118488","501319.495918565","1",CTM002, 
2369,AE134,2003,스마트도시과,CTV001,하길-02020,하길리1412-12-고정,"41590259","41590259","4159025926","1412-12",자가망, ,"37.084548","126.913815","192337.030623932","498399.435762638","1",CTM002, 
2370,AE134,2006,스마트도시과,CTV001,하길-02023,하길리402-고정,"41590259","41590259","4159025926","402",KT, ,"37.109133","126.914628","192411.769049844","501127.801316685","1",CTM002, 
2371,AE134,2007,스마트도시과,CTV001,하길-02024,하길리288-1-고정,"41590259","41590259","4159025926","288-1",KT, ,"37.108755","126.908296","191848.8863555","501086.40902603","1",CTM002, 
2372,AE134,2008,스마트도시과,CTV001,하길-02025,하길리437-6-고정,"41590259","41590259","4159025926","437-6",KT, ,"37.107911","126.920459","192929.975478257","500991.711871986","1",CTM002, 
2373,AE134,2019,스마트도시과,CTV001,하길-02036,하길리666-고정,"41590259","41590259","4159025926","666",자가망, ,"37.101609","126.91504","192447.642417616","500292.757575885","1",CTM002, 
2375,AE134,2306,스마트도시과,CTV001,하길-02326,하길공원,"41590259","41590259","4159025926","1409-1",자가망, ,"37.088945","126.911702","192149.575263651","498887.5731976","1",CTM002, 
2376,AE134,2378,스마트도시과,CTV001,하길-02398,하길고등학교,"41590259","41590259","4159025926","1488",향남2자가망, ,"37.112351","126.910374","192034.001096049","501485.29364883","4",CTM002, 
2377,AE134,2970,스마트도시과,CTV001,하길-02999,하늘교-02,"41590259","41590259","4159025926","1483",향남2자가망, ,"37.119217","126.915183","192462.129087327","502246.840565171","1",CTM002, 
2378,AE134,2971,스마트도시과,CTV001,하길-03000,하늘교-01,"41590259","41590259","4159025926","1483",향남2자가망, ,"37.11895","126.915083","192453.21536426","502217.253866857","1",CTM002, 
2379,AE134,2974,스마트도시과,CTV001,하길-03003,저류조-1,"41590259","41590259","4159025926","1478",향남2자가망, ,"37.117946","126.907824","191807.949532406","502106.431731988","1",CTM002, 
2380,AE134,2980,스마트도시과,CTV001,하길-03009,봉화교-02,"41590259","41590259","4159025926","1491",향남2자가망, ,"37.094595","126.924973","193330.002844747","499513.559273115","1",CTM002, 
2381,AE134,2981,스마트도시과,CTV001,하길-03010,봉화교-01,"41590259","41590259","4159025926","1491",향남2자가망, ,"37.094595","126.924973","193330.002844747","499513.559273115","1",CTM002, 
2382,AE134,2982,스마트도시과,CTV001,하길-03011,우리빌앞,"41590259","41590259","4159025926","1440",향남2자가망, ,"37.120654","126.911033","192093.427902683","502406.693287515","4",CTM002, 
2383,AE134,2983,스마트도시과,CTV001,하길-03012,행복이가득한집앞,"41590259","41590259","4159025926","1441-1",향남2자가망, ,"37.120666","126.911924","192172.613074548","502407.951216006","3",CTM002, 
2384,AE134,2984,스마트도시과,CTV001,하길-03013,여우재앞,"41590259","41590259","4159025926","1443",향남2자가망, ,"37.119931","126.911711","192153.607728962","502326.398546442","4",CTM002, 
2385,AE134,2985,스마트도시과,CTV001,하길-03014,사랑빌앞,"41590259","41590259","4159025926","1439-5",향남2자가망, ,"37.12007","126.910354","192033.023390319","502341.937767312","3",CTM002, 
2386,AE134,2986,스마트도시과,CTV001,하길-03015,하길초교정문,"41590259","41590259","4159025926","1-9",향남2자가망, ,"37.115623","126.905037","191559.999767332","501848.869586094","4",CTM002, 
2387,AE134,2987,스마트도시과,CTV001,하길-03016,하길초교후문,"41590259","41590259","4159025926","1-9",향남2자가망, ,"37.116211","126.903792","191449.414339653","501914.237134364","3",CTM002, 
2388,AE134,2988,스마트도시과,CTV001,하길-03017,하길리23-12앞삼거리,"41590259","41590259","4159025926","1512",향남2자가망, ,"37.117312","126.905839","191631.464806208","502036.243594973","4",CTM002, 
2389,AE134,2989,스마트도시과,CTV001,하길-03018,가온누리앞,"41590259","41590259","4159025926","1441-8",향남2자가망, ,"37.119093","126.910774","192070.247539208","502233.475222088","4",CTM002, 
2390,AE134,2990,스마트도시과,CTV001,하길-03019,센트럴프라자앞,"41590259","41590259","4159025926","1485-2",향남2자가망, ,"37.11637","126.910614","192055.743408493","501931.29036481","3",CTM002, 
2392,AE134,2992,스마트도시과,CTV001,하길-03021,테라스뷰앞,"41590259","41590259","4159025926","1467-4",향남2자가망, ,"37.11617","126.91216","192193.124966001","501908.966160183","5",CTM002, 
2393,AE134,2993,스마트도시과,CTV001,하길-03022,스카이프라자앞,"41590259","41590259","4159025926","1466-3",향남2자가망, ,"37.116737","126.912944","192262.852605578","501971.794281894","3",CTM002, 
2394,AE134,2994,스마트도시과,CTV001,하길-03023,하길리1460육교옆,"41590259","41590259","4159025926","1483",향남2자가망, ,"37.118955","126.915246","192467.672509811","502217.79584887","4",CTM002, 
1711,AE134,623,스마트도시과,CTV001,와우-00630,와우리220-31-고정,"41590253","41590253","4159025325","220-31",KT, ,"37.213757","126.97093","197419.692080775","512735.972543014","1",CTM002, 
1712,AE134,639,스마트도시과,CTV001,와우-00648,GS마트뒤삼거리,"41590253","41590253","4159025325","37-6",KT, ,"37.212983","126.976521","197915.947363573","512649.946207188","1",CTM002, 
1713,AE134,654,스마트도시과,CTV001,와우-00663,센스크린,"41590253","41590253","4159025325","42-42",KT, ,"37.21294","126.980916","198306.076623884","512645.130753407","1",CTM002, 
1714,AE134,2214,스마트도시과,CTV001,기배-02232,다솜유치원,"41590560","41590253","4159025325","465-33",자가망, ,"37.218605","126.978362","198079.475552492","513273.868578128","1",CTM001, 
1715,AE134,2234,스마트도시과,CTV001,와우-02253,와우초등학교,"41590253","41590253","4159025325","213-111",자가망, ,"37.218444","126.972433","197553.288088524","513256.181570665","3",CTM002, 
1716,AE134,2276,스마트도시과,CTV001,와우-02295,효행초등학교,"41590253","41590253","4159025325","592",KT, ,"37.216227","126.967388","197105.37591081","513010.302862699","3",CTM002, 
1717,AE134,2302,스마트도시과,CTV001,와우-02321,해오름공원,"41590253","41590253","4159025325","217-1",KT, ,"37.216379","126.970008","197337.910253316","513027.014229977","1",CTM002, 
1718,AE134,2328,스마트도시과,CTV001,와우-02348,와우남촌공원,"41590253","41590253","4159025325","52-11",자가망, ,"37.216935","126.976765","197937.68644891","513088.618152074","1",CTM002, 
1719,AE134,2361,스마트도시과,CTV001,와우-02381,봉담아이파크어린이공원,"41590253","41590253","4159025325","590-1",KT, ,"37.212165","126.972121","197525.346625261","512559.291292678","3",CTM002, 
1721,AE134,3099,스마트도시과,CTV001,와우-03134,와우고개,"41590253","41590253","4159025325","213-130",자가망, ,"37.217317","126.970367","197369.8131479","513131.101349175","1",CTM002, 
1722,AE134,3460,스마트도시과,CTV001,와우-03504,봉담아이파크정문,"41590253","41590253","4159025325","590",KT, ,"37.213137","126.969164","197262.88959622","512667.302274155","3",CTM002, 
1723,AE134,3603,스마트도시과,CTV001,와우-3617,와우리211-74-검지(20차),"41590253","41590253","4159025325","211-74",자가망, ,"37.216269","126.972636","197571.191526284","513014.780011957","3",CTM002, 
1724,AE134,4008,스마트도시과,CTV001,와우-04024,와우리220-70-검지(23차),"41590253","41590253","4159025325","220-70",KT, ,"37.216208","126.968941","197243.225912408","513008.125687502","2",CTM002, 
1725,AE134,4014,스마트도시과,CTV001,와우-04030,와우리214-1-검지(23차),"41590253","41590253","4159025325","214-1",KT, ,"37.216556","126.971272","197450.160604743","513046.623204107","2",CTM002, 
1726,AE134,4114,스마트도시과,CTV001,와우-04128,와우리44-49(24차),"41590253","41590253","4159025325","44-49",kt, ,"37.214858","126.979977","198222.720038768","512857.955294891","4",CTM002, 
1728,AE134,506,스마트도시과,CTV001,분천-00512,방죽골가든삼거리,"41590253","41590253","4159025327","167-26",자가망, ,"37.198186","126.970406","197372.596734779","511007.893856434","3",CTM002, 
1729,AE134,528,스마트도시과,CTV001,수기-00534,수기초교정문,"41590253","41590253","4159025326","1-81",자가망, ,"37.202518","126.981176","198328.889665429","511488.487619157","4",CTM002, 
1730,AE134,534,스마트도시과,CTV001,수기-00540,수기초입구공구상가앞삼거리,"41590253","41590253","4159025326","10-20",자가망, ,"37.199946","126.980993","198312.568812715","511202.991164706","1",CTM002, 
1731,AE134,541,스마트도시과,CTV001,수기-00547,오궁하이츠빌앞,"41590253","41590253","4159025326","1-112",자가망, ,"37.204317","126.979933","198218.623021734","511688.117810388","2",CTM002, 
1732,AE134,551,스마트도시과,CTV001,수기-00557,수기리아랫말버스정류장,"41590253","41590253","4159025326","20-12",자가망, ,"37.199046","126.977977","198044.773217635","511103.165884497","3",CTM002, 
1733,AE134,580,스마트도시과,CTV001,수기-00587,주영원룸앞삼거리,"41590253","41590253","4159025326","1-175",자가망, ,"37.20547","126.981035","198316.453937892","511816.13183034","1",CTM002, 
1734,AE134,596,스마트도시과,CTV001,수기-00603,수기리34-7,"41590253","41590253","4159025326","34-7",자가망, ,"37.202211","126.978722","198111.010305516","511454.506810475","1",CTM002, 
1735,AE134,640,스마트도시과,CTV001,수기-00649,수기초후문,"41590253","41590253","4159025326","26-7",KT, ,"37.201227","126.979303","198162.582702824","511345.2119702","1",CTM002, 
1736,AE134,641,스마트도시과,CTV001,수기-00650,수기리59-12,"41590253","41590253","4159025326","59-12",KT, ,"37.19955","126.976503","197913.99592752","511159.161878345","1",CTM002, 
1737,AE134,650,스마트도시과,CTV001,수기-00659,루키당구장,"41590253","41590253","4159025326","1-58",KT, ,"37.205696","126.980049","198228.958822399","511841.15171101","1",CTM002, 
1739,AE134,2231,스마트도시과,CTV001,수기-02250,수기초등학교,"41590253","41590253","4159025326","1-72",자가망, ,"37.202969","126.981237","198334.305972099","511538.516983479","4",CTM002, 
1740,AE134,3491,스마트도시과,CTV001,수기-03535,수기리113-3,"41590253","41590253","4159025326","113-3",KT, ,"37.202038","126.973338","197633.020338659","511435.349133253","5",CTM002, 
1741,AE134,3492,스마트도시과,CTV001,수기-03536,수기리194-4,"41590253","41590253","4159025326","194-3",KT, ,"37.200904","126.974604","197745.412034723","511309.433131633","4",CTM002, 
1742,AE134,3619,스마트도시과,CTV001,수기-3633,수기리1-115-검지(20차),"41590253","41590253","4159025326","1-115",자가망, ,"37.203856","126.97951","198180.995905328","511636.967100718","2",CTM002, 
1743,AE134,3620,스마트도시과,CTV001,수기-3634,수기리1-95-어안(20차),"41590253","41590253","4159025326","1-95",자가망, ,"37.206394","126.980189","198241.367511985","511918.691891744","1",CTM002, 
1744,AE134,3621,스마트도시과,CTV001,수기-3635,수기리36-4-검지(20차),"41590253","41590253","4159025326","36-4",자가망, ,"37.200762","126.977465","197999.37248724","511293.665034813","1",CTM002, 
1745,AE134,3622,스마트도시과,CTV001,수기-3636,수기리1-46-어안(20차),"41590253","41590253","4159025326","1-46",자가망, ,"37.204329","126.982009","198402.904064349","511689.427379152","1",CTM002, 
1746,AE134,3624,스마트도시과,CTV001,수기-3638,수기리1-172-회전(20차),"41590253","41590253","4159025326","1-172",자가망, ,"37.206023","126.979512","198181.260978465","511877.541628579","4",CTM002, 
1747,AE134,3625,스마트도시과,CTV001,수기-3639,수기리11-49-검지(20차),"41590253","41590253","4159025326","11-49",자가망, ,"37.197475","126.981521","198359.407927725","510928.835705642","3",CTM002, 
1748,AE134,4012,스마트도시과,CTV001,수기-04028,수기리1-86-검지(23차),"41590253","41590253","4159025326","1-86",KT, ,"37.205107","126.97975","198202.366722639","511775.811443198","2",CTM002, 
1749,AE134,515,스마트도시과,CTV001,분천-00521,봉담성당입구-검지,"41590253","41590253","4159025327","11-5",자가망, ,"37.210876","126.956276","196118.792334589","512416.745293037","2",CTM002, 
1750,AE134,542,스마트도시과,CTV001,분천-00548,이화유치원,"41590253","41590253","4159025327","64-5",자가망, ,"37.209632","126.960066","196455.20775186","512278.546734334","3",CTM002, 
1751,AE134,564,스마트도시과,CTV001,분천-00571,해솔어린이집입구,"41590253","41590253","4159025327","3-16",자가망, ,"37.212784","126.955512","196051.146160609","512628.618557995","1",CTM002, 
1752,AE134,582,스마트도시과,CTV001,분천-00589,은성정밀앞,"41590253","41590253","4159025327","46-1",자가망, ,"37.208464","126.959262","196383.797793979","512148.98836944","3",CTM002, 
1753,AE134,605,스마트도시과,CTV001,분천-00612,분천리30-2잡-고정,"41590253","41590253","4159025327","30-2",KT, ,"37.210582","126.958283","196297.009748757","512384.058531421","1",CTM002, 
505,AE134,4317,스마트도시과,CTV001,기안-04332,기안동475-381-검지,"41590560","41590124","4159012400","475-381",KT, ,"37.222959","126.98516","198682.898171737","513756.956001879","3",CTM001, 
506,AE134,4366,스마트도시과,CTV001,기안-04376,기안동189-1(기안-04376),"41590560","41590124","4159012400","189-1",KT, ,"37.227718","126.983917","198572.705747102","514285.170025592","4",CTM001, 
507,AE134,4389,스마트도시과,CTV001,기안-04406,기배역사공원1(기안-04406),"41590560","41590124","4159012400","457-543",KT, ,"37.215069","126.983891","198570.159618101","512881.36166229","3",CTM001, 
508,AE134,4390,스마트도시과,CTV001,기안-04407,기배역사공원2-검지(기안-04407),"41590560","41590124","4159012400","457-543",KT, ,"37.215232","126.984082","198587.115883577","512899.448810428","3",CTM001, 
509,AE134,4391,스마트도시과,CTV001,기안-04408,기배역사공원3-검지(기안-04408),"41590560","41590124","4159012400","457-543",KT, ,"37.215464","126.984277","198604.428386936","512925.193670592","3",CTM001, 
510,AE134,4503,스마트도시과,CTV001,기안-04520,기안동336-검지,"41590560","41590124","4159012400","336",KT, ,"37.226817","126.971917","197507.700204067","514185.386656837","1",CTM001, 
511,AE134,2097,스마트도시과,CTV001,송산(동)-02115,송산동195-4,"41590570","41590125","4159012500","195-4",자가망, ,"37.211008","127.004337","200385.009748638","512430.563567729","3",CTM001, 
512,AE134,2098,스마트도시과,CTV001,송산(동)-02116,송산동195-6,"41590570","41590125","4159012500","195-1",자가망, ,"37.210484","127.004781","200424.424390015","512372.377813424","3",CTM001, 
513,AE134,2099,스마트도시과,CTV001,송산(동)-02117,송산동189,"41590570","41590125","4159012500","192-40",자가망, ,"37.211593","127.003983","200353.584175049","512495.442035154","3",CTM001, 
514,AE134,2100,스마트도시과,CTV001,화산-02118,굿모닝아파트앞사거리,"41590570","41590125","4159012500","97-138",자가망, ,"37.205936","127.022417","201990.007096061","511867.869521967","5",CTM001, 
515,AE134,2103,스마트도시과,CTV001,화산-02121,솔뫼한승미메이드104동뒤삼거리,"41590570","41590125","4159012500","164-11",자가망, ,"37.208833","127.013414","201190.755877983","512189.209717426","4",CTM001, 
516,AE134,2104,스마트도시과,CTV001,송산(동)-02122,송산동-산2-1,"41590570","41590125","4159012500",산2-1,자가망, ,"37.21073","127.006251","200554.899314792","512399.664686043","3",CTM001, 
518,AE134,2109,스마트도시과,CTV001,화산-02127,송산3통마을회관앞,"41590570","41590125","4159012500","108-19",자가망, ,"37.208402","127.018613","201652.24164162","512141.532349185","3",CTM001, 
519,AE134,2111,스마트도시과,CTV001,송산(동)-02129,송산동195-8,"41590570","41590125","4159012500","198-30",자가망, ,"37.21061","127.005558","200493.350148802","512386.343058725","4",CTM001, 
520,AE134,2114,스마트도시과,CTV001,송산(동)-02132,송산동현대아파트앞삼거리,"41590570","41590125","4159012500","113-11",자가망, ,"37.207683","127.021193","201881.27246918","512061.70703622","3",CTM001, 
521,AE134,2118,스마트도시과,CTV001,화산-02136,안녕초교,"41590570","41590125","4159012500","202-169",자가망, ,"37.206609","127.009179","200814.777775841","511942.36413978","5",CTM001, 
522,AE134,2119,스마트도시과,CTV001,화산-02137,안용중학교,"41590570","41590125","4159012500","97-7",자가망, ,"37.205574","127.020687","201836.424200027","511827.69257659","3",CTM001, 
523,AE134,2120,스마트도시과,CTV001,화산-02138,예랑유치원입구,"41590570","41590125","4159012500","214-25",자가망, ,"37.209523","127.014754","201309.683727131","512265.804679664","1",CTM001, 
524,AE134,2121,스마트도시과,CTV001,송산(동)-02139,에이스방화문앞,"41590570","41590125","4159012500","125-20",자가망, ,"37.215979","127.01772","201572.805526163","512982.402723584","3",CTM001, 
525,AE134,2122,스마트도시과,CTV001,화산-02140,용주사주차장,"41590570","41590125","4159012500","198-15",자가망, ,"37.210153","127.005598","200496.921522073","512335.613584242","5",CTM001, 
526,AE134,2124,스마트도시과,CTV001,화산-02142,화산동삼신빌딩삼거리,"41590570","41590125","4159012500","165-15",자가망, ,"37.209578","127.011672","201036.041422002","512271.959290624","3",CTM001, 
527,AE134,2125,스마트도시과,CTV001,화산-02143,화산초교뒤사거리,"41590570","41590125","4159012500","135-283",자가망, ,"37.21203","127.013761","201221.462337132","512544.011177239","3",CTM001, 
528,AE134,2127,스마트도시과,CTV001,송산(동)-02145,화산동주민센터(구동탄파출소),"41590570","41590125","4159012500","158-127",자가망, ,"37.206489","127.014085","201250.313246164","511929.155313857","1",CTM001, 
529,AE134,2133,스마트도시과,CTV001,송산(동)-02151,송산감리교회앞삼거리,"41590570","41590125","4159012500","155-111",자가망, ,"37.207746","127.016347","201451.105582199","512068.591461094","3",CTM001, 
530,AE134,2134,스마트도시과,CTV001,화산-02152,은아유치원정문,"41590570","41590125","4159012500","98-58",자가망, ,"37.206477","127.018652","201655.745668563","511927.826984792","1",CTM001, 
531,AE134,2136,스마트도시과,CTV001,송산(동)-02154,화산동병점온천삼거리(22차),"41590570","41590125","4159012500","100-2",자가망, ,"37.208055","127.017805","201580.47983592","512102.95246782","4",CTM001, 
532,AE134,2137,스마트도시과,CTV001,화산-02155,화산동214-25,"41590570","41590125","4159012500","214-25",자가망, ,"37.209554","127.015853","201407.246783466","512269.28306369","4",CTM001, 
534,AE134,2142,스마트도시과,CTV001,송산(동)-02160,현대홈타운,"41590570","41590125","4159012500","168-118",자가망, ,"37.207537","127.01062","200942.684167916","512045.379459611","3",CTM001, 
535,AE134,2143,스마트도시과,CTV001,송산(동)-02161,송산동158-164,"41590570","41590125","4159012500","158-164",자가망, ,"37.208362","127.012518","201111.182587559","512136.915415666","1",CTM001, 
537,AE134,2162,스마트도시과,CTV001,송산(동)-02180,송산동산6-43,"41590570","41590125","4159012500",산6-43,KT, ,"37.211902","127.010709","200950.592009674","512529.781647022","1",CTM001, 
538,AE134,2174,스마트도시과,CTV001,송산(동)-02192,송산동119-52,"41590570","41590125","4159012500","119-52",자가망, ,"37.211003","127.018557","201647.249597321","512430.172269694","1",CTM001, 
539,AE134,2175,스마트도시과,CTV001,송산(동)-02193,송산동214-25,"41590570","41590125","4159012500","214-25",자가망, ,"37.209511","127.016629","201476.068523201","512264.53375115","1",CTM001, 
540,AE134,2194,스마트도시과,CTV001,송산(동)-02212,송산동98-2고정,"41590570","41590125","4159012500","98-2",자가망, ,"37.20588","127.018819","201670.610108684","511861.618351276","1",CTM001, 
541,AE134,2195,스마트도시과,CTV001,송산(동)-02213,송산동158-6-고정,"41590570","41590125","4159012500","158-6",KT, ,"37.207708","127.01287","201142.465479482","512064.37096882","1",CTM001, 
542,AE134,2197,스마트도시과,CTV001,송산(동)-02215,삼신빌딩,"41590570","41590125","4159012500","174-14",KT, ,"37.209704","127.011397","201011.646631237","512285.928901498","1",CTM001, 
543,AE134,2239,스마트도시과,CTV001,송산(동)-02258,화산초등학교,"41590570","41590125","4159012500","146-1",자가망, ,"37.210977","127.013318","201182.191862361","512427.13082786","3",CTM001, 
544,AE134,2370,스마트도시과,CTV001,송산(동)-02390,현충탑1,"41590570","41590125","4159012500","96-2",자가망, ,"37.20564","127.021359","201896.06810285","511835.008392895","3",CTM001, 
545,AE134,2371,스마트도시과,CTV001,송산(동)-02391,현충탑2,"41590570","41590125","4159012500","96-2",자가망, ,"37.205745","127.021864","201940.894966122","511846.671675464","3",CTM001, 
546,AE134,2372,스마트도시과,CTV001,송산(동)-02392,현충탑3,"41590570","41590125","4159012500","96-2",자가망, ,"37.206279","127.022199","201970.61945623","511905.942716124","3",CTM001, 
1117,AE134,3248,스마트도시과,CTV001,영천-03286,영천동506-1,"41590590","41590131","4159013100","506-1",동탄2자가망, ,"37.211879","127.10128","208990.009591713","512532.030543698","5",CTM001, 
1118,AE134,3249,스마트도시과,CTV001,영천-03287,영천동98-4,"41590590","41590131","4159013100","98-4",동탄2자가망, ,"37.2138","127.101826","209038.229718933","512745.240555998","3",CTM001, 
1119,AE134,3251,스마트도시과,CTV001,영천-03289,영천동79-5[1],"41590590","41590131","4159013100","79-5",동탄2자가망, ,"37.216354","127.106709","209471.379949611","513029.140556591","3",CTM001, 
1121,AE134,3253,스마트도시과,CTV001,영천-03291,영천동533-1,"41590590","41590131","4159013100","533-1",동탄2자가망, ,"37.209744","127.104572","209282.470252201","512295.330031699","3",CTM001, 
1122,AE134,3254,스마트도시과,CTV001,영천-03292,영천동50-4,"41590590","41590131","4159013100","50-4",동탄2자가망, ,"37.218718","127.107337","209526.800161192","513291.569972765","3",CTM001, 
1123,AE134,3255,스마트도시과,CTV001,영천-03293,영천동79-5[2],"41590590","41590131","4159013100","79-5",동탄2자가망, ,"37.21694","127.107448","209536.925604513","513094.266687975","5",CTM001, 
1124,AE134,3256,스마트도시과,CTV001,영천-03294,영천동37-30,"41590590","41590131","4159013100","37-30",동탄2자가망, ,"37.216961","127.109269","209698.469911436","513096.799851258","3",CTM001, 
1125,AE134,3257,스마트도시과,CTV001,영천-03296,영천동651-1378,"41590590","41590131","4159013100","651-1378",동탄2자가망, ,"37.212928","127.111539","209900.549852355","512649.43987949","3",CTM001, 
1126,AE134,3258,스마트도시과,CTV001,영천-03297,영천동651-1374,"41590590","41590131","4159013100","651-1374",동탄2자가망, ,"37.211808","127.111647","209910.259662457","512525.140560149","4",CTM001, 
1127,AE134,3260,스마트도시과,CTV001,영천-03301,영천동651-570,"41590590","41590131","4159013100","651-570",동탄2자가망, ,"37.216897","127.113188","210046.370450006","513090.142125424","3",CTM001, 
1128,AE134,3261,스마트도시과,CTV001,영천-03303,영천동산21-1,"41590590","41590131","4159013100",산21-1,동탄2자가망, ,"37.212063","127.097455","208650.440102568","512552.090600373","4",CTM001, 
1129,AE134,3970,스마트도시과,CTV001,영천-03986,영내지하보도(북)1-검지,"41590590","41590131","4159013100","102-2",동탄2자가망, ,"37.215775","127.097021","208611.499999891","512964.000102164","2",CTM001, 
1130,AE134,3971,스마트도시과,CTV001,영천-03987,영내지하보도(남)1-검지,"41590590","41590131","4159013100",산20-14,동탄2자가망, ,"37.215775","127.097021","208611.499999891","512964.000102164","2",CTM001, 
1131,AE134,3972,스마트도시과,CTV001,영천-03988,영천지하보도(북)1-검지,"41590590","41590131","4159013100","388-24",동탄2자가망, ,"37.209527","127.096331","208550.999999923","512270.500102163","3",CTM001, 
1132,AE134,3973,스마트도시과,CTV001,영천-03989,영천지하보도(남)1-검지,"41590590","41590131","4159013100","388-18",동탄2자가망, ,"37.209193","127.096409","208557.999999881","512233.500102169","3",CTM001, 
1133,AE134,4323,스마트도시과,CTV001,영천-04341,영천동539-10,"41590590","41590131","4159013100","539-10",동탄3자가망, ,"37.210678","127.103627","209198.499999902","512399.000102162","3",CTM001, 
1134,AE134,4327,스마트도시과,CTV001,영천-04345,영천동524-5,"41590590","41590131","4159013100","524-5",동탄3자가망, ,"37.210282","127.106181","209425.249999915","512355.25010216","4",CTM001, 
1135,AE134,4328,스마트도시과,CTV001,영천-04346,영천동617,"41590590","41590131","4159013100","617",동탄3자가망, ,"37.211268","127.106554","209458.249999907","512464.750102171","4",CTM001, 
1136,AE134,4329,스마트도시과,CTV001,영천-04347,영천동624,"41590590","41590131","4159013100","624",동탄3자가망, ,"37.212569","127.108099","209595.24999987","512609.250102164","5",CTM001, 
1138,AE134,4331,스마트도시과,CTV001,영천-04349,영천동612[2],"41590590","41590131","4159013100","612",동탄3자가망, ,"37.210452","127.107837","209572.249999913","512374.250102161","5",CTM001, 
1139,AE134,4332,스마트도시과,CTV001,영천-04350,영천동540-1,"41590590","41590131","4159013100","540-1",동탄3자가망, ,"37.209723","127.106631","209465.249999867","512293.25010217","4",CTM001, 
1140,AE134,4343,스마트도시과,CTV001,영천-04360,동탄선납공원지상육교(EV)1,"41590590","41590131","4159013100","608-8",동탄2자가망, ,"37.208981","127.106999","209497.999999891","512211.000102169","2",CTM001, 
1141,AE134,4344,스마트도시과,CTV001,영천-4361,경부횡단6번지하보도(EV)1,"41590590","41590131","4159013100","103-4",동탄2자가망, ,"37.215459","127.097375","208642.999999921","512929.000102162","1",CTM001, 
1142,AE134,4369,스마트도시과,CTV001,영천-04379,무봉유치원(영천-04379),"41590590","41590131","4159013100","740-11",동탄2자가망, ,"37.203615","127.123343","210949.624228076","511617.18350858","5",CTM001, 
1143,AE134,4521,스마트도시과,CTV001,영천-04538,유아숲[5],"41590590","41590131","4159013100","612",동탄1자가망, ,"37.217714","127.095594","208484.697135818","513179.120347166","1",CTM001, 
1144,AE134,4522,스마트도시과,CTV001,영천-04539,유아숲[6],"41590590","41590131","4159013100","612",동탄1자가망, ,"37.217714","127.095594","208484.697135818","513179.120347166","1",CTM001, 
1145,AE134,181,스마트도시과,CTV001,중-00182,중리145,"41590590","41590132","4159013200","145",KT, ,"37.208294","127.148718","213201.471659668","512139.744655327","1",CTM001, 
1146,AE134,184,스마트도시과,CTV001,중-00185,기흥CC입구삼거리,"41590590","41590132","4159013200","842",KT, ,"37.203226","127.134061","211901.154181871","511575.348376064","3",CTM001, 
1147,AE134,186,스마트도시과,CTV001,중-00187,메이플타운,"41590590","41590132","4159013200","833-212",KT, ,"37.206256","127.142242","212626.956287366","511912.62595948","3",CTM001, 
1148,AE134,188,스마트도시과,CTV001,중-00189,만의사버스정류장,"41590590","41590132","4159013200","235-1",KT, ,"37.204777","127.13866","212309.210771439","511748.046139906","4",CTM001, 
1149,AE134,199,스마트도시과,CTV001,중-00200,중리208-고정,"41590590","41590132","4159013200","208",KT, ,"37.205804","127.13878","212319.64325368","511862.050840192","1",CTM001, 
1150,AE134,200,스마트도시과,CTV001,중-00201,중리151-4-고정,"41590590","41590132","4159013200","151-4",KT, ,"37.206877","127.146933","213043.23737893","511982.236420657","1",CTM001, 
1151,AE134,202,스마트도시과,CTV001,중-00203,중리242-5도-고정,"41590590","41590132","4159013200","242-5",KT, ,"37.203736","127.139155","212353.331718029","511632.556566777","1",CTM001, 
1152,AE134,205,스마트도시과,CTV001,중-00206,중리825(67-3),"41590590","41590132","4159013200","67-3",KT, ,"37.217991","127.123512","210962.573699492","513212.664435383","1",CTM001, 
1153,AE134,4542,스마트도시과,CTV001,신-04559,쿠팡물류센터사거리(신-04559),"41590610","41590133","4159013300","703-8",KT, ,"37.171211","127.128109","211377.585700285","508021.557786327","5",CTM001, 
1154,AE134,3285,스마트도시과,CTV001,목-03328,목동445-63,"41590610","41590134","4159013400","445-63",동탄2자가망, ,"37.180317","127.112839","210020.240069118","509030.35687279","3",CTM001, 
1156,AE134,3389,스마트도시과,CTV001,목-03432,목동133-1,"41590610","41590134","4159013400","133-1",동탄2자가망, ,"37.188711","127.123923","211003.275820787","509963.18400707","4",CTM001, 
1157,AE134,3390,스마트도시과,CTV001,목-03433,목동137-13,"41590610","41590134","4159013400","137-13",동탄2자가망, ,"37.189275","127.125489","211142.249999904","510026.000102183","4",CTM001, 
1158,AE134,3391,스마트도시과,CTV001,목-03434,목동산35,"41590610","41590134","4159013400",산35,동탄2자가망, ,"37.188207","127.125611","211153.249999857","509907.500102176","4",CTM001, 
2396,AE134,2996,스마트도시과,CTV001,하길-03025,하길리1463-3,"41590259","41590259","4159025926","1463-3",향남2자가망, ,"37.116664","126.914948","192440.960642537","501963.564615511","4",CTM002, 
2397,AE134,2997,스마트도시과,CTV001,하길-03026,하길리185-1진출입로,"41590259","41590259","4159025926","185-1",향남2자가망, ,"37.116116","126.915212","192464.369471736","501902.726668253","4",CTM002, 
2398,AE134,2998,스마트도시과,CTV001,하길-03027,아뜰리에앞삼거리,"41590259","41590259","4159025926","1456",향남2자가망, ,"37.11835","126.915872","192523.247416036","502150.603529071","4",CTM002, 
2399,AE134,2999,스마트도시과,CTV001,하길-03028,소시에가앞삼거리,"41590259","41590259","4159025926","1448",향남2자가망, ,"37.118261","126.916671","192594.248713909","502140.663697413","4",CTM002, 
2400,AE134,3000,스마트도시과,CTV001,방축-03029,방축리458사거리,"41590259","41590259","4159025940","458",향남2자가망, ,"37.118375","126.917789","192693.620413633","502153.228785681","3",CTM002, 
2401,AE134,3001,스마트도시과,CTV001,하길-03030,키즈앤아이앞사거리,"41590259","41590259","4159025926","1455-4",향남2자가망, ,"37.117368","126.915938","192529.016581063","502041.616086422","5",CTM002, 
2402,AE134,3002,스마트도시과,CTV001,하길-03031,주훈빌앞,"41590259","41590259","4159025926","1450-5",향남2자가망, ,"37.116292","126.916585","192586.413601442","501922.151037406","4",CTM002, 
2403,AE134,3004,스마트도시과,CTV001,하길-03033,하길리174-3앞삼거리,"41590259","41590259","4159025926","1450-9",향남2자가망, ,"37.115598","126.916818","192607.054224921","501845.112855359","3",CTM002, 
2404,AE134,3006,스마트도시과,CTV001,하길-03035,제약공단아파트앞,"41590259","41590259","4159025926","1520",향남2자가망, ,"37.112097","126.900671","191171.527873249","501457.94066645","3",CTM002, 
2405,AE134,3007,스마트도시과,CTV001,하길-03036,타오름달공원앞,"41590259","41590259","4159025926","1476",향남2자가망, ,"37.113584","126.906535","191692.914389183","501622.449604605","4",CTM002, 
2406,AE134,3008,스마트도시과,CTV001,하길-03037,하길중학교앞사거리,"41590259","41590259","4159025926","1475-3",향남2자가망, ,"37.113197","126.908252","191845.47835143","501579.351588348","5",CTM002, 
2407,AE134,3009,스마트도시과,CTV001,하길-03038,하길리1212,"41590259","41590259","4159025926","1558-1",향남2자가망, ,"37.111436","126.906348","191676.058885431","501384.081385605","4",CTM002, 
2408,AE134,3010,스마트도시과,CTV001,하길-03039,하길중학교육교옆,"41590259","41590259","4159025926","1555-1",향남2자가망, ,"37.111519","126.908171","191838.099017746","501393.134462552","3",CTM002, 
2409,AE134,3011,스마트도시과,CTV001,하길-03040,센타프라자앞,"41590259","41590259","4159025926","1472",향남2자가망, ,"37.115022","126.90995","191996.587952265","501781.745289961","3",CTM002, 
2410,AE134,3012,스마트도시과,CTV001,하길-03041,한울프라자앞,"41590259","41590259","4159025926","1472-4",향남2자가망, ,"37.115209","126.911616","192144.677091206","501802.359393139","5",CTM002, 
2411,AE134,3013,스마트도시과,CTV001,하길-03042,모아엘가803동맞은편,"41590259","41590259","4159025926","1487-2",향남2자가망, ,"37.113903","126.912804","192250.147951201","501657.36649398","3",CTM002, 
2413,AE134,3015,스마트도시과,CTV001,하길-03044,모아엘가802동건너편,"41590259","41590259","4159025926","1487",향남2자가망, ,"37.113168","126.914975","192443.012860399","501575.576977951","4",CTM002, 
2414,AE134,3016,스마트도시과,CTV001,하길-03045,하길리산20-27지하도옆,"41590259","41590259","4159025926","1552",향남2자가망, ,"37.112952","126.915909","192526.005185243","501551.531419039","3",CTM002, 
2415,AE134,3017,스마트도시과,CTV001,하길-03046,방축공원내원형좌석,"41590259","41590259","4159025926","1507-1",향남2자가망, ,"37.11233","126.916948","192618.290984401","501482.420717801","3",CTM002, 
2416,AE134,3018,스마트도시과,CTV001,하길-03047,부영9단지내어린이집뒤,"41590259","41590259","4159025926","432-2",향남2자가망, ,"37.112272","126.918681","192772.315526873","501475.85057871","3",CTM002, 
2417,AE134,3019,스마트도시과,CTV001,하길-03048,부영904동옆삼거리,"41590259","41590259","4159025926","1554",향남2자가망, ,"37.113005","126.920439","192928.635871991","501557.066397512","5",CTM002, 
2418,AE134,3021,스마트도시과,CTV001,하길-03050,화원초교정문,"41590259","41590259","4159025926",산78-4,향남2자가망, ,"37.111605","126.920007","192890.108914852","501401.726966557","3",CTM002, 
2419,AE134,3030,스마트도시과,CTV001,하길-03059,하길리300-21터널사이,"41590259","41590259","4159025926","1512",향남2자가망, ,"37.110724","126.904177","191483.017112865","501305.256300853","4",CTM002, 
2420,AE134,3032,스마트도시과,CTV001,하길-03061,하길리294-9삼거리,"41590259","41590259","4159025926","1535-6",향남2자가망, ,"37.10785","126.9075","191778.062884138","500986.007684846","4",CTM002, 
2421,AE134,3033,스마트도시과,CTV001,하길-03062,하길리290-1삼거리,"41590259","41590259","4159025926","1530-6",향남2자가망, ,"37.107516","126.908984","191909.933927318","500948.813016807","3",CTM002, 
2422,AE134,3034,스마트도시과,CTV001,하길-03063,부영1112동뒤삼거리,"41590259","41590259","4159025926","405-3",향남2자가망, ,"37.109086","126.915071","192451.140140427","501122.549963446","4",CTM002, 
2423,AE134,3035,스마트도시과,CTV001,하길-03064,화원초교운동장옆길,"41590259","41590259","4159025926","1506",향남2자가망, ,"37.111032","126.91957","192851.213868183","501338.168373001","4",CTM002, 
2424,AE134,3059,스마트도시과,CTV001,하길-03088,하길리1537삼거리,"41590259","41590259","4159025926","1541",향남2자가망, ,"37.106741","126.906602","191698.12236996","500863.00932603","4",CTM002, 
2425,AE134,3060,스마트도시과,CTV001,하길-03089,하길리335-1삼거리,"41590259","41590259","4159025926","1537-9",향남2자가망, ,"37.106439","126.906949","191728.933363678","500829.463185445","4",CTM002, 
2426,AE134,3061,스마트도시과,CTV001,하길-03090,하길리1541-1삼거리,"41590259","41590259","4159025926","1541-1",향남2자가망, ,"37.106177","126.907177","191749.171289473","500800.366678085","4",CTM002, 
2427,AE134,3063,스마트도시과,CTV001,하길-03092,하길리1550-3,"41590259","41590259","4159025926","1550-2",향남2자가망, ,"37.105914","126.908352","191853.586268028","500771.077590639","4",CTM002, 
2428,AE134,3064,스마트도시과,CTV001,하길-03093,하길리334-6삼거리,"41590259","41590259","4159025926","1541-3",향남2자가망, ,"37.106785","126.908876","191900.25637455","500867.696068986","4",CTM002, 
2429,AE134,3065,스마트도시과,CTV001,하길-03094,하길리1174삼거리,"41590259","41590259","4159025926","1549",향남2자가망, ,"37.105296","126.909157","191925.075576891","500702.423413029","4",CTM002, 
2431,AE134,3067,스마트도시과,CTV001,상신-03096,신정공원,"41590259","41590259","4159025924","1255",향남2자가망, ,"37.104933","126.910083","192007.378139983","500662.09643489","4",CTM002, 
2432,AE134,3068,스마트도시과,CTV001,하길-03097,오음공원,"41590259","41590259","4159025926","1525",향남2자가망, ,"37.110419","126.907854","191809.805110752","501271.08401725","4",CTM002, 
2433,AE134,3883,스마트도시과,CTV001,하길-3898,하길리1246-2-검지(20차),"41590259","41590259","4159025926","1246-2",자가망, ,"37.102777","126.913604","192320.109811751","500422.496887786","1",CTM002, 
2434,AE134,3884,스마트도시과,CTV001,하길-3899,하길리1446-회전(20차),"41590259","41590259","4159025926","1446",KT, ,"37.119964","126.916177","192550.485349219","502329.723347632","6",CTM002, 
2435,AE134,3904,스마트도시과,CTV001,하길-03920,향남민들레어린이집(22차),"41590259","41590259","4159025926",산89-4,KT, ,"37.108244","126.922253","193089.422376849","501028.602684205","4",CTM002, 
1755,AE134,638,스마트도시과,CTV001,분천-00647,에스엠테크,"41590253","41590253","4159025327","4-16",KT, ,"37.211451","126.956444","196133.725400926","512480.641640735","1",CTM002, 
1756,AE134,642,스마트도시과,CTV001,분천-00651,인텐진입로삼거리,"41590253","41590253","4159025327","98-6",KT, ,"37.204876","126.963127","196726.699537182","511750.663908161","1",CTM002, 
1757,AE134,643,스마트도시과,CTV001,분천-00652,한우골,"41590253","41590253","4159025327","18-1도",KT, ,"37.210906","126.957609","196237.188946811","512420.054229066","1",CTM002, 
1759,AE134,3609,스마트도시과,CTV001,분천-3623,분천리367-4-검지(20차),"41590253","41590253","4159025327","367-4",KT, ,"37.200699","126.952867","195815.647485592","511287.442617728","3",CTM002, 
1760,AE134,3610,스마트도시과,CTV001,분천-3624,분천리437-3-검지(20차),"41590253","41590253","4159025327","437-3",KT, ,"37.195462","126.950567","195611.139081532","510706.414915874","1",CTM002, 
1761,AE134,3611,스마트도시과,CTV001,분천-3625,분천리30-2-어안(20차),"41590253","41590253","4159025327","30-2",자가망, ,"37.210344","126.95883","196345.535319179","512357.656974139","1",CTM002, 
1762,AE134,3612,스마트도시과,CTV001,분천-3626,분천리292-검지(20차),"41590253","41590253","4159025327","292",KT, ,"37.205737","126.954298","195942.957299507","511846.505008842","4",CTM002, 
1763,AE134,4006,스마트도시과,CTV001,분천-04022,분천리246-1-검지(23차),"41590253","41590253","4159025327","246-1",KT, ,"37.203633","126.956859","196170.255509437","511612.921088473","2",CTM002, 
1764,AE134,4352,스마트도시과,CTV001,분천-04369,분천리437-17(분천-04369),"41590253","41590253","4159025327","437-17",KT, ,"37.193936","126.950112","195570.689018215","510537.034198133","5",CTM002, 
1765,AE134,500,스마트도시과,CTV001,왕림-00506,왕림리공장밀집지역,"41590253","41590253","4159025328","350-2",자가망, ,"37.193919","126.941148","194774.844798081","510535.615144949","3",CTM002, 
1766,AE134,505,스마트도시과,CTV001,왕림-00511,무지개유치원앞,"41590253","41590253","4159025328","535-3",자가망, ,"37.191072","126.94151","194806.745604625","510219.571673561","4",CTM002, 
1767,AE134,511,스마트도시과,CTV001,왕림-00517,리나원룸A동앞,"41590253","41590253","4159025328","99-2",자가망, ,"37.198589","126.939584","194636.253071738","511053.94102183","4",CTM002, 
1768,AE134,522,스마트도시과,CTV001,왕림-00528,섭리유치원앞,"41590253","41590253","4159025328","658-2",자가망, ,"37.195015","126.935697","194290.932941368","510657.554007706","4",CTM002, 
1769,AE134,535,스마트도시과,CTV001,왕림-00541,신협앞대로,"41590253","41590253","4159025328","403-6",자가망, ,"37.193336","126.939133","194595.874571144","510471.014958349","1",CTM002, 
1770,AE134,549,스마트도시과,CTV001,왕림-00555,왕림세탁소앞-검지,"41590253","41590253","4159025328","658",자가망, ,"37.194596","126.937994","194494.812386319","510610.92806028","2",CTM002, 
1771,AE134,561,스마트도시과,CTV001,왕림-00567,왕림성당입구(만리장성뒷길),"41590253","41590253","4159025328","246-1",자가망, ,"37.19407","126.936235","194338.636970103","510552.644391491","1",CTM002, 
1772,AE134,618,스마트도시과,CTV001,왕림-00625,왕림리246-5-고정,"41590253","41590253","4159025328","246-5",자가망, ,"37.19332","126.936074","194324.233203893","510469.451379706","1",CTM002, 
1773,AE134,619,스마트도시과,CTV001,왕림-00626,왕림리452-고정,"41590253","41590253","4159025328","452",KT, ,"37.194113","126.935682","194289.551022128","510557.470842937","1",CTM002, 
1774,AE134,624,스마트도시과,CTV001,왕림-00631,왕림리373-1도-고정,"41590253","41590253","4159025328","373-1",KT, ,"37.189837","126.939099","194592.561946618","510082.682422009","1",CTM002, 
1776,AE134,661,스마트도시과,CTV001,왕림-00670,제우스모텔삼거리,"41590253","41590253","4159025328","498",KT, ,"37.190116","126.93706","194411.57540442","510113.773305189","1",CTM002, 
1777,AE134,662,스마트도시과,CTV001,왕림-00671,천주교성당,"41590253","41590253","4159025328","254-1",KT, ,"37.194896","126.936509","194362.981041878","510644.265356939","1",CTM002, 
1778,AE134,663,스마트도시과,CTV001,왕림-00672,청명엘리베이트,"41590253","41590253","4159025328","204",KT, ,"37.196245","126.937018","194408.280511255","510794.026699337","1",CTM002, 
1779,AE134,664,스마트도시과,CTV001,왕림-00673,화성종합상사,"41590253","41590253","4159025328","615-2",KT, ,"37.187981","126.937899","194485.941241679","509876.73710376","1",CTM002, 
1780,AE134,3632,스마트도시과,CTV001,왕림-3646,왕림리128-4-어안(20차),"41590253","41590253","4159025328","128-4",자가망, ,"37.197181","126.938088","194503.389885012","510897.764933381","1",CTM002, 
1781,AE134,3633,스마트도시과,CTV001,왕림-3647,왕림리414-11-어안(20차),"41590253","41590253","4159025328","414-11",자가망, ,"37.193587","126.938235","194516.198579433","510498.922817699","1",CTM002, 
1782,AE134,3634,스마트도시과,CTV001,왕림-3648,왕림리25-4-검지(20차),"41590253","41590253","4159025328","25-4",자가망, ,"37.198978","126.941626","194817.603282095","511097.065728892","1",CTM002, 
1783,AE134,3635,스마트도시과,CTV001,왕림-3649,왕림리568-검지(20차),"41590253","41590253","4159025328","568",자가망, ,"37.189887","126.944773","195096.359125997","510087.945071183","3",CTM002, 
1784,AE134,3901,스마트도시과,CTV001,왕림-03917,효성금속앞(22차),"41590253","41590253","4159025328",산57-6,KT, ,"37.200547","126.938511","194541.195649597","511271.326034826","4",CTM002, 
1785,AE134,3946,스마트도시과,CTV001,왕림-03962,BIT-왕림4리_세곡리,"41590253","41590253","4159025328","508-3",KT, ,"37.189317","126.938284","194520.204998936","510025.030063455","1",CTM002, 
1786,AE134,3969,스마트도시과,CTV001,왕림-03985,그린골프사우나입구(22.5),"41590253","41590253","4159025328","115-1",KT, ,"37.196724","126.940635","194729.428191509","510846.924004237","4",CTM002, 
1787,AE134,4009,스마트도시과,CTV001,왕림-04025,왕림리48-7-검지(23차),"41590253","41590253","4159025328","48-7",KT, ,"37.203545","126.943655","194998.00215414","511603.831122514","2",CTM002, 
1788,AE134,4010,스마트도시과,CTV001,왕림-04026,왕림리655-검지(23차),"41590253","41590253","4159025328","655",KT, ,"37.199293","126.935546","194277.82284641","511132.352488644","2",CTM002, 
1789,AE134,4115,스마트도시과,CTV001,왕림-04129,왕림리318-7(24차),"41590253","41590253","4159025328","318-7",kt, ,"37.196007","126.946903","195285.93302151","510767.042368766","4",CTM002, 
1790,AE134,4575,스마트도시과,CTV001,왕림-04589,왕림리체육공원,"41590253","41590253","4159025328","158-1",KT, ,"37.19725","126.937","194406.783176005","510905.519609568","1",CTM002, 
1791,AE134,523,스마트도시과,CTV001,세곡-00529,세곡리한신시스템가구삼거리,"41590253","41590253","4159025329","260",자가망, ,"37.186838","126.934432","194177.971383179","509750.081850886","4",CTM002, 
1793,AE134,4011,스마트도시과,CTV001,세곡-04027,세곡리172-검지(23차),"41590253","41590253","4159025329","172",KT, ,"37.187419","126.928198","193624.469608895","509814.989633448","2",CTM002, 
1794,AE134,490,스마트도시과,CTV001,당하-00496,당하리당하교앞,"41590253","41590253","4159025330","142-1",자가망, ,"37.184839","126.940034","194675.24737144","509527.934479374","3",CTM002, 
1795,AE134,496,스마트도시과,CTV001,당하-00502,당하리흰돌산기도원입구삼거리,"41590253","41590253","4159025330","337-1",자가망, ,"37.181867","126.937495","194449.629910698","509198.319714443","4",CTM002, 
1796,AE134,501,스마트도시과,CTV001,당하-00507,당하리버스정류장앞사거리,"41590253","41590253","4159025330","161-14",자가망, ,"37.185742","126.938157","194508.640161987","509628.279721477","1",CTM002, 
547,AE134,2373,스마트도시과,CTV001,송산(동)-02393,현충탑4,"41590570","41590125","4159012500","96-2",자가망, ,"37.206681","127.021478","201906.605710346","511950.54253499","3",CTM001, 
548,AE134,2374,스마트도시과,CTV001,송산(동)-02394,현충탑5,"41590570","41590125","4159012500","96-2",자가망, ,"37.206335","127.021279","201888.949069889","511912.138943776","3",CTM001, 
549,AE134,2375,스마트도시과,CTV001,송산(동)-02395,현충탑6,"41590570","41590125","4159012500","96-2",자가망, ,"37.206064","127.021091","201872.266896132","511882.059222456","3",CTM001, 
550,AE134,3442,스마트도시과,CTV001,송산(동)-03485,송산동119-70-검지1,"41590570","41590125","4159012500","119-70",자가망, ,"37.20959","127.018626","201653.396340637","512273.367582213","2",CTM001, 
551,AE134,3592,스마트도시과,CTV001,송산(동)-3606,송산동200-69-검지(20차),"41590570","41590125","4159012500","200-69",자가망, ,"37.208871","127.007416","200658.273919608","512193.446171347","2",CTM001, 
552,AE134,3593,스마트도시과,CTV001,송산(동)-3607,송산동200-181-검지(20차),"41590570","41590125","4159012500","202-181",자가망, ,"37.209944","127.008962","200795.524004769","512312.507966332","1",CTM001, 
553,AE134,3594,스마트도시과,CTV001,송산(동)-3608,송산동119-78-검지(20차),"41590570","41590125","4159012500","119-78",자가망, ,"37.209787","127.020281","201800.309530045","512295.261119347","3",CTM001, 
554,AE134,3680,스마트도시과,CTV001,송산(동)-3694,송산동165-1-회전(20차),"41590570","41590125","4159012500","165-1",자가망, ,"37.209818","127.011816","201048.873781512","512298.552067512","4",CTM001, 
555,AE134,3681,스마트도시과,CTV001,송산(동)-3695,송산동119-19-검지(20차),"41590570","41590125","4159012500","119-19",자가망, ,"37.214754","127.019706","201749.136359679","512846.496084195","3",CTM001, 
557,AE134,3903,스마트도시과,CTV001,송산(동)-03919,한우리빌라B동(22차),"41590570","41590125","4159012500","97-2",자가망, ,"37.20769","127.018553","201646.948783347","512062.490250207","4",CTM001, 
558,AE134,4119,스마트도시과,CTV001,송산(동)-04133,송산동135-307(24차),"41590570","41590125","4159012500","135-307",kt, ,"37.21132","127.015649","201389.09710003","512465.30683689","3",CTM001, 
559,AE134,4345,스마트도시과,CTV001,송산(동)-04362,화산1지하차도(병점방향)-4,"41590570","41590125","4159012500","194-38",KT, ,"37.214301","127.000418","200037.102199748","512796.006252805","8",CTM001, 
560,AE134,4346,스마트도시과,CTV001,송산(동)-04363,화산2지하차도(수원방향)-2,"41590570","41590125","4159012500","202-216",KT, ,"37.207059","127.008402","200745.843244004","511992.310528607","4",CTM001, 
561,AE134,4385,스마트도시과,CTV001,송산(동)-04402,하늘땅어린이집부근(송산(동)-04402),"41590570","41590125","4159012500","119-172",KT, ,"37.210267","127.018417","201634.8028586","512348.465187096","4",CTM001, 
563,AE134,727,스마트도시과,CTV001,안녕-00736,안녕동196-4,"41590570","41590126","4159012600","196-4",자가망, ,"37.193044","127.003194","200283.600686632","510436.900178779","1",CTM001, 
564,AE134,1568,스마트도시과,CTV001,안녕-01579,세마교삼거리,"41590570","41590126","4159012600","196-5",KT, ,"37.187805","127.006507","200577.771325429","509855.462450843","1",CTM001, 
565,AE134,2095,스마트도시과,CTV001,안녕-02113,GS25안녕원룸점앞,"41590570","41590126","4159012600","188-643",자가망, ,"37.211463","126.981591","198365.924177088","512481.165749951","3",CTM001, 
566,AE134,2096,스마트도시과,CTV001,안녕-02114,남산공단월드마트버스정류장,"41590570","41590126","4159012600","157-64",자가망, ,"37.19777","126.994221","199486.90136759","510961.386511148","3",CTM001, 
567,AE134,2101,스마트도시과,CTV001,화산-02119,경기유치원,"41590570","41590126","4159012600","190-80",자가망, ,"37.200246","127.026831","202381.950271968","511236.475749481","4",CTM001, 
568,AE134,2102,스마트도시과,CTV001,화산-02120,대광빌라버스정류장앞,"41590570","41590126","4159012600","190-98",자가망, ,"37.19818","127.023613","202096.37398649","511007.178781899","3",CTM001, 
569,AE134,2107,스마트도시과,CTV001,안녕-02125,대영빌라앞삼거리-검지,"41590570","41590126","4159012600","180-25",자가망, ,"37.209684","126.98095","198309.00415612","512283.807326712","3",CTM001, 
570,AE134,2112,스마트도시과,CTV001,안녕-02130,안녕4통한마음슈퍼앞,"41590570","41590126","4159012600","188-31",자가망, ,"37.211548","126.980526","198271.36522009","512490.618092614","3",CTM001, 
571,AE134,2113,스마트도시과,CTV001,화산-02131,안녕동다세대주택부근,"41590570","41590126","4159012600","46-12",자가망, ,"37.203889","127.011912","201057.478095074","511640.499287535","3",CTM001, 
572,AE134,2116,스마트도시과,CTV001,안녕-02134,안녕동돌고지고개슈퍼앞,"41590570","41590126","4159012600","196-4",자가망, ,"37.193567","127.004125","200366.2633859","510494.888863972","3",CTM001, 
573,AE134,2117,스마트도시과,CTV001,화산-02135,안녕삼거리버스정류장,"41590570","41590126","4159012600","16-59",자가망, ,"37.205519","127.014801","201313.942934133","511821.468554824","1",CTM001, 
574,AE134,2123,스마트도시과,CTV001,화산-02141,융건릉입구사거리,"41590570","41590126","4159012600","187-31",자가망, ,"37.20736","126.988482","198977.563224355","512025.745044343","1",CTM001, 
576,AE134,2131,스마트도시과,CTV001,화산-02149,청광플러스a입구,"41590570","41590126","4159012600","176-281",자가망, ,"37.198349","126.985614","198722.803088461","511025.781502249","3",CTM001, 
577,AE134,2132,스마트도시과,CTV001,화산-02150,중외제약앞삼거리,"41590570","41590126","4159012600","164-322",자가망, ,"37.195789","126.998321","199850.889076176","510741.484870392","5",CTM001, 
578,AE134,2141,스마트도시과,CTV001,안녕-02159,황구지천뚝방길,"41590570","41590126","4159012600","71-154",KT, ,"37.197549","127.021846","201939.542291982","510937.0564369","3",CTM001, 
579,AE134,2144,스마트도시과,CTV001,안녕-02162,안녕동119-3,"41590570","41590126","4159012600","119-3",자가망, ,"37.193555","127.005117","200454.351131772","510493.552505182","1",CTM001, 
580,AE134,2149,스마트도시과,CTV001,안녕-02167,안녕동22,"41590570","41590126","4159012600","22",자가망, ,"37.205633","127.013288","201179.585441299","511834.144924025","1",CTM001, 
581,AE134,2156,스마트도시과,CTV001,안녕-02174,안녕동119-10,"41590570","41590126","4159012600","119-10",자가망, ,"37.191571","127.005201","200461.785682913","510273.410492049","1",CTM001, 
582,AE134,2157,스마트도시과,CTV001,안녕-02175,안녕동134-19,"41590570","41590126","4159012600","134-19",자가망, ,"37.195739","127.006621","200587.796623187","510735.999406362","1",CTM001, 
583,AE134,2158,스마트도시과,CTV001,안녕-02176,안녕동146-150,"41590570","41590126","4159012600","146-150",KT, ,"37.197763","127.00161","200142.892398146","510960.58411189","1",CTM001, 
584,AE134,2159,스마트도시과,CTV001,안녕-02177,안녕동126-4,"41590570","41590126","4159012600","126-4",자가망, ,"37.194521","127.005747","200510.279520103","510600.796924493","1",CTM001, 
585,AE134,2164,스마트도시과,CTV001,안녕-02182,안녕동180-609,"41590570","41590126","4159012600","180-609",KT, ,"37.205783","126.982207","198420.502539834","511850.857738511","1",CTM001, 
586,AE134,2176,스마트도시과,CTV001,안녕-02194,안녕동114-33,"41590570","41590126","4159012600","114-33",자가망, ,"37.19449","127.001204","200106.852081085","510597.375005497","1",CTM001, 
587,AE134,2177,스마트도시과,CTV001,안녕-02195,안녕동180-334,"41590570","41590126","4159012600","180-334",자가망, ,"37.201195","126.992207","199308.190631206","511341.521651529","1",CTM001, 
588,AE134,2178,스마트도시과,CTV001,안녕-02196,안녕동180-569,"41590570","41590126","4159012600","180-569",자가망, ,"37.200215","126.989197","199040.934047856","511232.774994265","1",CTM001, 
1159,AE134,3392,스마트도시과,CTV001,목-03435,목동산34,"41590610","41590134","4159013400",산34,동탄2자가망, ,"37.187771","127.126756","211254.933396984","509859.245260786","5",CTM001, 
1160,AE134,3393,스마트도시과,CTV001,목-03436,목동산29-5,"41590610","41590134","4159013400",산29-5,동탄2자가망, ,"37.187336","127.128684","211426.193428068","509811.099198868","3",CTM001, 
1161,AE134,3394,스마트도시과,CTV001,목-03437,목동산60,"41590610","41590134","4159013400",산60,동탄2자가망, ,"37.186304","127.120044","210659.214925131","509695.652282008","4",CTM001, 
1162,AE134,3395,스마트도시과,CTV001,목-03438,목동438-2,"41590610","41590134","4159013400","438-2",동탄2자가망, ,"37.185888","127.12266","210891.579515394","509649.788143026","4",CTM001, 
1163,AE134,3396,스마트도시과,CTV001,목-03439,목동223,"41590610","41590134","4159013400","223",동탄2자가망, ,"37.18682","127.123546","210970.09990276","509753.270389769","4",CTM001, 
1164,AE134,3397,스마트도시과,CTV001,목-03440,목동산21-1,"41590610","41590134","4159013400",산21-1,동탄2자가망, ,"37.185079","127.125187","211116.036686959","509560.295404422","4",CTM001, 
1165,AE134,3398,스마트도시과,CTV001,목-03441,목동산12,"41590610","41590134","4159013400",산12,동탄2자가망, ,"37.185011","127.126506","211233.163694213","509552.843117713","3",CTM001, 
1166,AE134,3399,스마트도시과,CTV001,목-03442,목동산97-1,"41590610","41590134","4159013400",산97-1,동탄2자가망, ,"37.183174","127.118407","210514.311630019","509348.021844043","4",CTM001, 
1167,AE134,3400,스마트도시과,CTV001,목-03443,목동391,"41590610","41590134","4159013400","391",동탄2자가망, ,"37.18244","127.120981","210742.957799326","509266.929032408","3",CTM001, 
1168,AE134,3401,스마트도시과,CTV001,목-03444,목동253-2,"41590610","41590134","4159013400","253-2",동탄2자가망, ,"37.181436","127.123184","210938.679757199","509155.740295189","4",CTM001, 
1169,AE134,3402,스마트도시과,CTV001,목-03445,목동340,"41590610","41590134","4159013400","340",동탄2자가망, ,"37.18121","127.124759","211078.557344467","509130.830328147","4",CTM001, 
1171,AE134,3404,스마트도시과,CTV001,목-03447,목동264,"41590610","41590134","4159013400","264",동탄2자가망, ,"37.181649","127.126486","211231.859848445","509179.719850972","4",CTM001, 
1172,AE134,3405,스마트도시과,CTV001,목-03448,목동345-3,"41590610","41590134","4159013400","345-3",동탄2자가망, ,"37.180334","127.123279","210947.290740211","509033.456761861","4",CTM001, 
1173,AE134,3407,스마트도시과,CTV001,목-03450,목동336,"41590610","41590134","4159013400","336",동탄2자가망, ,"37.179671","127.125667","211159.460393942","508960.11033026","4",CTM001, 
1174,AE134,3408,스마트도시과,CTV001,목-03451,목동444-96,"41590610","41590134","4159013400","444-96",동탄2자가망, ,"37.180836","127.126241","211210.296010094","509089.479949571","4",CTM001, 
1175,AE134,3409,스마트도시과,CTV001,목-03452,목동377,"41590610","41590134","4159013400","377",동탄2자가망, ,"37.179572","127.114178","210139.253136374","508947.85163118","5",CTM001, 
1176,AE134,3414,스마트도시과,CTV001,목-03457,목동349-2,"41590610","41590134","4159013400","349-2",동탄2자가망, ,"37.180196","127.121537","210792.645653925","509017.854008803","3",CTM001, 
1177,AE134,4320,스마트도시과,CTV001,목-04338,목동산54,"41590610","41590134","4159013400",산54,동탄3자가망, ,"37.190247","127.124474","211051.99999992","510133.750102178","4",CTM001, 
1178,AE134,4333,스마트도시과,CTV001,목-04351,목동산35[1],"41590610","41590134","4159013400",산 35,동탄3자가망, ,"37.18884","127.125688","211159.999999873","509977.750102175","4",CTM001, 
1179,AE134,4334,스마트도시과,CTV001,목-04352,목동산35[2],"41590610","41590134","4159013400",산 35,동탄3자가망, ,"37.188864","127.124827","211083.499999919","509980.250102178","5",CTM001, 
1180,AE134,4335,스마트도시과,CTV001,목-04353,목동산35[3],"41590610","41590134","4159013400",산 35,동탄3자가망, ,"37.187801","127.124065","211015.999999853","509862.250102176","4",CTM001, 
1181,AE134,4342,스마트도시과,CTV001,목-04359,한율초등학교지상육교(EV)1,"41590610","41590134","4159013400","226",동탄2자가망, ,"37.185903","127.123752","210988.499999935","509651.50010218","2",CTM001, 
1183,AE134,3124,스마트도시과,CTV001,송-03159,워터프론트11,"41590610","41590135","4159013500","254",동탄2자가망, ,"37.171773","127.112039","209950.328435612","508082.117536394","1",CTM001, 
1184,AE134,3125,스마트도시과,CTV001,송-03160,워터프론트12,"41590610","41590135","4159013500","255",동탄2자가망, ,"37.171584","127.112471","209988.668189528","508061.189718157","1",CTM001, 
1185,AE134,3152,스마트도시과,CTV001,송-03187,워터프론트39,"41590610","41590135","4159013500","231-3",동탄2자가망, ,"37.170072","127.107085","209510.506703263","507892.799543183","1",CTM001, 
1186,AE134,3153,스마트도시과,CTV001,송-03188,워터프론트40,"41590610","41590135","4159013500","231-15",동탄2자가망, ,"37.169974","127.108157","209605.797776543","507882.028215171","1",CTM001, 
1188,AE134,3155,스마트도시과,CTV001,송-03190,워터프론트42,"41590610","41590135","4159013500","244-1",동탄2자가망, ,"37.169639","127.110177","209785.220498736","507845.076091319","1",CTM001, 
1189,AE134,3156,스마트도시과,CTV001,송-03191,워터프론트43,"41590610","41590135","4159013500","260-1",동탄2자가망, ,"37.170231","127.111757","209925.449878013","507910.944284008","1",CTM001, 
1190,AE134,3157,스마트도시과,CTV001,송-03192,워터프론트44,"41590610","41590135","4159013500","562-7",동탄2자가망, ,"37.169564","127.107133","209514.886698556","507836.436119241","1",CTM001, 
1191,AE134,3158,스마트도시과,CTV001,송-03193,워터프론트45,"41590610","41590135","4159013500","555-1",동탄2자가망, ,"37.168925","127.107631","209559.196386843","507765.573864455","1",CTM001, 
1192,AE134,3159,스마트도시과,CTV001,송-03194,워터프론트46,"41590610","41590135","4159013500","547",동탄2자가망, ,"37.168668","127.111746","209924.719982046","507737.466752469","1",CTM001, 
1193,AE134,3160,스마트도시과,CTV001,송-03195,워터프론트47,"41590610","41590135","4159013500","527-1",동탄2자가망, ,"37.169596","127.110975","209856.074468354","507840.374315567","1",CTM001, 
1194,AE134,3161,스마트도시과,CTV001,송-03196,워터프론트48,"41590610","41590135","4159013500","257",동탄2자가망, ,"37.170493","127.111855","209934.168135885","507939.993864349","1",CTM001, 
1195,AE134,3162,스마트도시과,CTV001,송-03197,워터프론트49,"41590610","41590135","4159013500","268",동탄2자가망, ,"37.17032","127.113286","210061.268495465","507920.998289835","1",CTM001, 
1196,AE134,3163,스마트도시과,CTV001,송-03198,워터프론트50,"41590610","41590135","4159013500","266-6",동탄2자가망, ,"37.169998","127.114746","210190.944712366","507885.372798035","1",CTM001, 
1197,AE134,3164,스마트도시과,CTV001,송-03199,워터프론트51,"41590610","41590135","4159013500","515-1",동탄2자가망, ,"37.169529","127.114556","210174.108183736","507833.331185825","1",CTM001, 
1198,AE134,3165,스마트도시과,CTV001,송-03200,워터프론트52,"41590610","41590135","4159013500","350",동탄2자가망, ,"37.169205","127.116426","210340.274029437","507797.504661201","1",CTM001, 
1199,AE134,3166,스마트도시과,CTV001,송-03201,워터프론트53,"41590610","41590135","4159013500","530-6",동탄2자가망, ,"37.168589","127.112583","209999.040758684","507728.803801105","1",CTM001, 
1200,AE134,3167,스마트도시과,CTV001,송-03202,워터프론트54,"41590610","41590135","4159013500","524",동탄2자가망, ,"37.168758","127.113525","210082.637550023","507747.578234696","1",CTM001, 
1201,AE134,3168,스마트도시과,CTV001,송-03203,워터프론트55,"41590610","41590135","4159013500","519-2",동탄2자가망, ,"37.168785","127.116475","210344.675145601","507750.922443668","1",CTM001, 
3234,AE134,264,스마트도시과,CTV001,두곡-00265,두곡리390-1,"41590330","41590330","4159033022","390-1",자가망, ,"37.2045","126.778604","180346.016251513","511731.191956748","1",CTM002, 
3235,AE134,265,스마트도시과,CTV001,두곡-00266,두곡리450-1,"41590330","41590330","4159033022","450-1",자가망, ,"37.205346","126.783881","180814.711648781","511824.012021214","1",CTM002, 
3236,AE134,266,스마트도시과,CTV001,두곡-00267,두곡리564,"41590330","41590330","4159033022","564",KT, ,"37.206066","126.781689","180620.281307154","511904.453780269","1",CTM002, 
3237,AE134,267,스마트도시과,CTV001,두곡-00268,두곡리98-102,"41590330","41590330","4159033022","98-102",자가망, ,"37.213714","126.782529","180696.868146254","512753.015436027","1",CTM002, 
3238,AE134,308,스마트도시과,CTV001,두곡-00309,두곡리174-고정,"41590330","41590330","4159033022","174",KT, ,"37.205832","126.784934","180908.293233038","511877.78088034","1",CTM002, 
3239,AE134,309,스마트도시과,CTV001,두곡-00310,두곡리361-4-고정,"41590330","41590330","4159033022","361-4",KT, ,"37.206082","126.776066","180121.152154128","511907.283323096","1",CTM002, 
3240,AE134,310,스마트도시과,CTV001,두곡-00311,두곡리399-2-고정,"41590330","41590330","4159033022","399-2",KT, ,"37.205196","126.779227","180401.546179538","511808.328280589","1",CTM002, 
3241,AE134,317,스마트도시과,CTV001,석교-00318,석교리78-2-고정,"41590330","41590330","4159033021","78-2",자가망, ,"37.202537","126.777982","180290.289170759","511513.508492661","1",CTM002, 
3242,AE134,2203,스마트도시과,CTV001,두곡-02221,성도교회-환경,"41590330","41590330","4159033022","357-2",자가망, ,"37.205633","126.775446","180065.974306489","511857.582829481","1",CTM002, 
3243,AE134,3549,스마트도시과,CTV001,두곡-3563,두곡리402-7-검지(20차),"41590330","41590330","4159033022","402-7",자가망, ,"37.205466","126.779915","180462.717709699","511838.195595091","1",CTM002, 
3244,AE134,3550,스마트도시과,CTV001,두곡-3564,두곡리260-27-검지(20차),"41590330","41590330","4159033022","260-27",자가망, ,"37.208501","126.775374","180060.394782513","512175.993410708","1",CTM002, 
3245,AE134,3981,스마트도시과,CTV001,두곡-03997,두곡리58-2-검지(23차),"41590330","41590330","4159033022","58-2",KT, ,"37.20863","126.787746","181158.65470679","512187.759234476","2",CTM002, 
3246,AE134,154,스마트도시과,CTV001,원천-00155,원천리537-1-고정,"41590262","41590262","4159026235","537-1",KT, ,"37.22502","126.797155","181997.736277429","514004.908605254","1",CTM002, 
3247,AE134,217,스마트도시과,CTV001,송정-00218,송정리마을주택가,"41590330","41590330","4159033023","807",자가망, ,"37.223591","126.789001","181273.787016672","513847.88503191","1",CTM002, 
3248,AE134,243,스마트도시과,CTV001,송정-00244,송정리484-2,"41590330","41590330","4159033023","484-2",자가망, ,"37.220292","126.789411","181309.360709565","513481.674399175","1",CTM002, 
3249,AE134,274,스마트도시과,CTV001,송정-00275,송정리437-1,"41590330","41590330","4159033023","437-1",자가망, ,"37.220445","126.789937","181356.003270241","513498.540059509","1",CTM002, 
3251,AE134,297,스마트도시과,CTV001,송정-00298,송정리340-5,"41590330","41590330","4159033023","340-5",KT, ,"37.217342","126.782127","180662.120582138","513155.695354984","1",CTM002, 
3252,AE134,313,스마트도시과,CTV001,송정-00314,송정리571-고정,"41590330","41590330","4159033023","571",KT, ,"37.213633","126.791705","181511.267325175","512742.229109584","1",CTM002, 
3253,AE134,314,스마트도시과,CTV001,송정-00315,송정리591-고정,"41590330","41590330","4159033023","591",KT, ,"37.213563","126.790457","181400.545845831","512734.660119408","1",CTM002, 
3254,AE134,315,스마트도시과,CTV001,송정-00316,송정리740-2-고정,"41590330","41590330","4159033023","740-2",KT, ,"37.214122","126.792012","181538.671870578","512796.394895239","1",CTM002, 
3255,AE134,316,스마트도시과,CTV001,송정-00317,송정리759-고정,"41590330","41590330","4159033023","759",KT, ,"37.212472","126.790537","181407.379095677","512613.552130499","1",CTM002, 
3256,AE134,3987,스마트도시과,CTV001,송정-04003,송정리산55-검지(23차),"41590330","41590330","4159033023",산55,KT, ,"37.225781","126.789362","181306.289200649","514090.827980543","2",CTM002, 
3257,AE134,4083,스마트도시과,CTV001,송정-04099,송정리1-20(23차),"41590330","41590330","4159033023","1-20",KT, ,"37.231504","126.78795","181182.440962704","514726.26162583","4",CTM002, 
3258,AE134,220,스마트도시과,CTV001,쌍송-00221,장승1리버스정류장삼거리,"41590330","41590330","4159033024","120-4",자가망, ,"37.19236","126.793401","181656.660421497","510380.898112603","1",CTM002, 
3259,AE134,222,스마트도시과,CTV001,쌍송-00223,GS마사지앞,"41590330","41590330","4159033024","187-12",자가망, ,"37.187258","126.790517","181399.364985755","509815.310670788","3",CTM002, 
3260,AE134,233,스마트도시과,CTV001,쌍송-00234,쌍송리굿마트앞삼거리,"41590330","41590330","4159033024","84-2",자가망, ,"37.19269","126.79081","181426.764930142","510418.037516009","3",CTM002, 
3261,AE134,234,스마트도시과,CTV001,쌍송-00235,쌍송리마을주택가,"41590330","41590330","4159033024","446-3",자가망, ,"37.185505","126.78138","180587.605060653","509622.603449443","1",CTM002, 
3262,AE134,238,스마트도시과,CTV001,쌍송-00239,쌍송리484-1,"41590330","41590330","4159033024","484-1",자가망, ,"37.183661","126.78092","180546.2685945","509418.048222566","1",CTM002, 
3263,AE134,245,스마트도시과,CTV001,쌍송-00246,쌍송리252,"41590330","41590330","4159033024","252",자가망, ,"37.19094","126.78518","180926.4290342","510225.004709726","1",CTM002, 
3264,AE134,247,스마트도시과,CTV001,쌍송-00248,쌍송리681,"41590330","41590330","4159033024","681",KT, ,"37.178846","126.784334","180848.269115971","508882.967123082","1",CTM002, 
3265,AE134,251,스마트도시과,CTV001,쌍송-00252,쌍송리693-4(664-3),"41590330","41590330","4159033024","664-3",KT, ,"37.185431","126.794666","181767.381569655","509611.76379524","1",CTM002, 
3266,AE134,285,스마트도시과,CTV001,쌍송-00286,쌍송리218,"41590330","41590330","4159033024","218",자가망, ,"37.187143","126.786768","181066.44219685","509803.312249526","1",CTM002, 
3268,AE134,287,스마트도시과,CTV001,쌍송-00288,쌍송리240-3,"41590330","41590330","4159033024","240-3",자가망, ,"37.189538","126.785675","180970.045339424","510069.275927881","1",CTM002, 
3269,AE134,288,스마트도시과,CTV001,쌍송-00289,쌍송리420-3,"41590330","41590330","4159033024","420-3",자가망, ,"37.186463","126.779917","180457.93559465","509729.1687082","1",CTM002, 
3270,AE134,289,스마트도시과,CTV001,쌍송-00290,쌍송리61-2,"41590330","41590330","4159033024","61-2",자가망, ,"37.193188","126.790191","181371.901733868","510473.461115688","1",CTM002, 
3271,AE134,290,스마트도시과,CTV001,쌍송-00291,쌍송리450,"41590330","41590330","4159033024","450",자가망, ,"37.186135","126.78316","180745.855911528","509692.180791682","1",CTM002, 
3272,AE134,291,스마트도시과,CTV001,쌍송-00292,쌍송리693-4(676-6),"41590330","41590330","4159033024","676-6",KT, ,"37.177646","126.791459","181480.679215866","508748.340992492","1",CTM002, 
3273,AE134,292,스마트도시과,CTV001,쌍송-00293,쌍송리693-4(687),"41590330","41590330","4159033024","687",KT, ,"37.174016","126.788162","181187.02691866","508346.172805254","1",CTM002, 
3274,AE134,293,스마트도시과,CTV001,쌍송-00294,쌍송리92-4(88-1),"41590330","41590330","4159033024","88-1",자가망, ,"37.192428","126.789604","181319.5791872","510389.186380354","1",CTM002, 
3275,AE134,3554,스마트도시과,CTV001,쌍송-3568,쌍송리67-8-어안(20차),"41590330","41590330","4159033024","67-8",KT, ,"37.195099","126.790169","181370.391389039","510685.573316182","1",CTM002, 
3277,AE134,4094,스마트도시과,CTV001,쌍송-04109,쌍송리694(24차),"41590330","41590330","4159033024","694",kt, ,"37.182099","126.786547","181045.620393781","509243.46663646","5",CTM002, 
3278,AE134,221,스마트도시과,CTV001,청원-00222,청원초교,"41590330","41590330","4159033025","213-3",자가망, ,"37.188074","126.760696","178751.721169693","509912.1172935","1",CTM002, 
3279,AE134,228,스마트도시과,CTV001,청원-00229,청원리공장밀집지역,"41590330","41590330","4159033025","12-22",자가망, ,"37.188028","126.77195","179750.95806798","509904.537746807","3",CTM002, 
3280,AE134,235,스마트도시과,CTV001,청원-00236,청원리마을입구,"41590330","41590330","4159033025","838-3",자가망, ,"37.176769","126.77925","180396.27604554","508653.487082602","1",CTM002, 
3281,AE134,236,스마트도시과,CTV001,청원-00237,청원초교후문,"41590330","41590330","4159033025","228-41",자가망, ,"37.188468","126.762","178867.633703184","509955.552429534","1",CTM002, 
3282,AE134,237,스마트도시과,CTV001,청원-00238,청원삼거리,"41590330","41590330","4159033025","76-3",자가망, ,"37.189704","126.762681","178928.426610539","510092.607236165","1",CTM002, 
3283,AE134,246,스마트도시과,CTV001,청원-00247,청원리1140-5,"41590330","41590330","4159033025","1140-5",KT, ,"37.180372","126.755913","178324.800582045","509058.366201232","1",CTM002, 
3284,AE134,248,스마트도시과,CTV001,청원-00249,청원리228-28,"41590330","41590330","4159033025","228-28",자가망, ,"37.188835","126.761544","178827.185047977","509996.406728062","1",CTM002, 
3285,AE134,249,스마트도시과,CTV001,청원-00250,청원리686-1,"41590330","41590330","4159033025","686-1",자가망, ,"37.179594","126.773426","179879.813732496","508968.173583016","1",CTM002, 
3286,AE134,294,스마트도시과,CTV001,청원-00295,청원리351-39,"41590330","41590330","4159033025","351-39",KT, ,"37.1758","126.761219","178794.675361626","508549.826727483","1",CTM002, 
3287,AE134,295,스마트도시과,CTV001,청원-00296,청원리417-3,"41590330","41590330","4159033025","417-3",KT, ,"37.18438","126.763545","179003.69409377","509501.517139235","1",CTM002, 
3288,AE134,296,스마트도시과,CTV001,청원-00297,청원리524-3,"41590330","41590330","4159033025","524-3",자가망, ,"37.181135","126.76675","179287.356350732","509140.666730625","1",CTM002, 
3289,AE134,298,스마트도시과,CTV001,청원-00299,청원리557-6,"41590330","41590330","4159033025","557-6",KT, ,"37.177215","126.764168","179057.000686646","508706.154093321","1",CTM002, 
3291,AE134,302,스마트도시과,CTV001,청원-00303,청원리844,"41590330","41590330","4159033025","844",자가망, ,"37.17719","126.778334","180314.986194443","508700.366772813","1",CTM002, 
3292,AE134,311,스마트도시과,CTV001,청원-00312,청원리608-12-고정,"41590330","41590330","4159033025","608-12",자가망, ,"37.186663","126.771058","179671.433919253","509753.227851089","1",CTM002, 
3293,AE134,2383,스마트도시과,CTV001,청원-02403,청원산단3길140-32공원화장실,"41590330","41590330","4159033025","1437",자가망, ,"37.169859","126.771058","179666.856214081","507888.321680385","5",CTM002, 
3294,AE134,2384,스마트도시과,CTV001,청원-02404,청원산단8길186산책로화장실,"41590330","41590330","4159033025",산157-8,자가망, ,"37.166628","126.761024","178774.812335567","507531.93152387","5",CTM002, 
3295,AE134,2385,스마트도시과,CTV001,청원-02405,청원리574-30샛길,"41590330","41590330","4159033025","574-30",자가망, ,"37.176395","126.768912","179478.060402524","508614.14549935","4",CTM002, 
3296,AE134,2386,스마트도시과,CTV001,청원-02406,청원리1257[2],"41590330","41590330","4159033025","1387",자가망, ,"37.165641","126.77539","180050.500666227","507419.228160407","4",CTM002, 
3297,AE134,2388,스마트도시과,CTV001,청원-02408,청원리1253[2],"41590330","41590330","4159033025","1513",자가망, ,"37.165452","126.769238","179504.049574886","507399.618884563","4",CTM002, 
3298,AE134,2389,스마트도시과,CTV001,청원-02409,청원리1252,"41590330","41590330","4159033025","1488",자가망, ,"37.166038","126.766567","179266.959913098","507465.211048127","5",CTM002, 
3299,AE134,2390,스마트도시과,CTV001,청원-02410,청원리1253,"41590330","41590330","4159033025","1513",자가망, ,"37.165751","126.765987","179215.384734934","507433.511932829","3",CTM002, 
3300,AE134,2391,스마트도시과,CTV001,청원-02411,청원리125,"41590330","41590330","4159033025","1513",자가망, ,"37.166746","126.76126","178795.831069192","507544.983310028","3",CTM002, 
3301,AE134,2392,스마트도시과,CTV001,청원-02412,청원리산157-8,"41590330","41590330","4159033025",산157-8,자가망, ,"37.166622","126.761199","178790.41584515","507531.223000499","4",CTM002, 
3302,AE134,2393,스마트도시과,CTV001,청원-02413,청원리1258,"41590330","41590330","4159033025","1384",자가망, ,"37.167213","126.775657","180074.653759628","507593.689586516","5",CTM002, 
3303,AE134,2394,스마트도시과,CTV001,청원-02414,청원리1250-5[4],"41590330","41590330","4159033025","1498",자가망, ,"37.167411","126.770524","179618.830902548","507616.700181951","5",CTM002, 
3304,AE134,2395,스마트도시과,CTV001,청원-02415,청원리1247-5,"41590330","41590330","4159033025","1325",자가망, ,"37.168944","126.762676","178922.206569973","507788.604005146","4",CTM002, 
3305,AE134,2396,스마트도시과,CTV001,청원-02416,청원리1250-5[3],"41590330","41590330","4159033025","1419",자가망, ,"37.168495","126.771722","179725.472888166","507736.816872394","4",CTM002, 
3306,AE134,2397,스마트도시과,CTV001,청원-02417,청원리산156-9,"41590330","41590330","4159033025","1478",자가망, ,"37.168752","126.762653","178920.151437893","507767.331724571","3",CTM002, 
3308,AE134,2399,스마트도시과,CTV001,청원-02419,청원리1249[7],"41590330","41590330","4159033025","1351",자가망, ,"37.170573","126.771981","179749.060632426","507967.353471388","4",CTM002, 
3309,AE134,2400,스마트도시과,CTV001,청원-02420,청원리1249[6],"41590330","41590330","4159033025","1423",자가망, ,"37.170857","126.770675","179633.165391742","507999.185046051","4",CTM002, 
3310,AE134,2401,스마트도시과,CTV001,청원-02421,청원리1250-5[2],"41590330","41590330","4159033025","1350",자가망, ,"37.171478","126.771305","179689.256656603","508067.947052183","4",CTM002, 
3312,AE134,2403,스마트도시과,CTV001,청원-02423,청원리1249[4],"41590330","41590330","4159033025","1458-1",자가망, ,"37.171568","126.766951","179302.562639825","508078.845796194","5",CTM002, 
3313,AE134,2404,스마트도시과,CTV001,청원-02424,청원리1247-4(산책로),"41590330","41590330","4159033025","1514",자가망, ,"37.170747","126.763631","179007.523220747","507988.491070639","4",CTM002, 
3314,AE134,2405,스마트도시과,CTV001,청원-02425,청원리1259-1[4],"41590330","41590330","4159033025","878-20",자가망, ,"37.172278","126.775972","180103.978584814","508155.717799276","5",CTM002, 
3315,AE134,2406,스마트도시과,CTV001,청원-02426,청원리1259-1[3],"41590330","41590330","4159033025","1354",자가망, ,"37.172306","126.773111","179849.888861525","508159.404745932","5",CTM002, 
3316,AE134,2407,스마트도시과,CTV001,청원-02427,청원리1249[3],"41590330","41590330","4159033025","1310",자가망, ,"37.172394","126.770706","179636.295372085","508169.700940521","5",CTM002, 
3317,AE134,2408,스마트도시과,CTV001,청원-02428,청원리1249[2],"41590330","41590330","4159033025","1311",자가망, ,"37.172426","126.767214","179326.222220396","508174.018935458","5",CTM002, 
3318,AE134,2409,스마트도시과,CTV001,청원-02429,청원리1249[1],"41590330","41590330","4159033025","1316",자가망, ,"37.172685","126.764644","179097.979613464","508203.337722854","4",CTM002, 
3319,AE134,2410,스마트도시과,CTV001,청원-02430,청원리1248,"41590330","41590330","4159033025","1327",자가망, ,"37.172639","126.76275","178929.804764225","508198.650413403","4",CTM002, 
871,AE134,4492,스마트도시과,CTV001,석우-04509,반석산휴게터(석우-04509),"41590585","41590128","4159012800","64",동탄1자가망, ,"37.19825","127.080333","207131.997464749","511017.664683537","4",CTM001, 
2099,AE134,3774,스마트도시과,CTV001,조암-3788,조암리373-19-검지(20차),"41590356","41590256","4159025632","373-19",자가망, ,"37.08714","126.816628","183696.362570978","498699.32926725","1",CTM002, 
1488,AE134,4108,스마트도시과,CTV001,방교-04122,방교동766-2(24차),"41590600","41590138","4159013800","776-2",kt, ,"37.181841","127.09151","208125.976410556","509197.495189828","4",CTM001, 
898,AE134,3209,스마트도시과,CTV001,오산-03244,오산동687-4,"41590600","41590129","4159012900","687-4",동탄2자가망, ,"37.1881","127.087502","207769.463225318","509891.801313473","3",CTM001, 
2169,AE134,1988,스마트도시과,CTV001,발안-02005,발안리60-2-고정,"41590259","41590259","4159025922","60-2",자가망, ,"37.132619","126.902976","191378.721443304","503735.242260512","1",CTM002, 
952,AE134,2436,스마트도시과,CTV001,청계-02464,예솔초등학교앞버스정류장맞은편쪽,"41590588","41590130","4159013000","553",동탄2자가망, ,"37.196262","127.118067","210482.270303132","510800.518038787","4",CTM001, 
2200,AE134,1861,스마트도시과,CTV001,상신-01877,상신리704-2(697-2),"41590259","41590259","4159025924","704-2",KT, ,"37.100203","126.906502","191688.554932736","500137.43326126","1",CTM002, 
1546,AE134,4406,스마트도시과,CTV001,봉담2-012,SA-012,"41590253","41590253","4159025321","194-11",봉담2자가망, ,"37.227841","126.940146","194688.233826827","514300.378123841","3",CTM002, 
366,AE134,429,스마트도시과,CTV001,반월-00432,반월동881,"41590550","41590120","4159012000","881",자가망, ,"37.235204","127.067587","205997.451062773","515118.033677195","1",CTM001, 
973,AE134,2535,스마트도시과,CTV001,청계-02563,동탄중학교앞,"41590588","41590130","4159013000","528",동탄2자가망, ,"37.19834","127.108474","209630.289963198","511030.119449965","3",CTM001, 
2226,AE134,2973,스마트도시과,CTV001,상신-03002,저류조-2,"41590259","41590259","4159025924","1257-1",향남2자가망, ,"37.095733","126.896267","190778.110092267","499642.336443751","1",CTM002, 
1000,AE134,2418,스마트도시과,CTV001,청계-02444,동탄4동주민센터지상육교엘리베이터1,"41590588","41590130","4159013000","530",동탄2자가망, ,"37.209087","127.107058","209503.256585713","512222.717085732","2",CTM001, 
2298,AE134,1846,스마트도시과,CTV001,구문천-01862,구문천리248-33(248-30),"41590259","41590259","4159025925","248-30",KT, ,"37.082677","126.904212","191482.950206242","498192.656718824","1",CTM002, 
1661,AE134,578,스마트도시과,CTV001,동화-00585,임광3단지A버스정류장,"41590253","41590253","4159025324","213-62",자가망, ,"37.21736","126.969403","197284.237472229","513135.937763243","1",CTM002, 
429,AE134,4078,스마트도시과,CTV001,반정-04094,반정동129-8(23차),"41590520","41590121","4159012100","129-8",KT, ,"37.233255","127.044989","203992.253905522","514900.482138641","4",CTM001, 
1670,AE134,602,스마트도시과,CTV001,동화-00609,동화리315-7-고정,"41590253","41590253","4159025324","315-7",KT, ,"37.226678","126.955951","196090.768062723","514170.581145404","1",CTM002, 
471,AE134,6,스마트도시과,CTV001,기배-00006,동그라미어린이집,"41590560","41590124","4159012400","362-5",자가망, ,"37.224936","126.975195","197798.604155142","513976.541095268","1",CTM001, 
2353,AE134,1958,스마트도시과,CTV001,하길-01975,하길리923-1-고정,"41590259","41590259","4159025926","923-1",KT, ,"37.085936","126.922087","193072.645638729","498552.839892055","1",CTM002, 
1727,AE134,494,스마트도시과,CTV001,수기-00500,남산공단입구삼거리,"41590253","41590253","4159025326","11-68",자가망, ,"37.198444","126.982907","198482.513231128","511036.331345159","1",CTM002, 
533,AE134,2138,스마트도시과,CTV001,화산-02156,화산초교정문사거리,"41590570","41590125","4159012500","135-77",자가망, ,"37.209831","127.01327","201177.886813189","512299.945318463","1",CTM001, 
1754,AE134,636,스마트도시과,CTV001,분천-00645,CS디자인,"41590253","41590253","4159025327","277-1",KT, ,"37.20569","126.957454","196223.090528657","511841.236113522","1",CTM002, 
562,AE134,21,스마트도시과,CTV001,기안-00021,안녕동우성공업사앞6거리,"41590560","41590124","4159012400","460-107",자가망, ,"37.213144","126.981898","198393.175039172","512667.70952263","5",CTM001, 
1182,AE134,3123,스마트도시과,CTV001,송-03158,워터프론트10,"41590610","41590135","4159013500","673-10",동탄2자가망, ,"37.172146","127.112282","209971.833923335","508123.494523585","1",CTM001, 
3276,AE134,3555,스마트도시과,CTV001,쌍송-3569,쌍송리12-2-검지(20차),"41590330","41590330","4159033024","12-2",자가망, ,"37.198155","126.789884","181345.831054326","511024.800060057","1",CTM002, 
3311,AE134,2402,스마트도시과,CTV001,청원-02422,청원리1249[5],"41590330","41590330","4159033025","1425",자가망, ,"37.169768","126.770522","179619.240267915","507878.370727147","4",CTM002, 
2593,AE134,2071,스마트도시과,CTV001,행정-02089,죽전공원내,"41590259","41590259","4159025939","525",향남1자가망, ,"37.125177","126.928434","193640.28274108","502907.389299821","5",CTM002, 
4002,AE134,1490,스마트도시과,CTV001,석포-01501,석포리1028-3,"41590370","41590370","4159037022","1028-3",KT, ,"37.116667","126.8386","185655.490413329","501972.666882893","1",CTM002, 
2615,AE134,2093,스마트도시과,CTV001,행정-02111,행정초교앞삼거리,"41590259","41590259","4159025939","582",향남1자가망, ,"37.126084","126.923031","193160.153505879","503008.416102907","5",CTM002, 
2655,AE134,1786,스마트도시과,CTV001,장짐-01801,가람아파트앞,"41590259","41590259","4159025941","400-3",자가망, ,"37.136737","126.90875","191892.251568564","504191.778712737","5",CTM002, 
4054,AE134,1463,스마트도시과,CTV001,독정-01474,독정리75-155,"41590370","41590370","4159037024","75-155",KT, ,"37.077729","126.86857","188313.067936688","497647.306082037","1",CTM002, 
2704,AE134,155,스마트도시과,CTV001,남양-00156,남양리394-고정,"41590262","41590262","4159026221","394",자가망, ,"37.203875","126.800228","182265.494953253","511657.573385106","1",CTM002, 
3487,AE134,920,스마트도시과,CTV001,고정-00930,고정리1158(481),"41590340","41590125","4159034025","1158",자가망, ,"37.242579","126.751226","177926.724095364","515963.355280535","1",CTM002, 
4123,AE134,3434,스마트도시과,CTV001,사랑-03477,장안남산체육공원1-검지1,"41590370","41590370","4159037027",산38-1,자가망, ,"37.078026","126.833853","185226.079597297","497685.102342966","2",CTM002, 
4162,AE134,1381,스마트도시과,CTV001,노진-01392,노진리버스정류장,"41590370","41590370","4159037030",산60-2,자가망, ,"37.053545","126.814777","183524.551215937","494971.304864947","4",CTM002, 
2565,AE134,2043,스마트도시과,CTV001,행정-02061,베라체1303호옆육교아래,"41590259","41590259","4159025939","583",향남1자가망, ,"37.127881","126.926998","193512.859022706","503207.568760758","4",CTM002, 
2566,AE134,2044,스마트도시과,CTV001,행정-02062,방축교앞사거리,"41590259","41590259","4159025939","512-1",향남1자가망, ,"37.123742","126.922678","193128.608150319","502748.493083665","4",CTM002, 
2567,AE134,2045,스마트도시과,CTV001,행정-02063,노블랜드정문입구(둥지나래),"41590259","41590259","4159025939","553-1",향남1자가망, ,"37.129398","126.924879","193324.692767457","503375.994772392","4",CTM002, 
2568,AE134,2046,스마트도시과,CTV001,행정-02064,그집쭈꾸미집앞사거리,"41590259","41590259","4159025939","564",향남1자가망, ,"37.131282","126.918317","192741.773227445","503585.662821506","5",CTM002, 
2569,AE134,2047,스마트도시과,CTV001,행정-02065,농협앞사거리,"41590259","41590259","4159025939","474-3",향남1자가망, ,"37.133194","126.926963","193510.246977509","503797.208470474","4",CTM002, 
2570,AE134,2048,스마트도시과,CTV001,행정-02066,도원공원내농구장,"41590259","41590259","4159025939","478",향남1자가망, ,"37.132395","126.928576","193653.478617489","503708.41517455","5",CTM002, 
2571,AE134,2049,스마트도시과,CTV001,행정-02067,발안도서관후문삼거리,"41590259","41590259","4159025939","569",향남1자가망, ,"37.131734","126.921359","193012.162576305","503635.508736959","4",CTM002, 
2572,AE134,2050,스마트도시과,CTV001,행정-02068,도이초교삼거리,"41590259","41590259","4159025939","477-1",향남1자가망, ,"37.130949","126.927255","193535.957576148","503548.004862","5",CTM002, 
2573,AE134,2051,스마트도시과,CTV001,행정-02069,솔가축약품앞삼거리,"41590259","41590259","4159025939","418-2",향남1자가망, ,"37.130872","126.913407","192305.432876693","503540.514425947","4",CTM002, 
2574,AE134,2052,스마트도시과,CTV001,행정-02070,시립향남어린이집앞코너,"41590259","41590259","4159025939","566",향남1자가망, ,"37.130181","126.918819","192786.269903276","503463.361415745","4",CTM002, 
2575,AE134,2053,스마트도시과,CTV001,행정-02071,보도육교내EV내-1,"41590259","41590259","4159025939","526-1",향남1자가망, ,"37.131221","126.923684","193218.675883593","503578.418414328","1",CTM002, 
2576,AE134,2054,스마트도시과,CTV001,행정-02072,보도육교내EV내-2,"41590259","41590259","4159025939","526-1",향남1자가망, ,"37.131221","126.923684","193218.675883593","503578.418414328","1",CTM002, 
2578,AE134,2056,스마트도시과,CTV001,행정-02074,스카이뷰정문앞먹자골목입구,"41590259","41590259","4159025939","540",향남1자가망, ,"37.127536","126.914521","192404.079366828","503170.139606471","5",CTM002, 
2579,AE134,2057,스마트도시과,CTV001,행정-02075,자원봉사센터앞삼거리,"41590259","41590259","4159025939","551",향남1자가망, ,"37.125551","126.917474","192666.317536036","502949.645273016","5",CTM002, 
2580,AE134,2058,스마트도시과,CTV001,행정-02076,죽전공원아래주택가로타리,"41590259","41590259","4159025939","614-2",향남1자가망, ,"37.12399","126.927152","193526.247963375","502775.69053687","4",CTM002, 
2581,AE134,2059,스마트도시과,CTV001,행정-02077,에일린404동뒤육교아래,"41590259","41590259","4159025939","580",향남1자가망, ,"37.126762","126.920702","192953.277563701","503083.802044977","4",CTM002, 
2582,AE134,2060,스마트도시과,CTV001,행정-02078,용현공원입구,"41590259","41590259","4159025939","527-2",향남1자가망, ,"37.123922","126.913249","192290.661634305","502769.238005599","4",CTM002, 
2583,AE134,2061,스마트도시과,CTV001,행정-02079,용현공원팔각정,"41590259","41590259","4159025939","460",향남1자가망, ,"37.124643","126.91357","192319.256346934","502849.213038226","5",CTM002, 
2584,AE134,2062,스마트도시과,CTV001,행정-02080,제6호어린이공원내,"41590259","41590259","4159025939","483-1",향남1자가망, ,"37.127965","126.92766","193571.701897814","503216.812749272","4",CTM002, 
2585,AE134,2063,스마트도시과,CTV001,행정-02081,우미린사잇길,"41590259","41590259","4159025939","438-1",향남1자가망, ,"37.128227","126.915181","192462.832911782","503246.796392135","5",CTM002, 
2586,AE134,2064,스마트도시과,CTV001,행정-02082,애졍지앞사거리,"41590259","41590259","4159025939","583-1",향남1자가망, ,"37.124253","126.926547","193472.51490244","502804.886402885","4",CTM002, 
2587,AE134,2065,스마트도시과,CTV001,행정-02083,신한은행앞삼거리,"41590259","41590259","4159025939","578",향남1자가망, ,"37.129764","126.922315","193096.920879818","503416.828814793","5",CTM002, 
2588,AE134,2066,스마트도시과,CTV001,행정-02084,아델리움903옆사거리,"41590259","41590259","4159025939","479-2",향남1자가망, ,"37.132254","126.928473","193644.269218571","503692.766464377","4",CTM002, 
2589,AE134,2067,스마트도시과,CTV001,행정-02085,우미린정문앞먹자골목입구,"41590259","41590259","4159025939","439",향남1자가망, ,"37.130327","126.916712","192599.086883623","503479.700835587","5",CTM002, 
2590,AE134,2068,스마트도시과,CTV001,행정-02086,이브자리앞삼거리,"41590259","41590259","4159025939","554",향남1자가망, ,"37.131031","126.915493","192490.817144185","503557.970996194","5",CTM002, 
2591,AE134,2069,스마트도시과,CTV001,행정-02087,주공708동옆삼거리,"41590259","41590259","4159025939","577",향남1자가망, ,"37.13475","126.927541","193561.702122657","503969.820997182","4",CTM002, 
2592,AE134,2070,스마트도시과,CTV001,행정-02088,아우네순대국밥집앞삼거리,"41590259","41590259","4159025939","598",향남1자가망, ,"37.125186","126.926074","193430.526101108","502908.507796671","4",CTM002, 
2594,AE134,2072,스마트도시과,CTV001,행정-02090,죽전(4호)공원팔각정,"41590259","41590259","4159025939","525",향남1자가망, ,"37.125965","126.929779","193759.859170586","502994.75230484","4",CTM002, 
2595,AE134,2073,스마트도시과,CTV001,행정-02091,행단공원휴게공간,"41590259","41590259","4159025939","490",향남1자가망, ,"37.128129","126.925273","193359.585050954","503235.214433458","5",CTM002, 
2597,AE134,2075,스마트도시과,CTV001,행정-02093,한우물마을6단지입구,"41590259","41590259","4159025939","552",향남1자가망, ,"37.125865","126.918791","192783.396943549","502984.392058243","5",CTM002, 
2598,AE134,2076,스마트도시과,CTV001,행정-02094,한우물마을5단지입구,"41590259","41590259","4159025939","548",향남1자가망, ,"37.124917","126.914333","192387.158247221","502879.494190919","5",CTM002, 
2599,AE134,2077,스마트도시과,CTV001,행정-02095,향남요양원앞삼거리,"41590259","41590259","4159025939","614",향남1자가망, ,"37.125113","126.927457","193553.377457127","502900.352538454","5",CTM002, 
2600,AE134,2078,스마트도시과,CTV001,행정-02096,행정초교앞버스정류장,"41590259","41590259","4159025939","582-1",향남1자가망, ,"37.126078","126.92441","193282.759288309","503007.596212074","5",CTM002, 
2601,AE134,2079,스마트도시과,CTV001,행정-02097,행단공원내입구,"41590259","41590259","4159025939","490",향남1자가망, ,"37.128444","126.923625","193213.228835092","503270.280787987","5",CTM002, 
2602,AE134,2080,스마트도시과,CTV001,행정-02098,평원공원광장,"41590259","41590259","4159025939","444",향남1자가망, ,"37.12798","126.917471","192666.249740963","503219.193883892","5",CTM002, 
2603,AE134,2081,스마트도시과,CTV001,행정-02099,한울초교앞대로,"41590259","41590259","4159025939","552",향남1자가망, ,"37.126319","126.91711","192634.018373386","503034.883950405","5",CTM002, 
2604,AE134,2082,스마트도시과,CTV001,행정-02100,한우물510동뒤삼거리,"41590259","41590259","4159025939","551",향남1자가망, ,"37.122943","126.916358","192566.880157471","502660.307325263","4",CTM002, 
2605,AE134,2083,스마트도시과,CTV001,행정-02101,해뜰날빌라앞삼거리,"41590259","41590259","4159025939","453-9",향남1자가망, ,"37.126433","126.913217","192288.07856305","503047.904042666","4",CTM002, 
3320,AE134,2411,스마트도시과,CTV001,청원-02431,청원리1250-5[1],"41590330","41590330","4159033025","1309",자가망, ,"37.173561","126.770516","179619.717265502","508299.345565666","4",CTM002, 
3322,AE134,2413,스마트도시과,CTV001,청원-02433,청원리1259-1[2],"41590330","41590330","4159033025","1293",자가망, ,"37.17437","126.77324","179861.839002559","508388.469654027","5",CTM002, 
3323,AE134,2414,스마트도시과,CTV001,청원-02434,청원리1259-1[1](산책로),"41590330","41590330","4159033025","1277",자가망, ,"37.175278","126.770306","179601.524800254","508489.865224519","3",CTM002, 
3324,AE134,2415,스마트도시과,CTV001,청원-02435,청원리574-15,"41590330","41590330","4159033025","1306",자가망, ,"37.174607","126.767218","179327.171585692","508416.034650071","5",CTM002, 
3325,AE134,2416,스마트도시과,CTV001,청원-02436,청원리1247-2,"41590330","41590330","4159033025","1317",자가망, ,"37.17475","126.762722","178927.924089089","508432.950145571","4",CTM002, 
3326,AE134,3459,스마트도시과,CTV001,청원-03503,청원리132-1-검지,"41590330","41590330","4159033025","132-1",KT, ,"37.19152","126.760539","178738.782579365","510294.638933908","1",CTM002, 
3327,AE134,3557,스마트도시과,CTV001,청원-3571,청원리513-3-어안(20차),"41590330","41590330","4159033025","513-3",자가망, ,"37.182989","126.767108","179319.678973407","509346.358953966","1",CTM002, 
3328,AE134,3558,스마트도시과,CTV001,청원-3572,청원리524-3-어안(20차),"41590330","41590330","4159033025","524-3",KT, ,"37.181605","126.766879","179298.948781486","509192.821938501","1",CTM002, 
3329,AE134,3559,스마트도시과,CTV001,청원-3573,청원리296-검지(20차),"41590330","41590330","4159033025","296",자가망, ,"37.186126","126.759282","178625.593353369","509696.221256096","1",CTM002, 
3330,AE134,3560,스마트도시과,CTV001,청원-3574,청원리977-7-검지(20차),"41590330","41590330","4159033025","977-7",KT, ,"37.170655","126.782736","180704.252408616","507974.211377419","2",CTM002, 
3331,AE134,4084,스마트도시과,CTV001,청원-04100,청원리산96-5(23차),"41590330","41590330","4159033025",산96-5,KT, ,"37.184967","126.765434","179171.53871188","509566.302115007","4",CTM002, 
3332,AE134,232,스마트도시과,CTV001,청원-00233,슬항1리버스정류장,"41590330","41590330","4159033025","111",자가망, ,"37.193527","126.764076","179053.336065316","510516.524815454","3",CTM002, 
3333,AE134,244,스마트도시과,CTV001,슬항-00245,슬항리544,"41590330","41590330","4159033026","544",자가망, ,"37.194059","126.761995","178868.685549079","510576.006822295","1",CTM002, 
3334,AE134,250,스마트도시과,CTV001,슬항-00251,슬항리597-1,"41590330","41590330","4159033026","597-1",자가망, ,"37.194502","126.760042","178695.430584825","510625.697605594","1",CTM002, 
3335,AE134,276,스마트도시과,CTV001,슬항-00277,슬항리212-2,"41590330","41590330","4159033026","212-2",KT, ,"37.209438","126.763373","178995.364470364","512282.487626223","1",CTM002, 
3336,AE134,277,스마트도시과,CTV001,슬항-00278,슬항리214-46,"41590330","41590330","4159033026","214-46",KT, ,"37.209941","126.763077","178969.1491559","512338.399547764","1",CTM002, 
3337,AE134,278,스마트도시과,CTV001,슬항-00279,슬항리270-1,"41590330","41590330","4159033026","270-1",KT, ,"37.20075","126.758837","178590.218458591","511319.37117276","1",CTM002, 
3338,AE134,279,스마트도시과,CTV001,슬항-00280,슬항리275,"41590330","41590330","4159033026","275",KT, ,"37.201441","126.757652","178485.248785236","511396.26121811","1",CTM002, 
3340,AE134,283,스마트도시과,CTV001,슬항-00284,슬항리610,"41590330","41590330","4159033026","610",자가망, ,"37.193671","126.759176","178618.352997884","510533.611348579","1",CTM002, 
3341,AE134,284,스마트도시과,CTV001,슬항-00285,슬항리634(577),"41590330","41590330","4159033026","577",자가망, ,"37.195102","126.757958","178510.591223545","510692.768082715","1",CTM002, 
3342,AE134,3553,스마트도시과,CTV001,슬항-3567,슬항리215-7-검지(20차),"41590330","41590330","4159033026","215-7",KT, ,"37.208109","126.766993","179316.33014173","512134.285210574","3",CTM002, 
3343,AE134,3956,스마트도시과,CTV001,슬항-03972,BIT-외국인보호소,"41590330","41590330","4159033026","220-133",KT, ,"37.207899","126.766581","179279.691064001","512111.035780718","1",CTM002, 
3344,AE134,282,스마트도시과,CTV001,슬항-00283,슬항리341-6,"41590330","41590330","4159033026","341-6",KT, ,"37.199381","126.75352","178117.802937645","511168.596241928","1",CTM002, 
3345,AE134,300,스마트도시과,CTV001,해문-00301,해문리122-1,"41590330","41590330","4159033027","122-1",KT, ,"37.203605","126.737156","176666.280028835","511641.309388358","1",CTM002, 
3346,AE134,301,스마트도시과,CTV001,해문-00302,해문리164-4,"41590330","41590330","4159033027","164-4",KT, ,"37.204575","126.739805","176901.818008448","511748.345774053","1",CTM002, 
3347,AE134,304,스마트도시과,CTV001,해문-00305,해문리171-3,"41590330","41590330","4159033027","171-3",KT, ,"37.204138","126.743011","177186.301208702","511699.070015149","1",CTM002, 
3348,AE134,305,스마트도시과,CTV001,해문-00306,해문리443-5,"41590330","41590330","4159033027","443-5",KT, ,"37.198005","126.746715","177513.280741191","511017.500595525","1",CTM002, 
3349,AE134,306,스마트도시과,CTV001,해문-00307,해문리499-1,"41590330","41590330","4159033027","499-1",KT, ,"37.197588","126.741533","177053.040397312","510972.485729845","1",CTM002, 
3350,AE134,312,스마트도시과,CTV001,해문-00313,해문리249-고정,"41590330","41590330","4159033027","245-3",KT, ,"37.201088","126.743252","177206.769406217","511360.451128571","1",CTM002, 
3351,AE134,3458,스마트도시과,CTV001,해문-03502,해문리363-검지,"41590330","41590330","4159033027","363",KT, ,"37.199094","126.752636","178039.255313845","511136.995561713","1",CTM002, 
3352,AE134,3561,스마트도시과,CTV001,해문-3575,해문리417-검지(20차),"41590330","41590330","4159033027","417",KT, ,"37.198514","126.750278","177829.692709823","511073.195341192","1",CTM002, 
3353,AE134,3562,스마트도시과,CTV001,해문-3576,해문리90-검지(20차),"41590330","41590330","4159033027","90",KT, ,"37.20221","126.734638","176442.384462037","511487.101535895","3",CTM002, 
3354,AE134,3656,스마트도시과,CTV001,해문-3670,해문리249-검지(20차),"41590330","41590330","4159033027","249",KT, ,"37.200749","126.742028","177097.995136428","511323.134556633","2",CTM002, 
3356,AE134,208,스마트도시과,CTV001,백곡-00209,백곡리마을입구,"41590330","41590330","4159033028","518-3",자가망, ,"37.185167","126.729098","175945.119442733","509597.08580862","3",CTM002, 
3357,AE134,227,스마트도시과,CTV001,백곡-00228,마도백곡삼거리,"41590330","41590330","4159033028","502-3",자가망, ,"37.186153","126.726088","175678.193407871","509707.207113053","4",CTM002, 
3358,AE134,240,스마트도시과,CTV001,백곡-00241,백곡리18-2,"41590330","41590330","4159033028","18-2",KT, ,"37.193198","126.735462","176512.743773053","510486.71907453","1",CTM002, 
3359,AE134,268,스마트도시과,CTV001,백곡-00269,백곡리112,"41590330","41590330","4159033028","112",KT, ,"37.192441","126.724613","175549.258020135","510405.493975057","1",CTM002, 
3360,AE134,269,스마트도시과,CTV001,백곡-00270,백곡리산84-2,"41590330","41590330","4159033028",산84-2,자가망, ,"37.18622","126.726617","175725.187293829","509714.562768169","1",CTM002, 
3361,AE134,280,스마트도시과,CTV001,백곡-00281,백곡리293-1,"41590330","41590330","4159033028","293-1",KT, ,"37.184969","126.721777","175294.997050975","509576.953167542","1",CTM002, 
3362,AE134,3108,스마트도시과,CTV001,백곡-03143,백곡고개,"41590330","41590330","4159033028","605-1",자가망, ,"37.186006","126.732773","176271.756259974","509689.198545157","1",CTM002, 
3964,AE134,3846,스마트도시과,CTV001,매곡-3861,매곡리172-9-검지(20차),"41590360","41590360","4159036035","172-9",KT, ,"37.114367","126.879033","189248.70062303","501712.069766914","1",CTM002, 
3965,AE134,1713,스마트도시과,CTV001,해창-01728,해창리39-3대-고정,"41590360","41590360","4159036036","39-3대",자가망, ,"37.109539","126.88145","189462.794184317","501176.058681145","1",CTM002, 
3966,AE134,1714,스마트도시과,CTV001,해창-01729,해창리79-고정,"41590360","41590360","4159036036","79",KT, ,"37.105917","126.881611","189476.665606638","500774.072178311","1",CTM002, 
3967,AE134,1717,스마트도시과,CTV001,해창-01732,해창리244-3전-고정,"41590360","41590360","4159036036","244-3전",자가망, ,"37.105584","126.868506","188311.735645433","500738.592911213","1",CTM002, 
3968,AE134,1773,스마트도시과,CTV001,해창-01788,해창2리마을회관앞-고정,"41590360","41590360","4159036036","181",KT, ,"37.106632","126.872414","188659.211351828","500854.472523037","1",CTM002, 
3969,AE134,2251,스마트도시과,CTV001,해창-02270,해창이레어린이집,"41590360","41590360","4159036036","37-25",자가망, ,"37.110725","126.881023","189425.032300062","501307.694830037","1",CTM002, 
3970,AE134,3113,스마트도시과,CTV001,해창-03148,진고개해창미니스톱,"41590360","41590360","4159036036",산11-2,자가망, ,"37.112551","126.878164","189171.19201617","501510.616815348","1",CTM002, 
3971,AE134,3852,스마트도시과,CTV001,해창-3867,해창리209-3-검지(20차),"41590360","41590360","4159036036","209-3",자가망, ,"37.105761","126.871843","188608.356388755","500757.797587482","1",CTM002, 
3972,AE134,3853,스마트도시과,CTV001,해창-3868,해창리산1-18-검지(20차),"41590360","41590360","4159036036",산1-18,자가망, ,"37.109131","126.881016","189424.215139208","501130.793823805","1",CTM002, 
3973,AE134,3872,스마트도시과,CTV001,상신-3887,상신리1219-1-검지(20차),"41590259","41590259","4159025924","1219-1",자가망, ,"37.10783","126.885458","189818.838648764","500985.957061486","1",CTM002, 
3974,AE134,1375,스마트도시과,CTV001,어은-01386,금의1리버스정류장,"41590370","41590370","4159037021","809-2",자가망, ,"37.100218","126.839091","185696.035289878","500147.123145796","5",CTM002, 
3975,AE134,1391,스마트도시과,CTV001,어은-01402,장안초교후문입구,"41590370","41590370","4159037021","813",자가망, ,"37.085696","126.825137","184452.640300919","498537.683126764","1",CTM002, 
3976,AE134,1399,스마트도시과,CTV001,어은-01410,어은1리버스정류장,"41590370","41590370","4159037021","182-1",자가망, ,"37.095377","126.834209","185261.122061492","499610.650509525","3",CTM002, 
3977,AE134,1400,스마트도시과,CTV001,어은-01411,어은삼거리버스정류장,"41590370","41590370","4159037021","374-4",자가망, ,"37.085951","126.826565","184579.648193005","498565.737974052","5",CTM002, 
3979,AE134,1408,스마트도시과,CTV001,어은-01419,어은교차로,"41590370","41590370","4159037021",산89-1,자가망, ,"37.088059","126.82925","184818.795972612","498799.250185478","4",CTM002, 
3980,AE134,1512,스마트도시과,CTV001,어은-01523,어은리46-9,"41590370","41590370","4159037021","46-9",KT, ,"37.097323","126.836438","185459.64412127","499826.239966323","1",CTM002, 
3981,AE134,1513,스마트도시과,CTV001,어은-01524,어은리49-1,"41590370","41590370","4159037021","49-1",KT, ,"37.096272","126.838373","185631.490300335","499709.283746559","1",CTM002, 
3982,AE134,1514,스마트도시과,CTV001,어은-01525,어은리496-4,"41590370","41590370","4159037021","496-4",KT, ,"37.08939","126.839697","185747.866153078","498945.328978101","1",CTM002, 
3983,AE134,1515,스마트도시과,CTV001,어은-01526,어은리774,"41590370","41590370","4159037021","774",KT, ,"37.084075","126.828985","184794.436704451","498357.19949833","1",CTM002, 
3984,AE134,1516,스마트도시과,CTV001,어은-01527,어은리801-1,"41590370","41590370","4159037021","801-1",KT, ,"37.094722","126.83109","184983.698780306","499538.381923961","1",CTM002, 
3985,AE134,1517,스마트도시과,CTV001,어은-01528,어은리805-46,"41590370","41590370","4159037021","805-46",KT, ,"37.08864","126.838401","185632.547718231","498862.339462566","1",CTM002, 
3986,AE134,1518,스마트도시과,CTV001,어은-01529,어은리83,"41590370","41590370","4159037021","83",KT, ,"37.093796","126.836611","185474.377012362","499434.832943046","1",CTM002, 
3987,AE134,1540,스마트도시과,CTV001,어은-01551,어은리708,"41590370","41590370","4159037021","708",KT, ,"37.082017","126.829532","184842.620811643","498128.634583893","1",CTM002, 
3988,AE134,2223,스마트도시과,CTV001,어은-02241,해원학교,"41590370","41590370","4159037021","301",자가망, ,"37.090419","126.836049","185423.704843207","499060.108083852","3",CTM002, 
3989,AE134,2264,스마트도시과,CTV001,어은-02283,장안초등학교,"41590370","41590370","4159037021","812",자가망, ,"37.086089","126.824769","184420.003927875","498581.392706689","2",CTM002, 
3990,AE134,3793,스마트도시과,CTV001,어은-3807,어은리63-5-검지(20차),"41590370","41590370","4159037021","63-5",자가망, ,"37.09656","126.835856","185407.735847647","499741.600778167","1",CTM002, 
3991,AE134,3942,스마트도시과,CTV001,어은-03958,BIT-어은삼거리,"41590370","41590370","4159037021","375-10",KT, ,"37.086138","126.82693","184612.094213723","498586.420929377","1",CTM002, 
3992,AE134,4051,스마트도시과,CTV001,어은-04067,어은리701-1-검지(23차),"41590370","41590370","4159037021","701-1",KT, ,"37.082088","126.828149","184719.753112286","498136.77984464","2",CTM002, 
3993,AE134,4052,스마트도시과,CTV001,어은-04068,어은리749-검지(23차),"41590370","41590370","4159037021","749",KT, ,"37.084879","126.824","184351.328860812","498447.14422357","2",CTM002, 
3994,AE134,1385,스마트도시과,CTV001,석포-01396,버들저수지낚시터삼거리,"41590370","41590370","4159037022","371-4",자가망, ,"37.128617","126.835617","185392.641278796","503299.333567907","4",CTM002, 
3996,AE134,1394,스마트도시과,CTV001,석포-01405,석포리조복슈퍼삼거리,"41590370","41590370","4159037022","687-76",자가망, ,"37.14595","126.839817","185769.106949119","505222.35464804","4",CTM002, 
3997,AE134,1395,스마트도시과,CTV001,석포-01406,석포초교,"41590370","41590370","4159037022","390-4",자가망, ,"37.130719","126.840564","185832.661231696","503531.90104671","4",CTM002, 
3998,AE134,1409,스마트도시과,CTV001,석포-01420,석포리124-1,"41590370","41590370","4159037022","124-1",KT, ,"37.121233","126.8316","185034.260184711","502480.556042684","1",CTM002, 
3999,AE134,1410,스마트도시과,CTV001,석포-01421,석포리330-6,"41590370","41590370","4159037022","330-6",자가망, ,"37.130772","126.843543","186097.382354997","503537.342507806","1",CTM002, 
4000,AE134,1411,스마트도시과,CTV001,석포-01422,석포리675-9,"41590370","41590370","4159037022","675-9",KT, ,"37.136431","126.841308","185899.832359804","504165.709524494","1",CTM002, 
4001,AE134,1412,스마트도시과,CTV001,석포-01423,석포리740-4,"41590370","41590370","4159037022","740-4",KT, ,"37.140674","126.830947","184980.070595983","504638.188847209","1",CTM002, 
4003,AE134,1491,스마트도시과,CTV001,석포-01502,석포리390-16,"41590370","41590370","4159037022","390-16",자가망, ,"37.1305","126.839733","185758.80785244","503507.720688417","1",CTM002, 
4004,AE134,1492,스마트도시과,CTV001,석포-01503,석포리493-1,"41590370","41590370","4159037022","493-1",KT, ,"37.130733","126.834867","185326.403734324","503534.357338108","1",CTM002, 
4005,AE134,1493,스마트도시과,CTV001,석포-01504,석포리519-7,"41590370","41590370","4159037022","519-1",KT, ,"37.13005","126.8318","185053.767953562","503458.999343323","1",CTM002, 
4006,AE134,1494,스마트도시과,CTV001,석포-01505,석포리590-18,"41590370","41590370","4159037022","590-18",KT, ,"37.1372","126.82005","184011.167917717","504254.423292209","1",CTM002, 
3564,AE134,3696,스마트도시과,CTV001,마산-3710,마산리산2-검지(20차),"41590340","41590125","4159034030",산2,KT, ,"37.241767","126.694608","172902.812165933","515887.90579769","1",CTM002, 
4186,AE134,1077,스마트도시과,CTV001,신왕-01088,양감보건지소,"41590400","41590400","4159040021","678-4",자가망, ,"37.081876","126.944972","195107.126847527","498100.787501289","4",CTM002, 
2831,AE134,4296,스마트도시과,CTV001,남양-4311,남양뉴타운근린공원5호(남양-4311),"41590262","41590262","4159026221","2254",남양뉴타운자가망, ,"37.208433","126.818106","183853.58694445","512160.253681607","4",CTM002, 
3607,AE134,4565,스마트도시과,CTV001,송산(테)-04579,송산테크노파크04,"41590340","41590125","4159034033","583(외곽)",자가망, ,"37.222092","126.700179","173390.250000091","513702.750102159","3",CTM002, 
4262,AE134,1146,스마트도시과,CTV001,송산(양)-01157,송산리759-9,"41590400","41590400","4159040024","759-9",KT, ,"37.104203","126.990248","199133.119262144","500577.264276869","1",CTM002, 
2859,AE134,84,스마트도시과,CTV001,신남-00085,신남리918-1,"41590262","41590262","4159026222","918-1",자가망, ,"37.184794","126.804376","182629.410352213","509539.200992475","1",CTM002, 
3627,AE134,941,스마트도시과,CTV001,칠곡-00951,칠곡리108,"41590340","41590125","4159034035","108",자가망, ,"37.207253","126.711965","174431.246145753","512052.642730305","1",CTM002, 
4309,AE134,1169,스마트도시과,CTV001,요당-01180,요당리385-3(381-1),"41590400","41590400","4159040026","385-3",자가망, ,"37.069396","126.920078","192892.496684657","496717.404554034","1",CTM002, 
4337,AE134,1553,스마트도시과,CTV001,발산-01564,동남아파트앞신리사거리,"41590410","41590410","4159041021","726-9",자가망, ,"37.164317","126.983365","198522.483198088","507248.851759461","1",CTM001, 
3723,AE134,763,스마트도시과,CTV001,제부-00772,제부리148-3,"41590350","41590350","4159035026","148-3",KT, ,"37.168528","126.624813","166677.76256759","507781.977433996","1",CTM002, 
4356,AE134,1563,스마트도시과,CTV001,보통-01574,보통리무우사거리,"41590410","41590410","4159041023","493-1",자가망, ,"37.189057","126.973036","197605.880141981","509994.709367683","4",CTM001, 
2987,AE134,148,스마트도시과,CTV001,원천-00149,원천리182-고정,"41590262","41590262","4159026235","182",자가망, ,"37.227917","126.808709","183023.816259843","514324.301098757","1",CTM002, 
3788,AE134,4576,스마트도시과,CTV001,매화-04590,흔들길2-5사거리,"41590350","41590350","4159035029","514-3",KT, ,"37.160983","126.7065","173930.222904227","506919.083668544","1",CTM002, 
4434,AE134,3820,스마트도시과,CTV001,수면-3834,수면리126-4-검지(20차),"41590410","41590410","4159041035","126-4",자가망, ,"37.155113","127.0243","202158.562450731","506227.543953088","1",CTM001, 
3059,AE134,331,스마트도시과,CTV001,야목-00332,야목리버스정류장,"41590310","41590310","4159031025","179-158",자가망, ,"37.268736","126.866469","188156.175614729","518845.656080039","4",CTM002, 
3805,AE134,4025,스마트도시과,CTV001,용두-04041,용두리453-33-검지(23차),"41590350","41590350","4159035030","453-33",KT, ,"37.15038","126.714194","174610.10675407","505740.173246241","2",CTM002, 
3066,AE134,375,스마트도시과,CTV001,야목-00376,야목리404-1-고정,"41590310","41590310","4159031025","404-1",자가망, ,"37.269246","126.881413","189481.750804006","518900.546801257","1",CTM002, 
4500,AE134,4161,스마트도시과,CTV001,새솔-04175,단독주택ED4_2-1옆,"41590515","41590140","4159014000", ,송산그린자가망, ,"37.286423","126.805617","182762.789000101","520817.977112075","3",CTM002, 
4545,AE134,4208,스마트도시과,CTV001,새솔-04222,어린이공원3호,"41590515","41590140","4159014000", ,송산그린자가망, ,"37.278198","126.820743","184102.335000098","519902.458112193","3",CTM002, 
3941,AE134,3416,스마트도시과,CTV001,덕우-03459,(주)진형삼거리-검지1,"41590360","41590360","4159036030","119-4",자가망, ,"37.139129","126.863229","187847.998811154","504462.113617785","2",CTM002, 
2551,AE134,3862,스마트도시과,CTV001,도이-3877,도이리303-20-회전(20차),"41590259","41590259","4159025938","303-20",자가망, ,"37.135808","126.9394","194615.474373718","504086.488322233","3",CTM002, 
3209,AE134,229,스마트도시과,CTV001,석교-00230,그린벨리세탁소건너편,"41590330","41590330","4159033021","234-12",자가망, ,"37.206337","126.77356","179898.741947455","511936.190091601","3",CTM002, 
1217,AE134,3294,스마트도시과,CTV001,산척-03337,산척동44,"41590610","41590135","4159013500","44",동탄2자가망, ,"37.178766","127.113852","210110.384484565","508858.354951112","4",CTM001, 
1234,AE134,3354,스마트도시과,CTV001,산척-03397,산척동산111,"41590610","41590135","4159013500",산111,동탄2자가망, ,"37.168548","127.114069","210131.018871265","507724.374666837","5",CTM001, 
2447,AE134,124,스마트도시과,CTV001,화현-00125,화리현리341-고정,"41590259","41590259","4159025927","341",자가망, ,"37.113397","126.935817","194295.432029306","501599.524876011","1",CTM002, 
2465,AE134,1928,스마트도시과,CTV001,백토-01944,백토리348,"41590259","41590259","4159025929","348",자가망, ,"37.119129","126.944226","195043.23730444","502235.218042796","1",CTM002, 
1810,AE134,527,스마트도시과,CTV001,유-00533,브레인어린이집앞대로,"41590253","41590253","4159025332","175-2",자가망, ,"37.173462","126.933941","194133.335089711","508265.685198659","1",CTM002, 
1827,AE134,498,스마트도시과,CTV001,덕-00504,돌담어린이집앞,"41590253","41590253","4159025333","5-1",자가망, ,"37.17415","126.938367","194526.450739192","508341.775415948","3",CTM002, 
601,AE134,3439,스마트도시과,CTV001,안녕-03482,안녕동180-423-검지1,"41590570","41590126","4159012600","180-423",자가망, ,"37.20512","126.985357","198700.147136982","511777.151453515","1",CTM001, 
620,AE134,4074,스마트도시과,CTV001,안녕-04090,안녕동222(23차),"41590570","41590126","4159012600","222",KT, ,"37.197109","127.00573","200508.717305808","510888.027574813","4",CTM001, 
1847,AE134,652,스마트도시과,CTV001,하가등-00661,그린환경센터입구,"41590253","41590253","4159025335","158-2",KT, ,"37.150781","126.935942","194309.377572847","505748.398847337","1",CTM002, 
1866,AE134,1300,스마트도시과,CTV001,원안-01311,원안리904-2,"41590356","41590256","4159025621","446",KT, ,"37.1057","126.776841","180163.777832527","500766.646642863","1",CTM002, 
1882,AE134,1291,스마트도시과,CTV001,운평-01302,운평리177-7,"41590356","41590256","4159025623","177-7",자가망, ,"37.080804","126.781931","180609.887014631","498002.713796859","1",CTM002, 
2491,AE134,3419,스마트도시과,CTV001,수직-03462,다육농장-검지1,"41590259","41590259","4159025932","289-1",자가망, ,"37.125327","126.985735","198732.335518325","502921.693255287","2",CTM002, 
2606,AE134,2084,스마트도시과,CTV001,행정-02102,행정리8교앞사거리,"41590259","41590259","4159025939","605-1",향남1자가망, ,"37.124115","126.92495","193330.547277835","502789.759880246","5",CTM002, 
2607,AE134,2085,스마트도시과,CTV001,행정-02103,하나은행앞사거리,"41590259","41590259","4159025939","575",향남1자가망, ,"37.133658","126.921664","193039.404924527","503849.012181702","5",CTM002, 
2608,AE134,2086,스마트도시과,CTV001,행정-02104,하늘채803동앞사거리,"41590259","41590259","4159025939","475-1",향남1자가망, ,"37.133196","126.923559","193207.745114027","503797.635342144","5",CTM002, 
2609,AE134,2087,스마트도시과,CTV001,행정-02105,향남우체국앞삼거리,"41590259","41590259","4159025939","439-2",향남1자가망, ,"37.129871","126.91986","192878.729808242","503428.909727278","5",CTM002, 
2610,AE134,2088,스마트도시과,CTV001,행정-02106,파크드림단지내상가앞도로,"41590259","41590259","4159025939","611",향남1자가망, ,"37.125929","126.927663","193571.787437644","502990.890470727","3",CTM002, 
2611,AE134,2089,스마트도시과,CTV001,행정-02107,현대자동차서비스앞삼거리,"41590259","41590259","4159025939","502-10",향남1자가망, ,"37.123363","126.920223","192910.403719881","502706.61218537","4",CTM002, 
2612,AE134,2090,스마트도시과,CTV001,행정-02108,향일고등학교앞대로,"41590259","41590259","4159025939","439",향남1자가망, ,"37.129815","126.917453","192664.818453078","503422.865945725","5",CTM002, 
2614,AE134,2092,스마트도시과,CTV001,행정-02110,행정죽전로1길18-6,"41590259","41590259","4159025939","499-3",향남1자가망, ,"37.124914","126.920646","192948.138635603","502878.710658943","4",CTM002, 
2616,AE134,2094,스마트도시과,CTV001,행정-02112,지웰1201동뒤사거리,"41590259","41590259","4159025939","496-19",향남1자가망, ,"37.125724","126.920417","192927.863711662","502968.621512285","5",CTM002, 
2617,AE134,2206,스마트도시과,CTV001,행정-02224,깊은샘유치원(어보10),"41590259","41590259","4159025939","528-7",KT, ,"37.130364","126.912915","192261.671431618","503484.15431499","4",CTM002, 
2618,AE134,2227,스마트도시과,CTV001,행정-02246,바다유치원,"41590259","41590259","4159025939","424",KT, ,"37.130002","126.914963","192443.619709175","503443.814510576","4",CTM002, 
2619,AE134,2233,스마트도시과,CTV001,행정-02252,시립향남어린이집,"41590259","41590259","4159025939","564",KT, ,"37.130295","126.918207","192731.873819813","503476.109132167","3",CTM002, 
2620,AE134,2290,스마트도시과,CTV001,행정-02309,댓골어린이공원,"41590259","41590259","4159025939","475-1",향남1자가망, ,"37.132934","126.92356","193207.810552571","503768.55846739","3",CTM002, 
2621,AE134,2303,스마트도시과,CTV001,행정-02322,송곡어린이공원,"41590259","41590259","4159025939","454",KT, ,"37.126495","126.914064","192363.364512045","503054.690424721","3",CTM002, 
2622,AE134,2309,스마트도시과,CTV001,행정-02329,행단3호근린공원,"41590259","41590259","4159025939","490",KT, ,"37.129324","126.923673","193217.538086865","503367.95650802","1",CTM002, 
2623,AE134,2311,스마트도시과,CTV001,행정-02331,행정어린이공원,"41590259","41590259","4159025939","495-14",KT, ,"37.125593","126.922848","193143.873610548","502953.860401988","3",CTM002, 
2624,AE134,2325,스마트도시과,CTV001,행정-02345,작은배틀어린이공원,"41590259","41590259","4159025939","464",KT, ,"37.125405","126.917091","192632.276896623","502933.438544338","3",CTM002, 
2625,AE134,2326,스마트도시과,CTV001,행정-02346,향남1호근린공원,"41590259","41590259","4159025939","458-14",KT, ,"37.125141","126.912842","192254.632045112","502904.534670623","3",CTM002, 
2626,AE134,2331,스마트도시과,CTV001,행정-02351,행정공원,"41590259","41590259","4159025939","495-14",KT, ,"37.125233","126.922678","193128.742927228","502913.964270437","5",CTM002, 
2627,AE134,2332,스마트도시과,CTV001,행정-02352,행정리원마트후문,"41590259","41590259","4159025939","585",향남1자가망, ,"37.125621","126.920823","192963.933338054","502957.160399763","4",CTM002, 
2628,AE134,2336,스마트도시과,CTV001,행정-02356,벌말공원,"41590259","41590259","4159025939","423",KT, ,"37.129733","126.91462","192413.113900082","503413.988221335","1",CTM002, 
2629,AE134,2353,스마트도시과,CTV001,행정-02373,교통어린이공원,"41590259","41590259","4159025939","466",KT, ,"37.125293","126.91828","192737.91823111","502921.005953564","3",CTM002, 
2630,AE134,3885,스마트도시과,CTV001,행정-3900,행정리399-33-검지(20차),"41590259","41590259","4159025939","399-33",KT, ,"37.126053","126.91209","192187.883664173","503005.742397944","3",CTM002, 
2631,AE134,3886,스마트도시과,CTV001,행정-3901,행정리350-1-검지(20차),"41590259","41590259","4159025939","350-1",자가망, ,"37.130227","126.931859","193945.05135121","503467.575788596","1",CTM002, 
2632,AE134,4132,스마트도시과,CTV001,행정-04146,행정리478[1](24차),"41590259","41590259","4159025939","478",향남1자가망, ,"37.133212","126.928654","193660.442079161","503799.069678387","4",CTM002, 
2634,AE134,4135,스마트도시과,CTV001,행정-04149,행정리526-2(24차),"41590259","41590259","4159025939","526-2",kt, ,"37.131867","126.918425","192751.38625646","503650.54691","5",CTM002, 
2635,AE134,4136,스마트도시과,CTV001,행정-04150,행정리583(24차),"41590259","41590259","4159025939","583",향남1자가망, ,"37.128516","126.926854","193500.137527517","503277.983243136","5",CTM002, 
2636,AE134,4270,스마트도시과,CTV001,행정-04285,향남홈플러스사거리(25차),"41590259","41590259","4159025939","553",KT, ,"37.129583","126.9208","192962.256337462","503396.902113037","5",CTM002, 
2637,AE134,4273,스마트도시과,CTV001,행정-04288,도이초등학교정문(어보10),"41590259","41590259","4159025939","576",향남1자가망, ,"37.132517","126.92675","193491.227027398","503722.019228404","5",CTM002, 
2638,AE134,4276,스마트도시과,CTV001,행정-04291,신명스카이뷰공원출입구(어보10),"41590259","41590259","4159025939","444(공)",향남1자가망, ,"37.127575","126.917168","192639.356393333","503174.33693397","6",CTM002, 
2639,AE134,4277,스마트도시과,CTV001,행정-04292,행정초등학교좌측출입구(어보10),"41590259","41590259","4159025939","490(공)",향남1자가망, ,"37.126433","126.922917","193150.06033092","503047.160050688","4",CTM002, 
2640,AE134,4282,스마트도시과,CTV001,행정-04297,홈플러스주차장입구(어보10),"41590259","41590259","4159025939","578",향남1자가망, ,"37.130867","126.922333","193098.625511342","503539.214004086","3",CTM002, 
2641,AE134,4364,스마트도시과,CTV001,행정-04374,행정리332-7(행정-04374),"41590259","41590259","4159025939","332-7",KT, ,"37.126255","126.930393","193814.423412778","503026.855282072","4",CTM002, 
2642,AE134,4460,스마트도시과,CTV001,행정-04477,행정리455-9(행정-04477),"41590259","41590259","4159025939","455-9",KT, ,"37.126417","126.914556","192407.056057424","503045.946442358","5",CTM002, 
2643,AE134,4534,스마트도시과,CTV001,행정-04551,향남중학교앞(행정-04551),"41590259","41590259","4159025939","481",향남1자가망, ,"37.129067","126.927143","193525.897236549","503339.127905377","4",CTM002, 
2644,AE134,4536,스마트도시과,CTV001,행정-04553,행정리살구꽃공원내(행정-04553),"41590259","41590259","4159025939","490",향남1자가망, ,"37.128276","126.923326","193186.594689631","503251.622707939","3",CTM002, 
2645,AE134,1912,스마트도시과,CTV001,방축-01928,방축리222-14,"41590259","41590259","4159025940","222-14",KT, ,"37.121011","126.924668","193305.249038369","502445.29788347","1",CTM002, 
2646,AE134,1913,스마트도시과,CTV001,방축-01929,방축리236-2,"41590259","41590259","4159025940","236-2",KT, ,"37.117784","126.927569","193562.75335944","502086.909636166","1",CTM002, 
2647,AE134,1914,스마트도시과,CTV001,방축-01930,방축리273,"41590259","41590259","4159025940","273",KT, ,"37.119549","126.919518","192847.384324385","502283.431937208","2",CTM002, 
3363,AE134,3551,스마트도시과,CTV001,백곡-3565,백곡리424-어안(20차),"41590330","41590330","4159033028","424",자가망, ,"37.18165","126.72195","175309.278393934","509208.56070835","1",CTM002, 
3364,AE134,3983,스마트도시과,CTV001,백곡-03999,백곡리249-검지(23차),"41590330","41590330","4159033028","249",KT, ,"37.189499","126.725611","175636.886673106","510078.662721834","2",CTM002, 
3365,AE134,3984,스마트도시과,CTV001,백곡-04000,백곡리79-검지(23차),"41590330","41590330","4159033028","79",KT, ,"37.194402","126.733275","176318.953411765","510620.951684475","2",CTM002, 
3366,AE134,4394,스마트도시과,CTV001,백곡-04411,백곡리238-1-검지->백곡리251-9검지,"41590330","41590330","4159033028","238-1",KT, ,"37.190265","126.724936","175577.208742353","510163.892663635","2",CTM002, 
3367,AE134,212,스마트도시과,CTV001,금당-00213,금당1리마을회관앞,"41590330","41590330","4159033029","95-1",자가망, ,"37.191595","126.742445","177132.219092693","510307.163631647","1",CTM002, 
3368,AE134,225,스마트도시과,CTV001,금당-00226,금당리448-3,"41590330","41590330","4159033029","448-3",KT, ,"37.18348","126.749013","177712.994454331","509404.940368949","1",CTM002, 
3369,AE134,256,스마트도시과,CTV001,금당-00257,금당리162-1,"41590330","41590330","4159033029","162-1",KT, ,"37.189556","126.74206","177097.41979008","510080.931966483","1",CTM002, 
3370,AE134,257,스마트도시과,CTV001,금당-00258,금당리286,"41590330","41590330","4159033029","286",KT, ,"37.185162","126.754569","178206.863808402","509590.385859376","1",CTM002, 
3371,AE134,258,스마트도시과,CTV001,금당-00259,금당리199-1,"41590330","41590330","4159033029","199-1",KT, ,"37.189691","126.749002","177713.878395076","510094.27073295","1",CTM002, 
3372,AE134,259,스마트도시과,CTV001,금당-00260,금당리463-3,"41590330","41590330","4159033029","463-3",KT, ,"37.183433","126.747241","177555.649070618","509400.164444121","1",CTM002, 
3373,AE134,260,스마트도시과,CTV001,금당-00261,금당리846-3,"41590330","41590330","4159033029","846-3",KT, ,"37.177614","126.752092","177984.744408826","508753.259963614","1",CTM002, 
3375,AE134,3548,스마트도시과,CTV001,금당-3562,금당리281-1-검지(20차),"41590330","41590330","4159033029","281-1",KT, ,"37.18581","126.75555","178294.139824351","509662.021288325","3",CTM002, 
3376,AE134,3982,스마트도시과,CTV001,금당-03998,금당리126-검지(23차),"41590330","41590330","4159033029","126",KT, ,"37.190133","126.748547","177673.600060277","510143.431651776","2",CTM002, 
3377,AE134,223,스마트도시과,CTV001,고모-00224,고모리122-1,"41590330","41590330","4159033030","122-1",KT, ,"37.177304","126.736217","176574.860315975","508722.637696834","1",CTM002, 
3378,AE134,224,스마트도시과,CTV001,고모-00225,고모리578-8,"41590330","41590330","4159033030","578-8",KT, ,"37.173947","126.748257","177643.089854806","508347.12256894","1",CTM002, 
3379,AE134,252,스마트도시과,CTV001,고모-00253,고모리180,"41590330","41590330","4159033030","180",KT, ,"37.175576","126.736327","176584.0331659","508530.757373482","1",CTM002, 
3380,AE134,253,스마트도시과,CTV001,고모-00254,고모리382-2,"41590330","41590330","4159033030","382-2",KT, ,"37.168066","126.741706","177059.481844183","507696.073758824","1",CTM002, 
3381,AE134,254,스마트도시과,CTV001,고모-00255,고모리350-1,"41590330","41590330","4159033030","350-1",KT, ,"37.172474","126.742441","177126.107673504","508185.06774738","1",CTM002, 
3382,AE134,255,스마트도시과,CTV001,고모-00256,고모리502-2,"41590330","41590330","4159033030","502-2",KT, ,"37.172292","126.741706","177060.759322393","508165.09116272","1",CTM002, 
3383,AE134,3623,스마트도시과,CTV001,고모-3637,고모리110-1-검지(20차),"41590330","41590330","4159033030","110-1",KT, ,"37.17855","126.7364","176591.478226555","508860.853053069","1",CTM002, 
3384,AE134,3676,스마트도시과,CTV001,고모-3690,고모리20-1-검지(20차),"41590330","41590330","4159033030","20-1",KT, ,"37.176387","126.740655","176968.635571615","508619.780809833","2",CTM002, 
3385,AE134,886,스마트도시과,CTV001,사강-00896,"3-1운동기념공원","41590340","41590125","4159034021","562-2",자가망, ,"37.217335","126.731212","176142.939101117","513166.582490159","5",CTM002, 
3386,AE134,888,스마트도시과,CTV001,사강-00898,송산농협앞삼거리,"41590340","41590125","4159034021","681-10",자가망, ,"37.214633","126.735216","176497.49675061","512865.752561767","1",CTM002, 
3387,AE134,896,스마트도시과,CTV001,사강-00906,보건지소옆삼거리,"41590340","41590125","4159034021","710-20",자가망, ,"37.21329","126.732041","176215.249708845","512717.480650533","1",CTM002, 
3388,AE134,897,스마트도시과,CTV001,사강-00907,사강3리입구인근,"41590340","41590125","4159034021","289-3",자가망, ,"37.2189","126.727833","175843.59005706","513341.114495198","3",CTM002, 
3390,AE134,899,스마트도시과,CTV001,사강-00909,송산도서관앞삼거리,"41590340","41590125","4159034021",산129-1,자가망, ,"37.216831","126.738034","176748.360432697","513108.976576541","3",CTM002, 
3391,AE134,901,스마트도시과,CTV001,사강-00911,송산초교정문우측길,"41590340","41590125","4159034021","701",KT, ,"37.213977","126.733003","176300.854317234","512793.490840147","1",CTM002, 
3392,AE134,906,스마트도시과,CTV001,사강-00916,사강시장입구,"41590340","41590125","4159034021","660-29",자가망, ,"37.213879","126.736674","176626.704323317","512781.655864708","1",CTM002, 
3394,AE134,909,스마트도시과,CTV001,사강-00919,송산가축병원앞삼거리,"41590340","41590125","4159034021","629",자가망, ,"37.214565","126.736768","176635.244530693","512857.810749399","1",CTM002, 
3395,AE134,911,스마트도시과,CTV001,사강-00921,송산중학교정문,"41590340","41590125","4159034021","800-17",자가망, ,"37.214994","126.731236","176144.380192743","512906.797345339","2",CTM002, 
3396,AE134,915,스마트도시과,CTV001,사강-00925,장터대로이레꽃화원앞,"41590340","41590125","4159034021","648-1",자가망, ,"37.213198","126.737799","176726.370075742","512705.77793287","1",CTM002, 
3397,AE134,917,스마트도시과,CTV001,사강-00927,사강리원룸단지앞,"41590340","41590125","4159034021","506",자가망, ,"37.214797","126.728694","175918.656606796","512885.503882325","3",CTM002, 
3398,AE134,918,스마트도시과,CTV001,사강-00928,(주)두영_금화피엘,"41590340","41590125","4159034021","386-8",자가망, ,"37.218108","126.714929","174698.004336925","513256.541062727","3",CTM002, 
3399,AE134,949,스마트도시과,CTV001,사강-00959,사강리521-1,"41590340","41590125","4159034021","521-1",자가망, ,"37.213278","126.730974","176120.536138109","512716.418392677","1",CTM002, 
3400,AE134,950,스마트도시과,CTV001,사강-00960,사강리641-9,"41590340","41590125","4159034021","641-9",자가망, ,"37.213202","126.73861","176798.349959803","512706.032944301","1",CTM002, 
3401,AE134,951,스마트도시과,CTV001,사강-00961,사강리800-17(531-1),"41590340","41590125","4159034021","531-1",자가망, ,"37.214461","126.729711","176008.82890935","512847.939218373","1",CTM002, 
3402,AE134,1021,스마트도시과,CTV001,사강-01031,사강리116-1,"41590340","41590125","4159034021","116-1",자가망, ,"37.224539","126.715838","174780.834605444","513970.024924087","1",CTM002, 
3403,AE134,1022,스마트도시과,CTV001,사강-01032,사강리121-26,"41590340","41590125","4159034021","121-26",자가망, ,"37.222865","126.718283","174997.230265091","513783.592614911","1",CTM002, 
3404,AE134,1023,스마트도시과,CTV001,사강-01033,사강리244-3,"41590340","41590125","4159034021","244-3",자가망, ,"37.220468","126.722493","175370.139238322","513516.531813067","1",CTM002, 
3405,AE134,1024,스마트도시과,CTV001,사강-01034,사강리330-1,"41590340","41590125","4159034021","330-1",KT, ,"37.215938","126.723968","175499.524740744","513013.418386709","1",CTM002, 
4007,AE134,1495,스마트도시과,CTV001,석포-01506,석포리590-9,"41590370","41590370","4159037022","590-9",KT, ,"37.13645","126.822283","184209.447301909","504170.814100246","1",CTM002, 
4008,AE134,1496,스마트도시과,CTV001,석포-01507,석포리810,"41590370","41590370","4159037022","633",KT, ,"37.13885","126.833233","185182.849926929","504435.401182146","1",CTM002, 
4009,AE134,1497,스마트도시과,CTV001,석포-01508,석포리816,"41590370","41590370","4159037022","687-6",KT, ,"37.146625","126.839841","185771.395202943","505297.262839321","1",CTM002, 
4011,AE134,1499,스마트도시과,CTV001,석포-01510,석포리산12-14,"41590370","41590370","4159037022",산12-14,자가망, ,"37.1419","126.83975","185762.425116965","504772.893784453","1",CTM002, 
4012,AE134,1500,스마트도시과,CTV001,석포-01511,석포리산127,"41590370","41590370","4159037022",산127,KT, ,"37.13395","126.8336","185214.474668279","503891.540385844","1",CTM002, 
4013,AE134,1501,스마트도시과,CTV001,석포-01512,석포리산50-2,"41590370","41590370","4159037022",산50-2,자가망, ,"37.14285","126.8316","185038.516591904","504879.579111533","1",CTM002, 
4014,AE134,1542,스마트도시과,CTV001,석포-01553,석포리산334-2-고정,"41590370","41590370","4159037022",산334-2,KT, ,"37.125944","126.834847","185323.731395224","503002.83932498","1",CTM002, 
4015,AE134,1544,스마트도시과,CTV001,석포-01555,석포리686-44-고정,"41590370","41590370","4159037022","686-44",KT, ,"37.144117","126.839967","185782.089992511","505018.86794648","1",CTM002, 
4016,AE134,3789,스마트도시과,CTV001,석포-3803,석포리879-1-검지(20차),"41590370","41590370","4159037022","879-1",자가망, ,"37.1384","126.81695","183735.98480805","504388.126521562","1",CTM002, 
4017,AE134,3790,스마트도시과,CTV001,석포-3804,석포리138-2-검지(20차),"41590370","41590370","4159037022","138-2",자가망, ,"37.122617","126.83165","185038.975936631","502634.070578552","1",CTM002, 
4018,AE134,3791,스마트도시과,CTV001,석포-3805,석포리363-2-검지(20차),"41590370","41590370","4159037022","363-2",자가망, ,"37.128683","126.839317","185721.441798014","503306.169269177","1",CTM002, 
4019,AE134,4050,스마트도시과,CTV001,석포-04066,석포리687-115-검지(23차),"41590370","41590370","4159037022","687-115",KT, ,"37.143979","126.841684","185934.638389508","505003.333694524","3",CTM002, 
4020,AE134,4054,스마트도시과,CTV001,석포-04070,석포리422-1-검지(23차),"41590370","41590370","4159037022","421",KT, ,"37.129317","126.838817","185677.130381024","503376.532046784","2",CTM002, 
4021,AE134,1379,스마트도시과,CTV001,수촌-01390,금의공단사거리,"41590370","41590370","4159037023","1472-2",자가망, ,"37.106712","126.84167","185926.496434385","500867.440043488","5",CTM002, 
4022,AE134,1388,스마트도시과,CTV001,수촌-01399,대영포장앞삼거리,"41590370","41590370","4159037023","1074-1",자가망, ,"37.090562","126.862105","187740.304591577","499072.28700752","4",CTM002, 
4023,AE134,1396,스마트도시과,CTV001,수촌-01407,수촌리버스정류장,"41590370","41590370","4159037023",산8-13,자가망, ,"37.103251","126.865522","188046.072392228","500480.048790494","3",CTM002, 
4024,AE134,1413,스마트도시과,CTV001,수촌-01424,수촌리676,"41590370","41590370","4159037023","676",KT, ,"37.104702","126.853529","186980.283703851","500642.723606067","1",CTM002, 
4025,AE134,1423,스마트도시과,CTV001,수촌-01434,수촌리73-2,"41590370","41590370","4159037023","73-2",KT, ,"37.092405","126.862101","187740.241412415","499276.825978671","1",CTM002, 
4026,AE134,1502,스마트도시과,CTV001,수촌-01513,수촌리1087,"41590370","41590370","4159037023","1087",KT, ,"37.105411","126.849969","186663.978855722","500721.83556772","1",CTM002, 
4028,AE134,1504,스마트도시과,CTV001,수촌-01515,수촌리119-5,"41590370","41590370","4159037023","119-5",KT, ,"37.088891","126.862045","187734.665355587","498886.826007989","1",CTM002, 
4029,AE134,1505,스마트도시과,CTV001,수촌-01516,수촌리1476-6,"41590370","41590370","4159037023","1476-6",KT, ,"37.109537","126.849291","186604.394479484","501179.811364013","1",CTM002, 
4030,AE134,1506,스마트도시과,CTV001,수촌-01517,수촌리288-15,"41590370","41590370","4159037023","288-15",KT, ,"37.093423","126.86164","187699.461267577","499389.870383564","1",CTM002, 
4031,AE134,1507,스마트도시과,CTV001,수촌-01518,수촌리30-16,"41590370","41590370","4159037023","30-16",KT, ,"37.092689","126.866201","188104.767844435","499307.831826435","1",CTM002, 
4032,AE134,1508,스마트도시과,CTV001,수촌-01519,수촌리557-2,"41590370","41590370","4159037023","557-2",KT, ,"37.101811","126.857567","187338.72955951","500321.257775371","1",CTM002, 
4033,AE134,1509,스마트도시과,CTV001,수촌-01520,수촌리959-1,"41590370","41590370","4159037023","959-1",KT, ,"37.100398","126.852731","186908.564613876","500165.077003779","1",CTM002, 
4034,AE134,1510,스마트도시과,CTV001,수촌-01521,수촌리산30-2,"41590370","41590370","4159037023",산30-2,KT, ,"37.095877","126.874487","188841.874268414","499660.605756092","1",CTM002, 
4035,AE134,1511,스마트도시과,CTV001,수촌-01522,수촌리산47-8,"41590370","41590370","4159037023",산47-8,KT, ,"37.094172","126.86932","188382.330660102","499471.982837009","1",CTM002, 
4036,AE134,3112,스마트도시과,CTV001,수촌-03147,장안저류지,"41590370","41590370","4159037023","1475-5",KT, ,"37.10468","126.848152","186502.313434599","500640.966119352","2",CTM002, 
4037,AE134,3792,스마트도시과,CTV001,수촌-3806,수촌리21-검지(20차),"41590370","41590370","4159037023","21",자가망, ,"37.094179","126.866727","188151.74702446","499473.068937886","1",CTM002, 
4038,AE134,1377,스마트도시과,CTV001,독정-01388,독정3리마을입구,"41590370","41590370","4159037024","666-2",자가망, ,"37.079727","126.858964","187459.301451773","497870.291326232","3",CTM002, 
4039,AE134,1378,스마트도시과,CTV001,독정-01389,독정4리공장밀집지역,"41590370","41590370","4159037024",산143-2,자가망, ,"37.083923","126.860779","187621.335537119","498335.666913699","3",CTM002, 
4040,AE134,1384,스마트도시과,CTV001,독정-01395,독정2리버스정류장,"41590370","41590370","4159037024",산32-3,자가망, ,"37.070442","126.849516","186617.565636398","496841.082960199","4",CTM002, 
4041,AE134,1390,스마트도시과,CTV001,독정-01401,독정1리정류장옆,"41590370","41590370","4159037024","973-2",자가망, ,"37.066883","126.846004","186304.569487643","496446.608852648","3",CTM002, 
4042,AE134,1404,스마트도시과,CTV001,독정-01415,풍무교차로,"41590370","41590370","4159037024","1377-1",자가망, ,"37.075395","126.880815","189401.625668643","497386.813929252","4",CTM002, 
4043,AE134,1450,스마트도시과,CTV001,독정-01461,독정리1119,"41590370","41590370","4159037024","1119",KT, ,"37.078605","126.863745","187884.198846907","497745.141376761","1",CTM002, 
4045,AE134,1452,스마트도시과,CTV001,독정-01463,독정리13-4,"41590370","41590370","4159037024","13-4",KT, ,"37.063723","126.86993","188431.891171024","496092.702772255","1",CTM002, 
4046,AE134,1453,스마트도시과,CTV001,독정-01464,독정리154,"41590370","41590370","4159037024","154",KT, ,"37.079279","126.861831","187714.150102387","497820.098263808","1",CTM002, 
4047,AE134,1454,스마트도시과,CTV001,독정-01465,독정리1893-2,"41590370","41590370","4159037024","1893-2",KT, ,"37.063928","126.865691","188054.944393889","496116.010943901","1",CTM002, 
4048,AE134,1455,스마트도시과,CTV001,독정-01466,독정리499-2,"41590370","41590370","4159037024","499-2",KT, ,"37.072681","126.852609","186892.938924847","497089.089849959","1",CTM002, 
4049,AE134,1457,스마트도시과,CTV001,독정-01468,독정리1131,"41590370","41590370","4159037024","1131",KT, ,"37.073242","126.851704","186812.548397107","497151.552017791","1",CTM002, 
2509,AE134,2021,스마트도시과,CTV001,증거-02039,증거리84-1-고정,"41590259","41590259","4159025934","84-1",자가망, ,"37.139772","126.972973","197598.701058404","504525.103395022","1",CTM002, 
2,AE134,1028,스마트도시과,CTV001,진안-01038,진안동35-15-검지,"41590520","41590116","4159011600","35-15",자가망, ,"37.22537","127.035007","203106.800244433","514025.049719984","2",CTM001, 
19,AE134,1629,스마트도시과,CTV001,진안-01641,병점초교뒷길,"41590520","41590116","4159011600","517-2",자가망, ,"37.210676","127.035485","203149.870072476","512394.343135357","1",CTM001, 
36,AE134,1651,스마트도시과,CTV001,진안-01663,진안동LG자이골목사거리,"41590520","41590116","4159011600","889",자가망, ,"37.217722","127.036444","203234.659864504","513176.330066418","1",CTM001, 
631,AE134,2357,스마트도시과,CTV001,반송-02377,동탄4호어린이공원,"41590586","41590127","4159012700","175-2",KT, ,"37.188089","127.070173","206230.797314924","509889.267539864","3",CTM001, 
648,AE134,2826,스마트도시과,CTV001,반송-02854,반송동196-15주택가,"41590586","41590127","4159012700","302-3",동탄1자가망, ,"37.189223","127.076687","206809.086333316","510015.568274641","2",CTM001, 
666,AE134,2845,스마트도시과,CTV001,반송-02873,반송동145-5주택가,"41590585","41590127","4159012700","146-4",동탄1자가망, ,"37.194411","127.066377","205893.251704017","510590.64823867","1",CTM001, 
1883,AE134,1292,스마트도시과,CTV001,운평-01303,운평리259-2,"41590356","41590256","4159025623","259-2",자가망, ,"37.083352","126.778917","180342.52960108","498286.119724606","1",CTM002, 
1899,AE134,1347,스마트도시과,CTV001,한각-01358,한각리716-14,"41590356","41590256","4159025624","716-14",KT, ,"37.096457","126.798495","182086.374978375","499736.579960279","1",CTM002, 
1916,AE134,4043,스마트도시과,CTV001,멱우-04059,멱우리250-8-검지(23차),"41590356","41590256","4159025625","250-8",KT, ,"37.105336","126.809045","183026.279531073","500720.010157007","2",CTM002, 
1244,AE134,4218,스마트도시과,CTV001,산척-04232,산척동산32-2,"41590610","41590135","4159013500",산32-2,동탄3자가망, ,"37.173702","127.12195","210830.24999993","508297.250102195","5",CTM001, 
1262,AE134,4237,스마트도시과,CTV001,산척-04251,산척동산37-1[2],"41590610","41590135","4159013500",산37-1,동탄3자가망, ,"37.168512","127.122415","210872.249999877","507721.250102199","4",CTM001, 
1279,AE134,4262,스마트도시과,CTV001,산척-04276,산척동674-86[2],"41590620","41590135","4159013500","674-86",동탄3자가망, ,"37.162783","127.12233","210865.499999846","507085.500102197","4",CTM001, 
46,AE134,1667,스마트도시과,CTV001,진안-01680,진안동897-8(진안-01680),"41590520","41590116","4159011600","879-8",자가망, ,"37.211648","127.039178","203477.59208467","512502.268723559","5",CTM001, 
63,AE134,2338,스마트도시과,CTV001,진안-02358,산수유어린이공원,"41590520","41590116","4159011600","912-1",KT, ,"37.217255","127.04269","203789.096446619","513124.744270041","2",CTM001, 
80,AE134,3428,스마트도시과,CTV001,진안-03471,진안동861-8-검지1,"41590520","41590116","4159011600","861-8",자가망, ,"37.215257","127.037949","203368.366854754","512902.812608744","2",CTM001, 
675,AE134,2856,스마트도시과,CTV001,반송-02885,반송동122-1주택가,"41590585","41590127","4159012700","313",동탄1자가망, ,"37.197269","127.077919","206917.777852603","510908.568624326","1",CTM001, 
693,AE134,3578,스마트도시과,CTV001,반송-3592,반송동200-7-회전(20차),"41590585","41590127","4159012700","200-7",동탄1자가망, ,"37.19085","127.075717","206722.785584409","510196.065480449","3",CTM001, 
1929,AE134,3891,스마트도시과,CTV001,화수-3906,화수리396-검지(20차),"41590356","41590256","4159025626","396",자가망, ,"37.101009","126.784415","180835.819887722","500244.540859599","2",CTM002, 
1946,AE134,1367,스마트도시과,CTV001,주곡-01378,주곡리520-40-고정,"41590356","41590256","4159025627","520-40",자가망, ,"37.11459","126.797761","182025.372659596","501749.115618226","1",CTM002, 
1964,AE134,1309,스마트도시과,CTV001,이화-01320,이화리603-1,"41590356","41590256","4159025628","603-1",KT, ,"37.039569","126.790919","181398.951929142","493424.733002737","1",CTM002, 
1286,AE134,4374,스마트도시과,CTV001,산척-04391,산척동776[6],"41590610","41590135","4159013500","776",동탄2자가망, ,"37.16823","127.120033","210660.74999987","507689.750102188","1",CTM001, 
1303,AE134,193,스마트도시과,CTV001,장지-00194,장지리782-9,"41590620","41590136","4159013600","782-9",KT, ,"37.153182","127.122755","210904.706473683","506019.982537712","1",CTM001, 
1320,AE134,3322,스마트도시과,CTV001,장지-03365,장지동산120-42,"41590620","41590136","4159013600",산120-42,동탄2자가망, ,"37.161861","127.098469","208746.313130437","506980.715827005","3",CTM001, 
86,AE134,3830,스마트도시과,CTV001,진안-3844,진안동692-418-검지(20차),"41590520","41590116","4159011600","692-418",KT, ,"37.220833","127.028075","202491.783697839","513521.352468651","3",CTM001, 
103,AE134,4561,스마트도시과,CTV001,진안-04575,진안동814-5소공원,"41590520","41590116","4159011600","814-5",KT, ,"37.207833","127.028067","202491.444898982","512078.583168916","5",CTM001, 
120,AE134,464,스마트도시과,CTV001,병점-00468,병점동359,"41590530","41590117","4159011700","359",KT, ,"37.205865","127.039329","203491.288528028","511860.501186468","1",CTM001, 
718,AE134,2735,스마트도시과,CTV001,반송-02763,하나로오피스텔앞대로,"41590585","41590127","4159012700","233-1",동탄1자가망, ,"37.207485","127.064556","205730.586628447","512041.452306406","1",CTM001, 
736,AE134,2783,스마트도시과,CTV001,반송-02811,반송동78-1금곡초교사거리,"41590586","41590127","4159012700","261",동탄1자가망, ,"37.198016","127.065735","205835.947880321","510990.707334477","3",CTM001, 
1971,AE134,1374,스마트도시과,CTV001,이화-01385,마을회관입구,"41590356","41590256","4159025628","716-5",자가망, ,"37.03974","126.79833","182058.3433503","493442.197897037","1",CTM002, 
1988,AE134,1284,스마트도시과,CTV001,석천-01295,석천리277,"41590356","41590256","4159025629","277",KT, ,"37.048008","126.782132","180619.373437948","494362.992182534","1",CTM002, 
2004,AE134,1239,스마트도시과,CTV001,매향-01250,매향리612-15,"41590356","41590256","4159025630","612-15",자가망, ,"37.043129","126.770805","179610.474337959","493823.895270219","1",CTM002, 
1342,AE134,3344,스마트도시과,CTV001,장지-03387,서연고옆대로2,"41590620","41590136","4159013600",산19-1,동탄2자가망, ,"37.160325","127.112526","209995.033571957","506811.660311553","4",CTM001, 
1360,AE134,3369,스마트도시과,CTV001,장지-03412,장지동495-8,"41590620","41590136","4159013600","495-8",동탄2자가망, ,"37.155232","127.114659","210185.170611812","506246.584993991","4",CTM001, 
2648,AE134,1915,스마트도시과,CTV001,방축-01931,방축리284-6(283-1),"41590259","41590259","4159025940","284-6",KT, ,"37.120787","126.920654","192948.431181332","502420.662442364","1",CTM002, 
2649,AE134,2978,스마트도시과,CTV001,하길-03007,부영9단지육교-02,"41590259","41590259","4159025926","1395-4",향남2자가망, ,"37.113786","126.920902","192969.859435906","501643.729436459","1",CTM002, 
2650,AE134,2979,스마트도시과,CTV001,하길-03008,부영9단지육교-01,"41590259","41590259","4159025926","1395-4",향남2자가망, ,"37.113786","126.920902","192969.859435906","501643.729436459","1",CTM002, 
2651,AE134,3003,스마트도시과,CTV001,방축-03032,방축리462사거리,"41590259","41590259","4159025940","462",향남2자가망, ,"37.117314","126.91997","192887.354308315","502035.313520637","5",CTM002, 
2652,AE134,3005,스마트도시과,CTV001,방축-03034,방축리463사거리,"41590259","41590259","4159025940","463",향남2자가망, ,"37.115866","126.921198","192996.359141046","501874.523401297","5",CTM002, 
2653,AE134,3020,스마트도시과,CTV001,방축-03049,방축리산83-4,"41590259","41590259","4159025940","474",향남2자가망, ,"37.112933","126.924942","193328.855267243","501548.750006496","4",CTM002, 
2656,AE134,1802,스마트도시과,CTV001,장짐-01817,바다마트정류장(장짐-01817),"41590259","41590259","4159025941","273-14",자가망, ,"37.135883","126.911099","192100.876322623","504096.85898855","5",CTM002, 
2657,AE134,1808,스마트도시과,CTV001,장짐-01823,발안미소지움107동옆골목,"41590259","41590259","4159025941","400-32",자가망, ,"37.137825","126.912138","192193.35859544","504312.252293154","2",CTM002, 
2658,AE134,1825,스마트도시과,CTV001,장짐-01841,신양아파트놀이터앞,"41590259","41590259","4159025941","400-13",자가망, ,"37.134489","126.90961","191968.426739413","503942.233144427","4",CTM002, 
2659,AE134,1830,스마트도시과,CTV001,장짐-01846,발안7호어린이공원,"41590259","41590259","4159025941","284-9",자가망, ,"37.135502","126.907284","191761.833939936","504054.888787968","3",CTM002, 
2660,AE134,1832,스마트도시과,CTV001,장짐-01848,장짐리하연마을빌라,"41590259","41590259","4159025941","206-2",자가망, ,"37.135374","126.907987","191824.31967843","504040.578102416","3",CTM002, 
2661,AE134,1841,스마트도시과,CTV001,장짐-01857,화성고교앞삼거리,"41590259","41590259","4159025941","380-3",자가망, ,"37.137915","126.905632","191615.314134822","504322.728917563","1",CTM002, 
2662,AE134,1854,스마트도시과,CTV001,장짐-01870,신창부동산앞(장짐-01870),"41590259","41590259","4159025941","281-14",자가망, ,"37.133321","126.906481","191690.263812259","503812.876546687","4",CTM002, 
2663,AE134,1872,스마트도시과,CTV001,장짐-01888,장짐리179-1,"41590259","41590259","4159025941","179-1",자가망, ,"37.140589","126.910392","192038.523627485","504619.113565626","1",CTM002, 
2664,AE134,1965,스마트도시과,CTV001,장짐-01982,장짐리289-고정,"41590259","41590259","4159025941","289",KT, ,"37.136254","126.904319","191498.531393097","504138.587366187","1",CTM002, 
2665,AE134,1966,스마트도시과,CTV001,장짐-01983,장짐리87-고정,"41590259","41590259","4159025941","87",자가망, ,"37.140134","126.902901","191372.914980398","504569.327750545","1",CTM002, 
2666,AE134,1972,스마트도시과,CTV001,장짐-01989,장짐리299-2(장짐-01989),"41590259","41590259","4159025941","299-2",KT, ,"37.133432","126.905225","191578.646253133","503825.307187388","4",CTM002, 
2667,AE134,2009,스마트도시과,CTV001,장짐-02026,장짐리156-11-고정,"41590259","41590259","4159025941","156-11",자가망, ,"37.140563","126.907666","191796.375773123","504616.537892902","1",CTM002, 
2668,AE134,2010,스마트도시과,CTV001,장짐-02027,장짐리203-24-고정,"41590259","41590259","4159025941","203-24",자가망, ,"37.1362","126.907706","191799.432030407","504132.23872889","1",CTM002, 
2669,AE134,2011,스마트도시과,CTV001,장짐-02028,장짐리273-30-고정,"41590259","41590259","4159025941","273-30",자가망, ,"37.135119","126.910517","192049.074943161","504012.041021038","1",CTM002, 
2670,AE134,2012,스마트도시과,CTV001,장짐-02029,장짐리292-4-고정,"41590259","41590259","4159025941","292-4",KT, ,"37.133766","126.905466","191600.15959481","503862.29766222","1",CTM002, 
2671,AE134,2294,스마트도시과,CTV001,장짐-02313,미소어린이공원,"41590259","41590259","4159025941","236-10",KT, ,"37.140273","126.911995","192180.922584318","504583.877201207","2",CTM002, 
2673,AE134,3877,스마트도시과,CTV001,장짐-3892,장짐리111-2-어안(20차),"41590259","41590259","4159025941","111-2",자가망, ,"37.139661","126.906121","191658.998318295","504516.546145467","1",CTM002, 
2674,AE134,3879,스마트도시과,CTV001,장짐-3894,장짐리360-10-검지(20차),"41590259","41590259","4159025941","360-10",자가망, ,"37.139964","126.899597","191079.367582487","504550.766545198","3",CTM002, 
2675,AE134,3880,스마트도시과,CTV001,장짐-3895,장짐리218-8-검지(20차),"41590259","41590259","4159025941","218-8",자가망, ,"37.138573","126.911992","192180.490040317","504395.299726364","1",CTM002, 
2676,AE134,3899,스마트도시과,CTV001,장짐-03915,그레이스맨션입구(22차),"41590259","41590259","4159025941","278-9",자가망, ,"37.134117","126.908443","191864.666805353","503901.014634871","4",CTM002, 
2677,AE134,4071,스마트도시과,CTV001,장짐-04087,장짐리343-8-검지(23차),"41590259","41590259","4159025941","343-8",KT, ,"37.138043","126.899251","191048.425439554","504337.542691067","2",CTM002, 
2678,AE134,4072,스마트도시과,CTV001,장짐-04088,장짐리360-5-검지(23차),"41590259","41590259","4159025941","360-5",KT, ,"37.139095","126.901047","191208.09525441","504454.180464219","2",CTM002, 
2679,AE134,4073,스마트도시과,CTV001,장짐-04089,장짐리289-4-검지(23차),"41590259","41590259","4159025941","289-4",KT, ,"37.135618","126.903908","191461.930811795","504068.016427931","2",CTM002, 
2680,AE134,4362,스마트도시과,CTV001,장짐-04385,장짐리348-9(장짐-04385),"41590259","41590259","4159025941","348-9",KT, ,"37.13521","126.905037","191562.174303712","504022.635552401","5",CTM002, 
2681,AE134,4457,스마트도시과,CTV001,장짐-04474,바다마트정류장2(장짐-04474),"41590259","41590259","4159025941","400-2",KT, ,"37.135917","126.910861","192079.742625312","504100.559658906","4",CTM002, 
2682,AE134,30,스마트도시과,CTV001,남양-00030,남양6통버스정류장,"41590262","41590262","4159026221","326-2",자가망, ,"37.203994","126.801039","182337.544730161","511670.639767882","3",CTM002, 
2683,AE134,31,스마트도시과,CTV001,남양-00031,남양초등학교후문,"41590262","41590262","4159026221","650-8",자가망, ,"37.210574","126.814573","183540.442744046","512398.51786438","4",CTM002, 
2684,AE134,33,스마트도시과,CTV001,남양-00033,금성택시차고지앞,"41590262","41590262","4159026221","1865-103",자가망, ,"37.2074","126.815962","183663.027466266","512046.010438509","4",CTM002, 
2685,AE134,34,스마트도시과,CTV001,남양-00034,남양동먹골로삼거리-검지,"41590262","41590262","4159026221","2080-1",KT, ,"37.205019","126.824629","184431.947559242","511780.30385068","4",CTM002, 
2686,AE134,35,스마트도시과,CTV001,남양-00035,남양동주택가골목,"41590262","41590262","4159026221","1242-11",자가망, ,"37.209817","126.817429","183793.795763851","512314.001243082","1",CTM002, 
2687,AE134,36,스마트도시과,CTV001,남양-00036,대광아파트2차진입로,"41590262","41590262","4159026221","1813-41",남양뉴타운자가망, ,"37.197699","126.819666","183989.842828417","510968.778971331","4",CTM002, 
2688,AE134,39,스마트도시과,CTV001,남양-00039,금강에스쁘아A진입로,"41590262","41590262","4159026221","214-1",자가망, ,"37.206825","126.804736","182666.387671645","511984.146172391","1",CTM002, 
2689,AE134,40,스마트도시과,CTV001,남양-00040,남양보건지소앞(동양초교정문),"41590262","41590262","4159026221","1881",자가망, ,"37.208525","126.812306","183338.797604269","512171.509134964","1",CTM002, 
3406,AE134,1030,스마트도시과,CTV001,사강-01040,사강리439,"41590340","41590125","4159034021","439",자가망, ,"37.213346","126.725477","175632.691489092","512725.356955973","1",CTM002, 
3407,AE134,1031,스마트도시과,CTV001,사강-01041,사강리488,"41590340","41590125","4159034021","488",자가망, ,"37.213031","126.728413","175893.136264388","512689.657774681","1",CTM002, 
3409,AE134,1033,스마트도시과,CTV001,사강-01043,사강리568-9,"41590340","41590125","4159034021","568-9",KT, ,"37.215569","126.732664","176271.280255492","512970.212379395","1",CTM002, 
3410,AE134,1040,스마트도시과,CTV001,사강-01050,사강리610-13-고정,"41590340","41590125","4159034021","610-13",KT, ,"37.215312","126.735796","176549.220213902","512940.929998845","1",CTM002, 
3411,AE134,1045,스마트도시과,CTV001,사강-01056,사강리569-31-고정,"41590340","41590125","4159034021","569-31",KT, ,"37.215469","126.733545","176349.473212893","512958.882693077","1",CTM002, 
3412,AE134,1046,스마트도시과,CTV001,사강-01057,사강리506-2-고정,"41590340","41590125","4159034021","506-2",자가망, ,"37.214582","126.728771","175925.485148899","512861.669614567","1",CTM002, 
3413,AE134,1053,스마트도시과,CTV001,사강-01064,우리슈퍼앞,"41590340","41590125","4159034021","689-24",KT, ,"37.21414","126.733933","176383.503157063","512811.268611375","1",CTM002, 
3414,AE134,2198,스마트도시과,CTV001,사강-02216,송산파출소-환경,"41590340","41590125","4159034021","639-7",자가망, ,"37.213967","126.737967","176741.47090104","512791.067138077","1",CTM002, 
3415,AE134,2230,스마트도시과,CTV001,사강-02249,송산초교,"41590340","41590125","4159034021","800-17",자가망, ,"37.214986","126.733032","176303.788325017","512905.45097393","1",CTM002, 
3416,AE134,2272,스마트도시과,CTV001,사강-02291,송산초등학교,"41590340","41590125","4159034021","606-1",자가망, ,"37.214789","126.734663","176448.486820869","512883.147524125","3",CTM002, 
3417,AE134,2322,스마트도시과,CTV001,사강-02342,송산3_1공원,"41590340","41590125","4159034021","557-1",KT, ,"37.217158","126.731003","176124.348027139","513147.002379442","3",CTM002, 
3418,AE134,3556,스마트도시과,CTV001,사강-3570,사강리777-검지(20차),"41590340","41590125","4159034021","777",KT, ,"37.20938","126.727812","175838.620025701","512284.532573748","3",CTM002, 
3419,AE134,3697,스마트도시과,CTV001,사강-3711,사강리687-8-검지(20차),"41590340","41590125","4159034021","687-8",KT, ,"37.214486","126.734109","176399.246417339","512849.664434516","3",CTM002, 
3420,AE134,3698,스마트도시과,CTV001,사강-3712,사강리711-2-검지(20차),"41590340","41590125","4159034021","711-2",자가망, ,"37.212842","126.731581","176174.349938628","512667.890539324","1",CTM002, 
3421,AE134,3699,스마트도시과,CTV001,사강-3713,사강리542-15-검지(20차),"41590340","41590125","4159034021","542-15",자가망, ,"37.214771","126.730456","176075.064045881","512882.259525051","2",CTM002, 
3422,AE134,3700,스마트도시과,CTV001,사강-3714,사강리523-6-검지(20차),"41590340","41590125","4159034021","523-6",자가망, ,"37.21338","126.729653","176003.325956275","512727.98019201","2",CTM002, 
3423,AE134,3701,스마트도시과,CTV001,사강-3715,사강리508-1-검지(20차),"41590340","41590125","4159034021","508-1",자가망, ,"37.214186","126.728921","175938.622822168","512817.629506816","3",CTM002, 
3424,AE134,3702,스마트도시과,CTV001,사강-3716,사강리487-1-검지(20차),"41590340","41590125","4159034021","487-1",자가망, ,"37.213614","126.727123","175778.842318022","512754.687017066","1",CTM002, 
3426,AE134,3704,스마트도시과,CTV001,사강-3718,사강리728-2-검지(20차),"41590340","41590125","4159034021","728-2",자가망, ,"37.21075","126.732457","176251.402799098","512435.449888804","1",CTM002, 
3427,AE134,3705,스마트도시과,CTV001,사강-3719,사강리304-6-회전(20차),"41590340","41590125","4159034021","304-6",자가망, ,"37.216419","126.729291","175972.215656249","513065.441556021","3",CTM002, 
3428,AE134,3706,스마트도시과,CTV001,사강-3720,사강리630-1-검지(20차),"41590340","41590125","4159034021","630-1",자가망, ,"37.215079","126.735461","176519.425734094","512915.157468554","2",CTM002, 
3429,AE134,3707,스마트도시과,CTV001,사강-3721,사강리279-5-회전(20차),"41590340","41590125","4159034021","279-5",자가망, ,"37.220219","126.724945","175587.693276837","513488.218080786","1",CTM002, 
3430,AE134,3708,스마트도시과,CTV001,사강-3722,사강리134-회전(20차),"41590340","41590125","4159034021","134",자가망, ,"37.225195","126.722524","175374.400649525","514041.058887925","1",CTM002, 
3431,AE134,3709,스마트도시과,CTV001,사강-3723,사강리50-1-검지(20차),"41590340","41590125","4159034021","50-1",자가망, ,"37.227081","126.727277","175796.869881968","514249.204825394","3",CTM002, 
3432,AE134,3710,스마트도시과,CTV001,사강-3724,사강리191-1-회전(20차),"41590340","41590125","4159034021","191-1",자가망, ,"37.223098","126.720672","175209.378460283","513808.901053794","1",CTM002, 
3433,AE134,3711,스마트도시과,CTV001,사강-3725,사강리594-1-검지(20차),"41590340","41590125","4159034021","594-1",자가망, ,"37.216101","126.735247","176500.723861293","513028.586489571","3",CTM002, 
3434,AE134,3712,스마트도시과,CTV001,사강-3726,사강리175-8-검지(20차),"41590340","41590125","4159034021","175-8",KT, ,"37.221018","126.72187","175314.989105881","513577.756467352","3",CTM002, 
3435,AE134,3713,스마트도시과,CTV001,사강-3727,사강리299-6-검지(20차),"41590340","41590125","4159034021","299-6",자가망, ,"37.217659","126.730552","176084.452130563","513202.662732542","1",CTM002, 
3436,AE134,3957,스마트도시과,CTV001,사강-03973,BIT-사강복지회관(37081),"41590340","41590125","4159034021","716",KT, ,"37.21288","126.732163","176225.967694134","512671.886330431","1",CTM002, 
3437,AE134,3958,스마트도시과,CTV001,사강-03974,BIT-사강복지회관(37080),"41590340","41590125","4159034021","715-1",KT, ,"37.212644","126.732656","176269.712525407","512645.540854475","1",CTM002, 
3438,AE134,4028,스마트도시과,CTV001,사강-04044,사강리675-검지(23차),"41590340","41590125","4159034021","675",KT, ,"37.213496","126.735405","176513.924569063","512739.508068278","2",CTM002, 
3439,AE134,4029,스마트도시과,CTV001,사강-04045,사강리647-19-검지(23차),"41590340","41590125","4159034021","647-19",KT, ,"37.213497","126.737678","176715.659636093","512739.030287215","2",CTM002, 
3440,AE134,4034,스마트도시과,CTV001,사강-04050,사강리704-4-검지(23차),"41590340","41590125","4159034021","704-4",KT, ,"37.214564","126.731442","176162.51977974","512858.999950776","2",CTM002, 
3441,AE134,4361,스마트도시과,CTV001,사강-04384,한일아트빌(사강-04384),"41590340","41590125","4159034021","572-14",KT, ,"37.2163","126.7328","176283.598200511","513051.30612951","4",CTM002, 
3442,AE134,303,스마트도시과,CTV001,해문-00304,해문리165,"41590330","41590330","4159033027","165",KT, ,"37.2054","126.740477","176961.670952529","511839.763390264","1",CTM002, 
3444,AE134,904,스마트도시과,CTV001,봉가-00914,오성부동산앞,"41590340","41590125","4159034022","146-3",자가망, ,"37.213652","126.739798","176903.927642926","512755.718969012","3",CTM002, 
3445,AE134,933,스마트도시과,CTV001,봉가-00943,봉가리204-5,"41590340","41590125","4159034022","204-5",KT, ,"37.212629","126.744672","177336.257722784","512641.007297307","1",CTM002, 
3446,AE134,1017,스마트도시과,CTV001,봉가-01027,봉가리119,"41590340","41590125","4159034022","119",KT, ,"37.215277","126.743142","177201.237461578","512935.210266318","1",CTM002, 
3447,AE134,1018,스마트도시과,CTV001,봉가-01028,봉가리467-2,"41590340","41590125","4159034022","467-2",자가망, ,"37.209282","126.738395","176778.03632196","512271.053222672","1",CTM002, 
4050,AE134,1458,스마트도시과,CTV001,독정-01469,독정리1210-3,"41590370","41590370","4159037024","1210-3",KT, ,"37.079415","126.871411","188566.034718645","497834.062401312","1",CTM002, 
4051,AE134,1459,스마트도시과,CTV001,독정-01470,독정리1605,"41590370","41590370","4159037024","1605",KT, ,"37.063842","126.872145","188628.931953","496105.64198563","1",CTM002, 
4052,AE134,1460,스마트도시과,CTV001,독정-01471,독정리188-4,"41590370","41590370","4159037024","188-4",KT, ,"37.079645","126.864011","187908.026473485","497860.493679451","1",CTM002, 
4053,AE134,1461,스마트도시과,CTV001,독정-01472,독정리496-5,"41590370","41590370","4159037024","496-5",KT, ,"37.07197","126.854051","187021.061218701","497010.060166283","1",CTM002, 
4056,AE134,1465,스마트도시과,CTV001,독정-01476,독정리907,"41590370","41590370","4159037024","907",KT, ,"37.066539","126.844786","186196.212456732","496408.557158522","1",CTM002, 
4057,AE134,1466,스마트도시과,CTV001,독정-01477,독정리927-2,"41590370","41590370","4159037024","927-2",KT, ,"37.067862","126.847347","186424.208636709","496555.053517384","1",CTM002, 
4058,AE134,1467,스마트도시과,CTV001,독정-01478,독정리산15-1,"41590370","41590370","4159037024",산15-1,KT, ,"37.060577","126.854502","187059.232399271","495745.633982428","1",CTM002, 
4059,AE134,1468,스마트도시과,CTV001,독정-01479,독정리산337,"41590370","41590370","4159037024",산147-2,KT, ,"37.081391","126.860917","187633.194351715","498054.649402406","1",CTM002, 
4060,AE134,3783,스마트도시과,CTV001,독정-3797,독정리58-3-어안(20차),"41590370","41590370","4159037024","58-3",자가망, ,"37.075884","126.869966","188436.966035795","497442.392022771","1",CTM002, 
4061,AE134,3784,스마트도시과,CTV001,독정-3798,독정리112-2-검지(20차),"41590370","41590370","4159037024","112-2",자가망, ,"37.083892","126.862281","187754.90571968","498331.987508681","2",CTM002, 
4062,AE134,3785,스마트도시과,CTV001,독정-3799,독정리461-25-검지(20차),"41590370","41590370","4159037024","461-25",KT, ,"37.076824","126.86046","187591.84179765","497547.844659529","1",CTM002, 
4063,AE134,3786,스마트도시과,CTV001,독정-3800,독정리350-검지(20차),"41590370","41590370","4159037024","350",자가망, ,"37.062709","126.853707","186988.872245097","495982.301804496","1",CTM002, 
4064,AE134,3787,스마트도시과,CTV001,독정-3801,독정리771-검지(20차),"41590370","41590370","4159037024","771",KT, ,"37.078701","126.842764","186018.602838512","497758.642917708","2",CTM002, 
4065,AE134,4048,스마트도시과,CTV001,독정-04064,독정리803-10-검지(23차),"41590370","41590370","4159037024","803-10",KT, ,"37.073746","126.848344","186513.898613724","497207.95690006","2",CTM002, 
4066,AE134,4049,스마트도시과,CTV001,독정-04065,독정리179-검지(23차),"41590370","41590370","4159037024","179",KT, ,"37.07852","126.862641","187786.026327274","497735.805061409","2",CTM002, 
4067,AE134,393,스마트도시과,CTV001,장안-00394,장안리770-1-검지,"41590370","41590370","4159037025","770-1",자가망, ,"37.040759","126.853698","186984.364827501","493546.319131528","1",CTM002, 
4068,AE134,1401,스마트도시과,CTV001,장안-01412,장명초교후문,"41590370","41590370","4159037025","152",자가망, ,"37.056723","126.852702","186898.492604115","495318.109200986","3",CTM002, 
4069,AE134,1402,스마트도시과,CTV001,장안-01413,장안3리버스정류장,"41590370","41590370","4159037025","713",자가망, ,"37.041665","126.852115","186843.693521458","493647.116748935","3",CTM002, 
4070,AE134,1403,스마트도시과,CTV001,장안-01414,장안대교아래,"41590370","41590370","4159037025","2641",자가망, ,"37.029223","126.857754","187343.244823591","492265.525123039","4",CTM002, 
4071,AE134,1414,스마트도시과,CTV001,장안-01425,장안리1024-3,"41590370","41590370","4159037025","1024-3",KT, ,"37.032558","126.848392","186510.886991366","492636.911980113","1",CTM002, 
4073,AE134,1424,스마트도시과,CTV001,장안-01435,장안리1223-2,"41590370","41590370","4159037025","1223-2",KT, ,"37.037998","126.852224","186852.755526006","493240.1102608","1",CTM002, 
4074,AE134,1425,스마트도시과,CTV001,장안-01436,장안리2015,"41590370","41590370","4159037025","2015",KT, ,"37.025792","126.832985","185138.706831914","491888.350535411","1",CTM002, 
4075,AE134,1426,스마트도시과,CTV001,장안-01437,장안리2016,"41590370","41590370","4159037025","2016",KT, ,"37.026719","126.832988","185139.188984346","491991.183576245","1",CTM002, 
4076,AE134,1427,스마트도시과,CTV001,장안-01438,장안리2378,"41590370","41590370","4159037025","2378",KT, ,"37.025804","126.843869","186107.240915801","491888.008731824","1",CTM002, 
4077,AE134,1428,스마트도시과,CTV001,장안-01439,장안리985-2,"41590370","41590370","4159037025","985-2",KT, ,"37.029188","126.852133","186843.178950018","492262.4254987","1",CTM002, 
4078,AE134,1519,스마트도시과,CTV001,장안-01530,장안리1042-2,"41590370","41590370","4159037025","1042-2",KT, ,"37.034259","126.848087","186483.999048865","492825.79726952","1",CTM002, 
4079,AE134,1520,스마트도시과,CTV001,장안-01531,장안리1075-93,"41590370","41590370","4159037025","1075-93",KT, ,"37.037389","126.845743","186276.038964143","493173.406520443","1",CTM002, 
4080,AE134,1521,스마트도시과,CTV001,장안-01532,장안리1077-238,"41590370","41590370","4159037025","1077-238",KT, ,"37.035502","126.843194","186048.931830926","492964.435329819","1",CTM002, 
4081,AE134,1522,스마트도시과,CTV001,장안-01533,장안리1112-1,"41590370","41590370","4159037025","1112-1",KT, ,"37.033736","126.851341","186773.466983812","492767.231540458","1",CTM002, 
4082,AE134,1523,스마트도시과,CTV001,장안-01534,장안리1176-4,"41590370","41590370","4159037025","1176-4",KT, ,"37.039344","126.853684","186982.849333601","493389.310938477","1",CTM002, 
4083,AE134,1524,스마트도시과,CTV001,장안-01535,장안리1177-6,"41590370","41590370","4159037025","890-1",자가망, ,"37.039859","126.855041","187103.718223375","493446.244412256","1",CTM002, 
4084,AE134,1525,스마트도시과,CTV001,장안-01536,장안리1259-3,"41590370","41590370","4159037025","1259-3",KT, ,"37.039008","126.850795","186725.770131124","493352.363727695","1",CTM002, 
4085,AE134,1526,스마트도시과,CTV001,장안-01537,장안리1436-53,"41590370","41590370","4159037025","1436-53",KT, ,"37.038442","126.844232","186141.808338524","493290.485901449","1",CTM002, 
4086,AE134,1528,스마트도시과,CTV001,장안-01539,장안리1436-89,"41590370","41590370","4159037025","1436-89",KT, ,"37.037943","126.846772","186367.704085596","493234.773885354","1",CTM002, 
4087,AE134,1529,스마트도시과,CTV001,장안-01540,장안리1701-1,"41590370","41590370","4159037025","1701-1",KT, ,"37.025576","126.820838","184057.791052211","491866.335513225","1",CTM002, 
4088,AE134,1530,스마트도시과,CTV001,장안-01541,장안리2500,"41590370","41590370","4159037025","2500",KT, ,"37.025641","126.84877","186543.273110049","491869.233832107","1",CTM002, 
4090,AE134,1532,스마트도시과,CTV001,장안-01543,장안리2895,"41590370","41590370","4159037025","2895",KT, ,"37.049929","126.866779","188149.562355716","494562.293726615","1",CTM002, 
4091,AE134,1533,스마트도시과,CTV001,장안-01544,장안리375-6,"41590370","41590370","4159037025","375-6",KT, ,"37.049195","126.862993","187812.653634171","494481.28062077","1",CTM002, 
4092,AE134,1534,스마트도시과,CTV001,장안-01545,장안리386-18,"41590370","41590370","4159037025","386-18",KT, ,"37.052395","126.866373","188113.756137821","494835.973549856","1",CTM002, 
4093,AE134,1535,스마트도시과,CTV001,장안-01546,장안리747-2,"41590370","41590370","4159037025","747-2",자가망, ,"37.04279","126.852742","186899.688906148","493771.842179604","1",CTM002, 
127,AE134,473,스마트도시과,CTV001,병점-00477,태안성호2차앞사거리,"41590530","41590117","4159011700","756-190",자가망, ,"37.201567","127.024017","202132.107444632","511383.000382734","4",CTM001, 
2690,AE134,41,스마트도시과,CTV001,남양-00041,남양초교후문입구삼거리,"41590262","41590262","4159026221","1163-46",자가망, ,"37.210624","126.816344","183697.657507969","512403.705257411","1",CTM002, 
2691,AE134,42,스마트도시과,CTV001,남양-00042,남양리2024-10번지앞,"41590262","41590262","4159026221","2024-10",KT, ,"37.204928","126.827494","184686.279377608","511769.748721302","4",CTM002, 
2692,AE134,43,스마트도시과,CTV001,남양-00043,남양초교정문,"41590262","41590262","4159026221","1163-46",자가망, ,"37.20943","126.815603","183631.588797556","512271.354185502","1",CTM002, 
2693,AE134,50,스마트도시과,CTV001,남양-00050,대광아파트입구,"41590262","41590262","4159026221",산131-25,자가망, ,"37.194084","126.83435","185292.74548109","510565.146012506","3",CTM002, 
2694,AE134,51,스마트도시과,CTV001,남양-00051,동양초교앞삼거리,"41590262","41590262","4159026221","1649-3",남양뉴타운자가망, ,"37.205907","126.822282","184223.730587431","511879.177246227","1",CTM002, 
2695,AE134,55,스마트도시과,CTV001,남양-00055,영광교회입구사거리,"41590262","41590262","4159026221","2061-1",KT, ,"37.202696","126.826886","184631.826582704","511522.114068445","1",CTM002, 
2696,AE134,56,스마트도시과,CTV001,남양-00056,예림옥해장국옆삼거리,"41590262","41590262","4159026221","2134-1",KT, ,"37.201216","126.828357","184762.143628841","511357.612651463","1",CTM002, 
2697,AE134,57,스마트도시과,CTV001,남양-00057,우림필유104동옆사거리,"41590262","41590262","4159026221","2080-3",KT, ,"37.208831","126.832737","185152.440036163","512202.060176718","1",CTM002, 
2699,AE134,61,스마트도시과,CTV001,남양-00062,우림아파트내공원,"41590262","41590262","4159026221","1865-34",자가망, ,"37.203952","126.804374","182633.647973727","511665.417496876","3",CTM002, 
2700,AE134,65,스마트도시과,CTV001,남양-00066,남양동310-5삼거리,"41590262","41590262","4159026221","310-5",KT, ,"37.205058","126.800915","182326.758217458","511788.714137332","1",CTM002, 
2701,AE134,68,스마트도시과,CTV001,남양-00069,자금성앞사거리,"41590262","41590262","4159026221","1932",자가망, ,"37.207821","126.814232","183509.574594537","512093.055568279","1",CTM002, 
2702,AE134,72,스마트도시과,CTV001,남양-00073,전국노래방사거리,"41590262","41590262","4159026221","1172-27",자가망, ,"37.20836","126.81678","183735.837961473","512152.378862087","5",CTM002, 
2703,AE134,117,스마트도시과,CTV001,남양-00118,남양리618-고정,"41590262","41590262","4159026221","618",자가망, ,"37.210339","126.81187","183300.448292462","512372.910180251","1",CTM002, 
2705,AE134,156,스마트도시과,CTV001,남양-00157,남양리715-고정,"41590262","41590262","4159026221","715",KT, ,"37.205991","126.810944","183217.296876456","511890.469808093","1",CTM002, 
2706,AE134,157,스마트도시과,CTV001,남양-00158,남양리산139-62-고정,"41590262","41590262","4159026221",산139-62,자가망, ,"37.194263","126.833489","185216.318700332","510585.134570413","1",CTM002, 
2707,AE134,161,스마트도시과,CTV001,남양-00162,남양리1150-4-고정,"41590262","41590262","4159026221","1150-4",KT, ,"37.213101","126.816177","183683.384823051","512678.658017466","1",CTM002, 
2708,AE134,162,스마트도시과,CTV001,남양-00163,남양리1310-3-고정,"41590262","41590262","4159026221","1310-3",KT, ,"37.212424","126.822873","184277.555444354","512602.38009412","1",CTM002, 
2709,AE134,163,스마트도시과,CTV001,남양-00164,남양리1232-2-고정,"41590262","41590262","4159026221","1232-2",KT, ,"37.209166","126.818016","183845.736236701","512241.585356886","1",CTM002, 
2710,AE134,164,스마트도시과,CTV001,남양-00165,남양리1220-고정,"41590262","41590262","4159026221","1220",자가망, ,"37.209007","126.816398","183702.076461001","512224.238555839","1",CTM002, 
2711,AE134,165,스마트도시과,CTV001,남양-00166,남양리1164-9고정,"41590262","41590262","4159026221","1225-3",KT, ,"37.209095","126.816525","183713.395441974","512233.960860695","1",CTM002, 
2712,AE134,166,스마트도시과,CTV001,남양-00167,남양리1245-4-고정,"41590262","41590262","4159026221","1245-4",자가망, ,"37.209664","126.816496","183710.952497614","512297.181019466","1",CTM002, 
2713,AE134,167,스마트도시과,CTV001,남양-00168,남양리1262-고정,"41590262","41590262","4159026221","1262",자가망, ,"37.210453","126.818139","183856.95554888","512384.464417257","1",CTM002, 
2714,AE134,168,스마트도시과,CTV001,남양-00169,남양리1310-1-고정,"41590262","41590262","4159026221","1310-1",자가망, ,"37.211602","126.821435","184149.741566212","512511.425989056","1",CTM002, 
2715,AE134,169,스마트도시과,CTV001,남양-00170,남양리1097-1-고정,"41590262","41590262","4159026221","1097-1",자가망, ,"37.213788","126.815802","183650.255902111","512754.967150441","1",CTM002, 
2716,AE134,170,스마트도시과,CTV001,남양-00171,남양리1391-2-고정,"41590262","41590262","4159026221","1391-2",자가망, ,"37.214634","126.827628","184700.116730362","512846.837938271","1",CTM002, 
2718,AE134,172,스마트도시과,CTV001,남양-00173,남양리59-1-고정,"41590262","41590262","4159026221","59-1",자가망, ,"37.212045","126.815829","183652.267592326","512561.543440375","1",CTM002, 
2719,AE134,2200,스마트도시과,CTV001,남양-02218,남양우체국옆-환경,"41590262","41590262","4159026221","653-2",자가망, ,"37.20928","126.815647","183635.524229392","512254.665910576","1",CTM002, 
2720,AE134,2201,스마트도시과,CTV001,남양-02219,해오름맨션-환경,"41590262","41590262","4159026221","1260-1",자가망, ,"37.210017","126.817683","183816.423548779","512336.094908644","1",CTM002, 
2721,AE134,2204,스마트도시과,CTV001,남양-02222,소망동물병원앞-환경,"41590262","41590262","4159026221","1267-21",자가망, ,"37.210339","126.819108","183942.983921687","512371.613232662","1",CTM002, 
2722,AE134,2212,스마트도시과,CTV001,남양-02230,남양영재어린이집,"41590262","41590262","4159026221","172",자가망, ,"37.210822","126.810595","183187.384955028","512426.717654043","3",CTM002, 
2723,AE134,2219,스마트도시과,CTV001,남양-02237,로뎀나무어린이집정문,"41590262","41590262","4159026221","255-9",자가망, ,"37.210552","126.803647","182570.556365342","512397.941613987","1",CTM002, 
2724,AE134,2220,스마트도시과,CTV001,남양-02238,명문어린이집,"41590262","41590262","4159026221","431-1",자가망, ,"37.204828","126.805785","182759.071120733","511762.368733274","3",CTM002, 
2725,AE134,2564,스마트도시과,CTV001,남양(뉴)-02592,남양리1413,"41590262","41590262","4159026221","1413",남양뉴타운자가망, ,"37.214844","126.829737","184887.328936948","512869.850031479","5",CTM002, 
2726,AE134,2565,스마트도시과,CTV001,남양(뉴)-02593,남양리1423-2,"41590262","41590262","4159026221","1424-1",남양뉴타운자가망, ,"37.212717","126.832683","185148.44835763","512633.288802062","5",CTM002, 
2727,AE134,2566,스마트도시과,CTV001,남양(뉴)-02594,남양리산34-10,"41590262","41590262","4159026221",산34-10,남양뉴타운자가망, ,"37.212633","126.83545","185394.010481803","512623.610195563","3",CTM002, 
2728,AE134,2567,스마트도시과,CTV001,남양(뉴)-02595,남양리1419-14,"41590262","41590262","4159026221","1419-14",남양뉴타운자가망, ,"37.212836","126.830797","184980.990581106","512646.796786168","5",CTM002, 
2729,AE134,2568,스마트도시과,CTV001,남양(뉴)-02596,남양리1427-13,"41590262","41590262","4159026221","1427-13",남양뉴타운자가망, ,"37.211343","126.83199","185086.6089846","512481.001324536","5",CTM002, 
2730,AE134,2569,스마트도시과,CTV001,남양(뉴)-02597,남양리1535-2,"41590262","41590262","4159026221","1535-2",남양뉴타운자가망, ,"37.209183","126.831233","185019.043194315","512241.381645908","5",CTM002, 
2731,AE134,2570,스마트도시과,CTV001,남양(뉴)-02598,남양리1532-18,"41590262","41590262","4159026221","1532-18",남양뉴타운자가망, ,"37.20945","126.832617","185141.89030172","512270.758933685","5",CTM002, 
3448,AE134,1019,스마트도시과,CTV001,봉가-01029,봉가리490,"41590340","41590125","4159034022","490",자가망, ,"37.208179","126.736778","176634.133483385","512148.977903463","1",CTM002, 
3449,AE134,1020,스마트도시과,CTV001,봉가-01030,봉가리577-20(468-5),"41590340","41590125","4159034022","468-5",자가망, ,"37.210335","126.739385","176866.265784848","512387.638262573","1",CTM002, 
3450,AE134,1026,스마트도시과,CTV001,봉가-01036,봉가리370-9,"41590340","41590125","4159034022","370-9",KT, ,"37.208455","126.740088","176928.10038934","512178.799806102","1",CTM002, 
3451,AE134,1047,스마트도시과,CTV001,봉가-01058,봉가리393-3-고정2,"41590340","41590125","4159034022","393-3",KT, ,"37.211181","126.738","176743.54802051","512481.900323075","1",CTM002, 
3452,AE134,1048,스마트도시과,CTV001,봉가-01059,봉가리174-5-고정,"41590340","41590125","4159034022","174-5",KT, ,"37.212939","126.742139","177111.504778171","512676.053979522","1",CTM002, 
3453,AE134,1051,스마트도시과,CTV001,봉가-01062,봉가리393-3-고정1,"41590340","41590125","4159034022","393-3",자가망, ,"37.211582","126.736722","176630.229953048","512526.762947878","1",CTM002, 
3454,AE134,3959,스마트도시과,CTV001,봉가-03975,BIT-사강정형외과,"41590340","41590125","4159034022","149-5",KT, ,"37.213158","126.73875","176810.735922737","512701.172137309","1",CTM002, 
3455,AE134,4031,스마트도시과,CTV001,봉가-04047,봉가리436-1-검지(23차),"41590340","41590125","4159034022","436-1",KT, ,"37.208384","126.732348","176241.00604001","512172.919503445","2",CTM002, 
3456,AE134,902,스마트도시과,CTV001,삼존-00912,현대월드빌앞사거리,"41590340","41590125","4159034023","184-5",자가망, ,"37.217168","126.735699","176541.160373757","513146.960019171","1",CTM002, 
3457,AE134,907,스마트도시과,CTV001,삼존-00917,삼존3리입구,"41590340","41590125","4159034023","801-10",자가망, ,"37.21084","126.759921","178689.340016402","512438.910532241","1",CTM002, 
3458,AE134,910,스마트도시과,CTV001,삼존-00920,송산어린이입구,"41590340","41590125","4159034023",산69-11,자가망, ,"37.222025","126.739545","176884.01966295","513685.059954545","3",CTM002, 
3459,AE134,912,스마트도시과,CTV001,삼존-00922,엠에스빌옆,"41590340","41590125","4159034023","206-8",자가망, ,"37.219297","126.73913","176846.349824015","513382.330035105","3",CTM002, 
3460,AE134,930,스마트도시과,CTV001,삼존-00940,삼존리CU편의점앞,"41590340","41590125","4159034023","779-15",자가망, ,"37.211609","126.753332","178104.649724023","512525.71039592","3",CTM002, 
3461,AE134,931,스마트도시과,CTV001,삼존-00941,삼존리182-1,"41590340","41590125","4159034023","182-1",자가망, ,"37.217649","126.735762","176546.950503283","513200.238966883","1",CTM002, 
3462,AE134,952,스마트도시과,CTV001,삼존-00962,삼존리648-2,"41590340","41590125","4159034023","648-2",KT, ,"37.215824","126.762127","178886.487916475","512991.564992637","1",CTM002, 
3464,AE134,1035,스마트도시과,CTV001,삼존-01045,삼존리247-3,"41590340","41590125","4159034023","247-3",자가망, ,"37.221326","126.738478","176789.070874254","513607.65792433","1",CTM002, 
3465,AE134,1036,스마트도시과,CTV001,삼존-01046,삼존리308-4,"41590340","41590125","4159034023","308-4",자가망, ,"37.224255","126.742193","177119.715847758","513931.858300541","1",CTM002, 
3466,AE134,1037,스마트도시과,CTV001,삼존-01047,삼존리862(580-1),"41590340","41590125","4159034023","580-1",KT, ,"37.215913","126.75234","178017.827949093","513003.600853225","1",CTM002, 
3467,AE134,1038,스마트도시과,CTV001,삼존-01048,삼존리1237-8,"41590340","41590125","4159034023","1237-8",자가망, ,"37.223939","126.739389","176870.791581326","513897.513318549","1",CTM002, 
3468,AE134,1044,스마트도시과,CTV001,삼존-01054,삼존리산90-1-고정,"41590340","41590125","4159034023",산90-1,KT, ,"37.218209","126.747033","177547.508392128","513259.680068096","1",CTM002, 
3469,AE134,3714,스마트도시과,CTV001,삼존-3728,삼존리40-2-검지(20차),"41590340","41590125","4159034023","40-2",자가망, ,"37.221647","126.729337","175977.883516066","513645.586739818","1",CTM002, 
3470,AE134,3715,스마트도시과,CTV001,삼존-3729,삼존리649-25-검지(20차),"41590340","41590125","4159034023","649-25",자가망, ,"37.216063","126.764331","179082.240516192","513017.582824416","1",CTM002, 
3471,AE134,3716,스마트도시과,CTV001,삼존-3730,삼존리206-6-검지(20차),"41590340","41590125","4159034023","206-6",자가망, ,"37.220476","126.743023","177192.281124457","513512.246597279","1",CTM002, 
3472,AE134,4353,스마트도시과,CTV001,삼존-04370,삼존리54-12(삼존-04370),"41590340","41590125","4159034023","54-12",KT, ,"37.219782","126.729405","175983.364729733","513438.601055915","4",CTM002, 
3473,AE134,913,스마트도시과,CTV001,용포-00923,용포2리입구,"41590340","41590125","4159034024","505-4",자가망, ,"37.231955","126.745588","177423.34372603","514785.584367416","4",CTM002, 
3474,AE134,925,스마트도시과,CTV001,용포-00935,용포리723,"41590340","41590125","4159034024","723",자가망, ,"37.231828","126.747978","177635.352338163","514770.922608619","1",CTM002, 
3475,AE134,932,스마트도시과,CTV001,용포-00942,당산감리교회삼거리,"41590340","41590125","4159034024","264-1",자가망, ,"37.231033","126.753274","178105.147750653","514681.476142947","3",CTM002, 
3476,AE134,966,스마트도시과,CTV001,용포-00976,용포리1-12,"41590340","41590125","4159034024","1-12",KT, ,"37.233682","126.759918","178695.423114137","514973.997285265","1",CTM002, 
3477,AE134,967,스마트도시과,CTV001,용포-00977,용포리189,"41590340","41590125","4159034024","189",자가망, ,"37.227155","126.758507","178568.356573148","514249.912469164","1",CTM002, 
3478,AE134,968,스마트도시과,CTV001,용포-00978,용포리2-4,"41590340","41590125","4159034024","2-4",KT, ,"37.233437","126.758424","178562.813471833","514947.11041484","1",CTM002, 
3479,AE134,969,스마트도시과,CTV001,용포-00979,용포리61-2,"41590340","41590125","4159034024","61-2",KT, ,"37.232269","126.757692","178497.542522599","514817.637933851","1",CTM002, 
3481,AE134,979,스마트도시과,CTV001,용포-00989,용포리237-1,"41590340","41590125","4159034024","237-1",자가망, ,"37.228714","126.756264","178369.823423211","514423.387944748","1",CTM002, 
3482,AE134,3720,스마트도시과,CTV001,용포-3734,용포리181-3-검지(20차),"41590340","41590125","4159034024","181-3",자가망, ,"37.226468","126.760675","178760.601548042","514173.164802782","1",CTM002, 
3483,AE134,887,스마트도시과,CTV001,고정-00897,고정리고잔길사거리,"41590340","41590125","4159034025","485-1",자가망, ,"37.243039","126.746512","177508.572250333","516015.481268362","1",CTM002, 
3484,AE134,891,스마트도시과,CTV001,고정-00901,고정초교,"41590340","41590125","4159034025","1164",자가망, ,"37.238759","126.738175","176767.585702424","515542.570357028","1",CTM002, 
3485,AE134,914,스마트도시과,CTV001,고정-00924,우음도입구,"41590340","41590125","4159034025","623-3",자가망, ,"37.249972","126.745564","177426.590390769","516785.201010513","4",CTM002, 
3486,AE134,919,스마트도시과,CTV001,고정-00929,고정리1092-3,"41590340","41590125","4159034025","1092-3",자가망, ,"37.239364","126.738574","176803.140667455","515609.535981916","1",CTM002, 
3488,AE134,929,스마트도시과,CTV001,고정-00939,고정길입구,"41590340","41590125","4159034025","457",KT, ,"37.2407","126.746817","177534.945148403","515755.855237751","3",CTM002, 
3489,AE134,943,스마트도시과,CTV001,고정-00953,고정리516,"41590340","41590125","4159034025","516",자가망, ,"37.241238","126.74528","177398.76994106","515815.970556739","1",CTM002, 
3490,AE134,944,스마트도시과,CTV001,고정-00954,고정리698-2,"41590340","41590125","4159034025","698-2",자가망, ,"37.243517","126.740336","176960.810332829","516070.050226439","1",CTM002, 
4094,AE134,1536,스마트도시과,CTV001,장안-01547,장안리874-3,"41590370","41590370","4159037025","874-3",KT, ,"37.041685","126.855767","187168.614368296","493648.837364744","1",CTM002, 
4095,AE134,1537,스마트도시과,CTV001,장안-01548,장안리산209-36,"41590370","41590370","4159037025",산209-36,KT, ,"37.036947","126.835237","185341.263408891","493125.954708367","1",CTM002, 
4096,AE134,1538,스마트도시과,CTV001,장안-01549,장안리산216-7,"41590370","41590370","4159037025",산216-7,KT, ,"37.036466","126.837135","185510.025606893","493072.23889358","1",CTM002, 
4097,AE134,1539,스마트도시과,CTV001,장안-01550,장안리산52-3,"41590370","41590370","4159037025",산52-3,자가망, ,"37.056766","126.850648","186715.84945698","495323.176213378","1",CTM002, 
4098,AE134,2262,스마트도시과,CTV001,장안-02281,장명초등학교,"41590370","41590370","4159037025","115-12",자가망, ,"37.056936","126.855587","187155.14458147","495341.386213272","4",CTM002, 
4099,AE134,2263,스마트도시과,CTV001,장안-02282,장명초교-장일분교,"41590370","41590370","4159037025","1075-87",자가망, ,"37.036654","126.84483","186194.68692552","493092.002754158","3",CTM002, 
4100,AE134,3432,스마트도시과,CTV001,장안-03475,장안리1556-검지,"41590370","41590370","4159037025","1556(1189)",KT, ,"37.03924","126.852985","186920.682494296","493377.791760092","1",CTM002, 
4101,AE134,3794,스마트도시과,CTV001,장안-3808,장안리1266-1-검지(20차),"41590370","41590370","4159037025","1266-1",자가망, ,"37.039539","126.849777","186635.300024249","493411.456932528","1",CTM002, 
4102,AE134,3795,스마트도시과,CTV001,장안-3809,장안리1038-33-어안(20차),"41590370","41590370","4159037025","1038-33",자가망, ,"37.035392","126.845475","186251.809668231","492951.814666305","1",CTM002, 
4103,AE134,3796,스마트도시과,CTV001,장안-3810,장안리26-6-검지(20차),"41590370","41590370","4159037025","26-6",KT, ,"37.056657","126.868958","188344.425460852","495308.678141584","1",CTM002, 
4104,AE134,1441,스마트도시과,CTV001,덕다-01452,덕다리103,"41590370","41590370","4159037026","103",KT, ,"37.057827","126.839732","185745.082766249","495442.505693659","1",CTM002, 
4105,AE134,1447,스마트도시과,CTV001,덕다-01458,덕다리11-7,"41590370","41590370","4159037026","11-7",KT, ,"37.066223","126.836742","185480.739377078","496374.73725749","1",CTM002, 
4106,AE134,1448,스마트도시과,CTV001,덕다-01459,덕다리517-2,"41590370","41590370","4159037026","517-2",KT, ,"37.048324","126.837764","185568.267639822","494388.160264485","1",CTM002, 
4108,AE134,1456,스마트도시과,CTV001,덕다-01467,덕다리387-59,"41590370","41590370","4159037026","387-59",KT, ,"37.053796","126.836935","185495.538298729","494995.573111837","1",CTM002, 
4109,AE134,1462,스마트도시과,CTV001,덕다-01473,덕다리산50-1,"41590370","41590370","4159037026",산50-1,KT, ,"37.060314","126.839591","185733.007289544","495718.53129239","1",CTM002, 
4110,AE134,1541,스마트도시과,CTV001,덕다-01552,덕다리132-고정,"41590370","41590370","4159037026","132",KT, ,"37.057486","126.837803","185573.415325772","495404.986205742","1",CTM002, 
4111,AE134,1389,스마트도시과,CTV001,사랑-01400,산호아파트주변,"41590370","41590370","4159037027","516-9",자가망, ,"37.075301","126.817574","183777.975929833","497385.305331691","3",CTM002, 
4112,AE134,1393,스마트도시과,CTV001,사랑-01404,사랑1리마을숲길,"41590370","41590370","4159037027",산64-8,자가망, ,"37.075082","126.823039","184263.900002775","497360.082048243","5",CTM002, 
4113,AE134,1397,스마트도시과,CTV001,사랑-01408,사랑리버스정류장,"41590370","41590370","4159037027","99-3",자가망, ,"37.073355","126.834214","185257.293433695","497166.629163568","4",CTM002, 
4114,AE134,1421,스마트도시과,CTV001,사랑-01432,장안남산체육공원3-회전,"41590370","41590370","4159037027",산38-1,자가망, ,"37.078485","126.834501","185283.833271881","497735.863507638","1",CTM002, 
4115,AE134,1422,스마트도시과,CTV001,사랑-01433,장안남산체육공원4-회전,"41590370","41590370","4159037027",산38-1,자가망, ,"37.078729","126.835276","185352.757798307","497762.822772909","1",CTM002, 
4116,AE134,1485,스마트도시과,CTV001,사랑-01496,사랑리19-3,"41590370","41590370","4159037027","19-3",자가망, ,"37.074412","126.833415","185186.447010838","497284.058368573","1",CTM002, 
4117,AE134,1486,스마트도시과,CTV001,사랑-01497,사랑리327-1,"41590370","41590370","4159037027","327-1",KT, ,"37.072665","126.823878","184338.010372098","497091.728997823","1",CTM002, 
4118,AE134,1487,스마트도시과,CTV001,사랑-01498,사랑리374-10,"41590370","41590370","4159037027","374-10",자가망, ,"37.075576","126.820481","184036.535473859","497415.332376223","1",CTM002, 
4119,AE134,1488,스마트도시과,CTV001,사랑-01499,사랑리382-3,"41590370","41590370","4159037027","382-3",자가망, ,"37.07459","126.821303","184109.424941012","497305.76913194","1",CTM002, 
4120,AE134,1489,스마트도시과,CTV001,사랑-01500,사랑리산84-1,"41590370","41590370","4159037027",산84-1,KT, ,"37.076366","126.817167","183742.028941333","497503.51222467","1",CTM002, 
4121,AE134,1527,스마트도시과,CTV001,사랑-01538,사랑리58-2,"41590370","41590370","4159037027","58-2",자가망, ,"37.071624","126.835773","185395.597433132","496974.28360603","1",CTM002, 
4122,AE134,3433,스마트도시과,CTV001,사랑-03476,장안남산체육공원2-검지1,"41590370","41590370","4159037027",산38-1,자가망, ,"37.07782","126.834323","185267.859125922","497662.14541567","2",CTM002, 
4124,AE134,3788,스마트도시과,CTV001,사랑-3802,사랑리138-14-어안(20차),"41590370","41590370","4159037027","138-14",KT, ,"37.078742","126.830439","184922.694764252","497765.039663731","1",CTM002, 
4126,AE134,1429,스마트도시과,CTV001,금의-01440,금의리150-1,"41590370","41590370","4159037028","150-1",KT, ,"37.115332","126.826499","184579.736164852","501826.44235203","1",CTM002, 
4127,AE134,1430,스마트도시과,CTV001,금의-01441,금의리571-39,"41590370","41590370","4159037028","571-39",KT, ,"37.117411","126.825679","184507.256449774","502057.27770339","1",CTM002, 
4128,AE134,1431,스마트도시과,CTV001,금의-01442,금의리410-3,"41590370","41590370","4159037028","410-3",KT, ,"37.107817","126.822993","184266.577382203","500993.043643051","1",CTM002, 
4129,AE134,1432,스마트도시과,CTV001,금의-01443,금의리756-19,"41590370","41590370","4159037028","410-3",KT, ,"37.113063","126.826501","184579.4698092","501574.630771329","1",CTM002, 
4130,AE134,1433,스마트도시과,CTV001,금의-01444,금의리776,"41590370","41590370","4159037028","593-31",KT, ,"37.1091","126.8323","185094.091127794","501133.889413065","1",CTM002, 
4131,AE134,1434,스마트도시과,CTV001,금의-01445,금의리산7-2,"41590370","41590370","4159037028",산7-2,KT, ,"37.113039","126.816787","183716.096719057","501573.575595724","1",CTM002, 
4132,AE134,1442,스마트도시과,CTV001,금의-01453,금의리756-3,"41590370","41590370","4159037028","756-3",KT, ,"37.109823","126.815611","183610.872191082","501216.922095729","1",CTM002, 
4133,AE134,1376,스마트도시과,CTV001,사곡-01387,사곡리기린주택앞삼거리,"41590370","41590370","4159037029","387",자가망, ,"37.077492","126.808051","182931.662054606","497630.128715794","3",CTM002, 
4134,AE134,1383,스마트도시과,CTV001,사곡-01394,대명볼링장앞,"41590370","41590370","4159037029","83-9",자가망, ,"37.078532","126.815177","183565.515471045","497744.292219173","4",CTM002, 
4135,AE134,1386,스마트도시과,CTV001,사곡-01397,사곡사거리,"41590370","41590370","4159037029","176-9",자가망, ,"37.074337","126.815729","183613.678012263","497278.625734367","5",CTM002, 
4136,AE134,1405,스마트도시과,CTV001,사곡-01416,해마루전원주택삼거리,"41590370","41590370","4159037029","94-50",자가망, ,"37.07561","126.807312","182865.515014729","497421.407647832","5",CTM002, 
2732,AE134,2571,스마트도시과,CTV001,남양(뉴)-02599,남양리2394,"41590262","41590262","4159026221","2394",남양뉴타운자가망, ,"37.208426","126.836761","185509.556894856","512156.471846541","3",CTM002, 
2733,AE134,2572,스마트도시과,CTV001,남양(뉴)-02600,남양리2194-1,"41590262","41590262","4159026221","2194-1",남양뉴타운자가망, ,"37.206823","126.839349","185738.987392412","511978.164490763","3",CTM002, 
2735,AE134,2574,스마트도시과,CTV001,남양(뉴)-02602,남양리산72,"41590262","41590262","4159026221",산72,남양뉴타운자가망, ,"37.206014","126.835626","185408.35832766","511888.95825321","3",CTM002, 
2736,AE134,2575,스마트도시과,CTV001,남양(뉴)-02603,남양리산80,"41590262","41590262","4159026221",산80,남양뉴타운자가망, ,"37.204783","126.83805","185623.305910376","511752.006342733","3",CTM002, 
2737,AE134,2576,스마트도시과,CTV001,남양(뉴)-02604,남양리2209-1,"41590262","41590262","4159026221","2209-1",남양뉴타운자가망, ,"37.204022","126.839771","185775.91391009","511667.285965746","4",CTM002, 
2738,AE134,2577,스마트도시과,CTV001,남양(뉴)-02605,남양리산89-1,"41590262","41590262","4159026221",산89-1,남양뉴타운자가망, ,"37.202217","126.842282","185998.49931854","511466.590248433","3",CTM002, 
2739,AE134,2578,스마트도시과,CTV001,남양(뉴)-02606,남양리1392-14,"41590262","41590262","4159026221","1392-14",남양뉴타운자가망, ,"37.213795","126.827544","184692.491386332","512753.782172293","3",CTM002, 
2740,AE134,2579,스마트도시과,CTV001,남양(뉴)-02607,남양리1376-1,"41590262","41590262","4159026221","1376-1",남양뉴타운자가망, ,"37.212759","126.827331","184673.393225885","512638.806158762","4",CTM002, 
2741,AE134,2580,스마트도시과,CTV001,남양(뉴)-02608,남양리1371-1,"41590262","41590262","4159026221","1371-1",남양뉴타운자가망, ,"37.212628","126.825492","184510.104425769","512624.599984558","3",CTM002, 
2742,AE134,2581,스마트도시과,CTV001,남양(뉴)-02609,남양리1369-5,"41590262","41590262","4159026221","1369-5",남양뉴타운자가망, ,"37.212249","126.82483","184451.23864871","512582.613092083","4",CTM002, 
2743,AE134,2582,스마트도시과,CTV001,남양(뉴)-02610,남양리1580,"41590262","41590262","4159026221","1580",남양뉴타운자가망, ,"37.210818","126.825666","184525.144119723","512423.705738423","3",CTM002, 
2744,AE134,2583,스마트도시과,CTV001,남양(뉴)-02611,남양리1588-2,"41590262","41590262","4159026221","1588-2",남양뉴타운자가망, ,"37.21074","126.82386","184364.81764838","512415.345675055","3",CTM002, 
2745,AE134,2584,스마트도시과,CTV001,남양(뉴)-02612,남양리1306-5,"41590262","41590262","4159026221","1306-5",남양뉴타운자가망, ,"37.20945","126.82205","184203.918627675","512272.46831433","3",CTM002, 
2746,AE134,2585,스마트도시과,CTV001,남양(뉴)-02613,남양리1278-1,"41590262","41590262","4159026221","1278-1",남양뉴타운자가망, ,"37.210855","126.821012","184112.072972661","512428.549012593","3",CTM002, 
2747,AE134,2586,스마트도시과,CTV001,남양(뉴)-02614,남양리1291,"41590262","41590262","4159026221","1292-3",남양뉴타운자가망, ,"37.208328","126.819898","184012.637433164","512148.274527916","4",CTM002, 
2748,AE134,2587,스마트도시과,CTV001,남양(뉴)-02615,남양리1194,"41590262","41590262","4159026221","1194",남양뉴타운자가망, ,"37.208979","126.818922","183926.124289187","512220.694326073","4",CTM002, 
2749,AE134,2588,스마트도시과,CTV001,남양(뉴)-02616,남양리1184,"41590262","41590262","4159026221","1184",남양뉴타운자가망, ,"37.207873","126.818536","183891.656095336","512098.07509739","3",CTM002, 
2750,AE134,2589,스마트도시과,CTV001,남양(뉴)-02617,남양리1556,"41590262","41590262","4159026221","1556",남양뉴타운자가망, ,"37.211217","126.8285","184776.820933854","512467.480163791","4",CTM002, 
2751,AE134,2590,스마트도시과,CTV001,남양(뉴)-02618,남양리1593,"41590262","41590262","4159026221","1593",남양뉴타운자가망, ,"37.209255","126.826288","184580.055807007","512250.07327289","5",CTM002, 
2753,AE134,2592,스마트도시과,CTV001,남양(뉴)-02620,남양리1602,"41590262","41590262","4159026221","1602",남양뉴타운자가망, ,"37.206176","126.827255","184665.279707285","511908.248126895","4",CTM002, 
2754,AE134,2593,스마트도시과,CTV001,남양(뉴)-02621,남양리1609-1,"41590262","41590262","4159026221","1609-1",남양뉴타운자가망, ,"37.207682","126.826226","184574.21440306","512075.564687167","4",CTM002, 
2755,AE134,2594,스마트도시과,CTV001,남양(뉴)-02622,남양리1609-8,"41590262","41590262","4159026221","1609-8",남양뉴타운자가망, ,"37.207512","126.825749","184531.82788243","512056.731190916","4",CTM002, 
2756,AE134,2595,스마트도시과,CTV001,남양(뉴)-02623,남양리1606-19,"41590262","41590262","4159026221","1606-19",남양뉴타운자가망, ,"37.206525","126.82665","184611.679720377","511947.089840745","4",CTM002, 
2757,AE134,2596,스마트도시과,CTV001,남양(뉴)-02624,남양리1606-8,"41590262","41590262","4159026221","1606-7",남양뉴타운자가망, ,"37.206403","126.825124","184476.146680299","511933.832378009","4",CTM002, 
2758,AE134,2597,스마트도시과,CTV001,남양(뉴)-02625,남양리1644-4,"41590262","41590262","4159026221","1644-4",남양뉴타운자가망, ,"37.205916","126.824928","184458.665470936","511879.783116718","4",CTM002, 
2759,AE134,2598,스마트도시과,CTV001,남양(뉴)-02626,남양리산61,"41590262","41590262","4159026221",산61,남양뉴타운자가망, ,"37.210837","126.831242","185020.157101248","512424.873708874","4",CTM002, 
2760,AE134,2599,스마트도시과,CTV001,남양(뉴)-02627,남양리1653-8,"41590262","41590262","4159026221","1653-8",남양뉴타운자가망, ,"37.206403","126.823179","184303.549862637","511934.086106728","4",CTM002, 
2761,AE134,2600,스마트도시과,CTV001,남양(뉴)-02628,남양리1545-3,"41590262","41590262","4159026221","1545-3",남양뉴타운자가망, ,"37.211874","126.829446","184860.923918609","512540.280579149","3",CTM002, 
2762,AE134,2601,스마트도시과,CTV001,남양(뉴)-02629,남양리1762-1,"41590262","41590262","4159026221","1762-1",남양뉴타운자가망, ,"37.205222","126.824295","184402.348144084","511802.810346048","5",CTM002, 
2763,AE134,2602,스마트도시과,CTV001,남양(뉴)-02630,남양리1647-6,"41590262","41590262","4159026221","1647-5",남양뉴타운자가망, ,"37.204942","126.823753","184354.193802523","511771.891401527","3",CTM002, 
2764,AE134,2603,스마트도시과,CTV001,남양(뉴)-02631,남양리1419-15,"41590262","41590262","4159026221","1419-15",남양뉴타운자가망, ,"37.21196","126.830792","184980.453113359","512549.632906575","4",CTM002, 
2765,AE134,2604,스마트도시과,CTV001,남양(뉴)-02632,남양리1646-11,"41590262","41590262","4159026221","1646-3",남양뉴타운자가망, ,"37.20598","126.823352","184318.775272647","511887.112305108","4",CTM002, 
2766,AE134,2605,스마트도시과,CTV001,남양(뉴)-02633,남양리1648,"41590262","41590262","4159026221","1648",남양뉴타운자가망, ,"37.205123","126.822636","184255.063870194","511792.17854243","4",CTM002, 
2767,AE134,2606,스마트도시과,CTV001,남양(뉴)-02634,남양리1672-8,"41590262","41590262","4159026221","1672-8",남양뉴타운자가망, ,"37.205506","126.821556","184159.261072232","511834.816809521","5",CTM002, 
2768,AE134,2607,스마트도시과,CTV001,남양(뉴)-02635,남양리1652-2,"41590262","41590262","4159026221","1652-2",남양뉴타운자가망, ,"37.207183","126.821073","184116.700368643","512021.047271512","3",CTM002, 
2769,AE134,2608,스마트도시과,CTV001,남양(뉴)-02636,남양리1679-2,"41590262","41590262","4159026221","1679-2",남양뉴타운자가망, ,"37.206642","126.820117","184031.740324389","511961.177936187","5",CTM002, 
2771,AE134,2610,스마트도시과,CTV001,남양(뉴)-02638,남양리1745,"41590262","41590262","4159026221","1745",남양뉴타운자가망, ,"37.205336","126.820358","184052.859180032","511816.195306912","4",CTM002, 
3491,AE134,954,스마트도시과,CTV001,고정-00964,고정리1158(218),"41590340","41590125","4159034025","218",KT, ,"37.245961","126.748608","177695.458279563","516339.25840275","1",CTM002, 
3492,AE134,955,스마트도시과,CTV001,고정-00965,고정리1158(350-83),"41590340","41590125","4159034025","1158",KT, ,"37.235555","126.75656","178397.991278838","515182.561314678","1",CTM002, 
3493,AE134,960,스마트도시과,CTV001,고정-00970,고정리1162,"41590340","41590125","4159034025","1162",KT, ,"37.244384","126.739522","176888.836930254","516166.481623047","1",CTM002, 
3495,AE134,993,스마트도시과,CTV001,고정-01003,고정리1162(535),"41590340","41590125","4159034025","535",KT, ,"37.242296","126.741922","177101.130394695","515934.150335334","1",CTM002, 
3496,AE134,996,스마트도시과,CTV001,고정-01006,고정리133-1(131),"41590340","41590125","4159034025","133-1",KT, ,"37.253374","126.751646","177967.129723572","517161.335455357","1",CTM002, 
3497,AE134,997,스마트도시과,CTV001,고정-01007,고정리498-1,"41590340","41590125","4159034025","498-1",자가망, ,"37.243746","126.744623","177341.216321802","516094.467269919","1",CTM002, 
3498,AE134,998,스마트도시과,CTV001,고정-01008,고정리690-1,"41590340","41590125","4159034025","690-1",KT, ,"37.245281","126.740511","176976.852132268","516265.816421182","1",CTM002, 
3499,AE134,999,스마트도시과,CTV001,고정-01009,고정리705,"41590340","41590125","4159034025","705",자가망, ,"37.244466","126.738652","176811.670104402","516175.750542366","1",CTM002, 
3500,AE134,1000,스마트도시과,CTV001,고정-01010,고정리714-4,"41590340","41590125","4159034025","714-4",자가망, ,"37.243964","126.736977","176662.880421602","516120.460048204","1",CTM002, 
3501,AE134,3682,스마트도시과,CTV001,고정-3696,고정리320-검지(20차),"41590340","41590125","4159034025","320",자가망, ,"37.239596","126.757374","178471.353360332","515630.832416524","1",CTM002, 
3502,AE134,3683,스마트도시과,CTV001,고정-3697,고정리167-검지(20차),"41590340","41590125","4159034025","167",자가망, ,"37.248295","126.745967","177461.816652479","516599.024951082","4",CTM002, 
3503,AE134,3684,스마트도시과,CTV001,고정-3698,고정리240-검지(20차),"41590340","41590125","4159034025","240",자가망, ,"37.242694","126.749866","177806.120046172","515976.410607253","1",CTM002, 
3504,AE134,3685,스마트도시과,CTV001,고정-3699,고정리102-5-검지(20차),"41590340","41590125","4159034025","102-5",자가망, ,"37.250308","126.749598","177784.519491524","516821.563593866","1",CTM002, 
3505,AE134,3686,스마트도시과,CTV001,고정-3700,고정리349-회전(20차),"41590340","41590125","4159034025","349",자가망, ,"37.238291","126.755744","178326.38507393","515486.394365575","1",CTM002, 
3506,AE134,3687,스마트도시과,CTV001,고정-3701,고정리186-2-검지(20차),"41590340","41590125","4159034025","186-2",자가망, ,"37.24826","126.745434","177414.518247897","516595.188797636","1",CTM002, 
3507,AE134,3688,스마트도시과,CTV001,고정-3702,고정리471-회전(20차),"41590340","41590125","4159034025","471",자가망, ,"37.24263","126.749059","177734.4985052","515969.518300417","1",CTM002, 
3508,AE134,903,스마트도시과,CTV001,쌍정-00913,쌍정2리버스정류장,"41590340","41590125","4159034026","955-2",자가망, ,"37.234468","126.729953","176036.625894618","515068.305289117","3",CTM002, 
3509,AE134,923,스마트도시과,CTV001,쌍정-00933,쌍정리28-6,"41590340","41590125","4159034026","28-6",KT, ,"37.237776","126.732897","176298.912057386","515434.6962898","1",CTM002, 
3510,AE134,939,스마트도시과,CTV001,천등-00949,천등리632,"41590340","41590125","4159034027","64",자가망, ,"37.242782","126.711912","174438.537095547","515995.774037636","1",CTM002, 
3512,AE134,962,스마트도시과,CTV001,쌍정-00972,쌍정리1258-3,"41590340","41590125","4159034026","1258-3",자가망, ,"37.234429","126.732768","176286.4303811","515063.288219106","1",CTM002, 
3513,AE134,963,스마트도시과,CTV001,쌍정-00973,쌍정리168-8,"41590340","41590125","4159034026","168-8",자가망, ,"37.235452","126.734158","176410.10099261","515176.455998385","1",CTM002, 
3514,AE134,964,스마트도시과,CTV001,쌍정-00974,쌍정리279-1,"41590340","41590125","4159034026","279-1",KT, ,"37.233781","126.72584","175671.467269369","514993.185658745","1",CTM002, 
3515,AE134,965,스마트도시과,CTV001,쌍정-00975,쌍정리산34,"41590340","41590125","4159034026",산34,KT, ,"37.230816","126.724089","175515.076355497","514664.540044172","1",CTM002, 
3516,AE134,3729,스마트도시과,CTV001,천등-3743,천등리523-검지(20차),"41590340","41590125","4159034027","523",KT, ,"37.23166","126.713799","174602.220007895","514760.872645847","1",CTM002, 
3517,AE134,916,스마트도시과,CTV001,천등-00926,천등3리버스정류장,"41590340","41590125","4159034027","280-3",자가망, ,"37.241509","126.702021","173560.508601171","515857.207300819","3",CTM002, 
3518,AE134,935,스마트도시과,CTV001,천등-00945,천등리102,"41590340","41590125","4159034027","102",KT, ,"37.243763","126.709342","174210.854155895","516105.347130075","1",CTM002, 
3519,AE134,936,스마트도시과,CTV001,천등-00946,천등리29,"41590340","41590125","4159034027","29",자가망, ,"37.244191","126.713806","174607.052199435","516151.672124863","1",CTM002, 
3520,AE134,937,스마트도시과,CTV001,쌍정-00947,쌍정리441,"41590340","41590125","4159034026","441",KT, ,"37.24281","126.716935","174884.234954861","515997.502742079","1",CTM002, 
3521,AE134,938,스마트도시과,CTV001,천등-00948,천등리638,"41590340","41590125","4159034027","638",자가망, ,"37.242416","126.700704","173443.969729558","515958.206041805","1",CTM002, 
3522,AE134,940,스마트도시과,CTV001,천등-00950,천등리644,"41590340","41590125","4159034027","644",KT, ,"37.233381","126.707639","174056.206743147","514953.639674054","1",CTM002, 
3523,AE134,987,스마트도시과,CTV001,천등-00997,천등리226,"41590340","41590125","4159034027","226",자가망, ,"37.242386","126.707776","174071.431599574","515952.991809742","1",CTM002, 
3524,AE134,988,스마트도시과,CTV001,천등-00998,천등리369-4,"41590340","41590125","4159034027","369-4",KT, ,"37.241294","126.701576","173520.920243889","515833.457183861","1",CTM002, 
3525,AE134,989,스마트도시과,CTV001,천등-00999,천등리423-2,"41590340","41590125","4159034027","423-2",KT, ,"37.236917","126.699281","173315.761861198","515348.38858464","1",CTM002, 
3526,AE134,990,스마트도시과,CTV001,천등-01000,천등리산151,"41590340","41590125","4159034027",산151,KT, ,"37.228009","126.710392","174298.684117549","514356.652904781","1",CTM002, 
3527,AE134,3691,스마트도시과,CTV001,독지-3705,독지리860-1-검지(20차),"41590340","41590125","4159034029","860-1",자가망, ,"37.242424","126.700656","173439.722576132","515959.151732782","3",CTM002, 
3529,AE134,3730,스마트도시과,CTV001,천등-3744,천등리469-12-어안(20차),"41590340","41590125","4159034027","469-12",자가망, ,"37.233208","126.707002","173999.590153064","514934.56902166","1",CTM002, 
3530,AE134,921,스마트도시과,CTV001,신천-00931,신천리340-5,"41590340","41590125","4159034028","340-5",자가망, ,"37.249877","126.719094","175078.11042679","516781.269728259","1",CTM002, 
3531,AE134,922,스마트도시과,CTV001,신천-00932,신천리383-1,"41590340","41590125","4159034028","383-1",자가망, ,"37.248402","126.717631","174947.8159797","516617.912097333","1",CTM002, 
3532,AE134,958,스마트도시과,CTV001,신천-00968,신천리216-3,"41590340","41590125","4159034028","216-3",KT, ,"37.252801","126.715183","174732.147990503","517106.831072618","1",CTM002, 
3533,AE134,959,스마트도시과,CTV001,신천-00969,신천리228,"41590340","41590125","4159034028","228",KT, ,"37.25207","126.713352","174569.410121206","517026.169904549","1",CTM002, 
4137,AE134,1407,스마트도시과,CTV001,사곡-01418,영우카센터앞,"41590370","41590370","4159037029",산60-2,자가망, ,"37.071964","126.813642","183427.558102003","497015.627388879","3",CTM002, 
4138,AE134,1417,스마트도시과,CTV001,사곡-01428,사곡리314-5,"41590370","41590370","4159037029","314-5",KT, ,"37.062932","126.815198","183563.999823091","496013.020887487","1",CTM002, 
4139,AE134,1418,스마트도시과,CTV001,사곡-01429,사곡리841,"41590370","41590370","4159037029","770-1",KT, ,"37.05954","126.803335","182508.16890923","495638.689228729","1",CTM002, 
4140,AE134,1419,스마트도시과,CTV001,사곡-01430,사곡리산115,"41590370","41590370","4159037029",산115,KT, ,"37.064571","126.8154","183582.336451321","496194.919366181","1",CTM002, 
4141,AE134,1469,스마트도시과,CTV001,사곡-01480,사곡리130-21,"41590370","41590370","4159037029","130-21",자가망, ,"37.075949","126.81145","183233.512672874","497458.227291426","1",CTM002, 
4142,AE134,1470,스마트도시과,CTV001,사곡-01481,사곡리267-1,"41590370","41590370","4159037029","267-1",KT, ,"37.059679","126.823679","184317.622956541","495650.599282544","1",CTM002, 
4143,AE134,1471,스마트도시과,CTV001,사곡-01482,사곡리272-7,"41590370","41590370","4159037029","272-7",KT, ,"37.063842","126.821189","184097.03482417","496113.029357149","1",CTM002, 
4144,AE134,1472,스마트도시과,CTV001,사곡-01483,사곡리451-8,"41590370","41590370","4159037029","451-8",KT, ,"37.068518","126.809342","183044.466254469","496633.998198736","1",CTM002, 
4145,AE134,1473,스마트도시과,CTV001,사곡-01484,사곡리472-2,"41590370","41590370","4159037029","472-2",KT, ,"37.066798","126.807621","182891.005886259","496443.394850263","1",CTM002, 
4146,AE134,1474,스마트도시과,CTV001,사곡-01485,사곡리830-30,"41590370","41590370","4159037029","830-30",KT, ,"37.059702","126.817388","183758.074832259","495654.208047941","1",CTM002, 
4147,AE134,1475,스마트도시과,CTV001,사곡-01486,사곡리212-15,"41590370","41590370","4159037029","212-15",KT, ,"37.066185","126.814837","183532.593643701","496374.129169315","1",CTM002, 
4149,AE134,1477,스마트도시과,CTV001,사곡-01488,사곡리454,"41590370","41590370","4159037029","454",KT, ,"37.067159","126.809973","183100.300310785","496483.0585571","1",CTM002, 
4150,AE134,1479,스마트도시과,CTV001,사곡-01490,사곡리855,"41590370","41590370","4159037029","198-10",KT, ,"37.069423","126.814458","183499.577181079","496733.48300832","1",CTM002, 
4151,AE134,1480,스마트도시과,CTV001,사곡-01491,사곡리892-8,"41590370","41590370","4159037029","892-8",KT, ,"37.066018","126.803497","182524.099140307","496357.570223262","1",CTM002, 
4152,AE134,1481,스마트도시과,CTV001,사곡-01492,사곡리9-1,"41590370","41590370","4159037029","9-1",KT, ,"37.076711","126.814147","183473.545910806","497542.430854418","1",CTM002, 
4153,AE134,1482,스마트도시과,CTV001,사곡-01493,사곡리산42-13,"41590370","41590370","4159037029",산42-13,KT, ,"37.071835","126.816701","183699.603485844","497000.800867358","1",CTM002, 
4154,AE134,1483,스마트도시과,CTV001,사곡-01494,사곡리산80-7,"41590370","41590370","4159037029",산80-7,KT, ,"37.0613","126.801361","182333.013627315","495834.354986491","1",CTM002, 
4155,AE134,1484,스마트도시과,CTV001,사곡-01495,사곡리산82-4,"41590370","41590370","4159037029","585-19",KT, ,"37.064056","126.801408","182337.868327112","496140.204307144","1",CTM002, 
4156,AE134,1543,스마트도시과,CTV001,사곡-01554,사곡리108-1-고정,"41590370","41590370","4159037029","108-1",KT, ,"37.075605","126.809249","183037.751817111","497420.518615905","1",CTM002, 
4157,AE134,3797,스마트도시과,CTV001,사곡-3811,사곡리476-36-검지(20차),"41590370","41590370","4159037029","476-36",KT, ,"37.066741","126.804684","182629.786999732","496437.627236211","1",CTM002, 
4158,AE134,4053,스마트도시과,CTV001,사곡-04069,사곡리267-1-검지(23차),"41590370","41590370","4159037029","267-84",KT, ,"37.062654","126.822675","184228.914132388","495980.91665034","2",CTM002, 
4159,AE134,4124,스마트도시과,CTV001,사곡-04138,사곡리9-2(24차),"41590370","41590370","4159037029","9-2",kt, ,"37.077352","126.814287","183486.120554351","497613.465446287","4",CTM002, 
4160,AE134,4355,스마트도시과,CTV001,사곡-04372,사곡리178-22(사곡-04372),"41590370","41590370","4159037029","178-22",KT, ,"37.07321","126.816124","183648.587250496","497153.496322642","4",CTM002, 
4161,AE134,1380,스마트도시과,CTV001,노진-01391,노진3리입구인근,"41590370","41590370","4159037030","930-16",KT, ,"37.036401","126.817253","183741.142883465","493068.316362316","3",CTM002, 
4163,AE134,1382,스마트도시과,CTV001,노진-01393,노진초교버스정류장,"41590370","41590370","4159037030",산47-8,자가망, ,"37.052493","126.809538","183058.325195298","494855.540089752","5",CTM002, 
4164,AE134,1415,스마트도시과,CTV001,노진-01426,노진낚시터,"41590370","41590370","4159037030","1459-1",KT, ,"37.025515","126.81788","183794.614017553","491860.12095053","3",CTM002, 
4165,AE134,1416,스마트도시과,CTV001,노진-01427,노진리197,"41590370","41590370","4159037030","197",KT, ,"37.044207","126.818956","183894.262073135","493934.303098187","1",CTM002, 
4167,AE134,1436,스마트도시과,CTV001,노진-01447,노진리159-1,"41590370","41590370","4159037030","159-1",KT, ,"37.047835","126.822028","184168.336922419","494336.395581559","1",CTM002, 
4168,AE134,1437,스마트도시과,CTV001,노진-01448,노진리821,"41590370","41590370","4159037030","821",KT, ,"37.041863","126.815829","183615.641910811","493674.681033959","1",CTM002, 
4169,AE134,1438,스마트도시과,CTV001,노진-01449,노진리824,"41590370","41590370","4159037030","824",KT, ,"37.043619","126.815366","183574.839214011","493869.617105992","1",CTM002, 
4170,AE134,1439,스마트도시과,CTV001,노진-01450,노진리86,"41590370","41590370","4159037030","86",KT, ,"37.050092","126.821634","184133.731481036","494586.995730869","1",CTM002, 
4171,AE134,1440,스마트도시과,CTV001,노진-01451,노진리954,"41590370","41590370","4159037030","954",KT, ,"37.050015","126.813909","183446.603188586","494579.689388374","1",CTM002, 
4172,AE134,1443,스마트도시과,CTV001,노진-01454,노진리422-5,"41590370","41590370","4159037030","422-5",KT, ,"37.045385","126.81391","183445.624390342","494065.84686454","1",CTM002, 
4173,AE134,1444,스마트도시과,CTV001,노진-01455,노진리571,"41590370","41590370","4159037030","571",KT, ,"37.047644","126.812892","183355.584339779","494316.803013522","1",CTM002, 
4174,AE134,1445,스마트도시과,CTV001,노진-01456,노진리930-6,"41590370","41590370","4159037030","930-6",KT, ,"37.032716","126.81918","183911.773755939","492658.966649226","1",CTM002, 
4175,AE134,1446,스마트도시과,CTV001,노진-01457,노진리산76-1,"41590370","41590370","4159037030",산76-1,KT, ,"37.050353","126.819528","183946.432828774","494616.292474832","1",CTM002, 
4176,AE134,2040,스마트도시과,CTV001,노진-02058,노진리381,"41590370","41590370","4159037030","381",KT, ,"37.04972","126.815178","183559.350387611","494546.752849262","1",CTM002, 
4177,AE134,2191,스마트도시과,CTV001,노진-02209,노진리373,"41590370","41590370","4159037030","373",KT, ,"37.050639","126.814519","183501.008793741","494648.845196103","1",CTM002, 
4178,AE134,2270,스마트도시과,CTV001,노진-02289,노진초등학교,"41590370","41590370","4159037030","506-6",자가망, ,"37.051854","126.808201","182939.206288558","494784.854906678","3",CTM002, 
4179,AE134,4123,스마트도시과,CTV001,노진-04137,노진리949(24차),"41590370","41590370","4159037030","834-1",kt, ,"37.042913","126.817491","183763.650811235","493790.923683319","4",CTM002, 
4180,AE134,1064,스마트도시과,CTV001,신왕-01075,신왕2리진입로,"41590400","41590400","4159040021","214-1",KT, ,"37.069604","126.952042","195735.0421112","496738.5460866","1",CTM002, 
145,AE134,2369,스마트도시과,CTV001,병점-02389,산길어린이집옆공원,"41590530","41590117","4159011700","490-2",자가망, ,"37.201949","127.041352","203671.07995528","511425.940897535","3",CTM001, 
162,AE134,3998,스마트도시과,CTV001,병점-04014,병점동377-8-검지(23차),"41590530","41590117","4159011700","377-8",KT, ,"37.206199","127.034911","203099.101767986","511897.426474548","2",CTM001, 
761,AE134,2809,스마트도시과,CTV001,반송-02837,반송동34-2주택가,"41590586","41590127","4159012700","227-2",동탄1자가망, ,"37.209748","127.064335","205710.815806152","512292.645770537","1",CTM001, 
779,AE134,2879,스마트도시과,CTV001,반송-02908,동탄고교앞삼거리,"41590585","41590127","4159012700","244-1",동탄1자가망, ,"37.203361","127.059546","205286.131454017","511583.495487577","1",CTM001, 
2019,AE134,1058,스마트도시과,CTV001,화산-01069,화산리53,"41590356","41590256","4159025631","1175(53)",KT, ,"37.071547","126.804499","182614.473930356","496971.034374561","1",CTM002, 
2037,AE134,1371,스마트도시과,CTV001,화산-01382,화산리산14-고정,"41590356","41590256","4159025631",산14,자가망, ,"37.0753","126.80694","182832.369109171","497387.072321714","1",CTM002, 
2054,AE134,1216,스마트도시과,CTV001,조암-01227,조암우정초교정문,"41590356","41590256","4159025632","707-2",자가망, ,"37.080856","126.800648","182274.160883514","498004.778513962","1",CTM002, 
1382,AE134,4251,스마트도시과,CTV001,산척-04265,장지동산120-64-검지2,"41590610","41590135","4159013500",산 120-64,동탄3자가망, ,"37.165467","127.110292","209795.99999993","507382.000102196","3",CTM001, 
1401,AE134,3114,스마트도시과,CTV001,송-03149,워터프론트01,"41590610","41590137","4159013700",산49-44,동탄2자가망, ,"37.171615","127.096611","208580.14236323","508063.030729396","1",CTM001, 
172,AE134,4509,스마트도시과,CTV001,병점-04526,병점근린공원북측1,"41590530","41590117","4159011700","756-266",자가망, ,"37.200422","127.030722","202727.455436404","511256.164781611","4",CTM001, 
190,AE134,438,스마트도시과,CTV001,병점-00442,병점도서관야외음악당,"41590540","41590117","4159011700","823",KT, ,"37.211814","127.047045","204175.874357843","512521.076014114","1",CTM001, 
207,AE134,2247,스마트도시과,CTV001,병점-02266,태안초교_옆,"41590540","41590117","4159011700","843-2",KT, ,"37.211097","127.040399","203586.05268036","512441.207785496","1",CTM001, 
804,AE134,2664,스마트도시과,CTV001,반송-02692,잎새지하차도4-차도,"41590585","41590127","4159012700","19-3",LG, ,"37.2105","127.069548","206173.50662951","512376.43089378","1",CTM001, 
821,AE134,2758,스마트도시과,CTV001,석우-02786,석우동24-5신성전자삼거리,"41590585","41590128","4159012800","89",동탄1자가망, ,"37.219941","127.071947","206385.64802836","513424.312676495","1",CTM001, 
2056,AE134,1220,스마트도시과,CTV001,조암-01231,조암리어린이공원내,"41590356","41590256","4159025632","266-51",자가망, ,"37.084755","126.81868","183878.354413887","498434.315335397","1",CTM002, 
2073,AE134,1317,스마트도시과,CTV001,조암-01328,조암리657-3,"41590356","41590256","4159025632","657-3",KT, ,"37.083606","126.797139","181962.782389654","498310.6719927","1",CTM002, 
2090,AE134,2274,스마트도시과,CTV001,조암-02293,신우정유치원진입로,"41590356","41590256","4159025632","384-34",KT, ,"37.087729","126.815506","183596.726263535","498764.961423616","3",CTM002, 
1420,AE134,3136,스마트도시과,CTV001,송-03171,워터프론트23,"41590610","41590137","4159013700","135",동탄2자가망, ,"37.166964","127.098984","208791.440947789","507547.035031967","1",CTM001, 
1438,AE134,3262,스마트도시과,CTV001,송-03304,송동681-611,"41590610","41590137","4159013700","681-611",동탄2자가망, ,"37.171889","127.100327","208910.175420572","508093.824409481","4",CTM001, 
227,AE134,2731,스마트도시과,CTV001,능-02759,한마음초교후문도로,"41590587","41590118","4159011800","1230",동탄1자가망, ,"37.208915","127.055607","204936.115285008","512199.674417948","1",CTM001, 
245,AE134,2886,스마트도시과,CTV001,능-02915,능동547-2구봉산등산로,"41590587","41590118","4159011800","1128",동탄1자가망, ,"37.20516","127.051485","204570.432947534","511782.743045507","1",CTM001, 
850,AE134,2964,스마트도시과,CTV001,석우-02993,석우동212동탄보건소뒤삼거리,"41590585","41590128","4159012800","121",동탄1자가망, ,"37.208212","127.078581","206975.526074585","512123.176194203","1",CTM001, 
869,AE134,4484,스마트도시과,CTV001,석우-04501,반석산및오산천둘레길17(석우-04501),"41590585","41590128","4159012800","559-6",동탄1자가망, ,"37.204567","127.080283","207126.964548191","511718.693750599","3",CTM001, 
2104,AE134,4046,스마트도시과,CTV001,조암-04062,조암리146-2-검지(23차),"41590356","41590256","4159025632","146-2",KT, ,"37.090426","126.818447","183858.849119779","499063.670438765","2",CTM002, 
2122,AE134,1882,스마트도시과,CTV001,평-01898,평리68-6(69-31),"41590259","41590259","4159025921","68-6",KT, ,"37.131981","126.913052","192273.98294602","503663.631355183","1",CTM002, 
2138,AE134,4453,스마트도시과,CTV001,평-04470,평리30-25(평-04470),"41590259","41590259","4159025921","31-4",자가망, ,"37.134283","126.910517","192048.9667909","503919.320778171","3",CTM002, 
1468,AE134,2712,스마트도시과,CTV001,방교-02740,송방공원앞사거리,"41590600","41590138","4159013800","836-7",동탄1자가망, ,"37.168426","127.089327","207933.583381526","507708.52292438","1",CTM001, 
1486,AE134,4106,스마트도시과,CTV001,방교-04120,방교동755-11(24차),"41590600","41590138","4159013800","755-11",kt, ,"37.18212","127.08922","207922.650176323","509228.276239338","4",CTM001, 
258,AE134,2900,스마트도시과,CTV001,능-02929,능동1160-14주택가,"41590587","41590118","4159011800","1160-17",동탄1자가망, ,"37.197977","127.053059","204710.59747516","510985.662657302","1",CTM001, 
276,AE134,2919,스마트도시과,CTV001,능-02948,능동1100-13주택가진입로(능-02948),"41590587","41590118","4159011800","1215",동탄1자가망, ,"37.214664","127.053694","204765.92355985","512837.64313898","3",CTM001, 
884,AE134,3188,스마트도시과,CTV001,오산-03223,오산동967-1478,"41590600","41590129","4159012900","967-1478",동탄2자가망, ,"37.194491","127.088423","207850.601195994","510601.101895549","5",CTM001, 
903,AE134,3217,스마트도시과,CTV001,오산-03253,오산동497,"41590600","41590129","4159012900","467",동탄2자가망, ,"37.184558","127.10168","209028.812818275","509499.951111528","3",CTM001, 
2153,AE134,1819,스마트도시과,CTV001,발안-01834,발안제일교회입구-검지,"41590259","41590259","4159025922","245-28",자가망, ,"37.128917","126.90071","191176.977608705","503324.681880451","2",CTM002, 
2172,AE134,2237,스마트도시과,CTV001,발안-02256,제암초등학교(발안-02256),"41590259","41590259","4159025922","299",자가망, ,"37.130561","126.902564","191341.949935842","503506.894739979","4",CTM002, 
2772,AE134,2611,스마트도시과,CTV001,남양(뉴)-02639,남양리1747-3,"41590262","41590262","4159026221","1747-3",남양뉴타운자가망, ,"37.204781","126.820012","184022.04478592","511754.614359111","4",CTM002, 
2773,AE134,2612,스마트도시과,CTV001,남양(뉴)-02640,남양리1752-4,"41590262","41590262","4159026221","1752-4",남양뉴타운자가망, ,"37.204135","126.821643","184166.662360485","511682.679813992","4",CTM002, 
2774,AE134,2613,스마트도시과,CTV001,남양(뉴)-02641,남양리1752-5,"41590262","41590262","4159026221","1752-5",남양뉴타운자가망, ,"37.204196","126.820978","184107.658660764","511689.549885643","4",CTM002, 
2775,AE134,2614,스마트도시과,CTV001,남양(뉴)-02642,남양리1799-6,"41590262","41590262","4159026221","1799-6",남양뉴타운자가망, ,"37.202661","126.823532","184334.06815009","511518.767833916","5",CTM002, 
2776,AE134,2615,스마트도시과,CTV001,남양(뉴)-02643,남양리1795,"41590262","41590262","4159026221","1795",남양뉴타운자가망, ,"37.203625","126.82268","184258.631972987","511625.850895483","5",CTM002, 
2778,AE134,2617,스마트도시과,CTV001,남양(뉴)-02645,남양리1460-20,"41590262","41590262","4159026221","1460-20",남양뉴타운자가망, ,"37.204462","126.834106","185273.132759504","511716.948813445","3",CTM002, 
2779,AE134,2618,스마트도시과,CTV001,남양(뉴)-02646,남양리1803-4,"41590262","41590262","4159026221","1803-4",남양뉴타운자가망, ,"37.202167","126.821748","184175.617869643","511464.194910684","4",CTM002, 
2781,AE134,2620,스마트도시과,CTV001,남양(뉴)-02648,남양리1806,"41590262","41590262","4159026221","1806",남양뉴타운자가망, ,"37.201494","126.822153","184211.39542245","511389.447923034","4",CTM002, 
2782,AE134,2621,스마트도시과,CTV001,남양(뉴)-02649,남양리산142-25[1],"41590262","41590262","4159026221",산142-25,남양뉴타운자가망, ,"37.201602","126.821096","184117.625782922","511401.588284359","4",CTM002, 
2783,AE134,2622,스마트도시과,CTV001,남양(뉴)-02650,남양리1813-14,"41590262","41590262","4159026221","1813-14",남양뉴타운자가망, ,"37.201189","126.822356","184229.353548584","511355.553644857","4",CTM002, 
2784,AE134,2623,스마트도시과,CTV001,남양(뉴)-02651,남양리1808-2,"41590262","41590262","4159026221","1808-2",남양뉴타운자가망, ,"37.200595","126.821311","184136.510859351","511289.816018696","3",CTM002, 
2785,AE134,2624,스마트도시과,CTV001,남양(뉴)-02652,남양리1813-4,"41590262","41590262","4159026221","1813-3",남양뉴타운자가망, ,"37.20032","126.823018","184287.979295953","511259.089429361","5",CTM002, 
2786,AE134,2625,스마트도시과,CTV001,남양(뉴)-02653,남양리1791-15,"41590262","41590262","4159026221","1791-15",남양뉴타운자가망, ,"37.201394","126.824595","184428.202219067","511377.923432444","5",CTM002, 
2787,AE134,2626,스마트도시과,CTV001,남양(뉴)-02654,남양리1813-20,"41590262","41590262","4159026221","1813-20",남양뉴타운자가망, ,"37.199056","126.820191","184036.676262752","511119.248047289","3",CTM002, 
2788,AE134,2627,스마트도시과,CTV001,남양(뉴)-02655,남양리1842-7,"41590262","41590262","4159026221","1842-7",남양뉴타운자가망, ,"37.199727","126.823661","184344.905281844","511193.104439616","4",CTM002, 
2789,AE134,2628,스마트도시과,CTV001,남양(뉴)-02656,남양리2319-1,"41590262","41590262","4159026221","2319-1",남양뉴타운자가망, ,"37.199034","126.824945","184458.781368177","511115.993953338","4",CTM002, 
2790,AE134,2629,스마트도시과,CTV001,남양(뉴)-02657,남양리1791-36,"41590262","41590262","4159026221","1791-36",남양뉴타운자가망, ,"37.199867","126.826433","184591.065980687","511208.172661521","4",CTM002, 
2791,AE134,2630,스마트도시과,CTV001,남양(뉴)-02658,남양리2319-3,"41590262","41590262","4159026221","2319-3",남양뉴타운자가망, ,"37.199112","126.826231","184572.958441859","511124.42931093","3",CTM002, 
2792,AE134,2631,스마트도시과,CTV001,남양(뉴)-02659,남양리1852-89,"41590262","41590262","4159026221","1852-89",남양뉴타운자가망, ,"37.199096","126.827364","184673.565895645","511122.440871184","5",CTM002, 
2793,AE134,2632,스마트도시과,CTV001,남양(뉴)-02660,남양리2320-5,"41590262","41590262","4159026221","153524",남양뉴타운자가망, ,"37.198352","126.825974","184549.978478429","511040.14744344","5",CTM002, 
2794,AE134,2633,스마트도시과,CTV001,남양(뉴)-02661,신남리25-36,"41590262","41590262","4159026222","25-36",남양뉴타운자가망, ,"37.196959","126.824014","184375.69579263","510885.843786211","4",CTM002, 
2795,AE134,2634,스마트도시과,CTV001,남양(뉴)-02662,남양리1815-29,"41590262","41590262","4159026221","1815-29",남양뉴타운자가망, ,"37.197349","126.82268","184257.328761533","510929.375093404","3",CTM002, 
2796,AE134,2635,스마트도시과,CTV001,남양(뉴)-02663,남양리1843-4,"41590262","41590262","4159026221","2340",남양뉴타운자가망, ,"37.197496","126.826796","184622.773104906","510944.980315437","4",CTM002, 
2797,AE134,2636,스마트도시과,CTV001,남양(뉴)-02664,남양리산139-49,"41590262","41590262","4159026221",산139-49,남양뉴타운자가망, ,"37.197421","126.826849","184627.489886151","510936.62586092","5",CTM002, 
2798,AE134,2637,스마트도시과,CTV001,남양(뉴)-02665,남양리산131-68,"41590262","41590262","4159026221",산131-68,남양뉴타운자가망, ,"37.196215","126.835168","185365.818456536","510801.520755198","3",CTM002, 
2800,AE134,2639,스마트도시과,CTV001,남양(뉴)-02667,남양리산138,"41590262","41590262","4159026221",산138,남양뉴타운자가망, ,"37.197191","126.828606","184783.414562357","510910.905388996","4",CTM002, 
2801,AE134,2640,스마트도시과,CTV001,남양(뉴)-02668,남양리1852-33,"41590262","41590262","4159026221","1852-33",남양뉴타운자가망, ,"37.196487","126.829541","184866.284636304","510832.62472162","4",CTM002, 
2802,AE134,2641,스마트도시과,CTV001,남양(뉴)-02669,남양리산139-65,"41590262","41590262","4159026221",산139-65,남양뉴타운자가망, ,"37.196328","126.827814","184712.890076827","510815.200411234","4",CTM002, 
2803,AE134,2642,스마트도시과,CTV001,남양(뉴)-02670,남양리2220,"41590262","41590262","4159026221","2220",남양뉴타운자가망, ,"37.203924","126.83956","185757.217557498","511656.430276015","5",CTM002, 
2804,AE134,2643,스마트도시과,CTV001,남양(뉴)-02671,남양리1852-83,"41590262","41590262","4159026221","1852-83",남양뉴타운자가망, ,"37.195859","126.830539","184954.764586348","510762.725079142","3",CTM002, 
2805,AE134,2644,스마트도시과,CTV001,남양(뉴)-02672,남양리산139-47,"41590262","41590262","4159026221","139-47",남양뉴타운자가망, ,"37.195665","126.828905","184809.663296151","510741.477500584","4",CTM002, 
2806,AE134,2645,스마트도시과,CTV001,남양(뉴)-02673,남양리1852-106,"41590262","41590262","4159026221","1852-106",남양뉴타운자가망, ,"37.195253","126.830497","184950.888745274","510695.454844244","4",CTM002, 
2807,AE134,2646,스마트도시과,CTV001,남양(뉴)-02674,남양리1854-25,"41590262","41590262","4159026221","1854-25",남양뉴타운자가망, ,"37.195316","126.831456","185036.106915207","510702.328014435","4",CTM002, 
2808,AE134,2647,스마트도시과,CTV001,남양(뉴)-02675,남양리산139-76,"41590262","41590262","4159026221",산139-76,남양뉴타운자가망, ,"37.194214","126.831335","185025.102043884","510580.034574047","4",CTM002, 
2809,AE134,2648,스마트도시과,CTV001,남양(뉴)-02676,남양리산131-70,"41590262","41590262","4159026221",산131-70,남양뉴타운자가망, ,"37.196376","126.831946","185079.80175127","510819.913323323","4",CTM002, 
2810,AE134,2649,스마트도시과,CTV001,남양(뉴)-02677,남양리131-32,"41590262","41590262","4159026221","131-32",남양뉴타운자가망, ,"37.195531","126.833099","185181.984847345","510725.930943098","4",CTM002, 
2811,AE134,2650,스마트도시과,CTV001,남양(뉴)-02678,남양리1856-7,"41590262","41590262","4159026221","1856-7",남양뉴타운자가망, ,"37.195287","126.832821","185157.290730788","510698.839420103","4",CTM002, 
3534,AE134,961,스마트도시과,CTV001,신천-00971,신천리산36-3,"41590340","41590125","4159034028",산36-3,KT, ,"37.252772","126.718152","174995.470149683","517102.869806619","1",CTM002, 
3535,AE134,1009,스마트도시과,CTV001,신천-01019,신천리163-4,"41590340","41590125","4159034028","163-4",자가망, ,"37.251568","126.721378","175281.307853498","516968.353647835","1",CTM002, 
3536,AE134,1050,스마트도시과,CTV001,신천-01061,신천리631-고정,"41590340","41590125","4159034028","631",자가망, ,"37.246481","126.715809","174785.509560249","516405.300325265","1",CTM002, 
3537,AE134,3717,스마트도시과,CTV001,신천-3731,신천리477-1-검지(20차),"41590340","41590125","4159034028","477-1",자가망, ,"37.246016","126.722268","175358.450074671","516351.970293441","1",CTM002, 
3538,AE134,3718,스마트도시과,CTV001,신천-3732,신천리161-15-검지(20차),"41590340","41590125","4159034028","161-15",자가망, ,"37.251463","126.723574","175476.130068991","516956.100290151","1",CTM002, 
3539,AE134,3719,스마트도시과,CTV001,신천-3733,신천리631-어안(20차),"41590340","41590125","4159034028","631",자가망, ,"37.246948","126.716171","174817.818271873","516456.966162325","1",CTM002, 
3540,AE134,946,스마트도시과,CTV001,독지-00956,독지리712-1,"41590340","41590125","4159034029","712-1",KT, ,"37.25109","126.702097","173570.596491601","516920.515478261","1",CTM002, 
3541,AE134,947,스마트도시과,CTV001,독지-00957,독지리899(183),"41590340","41590125","4159034029","183",자가망, ,"37.253083","126.694475","172895.092886201","517143.811934025","1",CTM002, 
3542,AE134,1007,스마트도시과,CTV001,독지-01017,독지리169-4,"41590340","41590125","4159034029","169-4",자가망, ,"37.253099","126.692495","172719.449691113","517146.189775328","1",CTM002, 
3543,AE134,1008,스마트도시과,CTV001,독지-01018,독지리586-1,"41590340","41590125","4159034029","586-1",자가망, ,"37.250384","126.694773","172920.55024894","516844.209655694","1",CTM002, 
3544,AE134,1012,스마트도시과,CTV001,독지-01022,독지리779-3,"41590340","41590125","4159034029","779-3",KT, ,"37.245899","126.699594","173346.649953912","516345.089547702","1",CTM002, 
3545,AE134,1025,스마트도시과,CTV001,독지-01035,독지리588-4,"41590340","41590125","4159034029","588-4",자가망, ,"37.251886","126.6941","172861.383474051","517011.0763353","1",CTM002, 
3547,AE134,3692,스마트도시과,CTV001,독지-3706,독지리122-검지(20차),"41590340","41590125","4159034029","122",자가망, ,"37.250965","126.689623","172463.820230748","516910.239795939","3",CTM002, 
3548,AE134,3693,스마트도시과,CTV001,독지-3707,독지리903-검지(20차),"41590340","41590125","4159034029","903",KT, ,"37.246007","126.691172","172599.437726825","516359.527921697","1",CTM002, 
3549,AE134,3694,스마트도시과,CTV001,독지-3708,독지리623-1-검지(20차),"41590340","41590125","4159034029","623-1",자가망, ,"37.25193","126.698736","173272.72467252","517014.68249876","1",CTM002, 
3550,AE134,3695,스마트도시과,CTV001,독지-3709,독지리584-1-검지(20차),"41590340","41590125","4159034029","584-1",자가망, ,"37.25018","126.695603","172994.14030535","516821.369697346","4",CTM002, 
3551,AE134,4030,스마트도시과,CTV001,독지-04046,독지리596-27-검지(23차),"41590340","41590125","4159034029","596-27",KT, ,"37.251291","126.696337","173059.612500586","516944.452542728","2",CTM002, 
3552,AE134,894,스마트도시과,CTV001,마산-00904,마산1리버스정류장,"41590340","41590125","4159034030","696-2",자가망, ,"37.227475","126.700733","173441.238229313","514300.001402596","4",CTM002, 
3553,AE134,895,스마트도시과,CTV001,마산-00905,마산리양곡창고앞삼거리,"41590340","41590125","4159034030","645",자가망, ,"37.229068","126.697542","173158.624633949","514477.712528455","3",CTM002, 
3554,AE134,900,스마트도시과,CTV001,마산-00910,마산초교정문앞,"41590340","41590125","4159034030",산186,자가망, ,"37.231036","126.691662","172637.5531301","514697.812973851","1",CTM002, 
3555,AE134,948,스마트도시과,CTV001,마산-00958,마산리789(251-1),"41590340","41590125","4159034030","251-1",자가망, ,"37.233038","126.686168","172150.70020277","514921.610451821","1",CTM002, 
3556,AE134,957,스마트도시과,CTV001,마산-00967,마산리산191,"41590340","41590125","4159034030",산191,KT, ,"37.221256","126.692543","172712.164069164","513612.119673861","1",CTM002, 
3557,AE134,1013,스마트도시과,CTV001,마산-01023,마산리283-1,"41590340","41590125","4159034030","283-1",자가망, ,"37.235419","126.687381","172259.203376156","515185.570317865","1",CTM002, 
3558,AE134,1014,스마트도시과,CTV001,마산-01024,마산리785(651-2),"41590340","41590125","4159034030","785",자가망, ,"37.229909","126.697874","173188.421150034","514571.001150568","1",CTM002, 
3559,AE134,1015,스마트도시과,CTV001,마산-01025,마산리789(166-3),"41590340","41590125","4159034030","789",자가망, ,"37.239657","126.689285","172429.737265645","515655.341445891","1",CTM002, 
3560,AE134,1016,스마트도시과,CTV001,마산-01026,마산리산141-5,"41590340","41590125","4159034030",산141-5,자가망, ,"37.227066","126.69989","173366.300011732","514254.839655781","1",CTM002, 
3561,AE134,1027,스마트도시과,CTV001,마산-01037,마산리31-2,"41590340","41590125","4159034030","31-2",KT, ,"37.237867","126.694117","172857.826947527","515455.210787127","1",CTM002, 
3562,AE134,2271,스마트도시과,CTV001,마산-02290,마산초등학교인근,"41590340","41590125","4159034030","326-3",KT, ,"37.230673","126.692395","172702.488802654","514657.322523642","2",CTM002, 
3565,AE134,890,스마트도시과,CTV001,고포-00900,고포2리마을입구,"41590340","41590125","4159034031","745",자가망, ,"37.23647","126.679874","171593.519900686","515304.349673408","4",CTM002, 
3566,AE134,1002,스마트도시과,CTV001,고포-01012,고포리677-4,"41590340","41590125","4159034031","677-4",KT, ,"37.233405","126.67109","170812.870170159","514966.859642961","1",CTM002, 
3567,AE134,1003,스마트도시과,CTV001,고포-01013,고포리782,"41590340","41590125","4159034031","782",KT, ,"37.246748","126.653283","169238.137905879","516453.407722918","1",CTM002, 
3568,AE134,1005,스마트도시과,CTV001,고포-01015,고포리산203,"41590340","41590125","4159034031",산203,KT, ,"37.240846","126.670089","170726.909937758","515793.020096731","1",CTM002, 
3569,AE134,1006,스마트도시과,CTV001,고포-01016,고포리산73-4,"41590340","41590125","4159034031",산73-4,자가망, ,"37.236156","126.677731","171403.195523296","515270.137495686","1",CTM002, 
3570,AE134,1010,스마트도시과,CTV001,고포-01020,고포리388-4,"41590340","41590125","4159034031","388-4",KT, ,"37.243521","126.686364","172171.964908082","516085.016269563","1",CTM002, 
3571,AE134,1052,스마트도시과,CTV001,고포-01063,고포리68-20-고정,"41590340","41590125","4159034031","68-20",KT, ,"37.235964","126.674654","171130.127753469","515249.771302968","1",CTM002, 
3572,AE134,3689,스마트도시과,CTV001,고포-3703,고포리182-1-검지(20차),"41590340","41590125","4159034031","182-1",KT, ,"37.236124","126.671419","170843.069262562","515268.584335481","3",CTM002, 
3573,AE134,3690,스마트도시과,CTV001,고포-3704,고포리62-13-검지(20차),"41590340","41590125","4159034031","62-13",KT, ,"37.239081","126.663723","170161.360176152","515599.170707973","1",CTM002, 
3574,AE134,927,스마트도시과,CTV001,지화-00937,지화리678,"41590340","41590125","4159034032","523",자가망, ,"37.209716","126.673812","171045.326358778","512336.953757726","1",CTM002, 
3575,AE134,928,스마트도시과,CTV001,지화-00938,지화리547-1,"41590340","41590125","4159034032","547-1",자가망, ,"37.211444","126.676394","171275.209208371","512528.044598102","1",CTM002, 
3576,AE134,934,스마트도시과,CTV001,지화-00944,지화리678(480),"41590340","41590125","4159034032","480",자가망, ,"37.21227","126.672661","170944.198810171","512620.763055794","1",CTM002, 
4181,AE134,1065,스마트도시과,CTV001,신왕-01076,신왕교차로,"41590400","41590400","4159040021","801-4",자가망, ,"37.077588","126.940881","194743.087271826","497625.137349437","3",CTM002, 
4182,AE134,1070,스마트도시과,CTV001,신왕-01081,한익스프레스옆버스정류장,"41590400","41590400","4159040021","144-1",자가망, ,"37.077996","126.953686","195881.727901963","497669.828505898","3",CTM002, 
4183,AE134,1071,스마트도시과,CTV001,신왕-01082,신왕3리버스정류장,"41590400","41590400","4159040021","395-4",자가망, ,"37.079939","126.9524","195767.493683925","497885.491934499","3",CTM002, 
4184,AE134,1074,스마트도시과,CTV001,신왕-01085,신왕2리마을회관,"41590400","41590400","4159040021","286-3",자가망, ,"37.072226","126.94979","195534.95463228","497029.655251248","3",CTM002, 
4185,AE134,1075,스마트도시과,CTV001,신왕-01086,신왕산업단지,"41590400","41590400","4159040021","36-19",KT, ,"37.074831","126.959724","196418.482101119","497318.335109242","3",CTM002, 
4188,AE134,1082,스마트도시과,CTV001,신왕-01093,양감초교후문,"41590400","41590400","4159040021","1018",자가망, ,"37.081272","126.952581","195783.688432255","498033.46127267","1",CTM002, 
4189,AE134,1097,스마트도시과,CTV001,신왕-01108,신왕리1819-10,"41590400","41590400","4159040021","1819-10",KT, ,"37.072887","126.947116","195297.203530355","497103.141343994","1",CTM002, 
4190,AE134,1099,스마트도시과,CTV001,신왕-01110,신왕리217,"41590400","41590400","4159040021","217",KT, ,"37.068315","126.953181","195836.275939917","496595.492550798","1",CTM002, 
4191,AE134,1100,스마트도시과,CTV001,신왕-01111,신왕리462-1,"41590400","41590400","4159040021","462-1",자가망, ,"37.082436","126.952817","195804.684489964","498162.628407932","1",CTM002, 
4192,AE134,1101,스마트도시과,CTV001,신왕-01112,신왕리651,"41590400","41590400","4159040021","651",KT, ,"37.083247","126.944282","195045.877258571","498252.980173438","1",CTM002, 
4193,AE134,1104,스마트도시과,CTV001,신왕-01115,양감경로당,"41590400","41590400","4159040021","633-4",자가망, ,"37.080567","126.945758","195176.954248465","497955.4733415","3",CTM002, 
4194,AE134,1147,스마트도시과,CTV001,신왕-01158,신왕리109-14,"41590400","41590400","4159040021","109-14",자가망, ,"37.075861","126.960806","196514.754296696","497432.581117068","1",CTM002, 
4195,AE134,1148,스마트도시과,CTV001,신왕-01159,신왕리114-2,"41590400","41590400","4159040021","114-2",자가망, ,"37.076243","126.95842","196302.548792511","497475.036455963","1",CTM002, 
4196,AE134,1149,스마트도시과,CTV001,신왕-01160,신왕리1845(618-1),"41590400","41590400","4159040021","1845",KT, ,"37.078643","126.948554","195425.425841477","497741.866715489","1",CTM002, 
4197,AE134,1150,스마트도시과,CTV001,신왕-01161,신왕리1877,"41590400","41590400","4159040021","1877",KT, ,"37.071101","126.946028","195200.341481904","496905.03827671","1",CTM002, 
4198,AE134,1152,스마트도시과,CTV001,신왕-01163,신왕리423,"41590400","41590400","4159040021","423",KT, ,"37.079115","126.953852","195896.51523643","497793.978127908","1",CTM002, 
4199,AE134,1153,스마트도시과,CTV001,신왕-01164,신왕리1025(868-1),"41590400","41590400","4159040021","1025",KT, ,"37.075171","126.945112","195119.151560383","497356.677449127","1",CTM002, 
4200,AE134,1154,스마트도시과,CTV001,신왕-01165,신왕리826-1,"41590400","41590400","4159040021","826-1",KT, ,"37.07848","126.94599","195197.469310901","497723.870298003","1",CTM002, 
4201,AE134,1155,스마트도시과,CTV001,신왕-01166,신왕리988-2,"41590400","41590400","4159040021","988-2",KT, ,"37.066617","126.94464","195076.615878344","496407.428618237","1",CTM002, 
4202,AE134,1166,스마트도시과,CTV001,신왕-01177,신왕리655-2,"41590400","41590400","4159040021","655-2",KT, ,"37.083895","126.942979","194930.029196899","498324.978997671","1",CTM002, 
4203,AE134,1167,스마트도시과,CTV001,신왕-01178,신왕리676-3,"41590400","41590400","4159040021","676-3",KT, ,"37.081555","126.944214","195039.685271687","498065.22024998","1",CTM002, 
4205,AE134,3461,스마트도시과,CTV001,신왕-03505,신왕리554,"41590400","41590400","4159040021","554",KT, ,"37.085065","126.950984","195641.830666667","498454.476407738","1",CTM002, 
4206,AE134,3743,스마트도시과,CTV001,신왕-3757,신왕리640-12-검지(20차),"41590400","41590400","4159040021","640-12",KT, ,"37.08127","126.945952","195194.19265744","498033.521855808","2",CTM002, 
4207,AE134,3744,스마트도시과,CTV001,신왕-3758,신왕리109-5-검지(20차),"41590400","41590400","4159040021","109-5",자가망, ,"37.076553","126.961207","196550.41804689","497509.360689948","1",CTM002, 
4208,AE134,4461,스마트도시과,CTV001,신왕-04478,신왕리681-3(신왕-04478),"41590400","41590400","4159040021","681-3",KT, ,"37.080808","126.944383","195054.711109091","497982.382473679","4",CTM002, 
4209,AE134,4505,스마트도시과,CTV001,신왕-04522,양감행정복지센터,"41590400","41590400","4159040021","1994",자가망, ,"37.08197","126.945014","195110.862947423","498111.27065618","1",CTM002, 
4210,AE134,1069,스마트도시과,CTV001,사창-01080,사창초교앞사거리(사창-01080),"41590400","41590400","4159040022","427-10",자가망, ,"37.090947","126.97241","197547.095986117","499106.473122666","5",CTM002, 
4211,AE134,1073,스마트도시과,CTV001,사창-01084,사창리310-1,"41590400","41590400","4159040022","310-1",KT, ,"37.091162","126.975927","197859.782842766","499130.248666632","1",CTM002, 
4212,AE134,1083,스마트도시과,CTV001,사창-01094,청아판지팩앞,"41590400","41590400","4159040022","495-3",자가망, ,"37.093438","126.971578","197473.209276177","499382.944549984","3",CTM002, 
4213,AE134,1084,스마트도시과,CTV001,사창-01095,초록산산림욕장내,"41590400","41590400","4159040022","810-9",자가망, ,"37.092226","126.954569","195960.999943966","499249.025300217","1",CTM002, 
4214,AE134,1092,스마트도시과,CTV001,사창-01103,사창리91-1,"41590400","41590400","4159040022","91-1",자가망, ,"37.107999","126.969002","197244.723454557","500998.989184975","1",CTM002, 
4215,AE134,1123,스마트도시과,CTV001,사창-01134,사창리131-1,"41590400","41590400","4159040022","131-1",KT, ,"37.103552","126.971276","197446.700101468","500505.399217142","1",CTM002, 
4216,AE134,1124,스마트도시과,CTV001,사창-01135,사창리151-2(155-1),"41590400","41590400","4159040022","151-2",KT, ,"37.10055","126.972518","197557.006103846","500172.205912797","1",CTM002, 
4217,AE134,1125,스마트도시과,CTV001,사창-01136,사창리262,"41590400","41590400","4159040022","262",KT, ,"37.094988","126.975274","197801.838198134","499554.870723913","1",CTM002, 
4218,AE134,1126,스마트도시과,CTV001,사창-01137,사창리400-1,"41590400","41590400","4159040022","400-1",KT, ,"37.091295","126.97114","197434.197672172","499145.127482512","1",CTM002, 
4219,AE134,1127,스마트도시과,CTV001,사창-01138,사창리524-3,"41590400","41590400","4159040022","524-3",KT, ,"37.096461","126.969359","197276.042534137","499718.496682567","1",CTM002, 
4220,AE134,1128,스마트도시과,CTV001,사창-01139,사창리528,"41590400","41590400","4159040022","528",KT, ,"37.096667","126.96892","197237.023306133","499741.371129467","1",CTM002, 
4222,AE134,1130,스마트도시과,CTV001,사창-01141,사창리598-2(582-4),"41590400","41590400","4159040022","598-2",KT, ,"37.095913","126.967093","197074.576089367","499657.74732461","1",CTM002, 
4223,AE134,1131,스마트도시과,CTV001,사창-01142,사창리670-1,"41590400","41590400","4159040022","670-1",KT, ,"37.103489","126.963247","196732.992982399","500498.653515539","1",CTM002, 
4224,AE134,1132,스마트도시과,CTV001,사창-01143,사창리875-3,"41590400","41590400","4159040022","875-3",KT, ,"37.08893","126.968054","197159.748149875","498882.74915178","1",CTM002, 
1498,AE134,190,스마트도시과,CTV001,금곡-00191,금곡리190-7,"41590600","41590139","4159013900","190-7",KT, ,"37.180687","127.078133","206938.285011084","509068.34923428","1",CTM001, 
1515,AE134,553,스마트도시과,CTV001,상-00559,상봉초교정문앞,"41590253","41590253","4159025321","9-40",자가망, ,"37.218561","126.954093","195925.464818055","513269.776654365","3",CTM002, 
1532,AE134,3615,스마트도시과,CTV001,상-3629,상리477-33-검지(20차),"41590253","41590253","4159025321","477-33",자가망, ,"37.217291","126.944793","195099.968989796","513129.313658116","4",CTM002, 
292,AE134,2935,스마트도시과,CTV001,능-02964,능동1052-6삼성차서비스뒤삼거리,"41590587","41590118","4159011800","1185",동탄1자가망, ,"37.220378","127.060528","205372.109874318","513472.158488178","1",CTM001, 
311,AE134,3474,스마트도시과,CTV001,능-03518,능동어린이공원[1],"41590520","41590118","4159011800","650-18",자가망, ,"37.201318","127.048557","204310.700496626","511356.237222119","5",CTM001, 
329,AE134,1650,스마트도시과,CTV001,기산-01662,진안동새마을회관사거리,"41590520","41590119","4159011900","440-8",자가망, ,"37.226803","127.036074","203201.429657653","514184.090116431","3",CTM001, 
932,AE134,4546,스마트도시과,CTV001,오산-04563,자라뫼공원4,"41590600","41590129","4159012900","967-1561",자가망, ,"37.193255","127.085746","207612.999999876","510463.750102176","4",CTM001, 
949,AE134,2433,스마트도시과,CTV001,청계-02461,청목초등학교앞사거리쪽,"41590588","41590130","4159013000","539",동탄2자가망, ,"37.197346","127.120201","210671.623791036","510921.071189722","4",CTM001, 
2191,AE134,3881,스마트도시과,CTV001,제암-3896,제암리340-4-검지(20차),"41590259","41590259","4159025923","340-4",자가망, ,"37.130068","126.896886","190837.306613259","503452.731240226","1",CTM002, 
2210,AE134,1947,스마트도시과,CTV001,상신-01963,상신리598-66,"41590259","41590259","4159025924","598-66",KT, ,"37.104217","126.902898","191368.571453943","500583.282379","1",CTM002, 
1545,AE134,4405,스마트도시과,CTV001,봉담2-011,SA-011,"41590253","41590253","4159025321","184-2",봉담2자가망, ,"37.230064","126.941441","194803.311661728","514547.019160492","4",CTM002, 
1563,AE134,4423,스마트도시과,CTV001,봉담2-029,SA-029,"41590253","41590253","4159025321","50-62",봉담2자가망, ,"37.22636","126.944846","195105.241445421","514135.760645406","4",CTM002, 
1580,AE134,583,스마트도시과,CTV001,내-00590,전승사격장입구,"41590253","41590253","4159025322","736",KT, ,"37.233915","126.923207","193185.486725797","514975.589518102","1",CTM002, 
347,AE134,3897,스마트도시과,CTV001,기산-03912,신동탄SK뷰파크3차공원[6],"41590520","41590119","4159011900","192-1",자가망, ,"37.221539","127.04959","204401.28519577","513600.4329864","4",CTM001, 
364,AE134,427,스마트도시과,CTV001,반월-00428,능동마트앞,"41590550","41590120","4159012000","590-2",자가망, ,"37.226488","127.052852","204690.454738939","514149.860938057","3",CTM001, 
965,AE134,2500,스마트도시과,CTV001,청계-02528,예미지아파트1006동앞동탄치동천로,"41590588","41590130","4159013000","513-1",동탄2자가망, ,"37.203618","127.106574","209460.931513121","511615.666023382","4",CTM001, 
986,AE134,2549,스마트도시과,CTV001,청계-02577,아인초등학교-금강펜타리움945동사이,"41590588","41590130","4159013000","515",동탄2자가망, ,"37.20124","127.106206","209428.594052723","511351.715397078","3",CTM001, 
2231,AE134,3023,스마트도시과,CTV001,상신-03052,상신리산73-1,"41590259","41590259","4159025924","1251",향남2자가망, ,"37.110296","126.901944","191284.493505241","501257.959572554","4",CTM002, 
2249,AE134,3046,스마트도시과,CTV001,상신-03075,파크빌앞삼거리,"41590259","41590259","4159025924","1267-2",향남2자가망, ,"37.105764","126.903521","191424.150987716","500754.855950379","4",CTM002, 
2266,AE134,3072,스마트도시과,CTV001,상신-03101,하늘연달공원,"41590259","41590259","4159025924","535-47",향남2자가망, ,"37.101889","126.895744","190732.394840312","500325.540400702","4",CTM002, 
1586,AE134,322,스마트도시과,CTV001,천천-00323,천천리지하도위,"41590310","41590310","4159031021",산2-1,자가망, ,"37.24308","126.954232","195939.101121973","515990.981213802","4",CTM002, 
1603,AE134,621,스마트도시과,CTV001,수영-00628,수영리624-16-고정,"41590253","41590253","4159025323","624-16",KT, ,"37.227465","126.955022","196008.379768119","514257.920479758","1",CTM002, 
1620,AE134,4013,스마트도시과,CTV001,수영-04029,수영리32-8-검지(23차),"41590253","41590253","4159025323","32-8",KT, ,"37.23094","126.953863","195905.750295345","514643.649981236","2",CTM002, 
381,AE134,2381,스마트도시과,CTV001,반월-02401,해오른어린이공원,"41590550","41590120","4159012000","144-15",KT, ,"37.232997","127.062779","205571.002610121","514872.758220543","3",CTM001, 
398,AE134,4075,스마트도시과,CTV001,반월-04091,반월동311-140(23차),"41590550","41590120","4159012000","311-140",KT, ,"37.2294","127.045794","204063.886812678","514472.758482949","4",CTM001, 
415,AE134,1633,스마트도시과,CTV001,반정-01645,비상활주로옆농로,"41590520","41590121","4159012100","452-10",자가망, ,"37.225676","127.025944","202302.449328255","514058.740262852","3",CTM001, 
1005,AE134,2424,스마트도시과,CTV001,중-02452,영천동677-1(치동천4교밑),"41590590","41590132","4159013200","833-65",동탄2자가망, ,"37.204289","127.111192","209870.819270713","511690.627906366","3",CTM001, 
1023,AE134,2453,스마트도시과,CTV001,영천-02481,중동지하차도쪽사거리,"41590590","41590131","4159013100","781",동탄2자가망, ,"37.203159","127.121352","210772.913781965","511566.31439528","5",CTM001, 
2281,AE134,3087,스마트도시과,CTV001,상신-03116,정연빌앞,"41590259","41590259","4159025924","1323-1",향남2자가망, ,"37.09799","126.900415","191147.159446265","499892.385531624","4",CTM002, 
2299,AE134,1847,스마트도시과,CTV001,구문천-01863,구문천리248-48(248-40),"41590259","41590259","4159025925","248-40",KT, ,"37.08103","126.904667","191523.290773487","498009.766603857","1",CTM002, 
1641,AE134,509,스마트도시과,CTV001,동화-00515,동화휴먼시아4단지옆공원길,"41590253","41590253","4159025324","601",KT, ,"37.215896","126.959155","196374.587746905","512973.803528643","4",CTM002, 
1658,AE134,575,스마트도시과,CTV001,동화-00582,시연유치원옆공원내_1,"41590253","41590253","4159025324","642",KT, ,"37.218415","126.956132","196106.41535684","513253.497557058","1",CTM002, 
426,AE134,3994,스마트도시과,CTV001,반정-04010,반정동116-2-검지(23차),"41590520","41590121","4159012100","116-2",KT, ,"37.235563","127.041105","203647.550360097","515156.51978021","2",CTM001, 
444,AE134,3888,스마트도시과,CTV001,황계-3903,황계동173-25-검지(20차),"41590570","41590122","4159012200","173-25",자가망, ,"37.222113","127.009659","200857.229821544","513663.039202518","1",CTM001, 
2812,AE134,2651,스마트도시과,CTV001,남양(뉴)-02679,남양리1856-17,"41590262","41590262","4159026221","185617",남양뉴타운자가망, ,"37.195585","126.834663","185320.825696832","510731.625114141","4",CTM002, 
2813,AE134,3110,스마트도시과,CTV001,남양-03145,은장고개,"41590262","41590262","4159026221","263-2",자가망, ,"37.202882","126.79325","181645.836779362","511548.755249863","1",CTM002, 
2814,AE134,3514,스마트도시과,CTV001,남양-3528,남양리902-어안(20차),"41590262","41590262","4159026221","902",자가망, ,"37.200397","126.804799","182670.537201923","511270.722434713","1",CTM002, 
2815,AE134,3516,스마트도시과,CTV001,남양-3530,남양리1225-1-어안(20차),"41590262","41590262","4159026221","1225-1",자가망, ,"37.209234","126.817218","183774.976669746","512249.3238425","1",CTM002, 
2816,AE134,3518,스마트도시과,CTV001,남양-3532,남양리92-12-검지(20차),"41590262","41590262","4159026221","82-12",자가망, ,"37.213455","126.811615","183278.509430951","512718.752171348","3",CTM002, 
2817,AE134,3519,스마트도시과,CTV001,남양-3533,남양리104-검지(20차),"41590262","41590262","4159026221","104",자가망, ,"37.214643","126.809122","183057.508143194","512850.985990797","1",CTM002, 
2818,AE134,3520,스마트도시과,CTV001,남양-3534,남양리91-검지(20차),"41590262","41590262","4159026221","91",자가망, ,"37.213327","126.810419","183172.347910032","512704.791510533","3",CTM002, 
2819,AE134,3521,스마트도시과,CTV001,남양-3535,남양리84-1-검지(20차),"41590262","41590262","4159026221","84-1",자가망, ,"37.21164","126.811603","183277.017020819","512517.289093993","1",CTM002, 
2820,AE134,3522,스마트도시과,CTV001,남양-3536,남양리62-검지(20차),"41590262","41590262","4159026221","62",자가망, ,"37.212334","126.815586","183630.760435153","512593.692427356","1",CTM002, 
2821,AE134,3523,스마트도시과,CTV001,남양-3537,남양리581-검지(20차),"41590262","41590262","4159026221","581",자가망, ,"37.20843","126.812185","183328.016105606","512160.923935644","1",CTM002, 
2822,AE134,3524,스마트도시과,CTV001,남양-3538,남양리2005-검지(20차),"41590262","41590262","4159026221","2005",자가망, ,"37.210479","126.802755","182491.404900104","512390.048714851","1",CTM002, 
2823,AE134,3525,스마트도시과,CTV001,남양-3539,남양리981-29-어안(20차),"41590262","41590262","4159026221","981-29",KT, ,"37.198475","126.797535","182025.147234163","511058.791227686","1",CTM002, 
2824,AE134,3526,스마트도시과,CTV001,남양-3540,남양리1064-1-어안(20차),"41590262","41590262","4159026221","1064-1",KT, ,"37.195084","126.796318","181916.373223825","510682.717522293","1",CTM002, 
2826,AE134,4266,스마트도시과,CTV001,남양-04281,남양3호근린공원(25차),"41590262","41590262","4159026221","2060",KT, ,"37.202033","126.830883","184986.558355402","511447.918382729","5",CTM002, 
2827,AE134,4267,스마트도시과,CTV001,남양-04282,워시렌드세차장앞(25차),"41590262","41590262","4159026221","2038",KT, ,"37.206017","126.828067","184737.308873968","511890.445082606","4",CTM002, 
2828,AE134,4292,스마트도시과,CTV001,남양-4307,남양뉴타운근린공원1-1호(남양-4307),"41590262","41590262","4159026221","2214",남양뉴타운자가망, ,"37.202567","126.8334","185210.08130378","511506.712793174","3",CTM002, 
2829,AE134,4293,스마트도시과,CTV001,남양-4308,남양뉴타운근린공원2호(남양-4308),"41590262","41590262","4159026221","2194",남양뉴타운자가망, ,"37.211248","126.836324","185471.34438769","512469.721297829","4",CTM002, 
2830,AE134,4295,스마트도시과,CTV001,남양-4310,남양뉴타운근린공원4호(남양-4310),"41590262","41590262","4159026221","2255",남양뉴타운자가망, ,"37.210617","126.824517","184423.12010458","512401.53896194","3",CTM002, 
2832,AE134,4297,스마트도시과,CTV001,남양-4312,남양뉴타운근린공원6호(남양-4312),"41590262","41590262","4159026221","2254",남양뉴타운자가망, ,"37.201016","126.820841","184094.812685735","511336.689178882","4",CTM002, 
2833,AE134,4298,스마트도시과,CTV001,남양-4313,남양뉴타운근린공원9호(남양-4313),"41590262","41590262","4159026221","2313",남양뉴타운자가망, ,"37.199183","126.824383","184408.900406255","511132.666936535","3",CTM002, 
2834,AE134,4302,스마트도시과,CTV001,남양-04317,남양뉴타운-근린공원7호-1(남양-04317),"41590262","41590262","4159026221","2300-1",남양뉴타운자가망, ,"37.202383","126.8238","184357.802548263","511487.907674821","4",CTM002, 
2835,AE134,4303,스마트도시과,CTV001,남양-04318,남양뉴타운-근린공원7호-2(남양-04318),"41590262","41590262","4159026221","2318-1",남양뉴타운자가망, ,"37.201385","126.824919","184456.981706844","511376.871373999","4",CTM002, 
2836,AE134,4304,스마트도시과,CTV001,남양-04319,남양뉴타운-어린이공원1호(남양-04319),"41590262","41590262","4159026221","2203",남양뉴타운자가망, ,"37.204128","126.839833","185781.464319821","511679.007369606","4",CTM002, 
2837,AE134,4305,스마트도시과,CTV001,남양-04320,남양뉴타운-어린이공원2호(남양-04320),"41590262","41590262","4159026221","2211-1",남양뉴타운자가망, ,"37.204444","126.838142","185631.408650743","511714.332631425","4",CTM002, 
2838,AE134,4306,스마트도시과,CTV001,남양-04321,남양뉴타운-어린이공원3호(남양-04321),"41590262","41590262","4159026221","2220",남양뉴타운자가망, ,"37.208678","126.836253","185464.528725383","512184.517011531","4",CTM002, 
2839,AE134,4307,스마트도시과,CTV001,남양-04322,남양뉴타운-어린이공원4호(남양-04322),"41590262","41590262","4159026221","2234",남양뉴타운자가망, ,"37.210183","126.828339","184762.321921394","512352.787930124","4",CTM002, 
2840,AE134,4308,스마트도시과,CTV001,남양-04323,남양뉴타운-어린이공원6호(남양-04323),"41590262","41590262","4159026221","2250",남양뉴타운자가망, ,"37.209469","126.821964","184196.288624402","512274.591308434","4",CTM002, 
2841,AE134,4309,스마트도시과,CTV001,남양-04324,남양뉴타운-어린이공원7호(남양-04324),"41590262","41590262","4159026221","2286",남양뉴타운자가망, ,"37.206228","126.81895","183928.057508627","511915.406639755","4",CTM002, 
2842,AE134,4310,스마트도시과,CTV001,남양-04325,남양뉴타운-어린이공원10호(남양-04325),"41590262","41590262","4159026221","2157",남양뉴타운자가망, ,"37.195706","126.830433","184945.323233635","510745.772848242","4",CTM002, 
2844,AE134,4312,스마트도시과,CTV001,남양-04327,남양뉴타운-체육공원2호(남양-04327),"41590262","41590262","4159026221","2255",남양뉴타운자가망, ,"37.210686","126.826014","184556.043074245","512408.988201903","5",CTM002, 
2845,AE134,4313,스마트도시과,CTV001,남양-04328,남양뉴타운-체육공원3호(남양-04328),"41590262","41590262","4159026221","2255",남양뉴타운자가망, ,"37.211586","126.826264","184578.417635986","512508.831046666","4",CTM002, 
2846,AE134,4314,스마트도시과,CTV001,남양-04329,남양뉴타운-체육공원4호(남양-04329),"41590262","41590262","4159026221","2255",남양뉴타운자가망, ,"37.211947","126.827264","184667.25521745","512548.733151367","5",CTM002, 
2847,AE134,4315,스마트도시과,CTV001,남양-04330,남양뉴타운-체육공원5호(남양-04330),"41590262","41590262","4159026221","2255",남양뉴타운자가망, ,"37.212817","126.828731","184797.646715946","512645.050872781","3",CTM002, 
2848,AE134,4316,스마트도시과,CTV001,남양-04331,남양뉴타운-체육공원6호(남양-04331),"41590262","41590262","4159026221","2255",남양뉴타운자가망, ,"37.211489","126.8279","184723.616857554","512497.800769019","4",CTM002, 
2849,AE134,4383,스마트도시과,CTV001,남양-04400,남양우림그린빌리지정문(남양-04400),"41590262","41590262","4159026221","439-2",KT, ,"37.205224","126.804624","182656.096845088","511806.507153085","4",CTM002, 
2850,AE134,4535,스마트도시과,CTV001,남양-04552,신백중학교앞(남양-04552),"41590262","41590262","4159026221","2057",KT, ,"37.203008","126.830952","184992.808103145","511556.128505838","4",CTM002, 
3577,AE134,984,스마트도시과,CTV001,지화-00994,지화리1-1,"41590340","41590125","4159034032","1-1",KT, ,"37.224536","126.689872","172476.344505625","513976.961901674","1",CTM002, 
3578,AE134,985,스마트도시과,CTV001,지화-00995,지화리53-3,"41590340","41590125","4159034032","53-3",자가망, ,"37.219371","126.68968","172457.37959804","513403.820085607","1",CTM002, 
3579,AE134,986,스마트도시과,CTV001,지화-00996,지화리산39-1,"41590340","41590125","4159034032",산39-1,KT, ,"37.215567","126.68033","171626.118605965","512984.37120246","1",CTM002, 
3580,AE134,1041,스마트도시과,CTV001,지화-01051,지화리293-4-고정,"41590340","41590125","4159034032","293-4",KT, ,"37.214681","126.677277","171354.801639955","512886.975340038","1",CTM002, 
3581,AE134,3724,스마트도시과,CTV001,지화-3738,지화리398-검지(20차),"41590340","41590125","4159034032","398",KT, ,"37.213432","126.673168","170989.570005728","512749.616900487","2",CTM002, 
3582,AE134,3725,스마트도시과,CTV001,지화-3739,지화리368-검지(20차),"41590340","41590125","4159034032","368",자가망, ,"37.211402","126.673284","170999.111820861","512524.318685827","1",CTM002, 
3583,AE134,3726,스마트도시과,CTV001,지화-3740,지화리141-31-검지(20차),"41590340","41590125","4159034032","141-31",자가망, ,"37.214237","126.688237","172327.477954625","512834.474745603","1",CTM002, 
3584,AE134,3727,스마트도시과,CTV001,지화-3741,지화리157-1-검지(20차),"41590340","41590125","4159034032","157-1",자가망, ,"37.221128","126.692474","172706.002867639","513597.943789171","1",CTM002, 
3585,AE134,4033,스마트도시과,CTV001,지화-04049,지화리513-검지(23차),"41590340","41590125","4159034032","513",KT, ,"37.209254","126.672661","170943.020098929","512286.030057328","2",CTM002, 
3586,AE134,4354,스마트도시과,CTV001,지화-04371,지화리141-29(지화-04371),"41590340","41590125","4159034032","141-29",KT, ,"37.215022","126.68857","172357.312107714","512921.460783506","4",CTM002, 
3587,AE134,4567,스마트도시과,CTV001,송산(테)-04581,송산테크노파크06,"41590340","41590125","4159034032","160-3",자가망, ,"37.220455","126.69422","172860.750000116","513522.750102162","3",CTM002, 
3588,AE134,4568,스마트도시과,CTV001,송산(테)-04582,송산테크노파크07,"41590340","41590125","4159034032","160-3",자가망, ,"37.217983","126.693985","172839.000000096","513248.500102159","4",CTM002, 
3589,AE134,4569,스마트도시과,CTV001,송산(테)-04583,송산테크노파크08,"41590340","41590125","4159034032","160-12",자가망, ,"37.215262","126.69394","172834.000000122","512946.500102161","4",CTM002, 
3591,AE134,905,스마트도시과,CTV001,중송-00915,중송1리버스정류장앞,"41590340","41590125","4159034033","146-1",자가망, ,"37.22413","126.706026","173909.829974086","513927.335509674","3",CTM002, 
3592,AE134,926,스마트도시과,CTV001,중송-00936,중송리564(336-11),"41590340","41590125","4159034033","336-11",KT, ,"37.218108","126.704744","173794.013455368","513259.343440319","1",CTM002, 
3593,AE134,953,스마트도시과,CTV001,중송-00963,중송리48-1,"41590340","41590125","4159034033","48-1",KT, ,"37.224034","126.710254","174285.076854124","513915.50258981","1",CTM002, 
3594,AE134,975,스마트도시과,CTV001,중송-00985,중송리314,"41590340","41590125","4159034033","314",KT, ,"37.217588","126.701593","173514.104724594","513202.498174968","1",CTM002, 
3595,AE134,976,스마트도시과,CTV001,중송-00986,중송리553,"41590340","41590125","4159034033","553",KT, ,"37.217953","126.710032","174263.272790521","513240.680396664","1",CTM002, 
3596,AE134,977,스마트도시과,CTV001,중송-00987,중송리66,"41590340","41590125","4159034033","66",KT, ,"37.2239","126.713512","174574.197590398","513899.751334858","1",CTM002, 
3597,AE134,978,스마트도시과,CTV001,중송-00988,중송리산42-6,"41590340","41590125","4159034033",산42-6,KT, ,"37.22214","126.705165","173832.755356906","513706.729416751","1",CTM002, 
3598,AE134,982,스마트도시과,CTV001,중송-00992,중송리산68-2,"41590340","41590125","4159034033",산68-2,KT, ,"37.211423","126.706637","173959.674594094","512516.916477834","1",CTM002, 
3599,AE134,983,스마트도시과,CTV001,중송-00993,중송리산86-3,"41590340","41590125","4159034033",산86-3,KT, ,"37.210119","126.714964","174698.462675764","512369.89398369","1",CTM002, 
3600,AE134,1029,스마트도시과,CTV001,중송-01039,중송리568,"41590340","41590125","4159034033","568",KT, ,"37.219269","126.701358","173493.85265472","513389.147040372","1",CTM002, 
3601,AE134,3721,스마트도시과,CTV001,중송-3735,중송리59-5-검지(20차),"41590340","41590125","4159034033","59-5",자가망, ,"37.225252","126.7145","174662.317470219","514049.545689505","1",CTM002, 
3602,AE134,3722,스마트도시과,CTV001,중송-3736,중송리15-3-검지(20차),"41590340","41590125","4159034033","15-3",KT, ,"37.227994","126.708411","174122.872262835","514355.483233494","1",CTM002, 
3603,AE134,3723,스마트도시과,CTV001,중송-3737,중송리348-어안(20차),"41590340","41590125","4159034033","348",KT, ,"37.218488","126.702875","173628.240958918","513302.035406036","1",CTM002, 
3604,AE134,4562,스마트도시과,CTV001,송산(테)-04576,송산테크노파크01,"41590340","41590125","4159034030",산 188-6,자가망, ,"37.222448","126.697671","173167.750000141","513743.000102163","4",CTM002, 
3605,AE134,4563,스마트도시과,CTV001,송산(테)-04577,송산테크노파크02,"41590340","41590125","4159034033","362-4",자가망, ,"37.219737","126.699834","173358.750000153","513441.500102165","4",CTM002, 
3606,AE134,4564,스마트도시과,CTV001,송산(테)-04578,송산테크노파크03,"41590340","41590125","4159034033","583",자가망, ,"37.220058","126.7003","173400.250000112","513477.000102158","4",CTM002, 
3608,AE134,4566,스마트도시과,CTV001,송산(테)-04580,송산테크노파크05,"41590340","41590125","4159034032","160-31",자가망, ,"37.220379","126.698","173196.250000155","513513.250102157","4",CTM002, 
3610,AE134,4571,스마트도시과,CTV001,송산(테)-04585,송산테크노파크10,"41590340","41590125","4159034033","362-10",자가망, ,"37.21518","126.697979","173192.500000077","512936.250102159","5",CTM002, 
3611,AE134,4572,스마트도시과,CTV001,송산(테)-04586,송산테크노파크11,"41590340","41590125","4159034033","362-11",자가망, ,"37.216603","126.69799","173194.000000135","513094.250102159","4",CTM002, 
3612,AE134,4573,스마트도시과,CTV001,송산(테)-04587,송산테크노파크12,"41590340","41590125","4159034033","362-7",자가망, ,"37.217955","126.69801","173196.250000156","513244.250102162","5",CTM002, 
3613,AE134,892,스마트도시과,CTV001,육일-00902,대부도입구삼거리,"41590340","41590125","4159034034","290-4",자가망, ,"37.208291","126.72579","175658.840489792","512164.188446457","4",CTM002, 
3614,AE134,924,스마트도시과,CTV001,육일-00934,육일리84-1,"41590340","41590125","4159034034","84-1",자가망, ,"37.207703","126.719319","175084.184218743","512100.667641135","1",CTM002, 
3615,AE134,971,스마트도시과,CTV001,육일-00981,육일리449,"41590340","41590125","4159034034","449",KT, ,"37.201354","126.721248","175253.341039316","511395.5351327","1",CTM002, 
3616,AE134,972,스마트도시과,CTV001,육일-00982,육일리594,"41590340","41590125","4159034034","594",KT, ,"37.198821","126.72172","175294.413765257","511114.318519646","1",CTM002, 
3617,AE134,973,스마트도시과,CTV001,육일-00983,육일리652-1,"41590340","41590125","4159034034","652-1",KT, ,"37.197551","126.723946","175491.690397899","510972.710339103","1",CTM002, 
3618,AE134,974,스마트도시과,CTV001,육일-00984,육일리76-2,"41590340","41590125","4159034034","76-2",자가망, ,"37.206323","126.71826","174989.755989454","511947.822614671","1",CTM002, 
3619,AE134,1039,스마트도시과,CTV001,육일-01049,육일리92-고정,"41590340","41590125","4159034034","92",자가망, ,"37.208367","126.720167","175159.706641531","512174.15020046","1",CTM002, 
4225,AE134,1133,스마트도시과,CTV001,사창-01144,사창리929-2,"41590400","41590400","4159040022","929-2",KT, ,"37.085251","126.966665","197036.11182212","498474.498805405","1",CTM002, 
4226,AE134,1134,스마트도시과,CTV001,사창-01145,사창리958-9,"41590400","41590400","4159040022","958-9",KT, ,"37.088503","126.968421","197192.361600279","498835.350078028","1",CTM002, 
4227,AE134,1135,스마트도시과,CTV001,사창-01146,사창리1039-52,"41590400","41590400","4159040022","1039-52",자가망, ,"37.10747","126.970365","197365.856241881","500940.242266294","1",CTM002, 
4228,AE134,1136,스마트도시과,CTV001,사창-01147,사창리485-5,"41590400","41590400","4159040022","485-5",KT, ,"37.093104","126.969821","197316.995565387","499345.925608976","1",CTM002, 
4229,AE134,1137,스마트도시과,CTV001,사창-01148,사창리89-4,"41590400","41590400","4159040022","89-4",자가망, ,"37.107649","126.969845","197319.641703064","500960.122175807","1",CTM002, 
4230,AE134,1187,스마트도시과,CTV001,사창-01198,사창리434,"41590400","41590400","4159040022","434",KT, ,"37.08887","126.971417","197458.743429637","498875.99514974","1",CTM002, 
4231,AE134,2259,스마트도시과,CTV001,사창-02278,사창초등학교옆길,"41590400","41590400","4159040022","427-14",자가망, ,"37.091606","126.972238","197531.825603399","499179.612973785","2",CTM002, 
4232,AE134,2260,스마트도시과,CTV001,사창-02279,사창초등학교정문,"41590400","41590400","4159040022","409-1",자가망, ,"37.090896","126.972999","197599.459745194","499100.798130906","2",CTM002, 
4233,AE134,3740,스마트도시과,CTV001,사창-3754,사창리516-검지(20차),"41590400","41590400","4159040022","516",자가망, ,"37.096351","126.971837","197496.330901294","499706.220758337","1",CTM002, 
4234,AE134,3741,스마트도시과,CTV001,사창-3755,사창리1082-4-검지(20차),"41590400","41590400","4159040022","1082-4",자가망, ,"37.085825","126.970394","197367.68527228","498538.091081922","1",CTM002, 
4235,AE134,4463,스마트도시과,CTV001,사창-04480,사창공동묘지부근(사창-04480),"41590400","41590400","4159040022","831",KT, ,"37.093133","126.963867","196787.638532153","499349.365756648","4",CTM002, 
4236,AE134,1072,스마트도시과,CTV001,정문-01083,정문삼거리,"41590400","41590400","4159040023","626",자가망, ,"37.093003","126.985033","198669.38665027","499334.395348771","3",CTM002, 
4237,AE134,1102,스마트도시과,CTV001,정문-01113,정문리420-4,"41590400","41590400","4159040023","420-4",자가망, ,"37.09471","126.985474","198708.621903905","499523.831104038","1",CTM002, 
4238,AE134,1103,스마트도시과,CTV001,정문-01114,정문리50-2,"41590400","41590400","4159040023","50-2",자가망, ,"37.090368","126.992877","199366.720984554","499041.883654439","1",CTM002, 
4240,AE134,1122,스마트도시과,CTV001,정문-01133,정문리652-14,"41590400","41590400","4159040023","652-14",KT, ,"37.085242","126.980903","198302.043538808","498473.150712478","1",CTM002, 
4241,AE134,1182,스마트도시과,CTV001,정문-01193,정문리200,"41590400","41590400","4159040023","200",자가망, ,"37.092432","126.988338","198963.203762042","499270.984941868","1",CTM002, 
4242,AE134,1183,스마트도시과,CTV001,정문-01194,정문리202-4,"41590400","41590400","4159040023","202-4",자가망, ,"37.093443","126.988609","198987.310148079","499383.182177405","1",CTM002, 
4243,AE134,1184,스마트도시과,CTV001,정문-01195,정문리247-1,"41590400","41590400","4159040023","263-2",KT, ,"37.096091","126.991645","199257.244378003","499677.02762956","1",CTM002, 
4244,AE134,1185,스마트도시과,CTV001,정문-01196,정문리297-2,"41590400","41590400","4159040023","297-2",자가망, ,"37.096473","126.985296","198692.827784429","499719.490283666","1",CTM002, 
4245,AE134,1186,스마트도시과,CTV001,정문-01197,정문리353-2,"41590400","41590400","4159040023","353-2",자가망, ,"37.094909","126.986666","198814.595174438","499545.90046967","1",CTM002, 
4246,AE134,3751,스마트도시과,CTV001,정문-3765,정문리119-1-검지(20차),"41590400","41590400","4159040023","119-1",자가망, ,"37.087564","126.990025","199113.127769026","498730.720483139","3",CTM002, 
4247,AE134,3752,스마트도시과,CTV001,정문-3766,정문리341-검지(20차),"41590400","41590400","4159040023","341",자가망, ,"37.095884","126.986983","198842.791592324","499654.101507025","1",CTM002, 
4248,AE134,1057,스마트도시과,CTV001,송산(양)-01068,명성우렁쌈밥앞,"41590400","41590400","4159040024","85-2",자가망, ,"37.119017","126.990942","199194.964020018","502221.386327303","3",CTM002, 
4249,AE134,1068,스마트도시과,CTV001,송산(양)01079,송산4리버스정류장앞,"41590400","41590400","4159040024","1014-2",자가망, ,"37.107647","126.989078","199029.186742951","500959.530498648","3",CTM002, 
4250,AE134,1093,스마트도시과,CTV001,송산(양)-01104,송산리480-3,"41590400","41590400","4159040024","480-3",자가망, ,"37.108131","126.988385","198967.59529105","501013.251965927","1",CTM002, 
4251,AE134,1094,스마트도시과,CTV001,송산(양)-01105,송산리701-40,"41590400","41590400","4159040024","701-40",KT, ,"37.103067","126.987876","198922.307511511","500451.256805825","1",CTM002, 
4252,AE134,1095,스마트도시과,CTV001,송산(양)-01106,송산리713,"41590400","41590400","4159040024","713",KT, ,"37.105791","126.986273","198779.831645974","500753.584634968","1",CTM002, 
4253,AE134,1096,스마트도시과,CTV001,송산(양)-01107,송산리739-3,"41590400","41590400","4159040024","739-3",KT, ,"37.104973","126.985306","198693.862708347","500662.816167572","1",CTM002, 
4254,AE134,1138,스마트도시과,CTV001,송산(양)-01149,송산리11-8,"41590400","41590400","4159040024","11-8",KT, ,"37.121877","126.994744","199532.878433588","502538.771140924","1",CTM002, 
4255,AE134,1139,스마트도시과,CTV001,송산(양)-01150,송산리268-4,"41590400","41590400","4159040024","268-4",KT, ,"37.114467","126.976308","197894.319596939","501716.672360956","1",CTM002, 
4257,AE134,1141,스마트도시과,CTV001,송산(양)-01152,송산리40-6,"41590400","41590400","4159040024","40-6",KT, ,"37.121869","126.99435","199497.887829017","502537.84424876","1",CTM002, 
4258,AE134,1142,스마트도시과,CTV001,송산(양)-01153,송산리447,"41590400","41590400","4159040024","447",KT, ,"37.106925","126.986494","198799.493836253","500879.43272743","1",CTM002, 
4259,AE134,1143,스마트도시과,CTV001,송산(양)-01154,송산리481,"41590400","41590400","4159040024","481",자가망, ,"37.108885","126.987573","198895.431240783","501096.939778864","1",CTM002, 
4260,AE134,1144,스마트도시과,CTV001,송산(양)-01155,송산리720,"41590400","41590400","4159040024","701-34",KT, ,"37.106187","126.988094","198941.702572648","500797.510724913","1",CTM002, 
4261,AE134,1145,스마트도시과,CTV001,송산(양)-01156,송산리759-5,"41590400","41590400","4159040024","689",KT, ,"37.104949","126.991074","199206.544907021","500660.141064584","1",CTM002, 
4263,AE134,1151,스마트도시과,CTV001,송산(양)01162,송산리502,"41590400","41590400","4159040024","502",자가망, ,"37.109035","126.988986","199021.027092972","501113.571231178","1",CTM002, 
4264,AE134,3456,스마트도시과,CTV001,수직-03500,수직리126,"41590259","41590259","4159025932","126",KT, ,"37.12001","126.992489","199332.521081849","502331.544055901","1",CTM002, 
4265,AE134,3742,스마트도시과,CTV001,송산(양)-3756,송산리1015-15-검지(20차),"41590400","41590400","4159040024","1015-15",KT, ,"37.106978","126.991626","199255.647589632","500885.279858865","1",CTM002, 
4266,AE134,3749,스마트도시과,CTV001,송산(양)-3763,송산리1038-검지(20차),"41590400","41590400","4159040024","1038",자가망, ,"37.097189","126.996479","199686.989250004","499798.822913821","1",CTM002, 
4267,AE134,1062,스마트도시과,CTV001,용소-01073,솔안고개삼거리,"41590400","41590400","4159040025","1046-22",자가망, ,"37.076978","126.969472","197285.393417044","497556.284280678","3",CTM002, 
1037,AE134,2477,스마트도시과,CTV001,청계-02505,모아미래도아파트1101동앞사거리,"41590588","41590130","4159013000","546",동탄2자가망, ,"37.203921","127.116176","210313.29627307","511650.350792571","5",CTM001, 
1056,AE134,2496,스마트도시과,CTV001,영천-02524,영천동680삼거리,"41590590","41590131","4159013100","680",동탄2자가망, ,"37.206159","127.110554","209813.939948091","511898.097132615","5",CTM001, 
1073,AE134,2516,스마트도시과,CTV001,영천-02544,반도유보라2차아파트401동앞쪽통학길,"41590590","41590131","4159013100","716",동탄2자가망, ,"37.208224","127.116992","210385.234557695","512127.982629193","4",CTM001, 
2315,AE134,1893,스마트도시과,CTV001,구문천-01909,구문천리395,"41590259","41590259","4159025925","395",KT, ,"37.082933","126.894368","190607.703627609","498221.927374785","1",CTM002, 
2331,AE134,1916,스마트도시과,CTV001,구문천-01932,구문천리958,"41590259","41590259","4159025925","151-68",KT, ,"37.082383","126.905947","191637.189404498","498159.87360942","1",CTM002, 
2348,AE134,1842,스마트도시과,CTV001,하길-01858,제약공단삼거리-검지,"41590259","41590259","4159025926","1415",자가망, ,"37.090312","126.917209","192639.358893804","499038.841101881","3",CTM002, 
1673,AE134,611,스마트도시과,CTV001,동화-00618,동화리338-3-고정,"41590253","41590253","4159025324","338-3",KT, ,"37.225824","126.954528","195964.462515565","514075.773492293","1",CTM002, 
1691,AE134,4,스마트도시과,CTV001,기배-00004,기안중학교정문,"41590560","41590253","4159025325","438-1",자가망, ,"37.206817","126.976217","197888.753234086","511965.647905964","3",CTM001, 
1708,AE134,588,스마트도시과,CTV001,와우-00595,와우리172-8골목안,"41590253","41590253","4159025325","172-8",자가망, ,"37.21884","126.975416","197818.050933003","513300.046366805","3",CTM002, 
469,AE134,2,스마트도시과,CTV001,기배-00002,네오가베어린이집,"41590560","41590124","4159012400","329-14",자가망, ,"37.227004","126.972991","197603.049557184","514206.193928533","3",CTM001, 
487,AE134,2147,스마트도시과,CTV001,기안-02165,기안동333-17,"41590560","41590124","4159012400","333-17",자가망, ,"37.229269","126.970756","197404.761279726","514457.5270203","2",CTM001, 
504,AE134,4091,스마트도시과,CTV001,기안-04106,해피트리어린이공원(24차),"41590560","41590124","4159012400","917",kt, ,"37.22297","126.97921","198154.847135576","513758.265025312","4",CTM001, 
1078,AE134,2521,스마트도시과,CTV001,영천-02549,한백초등학교뒤반도유보라2차아파트쪽오르막길,"41590590","41590131","4159013100","715-3",동탄2자가망, ,"37.208455","127.11394","210114.229250051","512153.311351911","4",CTM001, 
1098,AE134,3206,스마트도시과,CTV001,영천-03241,영천동411-3,"41590590","41590131","4159013100","411-3",동탄2자가망, ,"37.208014","127.094435","208382.891194671","512102.409098313","4",CTM001, 
1115,AE134,3246,스마트도시과,CTV001,영천-03284,영천동64-1,"41590590","41590131","4159013100","64-1",동탄2자가망, ,"37.219219","127.103664","209200.779736349","513346.899822678","3",CTM001, 
2357,AE134,1962,스마트도시과,CTV001,하길-01979,하길리916-9-고정,"41590259","41590259","4159025926","916-9",KT, ,"37.085074","126.919495","192842.106180313","498457.367875686","1",CTM002, 
2374,AE134,2024,스마트도시과,CTV001,하길-02042,하길리533-고정,"41590259","41590259","4159025926","533",자가망, ,"37.107227","126.926511","193467.782210674","500915.42390227","1",CTM002, 
2391,AE134,2991,스마트도시과,CTV001,하길-03020,탑스프라자앞삼거리,"41590259","41590259","4159025926","1465",향남2자가망, ,"37.117555","126.911226","192110.275234842","502062.696087568","3",CTM002, 
1720,AE134,2376,스마트도시과,CTV001,동화-02396,와우코리요공원,"41590253","41590253","4159025324","241-31",자가망, ,"37.215938","126.967571","197121.641534766","512978.164743088","3",CTM002, 
1738,AE134,651,스마트도시과,CTV001,수기-00660,삼진고시원,"41590253","41590253","4159025326","1-61",KT, ,"37.206465","126.980036","198227.815694495","511926.589961561","1",CTM002, 
517,AE134,2106,스마트도시과,CTV001,화산-02124,남수원골프장입구사거리,"41590570","41590125","4159012500","182-1",자가망, ,"37.210065","127.008287","200735.596670956","512325.909086548","5",CTM001, 
536,AE134,2161,스마트도시과,CTV001,송산(동)-02179,송산동167-17,"41590570","41590125","4159012500","167-17",KT, ,"37.208494","127.011726","201040.911856633","512151.633677665","1",CTM001, 
1120,AE134,3252,스마트도시과,CTV001,영천-03290,영천동산17-5,"41590590","41590131","4159013100",산17-5,동탄2자가망, ,"37.211048","127.104057","209236.599948356","512440.089656541","4",CTM001, 
1137,AE134,4330,스마트도시과,CTV001,영천-04348,영천동612[1],"41590590","41590131","4159013100","612",동탄3자가망, ,"37.210956","127.107641","209554.749999865","512430.250102163","4",CTM001, 
1155,AE134,3388,스마트도시과,CTV001,목-03431,목동424-22,"41590610","41590134","4159013400","424-22",동탄2자가망, ,"37.189627","127.122744","210898.439712228","510064.72991574","5",CTM001, 
2395,AE134,2995,스마트도시과,CTV001,하길-03024,"102테이블앞삼거리","41590259","41590259","4159025926","1459-6",향남2자가망, ,"37.117756","126.914965","192442.580064402","502084.753284449","4",CTM002, 
2412,AE134,3014,스마트도시과,CTV001,하길-03043,하길문화공원앞,"41590259","41590259","4159025926","1508",향남2자가망, ,"37.118554","126.911905","192170.707042704","502173.563188869","3",CTM002, 
2430,AE134,3066,스마트도시과,CTV001,하길-03095,하길유치원,"41590259","41590259","4159025926","1521",향남2자가망, ,"37.112237","126.901787","191270.788321374","501473.374608167","3",CTM002, 
1758,AE134,2236,스마트도시과,CTV001,분천-02255,미래숲어린이집,"41590253","41590253","4159025327","137-1",자가망, ,"37.200278","126.965821","196965.63249721","511240.234946732","2",CTM002, 
1775,AE134,656,스마트도시과,CTV001,왕림-00665,부흥정밀,"41590253","41590253","4159025328","137",KT, ,"37.197539","126.938897","194575.248480141","510937.482935948","1",CTM002, 
1792,AE134,649,스마트도시과,CTV001,세곡-00658,흰돌산기도원,"41590253","41590253","4159025329","238",KT, ,"37.185288","126.925884","193418.874293787","509578.730106251","1",CTM002, 
556,AE134,3902,스마트도시과,CTV001,송산(동)-03918,해피성심어린이집(22차),"41590570","41590125","4159012500","106-22",자가망, ,"37.207929","127.018232","201618.457717295","512088.976014754","4",CTM001, 
575,AE134,2126,스마트도시과,CTV001,화산-02144,송산동입구버스정류장,"41590570","41590126","4159012600","10-123",자가망, ,"37.205683","127.017717","201572.735176438","511839.713928065","1",CTM001, 
1170,AE134,3403,스마트도시과,CTV001,목-03446,목동261-2,"41590610","41590134","4159013400","261-2",동탄2자가망, ,"37.182433","127.124808","211082.773401372","509266.547161131","5",CTM001, 
2851,AE134,29,스마트도시과,CTV001,신남-00029,신남3동버스정류장삼거리-검지,"41590262","41590262","4159026222",산141-3,자가망, ,"37.176168","126.814449","183521.969228393","508580.034692802","3",CTM002, 
2852,AE134,32,스마트도시과,CTV001,신남-00032,신남1리마을회관,"41590262","41590262","4159026222","574",자가망, ,"37.184569","126.813044","183399.044236547","509512.666011969","3",CTM002, 
2853,AE134,48,스마트도시과,CTV001,신남-00048,신남3통마을회관앞,"41590262","41590262","4159026222",산176-2,자가망, ,"37.173081","126.801324","182355.654499804","508239.819880888","4",CTM002, 
2854,AE134,70,스마트도시과,CTV001,신남-00071,장덕2통마을입구,"41590262","41590262","4159026222",산150-1,자가망, ,"37.170754","126.812334","183332.973105337","507979.55285953","3",CTM002, 
2855,AE134,73,스마트도시과,CTV001,신남-00074,한솔자동차학원입구,"41590262","41590262","4159026222","199-4",자가망, ,"37.19126","126.833204","185190.472885716","510251.879685499","3",CTM002, 
2856,AE134,74,스마트도시과,CTV001,안석-00075,활초초교정문,"41590262","41590262","4159026224",산39-2,자가망, ,"37.179554","126.826006","184549.020225696","508953.916312354","1",CTM002, 
2858,AE134,83,스마트도시과,CTV001,신남-00084,신남리910-8,"41590262","41590262","4159026222","910-8",자가망, ,"37.183513","126.799542","182199.861338837","509397.963988353","1",CTM002, 
2860,AE134,87,스마트도시과,CTV001,신남-00088,신남리716,"41590262","41590262","4159026222","716",자가망, ,"37.182593","126.80932","183067.926169743","509294.047878518","1",CTM002, 
2861,AE134,127,스마트도시과,CTV001,신남-00128,신남리1207-1-고정,"41590262","41590262","4159026222","1207-1",KT, ,"37.176172","126.806311","182799.257834811","508581.946113858","1",CTM002, 
2862,AE134,128,스마트도시과,CTV001,신남-00129,신남리518-고정,"41590262","41590262","4159026222","518",자가망, ,"37.180371","126.817878","183827.398968376","509045.975668104","1",CTM002, 
2863,AE134,130,스마트도시과,CTV001,신남-00131,신남리25-14-고정,"41590262","41590262","4159026222","25-14",자가망, ,"37.195293","126.822618","184251.423897636","510701.207442217","1",CTM002, 
2864,AE134,131,스마트도시과,CTV001,신남-00132,신남리97-1-고정,"41590262","41590262","4159026222","97-1",자가망, ,"37.189225","126.819638","183985.567205642","510028.260550444","1",CTM002, 
2865,AE134,134,스마트도시과,CTV001,신남-00135,신남리335-2-고정,"41590262","41590262","4159026222","335-2",자가망, ,"37.182678","126.819097","183936.073828218","509301.768874059","1",CTM002, 
2866,AE134,135,스마트도시과,CTV001,신남-00136,신남리488-5-고정,"41590262","41590262","4159026222","488-5",자가망, ,"37.177499","126.8158","183642.22438064","508727.583233897","1",CTM002, 
2867,AE134,137,스마트도시과,CTV001,신남-00138,신남리176-7-고정,"41590262","41590262","4159026222","176-7",자가망, ,"37.188877","126.821908","184187.005308141","509989.313523649","1",CTM002, 
2868,AE134,138,스마트도시과,CTV001,신남-00139,신남리36-6고정,"41590262","41590262","4159026222","36-6",자가망, ,"37.197252","126.818628","183897.593388205","510919.335002613","1",CTM002, 
2869,AE134,139,스마트도시과,CTV001,신남-00140,신남리1140-고정,"41590262","41590262","4159026222","1140",KT, ,"37.175241","126.80881","183020.949253624","508478.238932289","1",CTM002, 
2870,AE134,2252,스마트도시과,CTV001,신남-02271,활초초등학교,"41590262","41590262","4159026222","393-8",자가망, ,"37.178385","126.824303","184397.519731123","508824.457194127","3",CTM002, 
2871,AE134,3515,스마트도시과,CTV001,신남-3529,신남리3-34-검지(20차),"41590262","41590262","4159026222","3-34",자가망, ,"37.194309","126.824734","184439.079233953","510591.663312802","1",CTM002, 
2872,AE134,3979,스마트도시과,CTV001,신남-03995,신남리1319-검지(23차),"41590262","41590262","4159026222","1319",KT, ,"37.173809","126.804121","182604.195422723","508320.13066796","2",CTM002, 
2873,AE134,28,스마트도시과,CTV001,장덕-00028,금성콘크리트앞대로,"41590262","41590262","4159026223","772-8",자가망, ,"37.15056","126.805388","182711.484304645","505739.727057478","1",CTM002, 
2874,AE134,37,스마트도시과,CTV001,장덕-00037,장덕리산15-2,"41590262","41590262","4159026223",산15-2,자가망, ,"37.168671","126.801928","182408.291022055","507750.281291511","1",CTM002, 
2876,AE134,69,스마트도시과,CTV001,장덕-00070,장덕1동매바위버스정류장,"41590262","41590262","4159026223",산241-1,자가망, ,"37.153814","126.795162","181803.773746104","506102.78184008","3",CTM002, 
2877,AE134,78,스마트도시과,CTV001,장덕-00079,장덕리산221-18,"41590262","41590262","4159026223",산221-18,자가망, ,"37.156736","126.801807","182394.74106365","506425.724875068","1",CTM002, 
2878,AE134,110,스마트도시과,CTV001,장덕-00111,장덕리83-6-고정,"41590262","41590262","4159026223","83-6",자가망, ,"37.168177","126.817133","183758.614492832","507692.788835752","1",CTM002, 
2879,AE134,111,스마트도시과,CTV001,장덕-00112,장덕리69-3-고정,"41590262","41590262","4159026223","69-3",자가망, ,"37.16751","126.817199","183764.333579711","507618.731048461","1",CTM002, 
2880,AE134,112,스마트도시과,CTV001,장덕-00113,장덕리산177-5-고정,"41590262","41590262","4159026223",산177-5,자가망, ,"37.163894","126.80837","182979.338125859","507218.927690421","1",CTM002, 
2881,AE134,118,스마트도시과,CTV001,장덕-00119,장덕리433-6-고정,"41590262","41590262","4159026223","433-6",자가망, ,"37.167741","126.810495","183168.97903307","507645.525254504","1",CTM002, 
2882,AE134,3539,스마트도시과,CTV001,장덕-3553,장덕리산210-21-검지(20차),"41590262","41590262","4159026223",산210-21,자가망, ,"37.158472","126.80317","182516.214647112","506618.224198097","3",CTM002, 
2883,AE134,3978,스마트도시과,CTV001,장덕-03994,장덕리660-2-검지(23차),"41590262","41590262","4159026223","660-2",KT, ,"37.160353","126.801665","182382.993485938","506827.235316076","2",CTM002, 
2884,AE134,49,스마트도시과,CTV001,안석-00049,안석동동녘회관앞,"41590262","41590262","4159026224","342-3",자가망, ,"37.177085","126.818535","183885.025484927","508681.1464906","3",CTM002, 
2885,AE134,142,스마트도시과,CTV001,안석-00143,안석리282-고정,"41590262","41590262","4159026224","282",KT, ,"37.171073","126.82291","184272.336538508","508013.193726238","1",CTM002, 
2886,AE134,145,스마트도시과,CTV001,안석-00146,안석리805-2-고정,"41590262","41590262","4159026224","805-2",KT, ,"37.172816","126.827244","184657.560919524","508205.903704238","1",CTM002, 
2887,AE134,3535,스마트도시과,CTV001,안석-3549,안석리9-8-검지(20차),"41590262","41590262","4159026224","9-8",KT, ,"37.167179","126.83478","185325.751557891","507579.174589458","1",CTM002, 
2888,AE134,63,스마트도시과,CTV001,활초-00064,활초동마을회관앞,"41590262","41590262","4159026225","321-5",자가망, ,"37.176285","126.834121","185268.939555288","508589.881953409","3",CTM002, 
2889,AE134,80,스마트도시과,CTV001,활초-00081,활초리산110,"41590262","41590262","4159026225",산110,자가망, ,"37.175482","126.835375","185380.227166827","508500.492244633","1",CTM002, 
2890,AE134,82,스마트도시과,CTV001,활초-00083,활초리72,"41590262","41590262","4159026225","72",자가망, ,"37.180796","126.842181","185985.618983624","509089.21812649","1",CTM002, 
2891,AE134,114,스마트도시과,CTV001,활초-00115,활초리125-6-고정,"41590262","41590262","4159026225","125-6",자가망, ,"37.17642","126.839541","185750.33696245","508603.980529448","1",CTM002, 
2893,AE134,144,스마트도시과,CTV001,안석-00145,안석리3-13-고정,"41590262","41590262","4159026224","3-13",KT, ,"37.167885","126.834855","185332.543754452","507657.427844516","1",CTM002, 
3620,AE134,1042,스마트도시과,CTV001,육일-01052,육일리로406-1-고정,"41590340","41590125","4159034034","406-1",자가망, ,"37.203099","126.726558","175725.319122734","511587.804852902","1",CTM002, 
3621,AE134,1043,스마트도시과,CTV001,육일-01053,육일리139-1-고정,"41590340","41590125","4159034034","139-1",자가망, ,"37.209299","126.724341","175530.489895412","512276.490416878","1",CTM002, 
3622,AE134,3960,스마트도시과,CTV001,육일-03976,BIT-육일2리_코스코밸리,"41590340","41590125","4159034034","598-2",KT, ,"37.19961","126.722866","175396.470750084","511201.565924383","1",CTM002, 
3623,AE134,4027,스마트도시과,CTV001,육일-04043,육일리486-1-검지(23차),"41590340","41590125","4159034034","486-1",KT, ,"37.200094","126.722367","175352.325708339","511255.395225368","2",CTM002, 
3624,AE134,4032,스마트도시과,CTV001,육일-04048,육일리113-검지(23차),"41590340","41590125","4159034034","113",KT, ,"37.208216","126.721855","175309.513589889","512156.902951438","2",CTM002, 
3626,AE134,792,스마트도시과,CTV001,전곡-00801,전곡리19-21,"41590350","41590350","4159035021","19-21",KT, ,"37.202976","126.69548","172966.34324667","511582.61112389","1",CTM002, 
3628,AE134,942,스마트도시과,CTV001,칠곡-00952,칠곡리285-1,"41590340","41590125","4159034035","285-1",KT, ,"37.201579","126.709477","174208.449997186","511423.620377576","1",CTM002, 
3629,AE134,991,스마트도시과,CTV001,칠곡-01001,칠곡리226,"41590340","41590125","4159034035","226",KT, ,"37.203929","126.702379","173579.120548216","511686.401004689","1",CTM002, 
3630,AE134,992,스마트도시과,CTV001,칠곡-01002,칠곡리448-2,"41590340","41590125","4159034035","448-2",KT, ,"37.200414","126.704168","173736.759864345","511295.850118596","1",CTM002, 
3631,AE134,994,스마트도시과,CTV001,칠곡-01004,칠곡리501,"41590340","41590125","4159034035","501",자가망, ,"37.203996","126.711436","174383.223504528","511691.357464975","1",CTM002, 
3632,AE134,995,스마트도시과,CTV001,칠곡-01005,칠곡리산32-2,"41590340","41590125","4159034035",산32-2,KT, ,"37.205146","126.71568","174760.329793945","511817.869990839","1",CTM002, 
3633,AE134,3731,스마트도시과,CTV001,칠곡-3745,칠곡리4-1-검지(20차),"41590340","41590125","4159034035","4-1",KT, ,"37.210626","126.708313","174108.2033748","512428.009936005","1",CTM002, 
3634,AE134,730,스마트도시과,CTV001,전곡-00739,전곡리700,"41590350","41590350","4159035021","439-7",KT, ,"37.18705","126.694278","172853.934476326","509815.470781127","1",CTM002, 
3635,AE134,744,스마트도시과,CTV001,전곡-00753,전곡리716,"41590350","41590350","4159035021","253",KT, ,"37.200322","126.68624","172145.097062782","511290.70795947","1",CTM002, 
3636,AE134,746,스마트도시과,CTV001,전곡-00755,전곡삼거리,"41590350","41590350","4159035021",산117-1,자가망, ,"37.20033","126.700785","173436.402028318","511287.441700806","3",CTM002, 
3637,AE134,752,스마트도시과,CTV001,전곡-00761,이레프라스틱입구사거리(전곡-00761),"41590350","41590350","4159035021","91-3",자가망, ,"37.197187","126.69746","173140.083881007","510939.507708924","5",CTM002, 
3638,AE134,753,스마트도시과,CTV001,전곡-00762,전곡리독작골길,"41590350","41590350","4159035021",산172-1,자가망, ,"37.195026","126.692379","172688.187267226","510701.143129451","1",CTM002, 
3639,AE134,756,스마트도시과,CTV001,전곡-00765,전곡파출소앞사거리,"41590350","41590350","4159035021","971",KT, ,"37.186596","126.652578","169151.085247656","509777.796666742","1",CTM002, 
3640,AE134,760,스마트도시과,CTV001,전곡-00769,전곡리968,"41590350","41590350","4159035021","995",KT, ,"37.188129","126.65562","169421.832963636","509946.979222489","1",CTM002, 
3641,AE134,761,스마트도시과,CTV001,전곡-00770,전곡리976,"41590350","41590350","4159035021","817",KT, ,"37.186541","126.654674","169337.166710762","509771.034858629","1",CTM002, 
3642,AE134,793,스마트도시과,CTV001,전곡-00802,전곡리311-1,"41590350","41590350","4159035021","311-1",KT, ,"37.190708","126.691961","172649.52794796","510222.063166319","1",CTM002, 
3644,AE134,852,스마트도시과,CTV001,전곡-00862,전곡리222-101,"41590350","41590350","4159035021","222-101",KT, ,"37.197227","126.690761","172545.30589178","510945.888955542","1",CTM002, 
3645,AE134,853,스마트도시과,CTV001,전곡-00863,전곡리225,"41590350","41590350","4159035021","225",KT, ,"37.196939","126.690554","172526.832797629","510914.041651645","1",CTM002, 
3646,AE134,854,스마트도시과,CTV001,전곡-00864,전곡리313-1,"41590350","41590350","4159035021","313-1",KT, ,"37.190803","126.691092","172572.431145118","510232.868539649","1",CTM002, 
3647,AE134,867,스마트도시과,CTV001,전곡-00877,전곡리104-4,"41590350","41590350","4159035021","104-4",KT, ,"37.196143","126.698847","173262.847009645","510823.272789292","1",CTM002, 
3648,AE134,868,스마트도시과,CTV001,전곡-00878,전곡리409,"41590350","41590350","4159035021","409",KT, ,"37.190546","126.699474","173316.579835025","510201.942584849","1",CTM002, 
3649,AE134,869,스마트도시과,CTV001,전곡-00879,전곡리514-1,"41590350","41590350","4159035021","514-1",KT, ,"37.184914","126.690988","172561.075280627","509579.294640453","1",CTM002, 
3650,AE134,870,스마트도시과,CTV001,전곡-00880,전곡리588-1,"41590350","41590350","4159035021","588-1",KT, ,"37.190136","126.681583","171727.83333158","510161.615662229","1",CTM002, 
3651,AE134,871,스마트도시과,CTV001,전곡-00881,전곡리967,"41590350","41590350","4159035021","967",KT, ,"37.187336","126.65431","169305.140579503","509859.338817465","1",CTM002, 
3652,AE134,872,스마트도시과,CTV001,전곡-00882,전곡리970,"41590350","41590350","4159035021","948",KT, ,"37.184258","126.651839","169084.495691344","509518.57341485","1",CTM002, 
3653,AE134,873,스마트도시과,CTV001,전곡-00883,전곡리산110-1,"41590350","41590350","4159035021",산110-1,KT, ,"37.187576","126.691968","172648.976573477","509874.518994236","1",CTM002, 
3654,AE134,879,스마트도시과,CTV001,전곡-00889,전곡리산3,"41590350","41590350","4159035021",산3,KT, ,"37.20033","126.700785","173436.402028318","511287.441700806","1",CTM002, 
3655,AE134,884,스마트도시과,CTV001,전곡-00894,전곡리1075,"41590350","41590350","4159035021","1075",KT, ,"37.189861","126.657281","169570.002929039","510138.609594412","1",CTM002, 
3656,AE134,2363,스마트도시과,CTV001,전곡-02383,전곡3호어린이공원,"41590350","41590350","4159035021","800",KT, ,"37.187971","126.654844","169352.830627266","509929.661554051","3",CTM002, 
3657,AE134,2364,스마트도시과,CTV001,전곡-02384,전곡4호어린이공원,"41590350","41590350","4159035021","1052",KT, ,"37.188883","126.65595","169451.40265342","510030.556867697","3",CTM002, 
3658,AE134,2365,스마트도시과,CTV001,전곡-02385,전곡2호어린이공원,"41590350","41590350","4159035021","920",KT, ,"37.18491","126.652346","169129.78102877","509590.757139677","3",CTM002, 
3659,AE134,2700,스마트도시과,CTV001,전곡-02728,전곡산단방범_07,"41590350","41590350","4159035021","1110-5",자가망, ,"37.185633","126.678617","171462.785272161","509662.80222353","1",CTM002, 
3661,AE134,2702,스마트도시과,CTV001,전곡-02730,전곡산단방범_02,"41590350","41590350","4159035021","1083-1",자가망, ,"37.191183","126.658933","169717.215603499","510284.857577788","1",CTM002, 
3662,AE134,2703,스마트도시과,CTV001,전곡-02731,전곡산단방범_03,"41590350","41590350","4159035021","1091-7",자가망, ,"37.191433","126.660533","169859.376963245","510312.093030814","1",CTM002, 
3663,AE134,2704,스마트도시과,CTV001,전곡-02732,전곡산단방범_04,"41590350","41590350","4159035021","1093-5",자가망, ,"37.192467","126.663917","170160.184507797","510425.703669352","1",CTM002, 
4268,AE134,1063,스마트도시과,CTV001,용소-01074,수도목장옆삼거리,"41590400","41590400","4159040025","1025-14",자가망, ,"37.079425","126.96919","197260.405494082","497827.858262172","1",CTM002, 
4269,AE134,1078,스마트도시과,CTV001,용소-01089,용소1리버스정류장,"41590400","41590400","4159040025","725-3",자가망, ,"37.080059","126.984575","198628.435801439","497897.886245278","3",CTM002, 
4270,AE134,1080,스마트도시과,CTV001,용소-01091,용소리마을입구(구용소3리버스정류장),"41590400","41590400","4159040025","497-2",자가망, ,"37.076541","126.976539","197913.79224989","497507.6079233","1",CTM002, 
4271,AE134,1085,스마트도시과,CTV001,용소-01096,용소리버스정류장앞,"41590400","41590400","4159040025",산28-15,자가망, ,"37.079321","126.970494","197376.352294251","497816.279635141","3",CTM002, 
4272,AE134,1088,스마트도시과,CTV001,용소-01099,용소리1117-8,"41590400","41590400","4159040025","1117-8",자가망, ,"37.079101","126.978146","198056.755835589","497791.680360249","1",CTM002, 
4273,AE134,1089,스마트도시과,CTV001,용소-01100,용소리1132-1,"41590400","41590400","4159040025",산25-2,KT, ,"37.073886","126.967412","197102.096715363","497213.197849998","1",CTM002, 
4274,AE134,1090,스마트도시과,CTV001,용소-01101,용소리350-7,"41590400","41590400","4159040025","350-7",KT, ,"37.074372","126.981452","198350.620886069","497266.797789225","1",CTM002, 
4275,AE134,1091,스마트도시과,CTV001,용소-01102,용소리581-2,"41590400","41590400","4159040025","581-4",KT, ,"37.077937","126.986303","198782.052617168","497662.365000112","1",CTM002, 
4276,AE134,1170,스마트도시과,CTV001,용소-01181,용소리1098,"41590400","41590400","4159040025","1098",자가망, ,"37.078807","126.972499","197554.584056396","497759.182899","1",CTM002, 
4277,AE134,1171,스마트도시과,CTV001,용소-01182,용소리1105,"41590400","41590400","4159040025","1105",KT, ,"37.084743","126.981876","198388.544556209","498417.755128531","1",CTM002, 
4278,AE134,1172,스마트도시과,CTV001,용소-01183,용소리275-3,"41590400","41590400","4159040025","275-3",KT, ,"37.077043","126.986954","198839.926399597","497563.141543445","1",CTM002, 
4279,AE134,1173,스마트도시과,CTV001,용소-01184,용소리309,"41590400","41590400","4159040025","309",KT, ,"37.078053","126.985368","198698.913706409","497675.250968296","1",CTM002, 
4280,AE134,1174,스마트도시과,CTV001,용소-01185,용소리330-3,"41590400","41590400","4159040025","330-3",KT, ,"37.076017","126.980942","198305.305788608","497449.345109216","1",CTM002, 
4281,AE134,1175,스마트도시과,CTV001,용소-01186,용소리414-6,"41590400","41590400","4159040025","414-6",KT, ,"37.071511","126.975297","197803.19667273","496949.389179499","1",CTM002, 
4282,AE134,1176,스마트도시과,CTV001,용소-01187,용소리42,"41590400","41590400","4159040025","62-5",KT, ,"37.077678","126.989","199021.868528227","497633.590251067","1",CTM002, 
4283,AE134,1177,스마트도시과,CTV001,용소-01188,용소리538-5,"41590400","41590400","4159040025","538-5",KT, ,"37.077593","126.980508","198266.749090934","497624.278168587","1",CTM002, 
4285,AE134,1179,스마트도시과,CTV001,용소-01190,용소리791-4(772),"41590400","41590400","4159040025","791-4",KT, ,"37.083933","126.980591","198274.273255325","498327.884521384","1",CTM002, 
4286,AE134,1180,스마트도시과,CTV001,용소-01191,민진화장품진입로(22차),"41590400","41590400","4159040025","835-1",KT, ,"37.082086","126.979052","198137.389822406","498122.934996661","5",CTM002, 
4287,AE134,1181,스마트도시과,CTV001,용소-01192,용소리905-1,"41590400","41590400","4159040025","905-1",KT, ,"37.076554","126.971725","197485.720375529","497509.167168341","1",CTM002, 
4288,AE134,3103,스마트도시과,CTV001,용소-03138,솔안고개용소BUS정류장,"41590400","41590400","4159040025",산26-20,자가망, ,"37.075422","126.966424","197014.298575535","497383.71444368","1",CTM002, 
4289,AE134,3748,스마트도시과,CTV001,용소-3762,용소리630-3-검지(20차),"41590400","41590400","4159040025","630-3",자가망, ,"37.080609","126.988622","198988.295319496","497958.874028887","1",CTM002, 
4290,AE134,4041,스마트도시과,CTV001,용소-04057,용소리175-검지(23차),"41590400","41590400","4159040025","175",KT, ,"37.076213","126.987647","198901.501655891","497471.031775267","2",CTM002, 
4291,AE134,1054,스마트도시과,CTV001,요당-01065,낚시터주변,"41590400","41590400","4159040026","341-5",자가망, ,"37.071404","126.913437","192302.092746947","496940.701019461","3",CTM002, 
4292,AE134,1066,스마트도시과,CTV001,요당-01077,요당3리입구지하도,"41590400","41590400","4159040026","419-3",자가망, ,"37.071922","126.917306","192646.224513081","496997.881788005","5",CTM002, 
4293,AE134,1067,스마트도시과,CTV001,요당-01078,요당리버스정류장,"41590400","41590400","4159040026","338-24",자가망, ,"37.066566","126.916054","192534.379806736","496403.631481431","4",CTM002, 
4294,AE134,1076,스마트도시과,CTV001,요당-01087,양감가구단지삼거리,"41590400","41590400","4159040026",산59-3,자가망, ,"37.07522","126.939386","194609.992340448","497362.476976456","1",CTM002, 
4295,AE134,1079,스마트도시과,CTV001,요당-01090,요당리성지입구사거리,"41590400","41590400","4159040026","644",자가망, ,"37.068262","126.936512","194353.882492465","496590.440830516","3",CTM002, 
4296,AE134,1086,스마트도시과,CTV001,요당-01097,요당리110-3,"41590400","41590400","4159040026","110-3",자가망, ,"37.066384","126.935969","194305.407535961","496382.065931301","1",CTM002, 
4297,AE134,1087,스마트도시과,CTV001,요당-01098,요당리350(348),"41590400","41590400","4159040026","350",자가망, ,"37.067362","126.917709","192681.570976513","496491.842072944","1",CTM002, 
4298,AE134,1156,스마트도시과,CTV001,요당-01167,요당리137-1,"41590400","41590400","4159040026","137-1",자가망, ,"37.068711","126.93563","194275.469280581","496640.334234484","1",CTM002, 
4299,AE134,1157,스마트도시과,CTV001,요당-01168,요당리154,"41590400","41590400","4159040026","154",자가망, ,"37.070027","126.936292","194334.430947185","496786.342890694","1",CTM002, 
4301,AE134,1159,스마트도시과,CTV001,요당-01170,요당리191-7,"41590400","41590400","4159040026","191-7",KT, ,"37.068291","126.92845","193636.950256604","496594.157371627","1",CTM002, 
4302,AE134,1160,스마트도시과,CTV001,요당-01171,요당리360,"41590400","41590400","4159040026","360",자가망, ,"37.068945","126.918462","192748.750608819","496667.519480122","1",CTM002, 
4303,AE134,1161,스마트도시과,CTV001,요당-01172,요당리411-1(406-6),"41590400","41590400","4159040026","411-1",자가망, ,"37.072185","126.919624","192852.339422772","497026.981261463","1",CTM002, 
4304,AE134,1162,스마트도시과,CTV001,요당-01173,요당리483,"41590400","41590400","4159040026","483",자가망, ,"37.071564","126.915119","192451.695130097","496958.4004379","1",CTM002, 
4305,AE134,1163,스마트도시과,CTV001,요당-01174,요당리536-1,"41590400","41590400","4159040026","536-1",자가망, ,"37.07613","126.921138","192987.365558525","497464.647560028","1",CTM002, 
4306,AE134,1164,스마트도시과,CTV001,요당-01175,요당리620-1(621-1),"41590400","41590400","4159040026","620-1",KT, ,"37.075118","126.908502","191863.619068745","497353.354903333","1",CTM002, 
4307,AE134,1165,스마트도시과,CTV001,요당-01176,요당리608,"41590400","41590400","4159040026","608",KT, ,"37.076618","126.910329","192026.204830429","497519.668741464","1",CTM002, 
4308,AE134,1168,스마트도시과,CTV001,요당-01179,요당리354,"41590400","41590400","4159040026","354",KT, ,"37.065979","126.914511","192397.024802742","496338.564825137","1",CTM002, 
4310,AE134,3745,스마트도시과,CTV001,요당-3759,요당리511-7-검지(20차),"41590400","41590400","4159040026","511-7",자가망, ,"37.076254","126.918849","192783.806144577","497478.547049964","1",CTM002, 
1187,AE134,3154,스마트도시과,CTV001,송-03189,워터프론트41,"41590610","41590135","4159013500","233-1",동탄2자가망, ,"37.170051","127.109352","209711.928517299","507890.736530299","1",CTM001, 
3250,AE134,275,스마트도시과,CTV001,송정-00276,송정리598-1,"41590330","41590330","4159033023","598-1",KT, ,"37.213327","126.789166","181285.895466425","512708.722643311","1",CTM002, 
3267,AE134,286,스마트도시과,CTV001,쌍송-00287,쌍송리340-22,"41590330","41590330","4159033024","340-22",자가망, ,"37.190972","126.775159","180036.693992007","510230.630736046","1",CTM002, 
3290,AE134,299,스마트도시과,CTV001,청원-00300,청원리585-1,"41590330","41590330","4159033025","585-1",자가망, ,"37.179519","126.76975","179553.321664301","508960.680898136","1",CTM002, 
3307,AE134,2398,스마트도시과,CTV001,청원-02418,청원리1263,"41590330","41590330","4159033025","1388",자가망, ,"37.171167","126.775877","180095.260584937","508032.423533901","5",CTM002, 
378,AE134,2329,스마트도시과,CTV001,반월-02349,반월중앙공원,"41590550","41590120","4159012000","880-5",KT, ,"37.236304","127.066408","205892.771433463","515240.017770238","3",CTM001, 
3389,AE134,898,스마트도시과,CTV001,사강-00908,사강빌라촌입구,"41590340","41590125","4159034021","576-4",자가망, ,"37.217333","126.732983","176300.137746552","513165.938143612","3",CTM002, 
2577,AE134,2055,스마트도시과,CTV001,행정-02073,센타프라자앞사거리,"41590259","41590259","4159025939","462-1",향남1자가망, ,"37.126173","126.915009","192447.369441922","503018.866983481","5",CTM002, 
2596,AE134,2074,스마트도시과,CTV001,행정-02092,행단공원내정자,"41590259","41590259","4159025939","490",향남1자가망, ,"37.127529","126.923517","193203.503747128","503168.751776966","4",CTM002, 
3321,AE134,2412,스마트도시과,CTV001,청원-02432,청원리1247-3(산책로),"41590330","41590330","4159033025","1515",자가망, ,"37.173778","126.763472","178994.260765538","508324.885377727","4",CTM002, 
3339,AE134,281,스마트도시과,CTV001,슬항-00282,슬항리314,"41590330","41590330","4159033026","314",KT, ,"37.201708","126.755146","178262.798285785","511426.531957846","1",CTM002, 
3355,AE134,3780,스마트도시과,CTV001,해문-3794,해문리26-검지(20차),"41590330","41590330","4159033027","26",KT, ,"37.202052","126.735238","176495.591896945","511469.38415694","2",CTM002, 
3978,AE134,1406,스마트도시과,CTV001,어은-01417,화성서부교회앞,"41590370","41590370","4159037021","597-2",자가망, ,"37.086396","126.837934","185590.567111341","498613.339165682","3",CTM002, 
3995,AE134,1387,스마트도시과,CTV001,석포-01398,석포공단입구삼거리,"41590370","41590370","4159037022","876-2",자가망, ,"37.140133","126.819167","183933.302657094","504580.114966822","4",CTM002, 
2777,AE134,2616,스마트도시과,CTV001,남양(뉴)-02644,남양리1449-4,"41590262","41590262","4159026221","1449-4",남양뉴타운자가망, ,"37.206006","126.83372","185239.132554124","511888.387862116","5",CTM002, 
3113,AE134,702,스마트도시과,CTV001,양노-00711,양노리757-10,"41590320","41590320","4159032021","757-10",자가망, ,"37.217729","126.871241","188571.723332845","513184.24055846","1",CTM002, 
2613,AE134,2091,스마트도시과,CTV001,행정-02109,지웰1203동뒤육교아래,"41590259","41590259","4159025939","580-1",향남1자가망, ,"37.127731","126.92108","192986.975196165","503191.275979271","4",CTM002, 
2633,AE134,4133,스마트도시과,CTV001,행정-04147,행정리478[2](24차),"41590259","41590259","4159025939","478",향남1자가망, ,"37.13387","126.929031","193693.995455713","503872.066186133","4",CTM002, 
3374,AE134,3547,스마트도시과,CTV001,금당-3561,금당리336-1-검지(20차),"41590330","41590330","4159033029","336-1",KT, ,"37.181321","126.749889","177790.175574049","509165.10378402","4",CTM002, 
3393,AE134,908,스마트도시과,CTV001,사강-00918,송산고후문,"41590340","41590125","4159034021","800-17",자가망, ,"37.215821","126.736881","176645.632355932","512997.154158814","3",CTM002, 
4010,AE134,1498,스마트도시과,CTV001,석포-01509,석포리산106-19,"41590370","41590370","4159037022",산106-19,KT, ,"37.134633","126.823983","184360.122597511","503968.918340261","1",CTM002, 
4027,AE134,1503,스마트도시과,CTV001,수촌-01514,수촌리1114-1,"41590370","41590370","4159037023","1114-1",KT, ,"37.111132","126.85097","186753.908480969","501356.66633348","1",CTM002, 
4044,AE134,1451,스마트도시과,CTV001,독정-01462,독정리121-2,"41590370","41590370","4159037024","121-2",KT, ,"37.079332","126.860169","187566.357247443","497826.237412394","1",CTM002, 
2654,AE134,3552,스마트도시과,CTV001,방축-3566,방축리207-3-검지(20차),"41590259","41590259","4159025940","207-3",KT, ,"37.120039","126.929459","193730.902648897","502337.031740404","3",CTM002, 
2672,AE134,3876,스마트도시과,CTV001,장짐-3891,장짐리118-1-어안(20차),"41590259","41590259","4159025941","118-1",자가망, ,"37.140724","126.906997","191736.936481107","504634.463785338","1",CTM002, 
3408,AE134,1032,스마트도시과,CTV001,사강-01042,사강리543-6,"41590340","41590125","4159034021","543-6",자가망, ,"37.213373","126.730659","176092.678614239","512727.029821164","1",CTM002, 
3425,AE134,3703,스마트도시과,CTV001,사강-3717,사강리429-23-어안(20차),"41590340","41590125","4159034021","429-23",자가망, ,"37.213054","126.723578","175463.971766443","512693.400583253","1",CTM002, 
3443,AE134,893,스마트도시과,CTV001,봉가-00903,대성자동차공업사앞,"41590340","41590125","4159034022","390-6",자가망, ,"37.211055","126.738736","176808.823843838","512467.77285777","1",CTM002, 
4055,AE134,1464,스마트도시과,CTV001,독정-01475,독정리78-52,"41590370","41590370","4159037024","78-52",KT, ,"37.079064","126.866862","188161.460505294","497795.610260795","1",CTM002, 
4072,AE134,1420,스마트도시과,CTV001,장안-01431,장일분교,"41590370","41590370","4159037025","1068-13",자가망, ,"37.036502","126.845979","186296.926833528","493074.971156376","4",CTM002, 
4089,AE134,1531,스마트도시과,CTV001,장안-01542,장안리273-11,"41590370","41590370","4159037025","273-11",자가망, ,"37.050828","126.855581","187153.616977631","494663.550961426","1",CTM002, 
2698,AE134,58,스마트도시과,CTV001,남양-00059,우림아파트뒤남양천다리,"41590262","41590262","4159026221","1865-28",자가망, ,"37.204751","126.806662","182836.90719237","511753.686130835","1",CTM002, 
2717,AE134,171,스마트도시과,CTV001,남양-00172,남양리442-5-고정,"41590262","41590262","4159026221","442-5",자가망, ,"37.205161","126.803892","182591.110181551","511799.671722223","1",CTM002, 
3463,AE134,1034,스마트도시과,CTV001,삼존-01044,삼존리197-6,"41590340","41590125","4159034023","197-6",자가망, ,"37.219316","126.736528","176615.430294218","513385.050090172","1",CTM002, 
2894,AE134,153,스마트도시과,CTV001,안석-00154,안석리산4-1-고정,"41590262","41590262","4159026224",산4-1,자가망, ,"37.17866","126.829426","184852.505535541","508854.090778824","1",CTM002, 
2895,AE134,3540,스마트도시과,CTV001,활초-3554,활초리산27-1-검지(20차),"41590262","41590262","4159026225",산27-1,KT, ,"37.186024","126.839648","185761.677396859","509669.805259904","1",CTM002, 
2897,AE134,64,스마트도시과,CTV001,활초-00065,활초리619-5,"41590262","41590262","4159026225","619-5",KT, ,"37.165448","126.841292","185903.753397853","507386.035745966","1",CTM002, 
2898,AE134,85,스마트도시과,CTV001,온석-00086,온석리342,"41590262","41590262","4159026226","342",자가망, ,"37.173654","126.84623","186343.860421133","508296.022685144","1",CTM002, 
2899,AE134,86,스마트도시과,CTV001,온석-00087,온석리500-2,"41590262","41590262","4159026226","500-2",자가망, ,"37.165538","126.847706","186473.460377359","507395.089963472","1",CTM002, 
2900,AE134,146,스마트도시과,CTV001,온석-00147,온석리457-1-고정,"41590262","41590262","4159026226","457-1",KT, ,"37.174888","126.86276","187812.025624343","508430.720670584","1",CTM002, 
2901,AE134,147,스마트도시과,CTV001,온석-00148,온석리462-6-고정,"41590262","41590262","4159026226","462-6",KT, ,"37.172941","126.858855","187464.981897425","508215.160739174","1",CTM002, 
2902,AE134,3536,스마트도시과,CTV001,온석-3550,온석리462-2-검지(20차),"41590262","41590262","4159026226","462-2",자가망, ,"37.173732","126.860603","187620.359279422","508302.728143623","1",CTM002, 
2903,AE134,3537,스마트도시과,CTV001,온석-3551,온석리129-검지(20차),"41590262","41590262","4159026226","129",자가망, ,"37.175729","126.861475","187698.085237719","508524.220480895","3",CTM002, 
2904,AE134,3538,스마트도시과,CTV001,온석-3552,온석리287-1-검지(20차),"41590262","41590262","4159026226","287-1",자가망, ,"37.170006","126.847173","186426.935146122","507890.984343768","1",CTM002, 
2905,AE134,4528,스마트도시과,CTV001,온석-04545,대성교앞사거리(온석-04545),"41590262","41590262","4159026226","511-1",KT, ,"37.173466","126.863569","187883.694217299","508272.790774518","4",CTM002, 
2906,AE134,38,스마트도시과,CTV001,무송-00038,무송리146,"41590262","41590262","4159026227","146",자가망, ,"37.196151","126.845492","186282.38873825","510792.873746695","1",CTM002, 
2907,AE134,47,스마트도시과,CTV001,무송-00047,무송동금강포란재앞삼거리,"41590262","41590262","4159026227","437-11",자가망, ,"37.183595","126.85534","187154.601810864","509397.979264396","3",CTM002, 
2908,AE134,88,스마트도시과,CTV001,무송-00089,무송리424-3-고정,"41590262","41590262","4159026227","424-3",자가망, ,"37.186509","126.854501","187080.588422657","509721.525833177","1",CTM002, 
2909,AE134,89,스마트도시과,CTV001,무송-00090,무송리318-1-고정,"41590262","41590262","4159026227","318-1",KT, ,"37.180848","126.849226","186611.157150121","509093.993318297","1",CTM002, 
2910,AE134,96,스마트도시과,CTV001,무송-00097,무송리499-1-고정,"41590262","41590262","4159026227","499-1",자가망, ,"37.179067","126.844328","186175.932138101","508897.038786995","1",CTM002, 
2911,AE134,99,스마트도시과,CTV001,무송-00100,무송리437-1-고정,"41590262","41590262","4159026227","437-1",자가망, ,"37.184344","126.854191","187052.65730699","509481.338236097","1",CTM002, 
2912,AE134,173,스마트도시과,CTV001,무송-00174,무송리120-1-고정,"41590262","41590262","4159026227","120-1",자가망, ,"37.197826","126.85197","186857.812683765","510977.849691196","1",CTM002, 
2913,AE134,174,스마트도시과,CTV001,무송-00175,무송리184-50-고정,"41590262","41590262","4159026227","184-50",자가망, ,"37.193598","126.846757","186394.240595728","510509.355871445","1",CTM002, 
2915,AE134,3098,스마트도시과,CTV001,무송-03133,능고개무송롤링힐스앞,"41590262","41590262","4159026227",산73-5,자가망, ,"37.191164","126.839856","185781.092707525","510240.273431982","1",CTM002, 
2916,AE134,3527,스마트도시과,CTV001,무송-3541,무송리산10-검지(20차),"41590262","41590262","4159026227",산10,자가망, ,"37.196703","126.85793","187386.713940414","510852.407752289","1",CTM002, 
2917,AE134,3937,스마트도시과,CTV001,무송-03953,BIT-롤링힐스,"41590262","41590262","4159026227","212-34",KT, ,"37.191835","126.839562","185755.070431565","510314.708451942","1",CTM002, 
2918,AE134,4508,스마트도시과,CTV001,무송-04525,영진바이오약품,"41590262","41590262","4159026227","466-3",자가망, ,"37.181057","126.851788","186838.744693011","509116.82957364","1",CTM002, 
2919,AE134,44,스마트도시과,CTV001,북양-00044,요양원입구삼거리,"41590262","41590262","4159026228","618",자가망, ,"37.205794","126.854651","187097.16682995","511861.797642579","1",CTM002, 
2920,AE134,52,스마트도시과,CTV001,북양-00052,북양동상설할인매장앞,"41590262","41590262","4159026228","78-4",자가망, ,"37.221996","126.839486","185754.050922754","513662.100357495","3",CTM002, 
2921,AE134,53,스마트도시과,CTV001,북양-00053,북양교차로,"41590262","41590262","4159026228","546-11",자가망, ,"37.210914","126.856087","187225.528530644","512429.813521591","3",CTM002, 
2922,AE134,77,스마트도시과,CTV001,북양-00078,북양리101-1,"41590262","41590262","4159026228","101-1",자가망, ,"37.224957","126.840128","185811.519754303","513990.590587053","1",CTM002, 
2923,AE134,91,스마트도시과,CTV001,북양-00092,북양리558-18-고정,"41590262","41590262","4159026228","558-18",자가망, ,"37.208717","126.85945","187523.684424058","512185.501653095","1",CTM002, 
2924,AE134,92,스마트도시과,CTV001,북양-00093,북양리593-고정,"41590262","41590262","4159026228","593",자가망, ,"37.207546","126.856694","187278.802059694","512056.000056909","1",CTM002, 
2925,AE134,93,스마트도시과,CTV001,북양-00094,북양리72-2-고정,"41590262","41590262","4159026228","72-2",자가망, ,"37.222665","126.839909","185791.643119148","513736.231698695","1",CTM002, 
2926,AE134,95,스마트도시과,CTV001,북양-00096,북양리434-1-고정,"41590262","41590262","4159026228","434-1",KT, ,"37.210336","126.842392","186009.799702148","512367.570504503","1",CTM002, 
2927,AE134,97,스마트도시과,CTV001,북양-00098,북양리256-8-고정,"41590262","41590262","4159026228","256-8",자가망, ,"37.218842","126.83237","185121.847624883","513313.10529565","2",CTM002, 
2928,AE134,104,스마트도시과,CTV001,북양-00105,북양리204-5-고정,"41590262","41590262","4159026228","204-5",자가망, ,"37.220838","126.834195","185284.161890889","513534.351259416","1",CTM002, 
2929,AE134,105,스마트도시과,CTV001,북양-00106,북양리259-3-고정,"41590262","41590262","4159026228","259-3",자가망, ,"37.219153","126.831795","185070.829899943","513347.75560027","1",CTM002, 
2930,AE134,106,스마트도시과,CTV001,북양-00107,북양리266-1-고정,"41590262","41590262","4159026228","266-1",자가망, ,"37.219684","126.83058","184963.08817727","513406.812594071","1",CTM002, 
2932,AE134,108,스마트도시과,CTV001,북양-00109,북양리375-1-고정,"41590262","41590262","4159026228","375-1",KT, ,"37.219262","126.83637","185476.982490991","513359.139034033","1",CTM002, 
2933,AE134,2558,스마트도시과,CTV001,남양(뉴)-02586,북양리294-1,"41590262","41590262","4159026228","294-1",남양뉴타운자가망, ,"37.218105","126.831435","185038.715187703","513231.458923074","3",CTM002, 
2934,AE134,2559,스마트도시과,CTV001,남양(뉴)-02587,북양리282,"41590262","41590262","4159026228","284-5",남양뉴타운자가망, ,"37.216783","126.829308","184849.62062508","513085.13454194","3",CTM002, 
2935,AE134,2560,스마트도시과,CTV001,남양(뉴)-02588,북양리320-2,"41590262","41590262","4159026228","320-2",남양뉴타운자가망, ,"37.216968","126.833017","185178.880417956","513105.027241872","4",CTM002, 
3664,AE134,2705,스마트도시과,CTV001,전곡-02733,전곡산단방범_05,"41590350","41590350","4159035021","1097",KT, ,"37.190083","126.673283","170990.913059157","510158.289447129","1",CTM002, 
3665,AE134,2706,스마트도시과,CTV001,전곡-02734,전곡산단방범_06,"41590350","41590350","4159035021","1116-1",자가망, ,"37.185417","126.673483","171006.887076383","509640.313868534","1",CTM002, 
3667,AE134,3095,스마트도시과,CTV001,전곡-03129,전곡항-해안,"41590350","41590350","4159035021","1074",KT, ,"37.190717","126.655133","169379.629911837","510234.286915453","1",CTM002, 
3668,AE134,3678,스마트도시과,CTV001,전곡-3692,전곡리487-2-검지(20차),"41590350","41590350","4159035021","487-2",자가망, ,"37.185976","126.689908","172465.49005611","509697.459342304","1",CTM002, 
3669,AE134,4367,스마트도시과,CTV001,전곡-04377,전곡리83-35(전곡-04377),"41590350","41590350","4159035021","83-35",KT, ,"37.196252","126.694907","172913.081563946","510836.49970387","4",CTM002, 
3670,AE134,729,스마트도시과,CTV001,상안-00738,서신중학교사거리,"41590350","41590350","4159035022","882-14",자가망, ,"37.167982","126.700261","173378.522611904","507697.569945962","3",CTM002, 
3671,AE134,738,스마트도시과,CTV001,상안-00747,상안삼거리,"41590350","41590350","4159035022","887-9",자가망, ,"37.180668","126.710173","174263.150263259","509102.709049479","5",CTM002, 
3672,AE134,749,스마트도시과,CTV001,상안-00758,신흥사앞,"41590350","41590350","4159035022","56-2",자가망, ,"37.189832","126.713601","174570.659053128","510118.79611601","4",CTM002, 
3673,AE134,791,스마트도시과,CTV001,상안-00800,상안리708-7,"41590350","41590350","4159035022","708-7",자가망, ,"37.173803","126.706789","173960.318564823","508341.790300485","1",CTM002, 
3674,AE134,795,스마트도시과,CTV001,상안-00804,상안리738-3,"41590350","41590350","4159035022","738-3",KT, ,"37.171506","126.707747","174044.549584112","508086.559461173","1",CTM002, 
3675,AE134,796,스마트도시과,CTV001,상안-00805,상안리784-5,"41590350","41590350","4159035022","784-5",KT, ,"37.170736","126.706237","173910.18282025","508001.528248757","1",CTM002, 
3676,AE134,838,스마트도시과,CTV001,상안-00848,상안리165-1,"41590350","41590350","4159035022","165-1",KT, ,"37.184453","126.712111","174436.530960557","509522.249466481","1",CTM002, 
3677,AE134,839,스마트도시과,CTV001,상안-00849,상안리270,"41590350","41590350","4159035022","270",KT, ,"37.17971","126.710086","174255.099467656","508996.412480301","1",CTM002, 
3678,AE134,840,스마트도시과,CTV001,상안-00850,상안리430-4,"41590350","41590350","4159035022","430-4",KT, ,"37.18224","126.70653","173940.206408015","509278.222470819","1",CTM002, 
3679,AE134,841,스마트도시과,CTV001,상안-00851,상안리454-2,"41590350","41590350","4159035022","454-2",자가망, ,"37.181434","126.703784","173696.057826416","509189.496557452","1",CTM002, 
3680,AE134,842,스마트도시과,CTV001,상안-00852,상안리557-4,"41590350","41590350","4159035022","557-4",자가망, ,"37.177389","126.707461","174021.225886881","508739.529530678","1",CTM002, 
3681,AE134,843,스마트도시과,CTV001,상안-00853,상안리648,"41590350","41590350","4159035022","648",자가망, ,"37.179637","126.701451","173488.250154321","508990.635092948","1",CTM002, 
3682,AE134,844,스마트도시과,CTV001,상안-00854,상안리860-1,"41590350","41590350","4159035022","860-1",KT, ,"37.170829","126.701333","173474.710494857","508013.23318078","1",CTM002, 
3683,AE134,845,스마트도시과,CTV001,상안-00855,상안리86-2,"41590350","41590350","4159035022","86-2",KT, ,"37.188579","126.712808","174499.827032295","509979.927049362","1",CTM002, 
3685,AE134,847,스마트도시과,CTV001,상안-00857,상안리901,"41590350","41590350","4159035022","901",자가망, ,"37.181276","126.704841","173789.873668083","509171.635425302","1",CTM002, 
3686,AE134,848,스마트도시과,CTV001,상안-00858,상안리산126-2,"41590350","41590350","4159035022",산126-2,자가망, ,"37.180307","126.713527","174560.832153168","509061.784040807","1",CTM002, 
3687,AE134,3679,스마트도시과,CTV001,상안-3693,상안리856-2-검지(20차),"41590350","41590350","4159035022","856-2",자가망, ,"37.171714","126.700728","173421.288813811","508111.587708371","3",CTM002, 
3688,AE134,3961,스마트도시과,CTV001,상안-03977,BIT-상안2리_SK주유소,"41590350","41590350","4159035022","895",KT, ,"37.179013","126.708072","174076.013834606","508919.573937313","1",CTM002, 
3689,AE134,4019,스마트도시과,CTV001,상안-04035,상안리771-3-검지(23차),"41590350","41590350","4159035022","771-3",KT, ,"37.170334","126.707413","174014.556217359","507956.580697324","2",CTM002, 
3690,AE134,4023,스마트도시과,CTV001,상안-04039,상안리873-18-검지(23차),"41590350","41590350","4159035022","873-18",KT, ,"37.167845","126.700473","173397.250252201","507682.306199055","2",CTM002, 
3691,AE134,733,스마트도시과,CTV001,광평-00742,광평낚시터버스정류장,"41590350","41590350","4159035023","348-2",자가망, ,"37.178936","126.689616","172437.021691779","508916.212124242","3",CTM002, 
3692,AE134,734,스마트도시과,CTV001,광평-00743,광평주유소앞삼거리,"41590350","41590350","4159035023","234-2",자가망, ,"37.173046","126.694293","172850.254707942","508261.193475862","1",CTM002, 
3693,AE134,754,스마트도시과,CTV001,광평-00763,장외리공단입구삼거리,"41590350","41590350","4159035023","402-4",자가망, ,"37.174566","126.6873","172229.772529104","508431.999001313","1",CTM002, 
3694,AE134,804,스마트도시과,CTV001,장외-00813,장외리10-1,"41590350","41590350","4159035024","10-1",자가망, ,"37.178706","126.688399","172328.882294615","508891.040826458","1",CTM002, 
3695,AE134,807,스마트도시과,CTV001,광평-00816,광평리424,"41590350","41590350","4159035023","424",KT, ,"37.177484","126.690817","172543.201972625","508754.740645123","1",CTM002, 
3696,AE134,808,스마트도시과,CTV001,광평-00817,광평리427,"41590350","41590350","4159035023","427",자가망, ,"37.174759","126.688736","172357.397848557","508452.965426421","1",CTM002, 
3697,AE134,812,스마트도시과,CTV001,광평-00821,광평리194-2,"41590350","41590350","4159035023","194-2",자가망, ,"37.173035","126.696897","173081.538479074","508259.252399412","1",CTM002, 
3698,AE134,813,스마트도시과,CTV001,광평-00822,광평리351,"41590350","41590350","4159035023","351",자가망, ,"37.180139","126.689738","172448.337221856","509049.764894098","1",CTM002, 
3699,AE134,815,스마트도시과,CTV001,광평-00824,광평리87-10,"41590350","41590350","4159035023","87-10",자가망, ,"37.177242","126.699224","173289.680187111","508725.503965675","1",CTM002, 
3701,AE134,755,스마트도시과,CTV001,장외-00764,장외삼거리,"41590350","41590350","4159035024","332-3",자가망, ,"37.17436","126.681226","171690.274815079","508410.866420906","3",CTM002, 
3702,AE134,798,스마트도시과,CTV001,송교-00807,송교리15-5,"41590350","41590350","4159035025","15-5",KT, ,"37.16628","126.675127","171145.595784151","507515.942242148","1",CTM002, 
3703,AE134,806,스마트도시과,CTV001,장외-00815,장외리461-3,"41590350","41590350","4159035024","461-3",KT, ,"37.169661","126.67866","171460.616537518","507890.17869103","1",CTM002, 
3704,AE134,811,스마트도시과,CTV001,장외-00820,장외리517-5,"41590350","41590350","4159035024","517-5",KT, ,"37.16821","126.678315","171429.411812025","507729.270981501","1",CTM002, 
3705,AE134,814,스마트도시과,CTV001,광평-00823,광평리428,"41590350","41590350","4159035023","428",자가망, ,"37.177632","126.687504","172249.010684566","508772.163840675","1",CTM002, 
3706,AE134,865,스마트도시과,CTV001,장외-00875,장외리361-4,"41590350","41590350","4159035024","361-4",자가망, ,"37.174432","126.685418","172062.550466181","508417.591671425","1",CTM002, 
4311,AE134,3746,스마트도시과,CTV001,요당-3760,요당리594-23-검지(20차),"41590400","41590400","4159040026","594-23",자가망, ,"37.078983","126.913415","192300.920464432","497781.890970899","1",CTM002, 
4312,AE134,4039,스마트도시과,CTV001,요당-04055,요당리산37-3-검지(23차),"41590400","41590400","4159040026",산37-3,KT, ,"37.07054","126.93136","193895.860450638","496843.59156709","2",CTM002, 
4313,AE134,4040,스마트도시과,CTV001,요당-04056,요당리170-8-검지(23차),"41590400","41590400","4159040026","170-8",KT, ,"37.07101","126.935187","194236.228779133","496895.468379759","2",CTM002, 
4314,AE134,1055,스마트도시과,CTV001,대양-01066,대양3리경동제약뒷길,"41590400","41590400","4159040027","557-8",자가망, ,"37.085418","126.933998","194131.629601282","498494.550610142","1",CTM002, 
4315,AE134,1056,스마트도시과,CTV001,대양-01067,대양교사거리,"41590400","41590400","4159040027","1502-11",자가망, ,"37.086253","126.946071","195205.116975583","498586.540849225","1",CTM002, 
4316,AE134,1060,스마트도시과,CTV001,대양-01071,상신리입구삼거리,"41590400","41590400","4159040027","511-4",자가망, ,"37.087841","126.940915","194746.801247131","498763.048595247","3",CTM002, 
4317,AE134,1061,스마트도시과,CTV001,대양-01072,상주정공앞,"41590400","41590400","4159040027","717",KT, ,"37.087847","126.928862","193675.179290415","498764.448853522","3",CTM002, 
4318,AE134,1106,스마트도시과,CTV001,대양-01117,대양리1153-3,"41590400","41590400","4159040027","1153-3",KT, ,"37.094956","126.936822","194383.421043625","499552.900985666","1",CTM002, 
4319,AE134,1107,스마트도시과,CTV001,대양-01118,대양리1177-3,"41590400","41590400","4159040027","1177-3",KT, ,"37.096921","126.936251","194332.80498954","499771.009537243","1",CTM002, 
4320,AE134,1108,스마트도시과,CTV001,대양-01119,대양리1504,"41590400","41590400","4159040027","1504",자가망, ,"37.086339","126.947726","195352.269995239","498596.00282971","1",CTM002, 
4321,AE134,1109,스마트도시과,CTV001,대양-01120,대양리1199,"41590400","41590400","4159040027","1199",KT, ,"37.099976","126.936247","194332.676948816","500110.05217026","1",CTM002, 
4322,AE134,1110,스마트도시과,CTV001,대양-01121,대양리196,"41590400","41590400","4159040027","196",KT, ,"37.089809","126.9496","195519.093372462","498981.010994725","1",CTM002, 
4324,AE134,1112,스마트도시과,CTV001,대양-01123,대양리253-1,"41590400","41590400","4159040027","253-1",자가망, ,"37.087331","126.949297","195492.007826882","498706.018585947","1",CTM002, 
4325,AE134,1113,스마트도시과,CTV001,대양-01124,대양리310,"41590400","41590400","4159040027","310",자가망, ,"37.087853","126.9504","195590.105554559","498763.898014642","1",CTM002, 
4326,AE134,1114,스마트도시과,CTV001,대양-01125,대양리450-4,"41590400","41590400","4159040027","450-4",KT, ,"37.086706","126.9426","194896.537128374","498636.99526138","1",CTM002, 
4327,AE134,1115,스마트도시과,CTV001,대양-01126,대양리557-11,"41590400","41590400","4159040027","554",자가망, ,"37.084378","126.934127","194143.019235985","498379.124226287","1",CTM002, 
4328,AE134,1116,스마트도시과,CTV001,대양-01127,대양리648-1,"41590400","41590400","4159040027","645-8",KT, ,"37.085939","126.930036","193779.402750977","498552.622853076","1",CTM002, 
4329,AE134,1117,스마트도시과,CTV001,대양-01128,대양리689,"41590400","41590400","4159040027","725",KT, ,"37.086805","126.929585","193739.410492908","498648.760509051","1",CTM002, 
4330,AE134,1118,스마트도시과,CTV001,대양-01129,대양리818-4,"41590400","41590400","4159040027","818-3",KT, ,"37.090438","126.941917","194836.064448595","499051.206982695","1",CTM002, 
4331,AE134,1119,스마트도시과,CTV001,대양-01130,대양리828-2,"41590400","41590400","4159040027","849-7",KT, ,"37.091381","126.941701","194816.924939441","499155.872283914","1",CTM002, 
4332,AE134,1120,스마트도시과,CTV001,대양-01131,대양리979-2,"41590400","41590400","4159040027","980-3",KT, ,"37.095503","126.939398","194612.468427222","499613.457542872","1",CTM002, 
4333,AE134,1121,스마트도시과,CTV001,대양-01132,대양리509-4,"41590400","41590400","4159040027","805",자가망, ,"37.088446","126.94015","194678.80134186","498830.233666246","1",CTM002, 
4334,AE134,3420,스마트도시과,CTV001,대양-03463,상두리입구-검지1,"41590400","41590400","4159040027","1125-3",자가망, ,"37.096495","126.939401","194612.839930051","499723.54897439","2",CTM002, 
4335,AE134,3747,스마트도시과,CTV001,대양-3761,대양리499-4-검지(20차),"41590400","41590400","4159040027","499-4",자가망, ,"37.087739","126.942478","194885.759451326","498751.643431026","3",CTM002, 
4336,AE134,3939,스마트도시과,CTV001,대양-03955,BIT-신왕리,"41590400","41590400","4159040021","645",KT, ,"37.083457","126.944131","195032.447109967","498276.342534172","1",CTM002, 
4338,AE134,1558,스마트도시과,CTV001,발산-01569,발산리180-4교차로,"41590410","41590410","4159041021","180-4",자가망, ,"37.16677","126.986454","198796.850808603","507521.021690373","3",CTM001, 
4339,AE134,1584,스마트도시과,CTV001,발산-01595,정남초교후문,"41590410","41590410","4159041021","727-1",자가망, ,"37.168443","126.984766","198647.028765941","507706.715284548","5",CTM001, 
4341,AE134,2253,스마트도시과,CTV001,발산-02272,정남초등학교후문,"41590410","41590410","4159041021","114",자가망, ,"37.167298","126.98555","198716.640326379","507579.697968948","2",CTM001, 
4342,AE134,3814,스마트도시과,CTV001,발산-3828,발산리486-10(20차)(발산-3828),"41590410","41590410","4159041021","486-10",자가망, ,"37.163137","126.98355","198538.901014175","507117.836158399","4",CTM001, 
4343,AE134,4125,스마트도시과,CTV001,발산-04139,발산리406-3(24차),"41590410","41590410","4159041021","406-3",kt, ,"37.168723","126.983366","198522.640021685","507737.85520275","6",CTM001, 
4344,AE134,4462,스마트도시과,CTV001,발산-04479,발산리185-3(발산-04479),"41590410","41590410","4159041021","681-3",KT, ,"37.166858","126.984489","198622.352873316","507530.873920339","4",CTM001, 
4345,AE134,1551,스마트도시과,CTV001,괘랑-01562,괘랑1리버스정류장,"41590410","41590410","4159041022","1158-1",자가망, ,"37.183647","126.996361","199676.86720182","509393.989298839","3",CTM001, 
4346,AE134,1567,스마트도시과,CTV001,괘랑-01578,성원기업앞삼거리,"41590410","41590410","4159041022","717-1",자가망, ,"37.180513","126.987589","198897.85761528","509046.196209617","4",CTM001, 
4347,AE134,1578,스마트도시과,CTV001,괘랑-01589,정남농협앞,"41590410","41590410","4159041022","1048-4",자가망, ,"37.169827","126.983344","198520.698728615","507860.322880767","1",CTM001, 
4348,AE134,1581,스마트도시과,CTV001,괘랑-01592,정남어린이집,"41590410","41590410","4159041022","920-4",자가망, ,"37.171664","126.983549","198538.940836563","508064.247007781","4",CTM001, 
4349,AE134,1592,스마트도시과,CTV001,괘랑-01603,정남중앙교회앞삼거리,"41590410","41590410","4159041022","1052-16",자가망, ,"37.169978","126.982819","198474.065905125","507877.166992985","1",CTM001, 
4350,AE134,2254,스마트도시과,CTV001,괘랑-02273,나래어린이집,"41590410","41590410","4159041022","1058-5",자가망, ,"37.1703","126.982226","198421.433045777","507912.868131159","2",CTM001, 
4351,AE134,3802,스마트도시과,CTV001,괘랑-3816,괘랑리26-43-어안(20차),"41590410","41590410","4159041022","26-43",자가망, ,"37.187203","127.004869","200432.297494219","509788.665259878","1",CTM001, 
4352,AE134,3803,스마트도시과,CTV001,괘랑-3817,괘랑리404-2-검지(20차),"41590410","41590410","4159041022","404-2",KT, ,"37.184523","126.995223","199575.78543618","509491.235422018","1",CTM001, 
4353,AE134,3804,스마트도시과,CTV001,괘랑-3818,괘랑리1183-어안(20차),"41590410","41590410","4159041022","1183",KT, ,"37.184266","126.993102","199387.464555648","509462.691581248","1",CTM001, 
3480,AE134,970,스마트도시과,CTV001,용포-00980,용포리698-8(131),"41590340","41590125","4159034024","131",자가망, ,"37.22946","126.758031","178526.846705331","514505.811848295","1",CTM002, 
4107,AE134,1449,스마트도시과,CTV001,덕다-01460,덕다리산81,"41590370","41590370","4159037026",산81,KT, ,"37.067135","126.837996","185592.435754755","496475.759319139","1",CTM002, 
4125,AE134,1392,스마트도시과,CTV001,금의-01403,금의리557-5,"41590370","41590370","4159037028","565",KT, ,"37.106212","126.821802","184160.380803601","500815.079093909","1",CTM002, 
2734,AE134,2573,스마트도시과,CTV001,남양(뉴)-02601,남양리2198,"41590262","41590262","4159026221","2198",남양뉴타운자가망, ,"37.206382","126.837694","185591.971230417","511929.438700581","5",CTM002, 
2752,AE134,2591,스마트도시과,CTV001,남양(뉴)-02619,남양리1936-2,"41590262","41590262","4159026221","1936-2",남양뉴타운자가망, ,"37.207667","126.82828","184756.614186081","512073.589602369","5",CTM002, 
2770,AE134,2609,스마트도시과,CTV001,남양(뉴)-02637,남양리1683,"41590262","41590262","4159026221","1683",남양뉴타운자가망, ,"37.206479","126.819587","183984.68419191","511943.155128559","5",CTM002, 
3494,AE134,981,스마트도시과,CTV001,고정-00991,고정리1162(1098),"41590340","41590125","4159034025","1098",KT, ,"37.237482","126.739388","176874.832986944","515400.554392452","1",CTM002, 
3511,AE134,956,스마트도시과,CTV001,고정-00966,고정리1164,"41590340","41590125","4159034025","146-3",KT, ,"37.237397","126.736943","176657.798070561","515391.709892387","1",CTM002, 
3528,AE134,3728,스마트도시과,CTV001,천등-3742,천등리190-검지(20차),"41590340","41590125","4159034027","190",자가망, ,"37.242257","126.708595","174144.02495522","515938.360158486","1",CTM002, 
4148,AE134,1476,스마트도시과,CTV001,사곡-01487,사곡리267-138,"41590370","41590370","4159037029","267-138",KT, ,"37.060984","126.823433","184296.065395797","495795.400691417","1",CTM002, 
4166,AE134,1435,스마트도시과,CTV001,노진-01446,노진리1361,"41590370","41590370","4159037030","1361",KT, ,"37.030875","126.820112","183994.319886954","492454.564795653","1",CTM002, 
2780,AE134,2619,스마트도시과,CTV001,남양(뉴)-02647,남양리산142-16,"41590262","41590262","4159026221",산142-16,남양뉴타운자가망, ,"37.202052","126.82033","184049.638061364","511451.703195737","4",CTM002, 
2799,AE134,2638,스마트도시과,CTV001,남양(뉴)-02666,남양리산139-71,"41590262","41590262","4159026221",산139-71,남양뉴타운자가망, ,"37.196521","126.826077","184558.776597095","510836.956802797","4",CTM002, 
3546,AE134,1049,스마트도시과,CTV001,독지-01060,독지리327-고정,"41590340","41590125","4159034029","327",KT, ,"37.246233","126.686979","172227.537176322","516385.81180034","1",CTM002, 
3563,AE134,2273,스마트도시과,CTV001,마산-02292,마산초등학교진입로,"41590340","41590125","4159034030",산99-1,KT, ,"37.23197","126.689739","172467.219926895","514802.08904673","2",CTM002, 
4187,AE134,1081,스마트도시과,CTV001,신왕-01092,양감초교정문,"41590400","41590400","4159040021","493-3",자가망, ,"37.080805","126.950804","195625.586116427","497981.733224591","1",CTM002, 
4204,AE134,1188,스마트도시과,CTV001,신왕-01199,양감복지회관앞,"41590400","41590400","4159040021","815-4",KT, ,"37.080203","126.946002","195198.627245921","497915.131157521","1",CTM002, 
4221,AE134,1129,스마트도시과,CTV001,사창-01140,사창리591,"41590400","41590400","4159040022","591",KT, ,"37.096441","126.967791","197136.6479815","499716.323206922","1",CTM002, 
2825,AE134,3950,스마트도시과,CTV001,남양-03966,BIT-남양육리_남양1동,"41590262","41590262","4159026221","324-1",KT, ,"37.203912","126.801495","182377.997510221","511661.465489926","1",CTM002, 
2843,AE134,4311,스마트도시과,CTV001,남양-04326,남양뉴타운-체육공원1호(남양-04326),"41590262","41590262","4159026221","2255",남양뉴타운자가망, ,"37.209925","126.824569","184427.620412762","512324.767632376","4",CTM002, 
3590,AE134,4574,스마트도시과,CTV001,송산(테)-04588,송산테크노파크13,"41590340","41590125","4159034033","225-6",자가망, ,"37.217977","126.696103","173027.000000094","513247.250102159","5",CTM002, 
3609,AE134,4570,스마트도시과,CTV001,송산(테)-04584,송산테크노파크09,"41590340","41590125","4159034033","362-9",자가망, ,"37.2152","126.699086","173290.750000154","512938.250102166","3",CTM002, 
4239,AE134,1105,스마트도시과,CTV001,정문-01116,정문리산19-31,"41590400","41590400","4159040023",산19-31,KT, ,"37.101164","126.983977","198575.657702472","500240.114065762","1",CTM002, 
4256,AE134,1140,스마트도시과,CTV001,송산(양)-01151,송산리271-6,"41590400","41590400","4159040024","271-6",KT, ,"37.113344","126.975556","197827.450318349","501592.050129646","1",CTM002, 
2857,AE134,79,스마트도시과,CTV001,신남-00080,신남리736-1,"41590262","41590262","4159026222","736-1",자가망, ,"37.1822","126.812147","183318.864136459","509249.87562223","1",CTM002, 
2875,AE134,60,스마트도시과,CTV001,장덕-00061,장덕1통버스정류장,"41590262","41590262","4159026223","340",자가망, ,"37.16286","126.806912","182849.622178624","507104.458266839","3",CTM002, 
2892,AE134,116,스마트도시과,CTV001,활초-00117,활초리286-1,"41590262","41590262","4159026225","286-1",자가망, ,"37.179243","126.833781","185239.400859138","508918.139109445","1",CTM002, 
3625,AE134,4360,스마트도시과,CTV001,육일-04383,동우ENG(육일-04383),"41590340","41590125","4159034034",산123-1,KT, ,"37.206434","126.73099","176119.835092547","511956.812994209","4",CTM002, 
3643,AE134,794,스마트도시과,CTV001,전곡-00803,전곡리630-110,"41590350","41590350","4159035021","630-110",KT, ,"37.185343","126.653472","169229.967826902","509638.468221356","1",CTM002, 
3660,AE134,2701,스마트도시과,CTV001,전곡-02729,전곡산단방범_01,"41590350","41590350","4159035021","1082",자가망, ,"37.190783","126.657033","169548.356352564","510241.07359604","1",CTM002, 
4284,AE134,1178,스마트도시과,CTV001,용소-01189,용소리780-3,"41590400","41590400","4159040025","973",KT, ,"37.083673","126.979375","198166.147885304","498299.052701737","1",CTM002, 
4300,AE134,1158,스마트도시과,CTV001,요당-01169,요당리164-3,"41590400","41590400","4159040026","164-3",자가망, ,"37.069125","126.934715","194194.09288531","496686.290651146","1",CTM002, 
2896,AE134,3541,스마트도시과,CTV001,활초-3555,활초리171-1-검지(20차),"41590262","41590262","4159026225",산171-1,KT, ,"37.166376","126.834919","185337.945408525","507489.992142623","1",CTM002, 
2914,AE134,175,스마트도시과,CTV001,무송-00176,무송리192-12-고정,"41590262","41590262","4159026227","192-12",자가망, ,"37.189326","126.845937","186320.665802044","510035.361599852","1",CTM002, 
2931,AE134,107,스마트도시과,CTV001,북양-00108,북양리279-고정,"41590262","41590262","4159026228","279",KT, ,"37.218592","126.829769","184890.898995716","513285.793801526","1",CTM002, 
2937,AE134,2562,스마트도시과,CTV001,남양(뉴)-02590,북양리371-3,"41590262","41590262","4159026228","371-3",남양뉴타운자가망, ,"37.217725","126.835921","185436.796722996","513188.620031115","3",CTM002, 
2938,AE134,2563,스마트도시과,CTV001,남양(뉴)-02591,북양리310-4,"41590262","41590262","4159026228","310-4",남양뉴타운자가망, ,"37.216028","126.831954","185084.397687733","513000.845543393","5",CTM002, 
2939,AE134,3530,스마트도시과,CTV001,북양-3544,북양리620-1-검지(20차),"41590262","41590262","4159026228","620-1",자가망, ,"37.205384","126.855649","187185.751583762","511816.13746689","1",CTM002, 
2940,AE134,3531,스마트도시과,CTV001,북양-3545,북양리616-2-어안(20차),"41590262","41590262","4159026228","616-2",자가망, ,"37.205467","126.854483","187082.250111092","511825.476938259","1",CTM002, 
2941,AE134,3936,스마트도시과,CTV001,북양-03952,BIT-북양산업단지,"41590262","41590262","4159026228","659-1",KT, ,"37.214664","126.852032","186866.205142782","512846.563955391","1",CTM002, 
2942,AE134,3952,스마트도시과,CTV001,북양-03968,BIT-북양1통_봉림사,"41590262","41590262","4159026228","254-9",KT, ,"37.219228","126.832191","185106.053977564","513355.994596524","1",CTM002, 
2943,AE134,3953,스마트도시과,CTV001,북양-03969,BIT-북양1통_염티고개,"41590262","41590262","4159026228","671",KT, ,"37.22216","126.840297","185825.990399503","513680.109922542","1",CTM002, 
2944,AE134,3977,스마트도시과,CTV001,북양-03993,북양리564-검지(23차),"41590262","41590262","4159026228","564",KT, ,"37.206602","126.862909","187830.386721264","511950.407037025","2",CTM002, 
2945,AE134,4294,스마트도시과,CTV001,북양-4309,남양뉴타운근린공원3호(북양-4309),"41590262","41590262","4159026228","695",남양뉴타운자가망, ,"37.216443","126.833791","185247.469202721","513046.720881994","3",CTM002, 
2946,AE134,4501,스마트도시과,CTV001,북양-04518,화성유일병원앞육교-검지,"41590262","41590262","4159026228","256-17",자가망, ,"37.21882","126.83204","185092.544990169","513310.748887613","2",CTM002, 
2947,AE134,94,스마트도시과,CTV001,송림-00095,송림리285-4-고정,"41590262","41590262","4159026229","285-4",자가망, ,"37.219733","126.82106","184118.177076706","513413.837670235","1",CTM002, 
2948,AE134,98,스마트도시과,CTV001,송림-00099,송림리240-2-고정,"41590262","41590262","4159026229","240-2",자가망, ,"37.216902","126.819788","184004.674239909","513099.928582221","1",CTM002, 
2949,AE134,120,스마트도시과,CTV001,송림-00121,송림리326-1-고정,"41590262","41590262","4159026229","326-1",자가망, ,"37.223696","126.823898","184370.908101375","513853.189223847","1",CTM002, 
2950,AE134,123,스마트도시과,CTV001,송림-00124,송림리457-1-고정,"41590262","41590262","4159026229","457-1",자가망, ,"37.221993","126.820756","184091.687922724","513664.696721552","1",CTM002, 
2951,AE134,125,스마트도시과,CTV001,송림-00126,송림리683-6-고정,"41590262","41590262","4159026229","683-6",자가망, ,"37.219583","126.814533","183538.888039826","513398.363792159","1",CTM002, 
2952,AE134,3532,스마트도시과,CTV001,송림-3546,송림리306-검지(20차),"41590262","41590262","4159026229","306",자가망, ,"37.223425","126.823649","184348.779906886","513823.163053608","1",CTM002, 
2953,AE134,54,스마트도시과,CTV001,수화-00054,수화2동버스정류장삼거리,"41590262","41590262","4159026230","602-6",자가망, ,"37.248029","126.818183","183868.903034059","516554.675657247","1",CTM002, 
2955,AE134,126,스마트도시과,CTV001,수화-00127,수화리407-1-고정,"41590262","41590262","4159026230","407-1",자가망, ,"37.253411","126.81631","183703.841963103","517152.382070221","1",CTM002, 
2956,AE134,129,스마트도시과,CTV001,수화-00130,수화리626-2-고정,"41590262","41590262","4159026230","626-2",자가망, ,"37.248143","126.819913","184022.344986334","516567.078780881","1",CTM002, 
2957,AE134,132,스마트도시과,CTV001,수화-00133,수화리743-2-고정,"41590262","41590262","4159026230","743-2",자가망, ,"37.248188","126.82041","184066.45795522","516571.955907807","1",CTM002, 
2958,AE134,133,스마트도시과,CTV001,수화-00134,수화리257-3-고정,"41590262","41590262","4159026230","257-3",자가망, ,"37.257605","126.817767","183834.03218266","517617.593117293","1",CTM002, 
2959,AE134,59,스마트도시과,CTV001,장전-00060,장전리마을회관,"41590262","41590262","4159026231","497-6",자가망, ,"37.266469","126.826044","184570.080335895","518599.88437629","3",CTM002, 
2960,AE134,71,스마트도시과,CTV001,장전-00072,장전동마을입구사거리,"41590262","41590262","4159026231","204-6",자가망, ,"37.263689","126.816879","183756.572583246","518292.952718909","3",CTM002, 
2961,AE134,113,스마트도시과,CTV001,장전-00114,장전리229-1-고정,"41590262","41590262","4159026231","229-1",자가망, ,"37.264317","126.820299","184060.052990842","518362.023940269","1",CTM002, 
2962,AE134,66,스마트도시과,CTV001,신외-00067,신외리로터리,"41590262","41590262","4159026232","556-8",자가망, ,"37.2698","126.815423","183628.7343581","518971.37517994","3",CTM002, 
2963,AE134,67,스마트도시과,CTV001,신외-00068,신외리마을회관,"41590262","41590262","4159026232","132",자가망, ,"37.277571","126.809286","183086.099350557","519834.91437505","3",CTM002, 
2964,AE134,140,스마트도시과,CTV001,신외-00141,신외리539-2-고정,"41590262","41590262","4159026232","539-2",자가망, ,"37.267782","126.814754","183568.922581155","518747.538938461","1",CTM002, 
2965,AE134,141,스마트도시과,CTV001,신외-00142,신외리248-1-고정,"41590262","41590262","4159026232","248-1",자가망, ,"37.276653","126.809787","183130.374643746","519732.929099297","1",CTM002, 
2966,AE134,143,스마트도시과,CTV001,신외-00144,신외리613-4-고정,"41590262","41590262","4159026232","613-4",자가망, ,"37.269187","126.817718","183832.12590039","518902.981416861","1",CTM002, 
2967,AE134,151,스마트도시과,CTV001,신외-00152,신외리480-1-고정,"41590262","41590262","4159026232","480-1",자가망, ,"37.270323","126.814649","183560.214776316","519029.508998667","1",CTM002, 
2968,AE134,152,스마트도시과,CTV001,신외-00153,신외리497-1-고정,"41590262","41590262","4159026232","497-1",KT, ,"37.268518","126.81327","183437.437163237","518829.45887953","1",CTM002, 
2969,AE134,3534,스마트도시과,CTV001,신외-3548,신외리산17-4-검지(20차),"41590262","41590262","4159026232",산17-4,자가망, ,"37.280679","126.806445","182834.86242467","520180.305921116","1",CTM002, 
2970,AE134,76,스마트도시과,CTV001,문호-00077,문호리321,"41590262","41590262","4159026233","321",자가망, ,"37.261991","126.801971","182433.750982048","518107.067413347","1",CTM002, 
2972,AE134,101,스마트도시과,CTV001,문호-00102,문호리276-2-고정,"41590262","41590262","4159026233","276-2",KT, ,"37.259964","126.801826","182420.399905279","517882.160151026","1",CTM002, 
2973,AE134,102,스마트도시과,CTV001,문호-00103,문호리679-고정,"41590262","41590262","4159026233","679",자가망, ,"37.248786","126.798248","182100.411956215","516642.25052349","1",CTM002, 
2974,AE134,103,스마트도시과,CTV001,문호-00104,문호리92-7-고정,"41590262","41590262","4159026233","92-7",자가망, ,"37.263095","126.803706","182587.953648148","518229.338206894","1",CTM002, 
2975,AE134,1743,스마트도시과,CTV001,문호-01758,문호리644-1-고정,"41590262","41590262","4159026233","644-1",KT, ,"37.249257","126.796976","181987.671056689","516694.797862693","1",CTM002, 
2976,AE134,1744,스마트도시과,CTV001,문호-01759,문호리638-고정,"41590262","41590262","4159026233","638",자가망, ,"37.249029","126.796132","181912.700934853","516669.610470309","1",CTM002, 
2977,AE134,1745,스마트도시과,CTV001,문호-01760,문호리360-1-고정,"41590262","41590262","4159026233","360-1",KT, ,"37.261006","126.802352","182467.301850267","517997.745396869","1",CTM002, 
3707,AE134,866,스마트도시과,CTV001,장외-00876,장외리609,"41590350","41590350","4159035024","116",KT, ,"37.177374","126.667253","170450.529083977","508749.694302234","1",CTM002, 
3708,AE134,2707,스마트도시과,CTV001,전곡-02735,전곡산단방범_08,"41590350","41590350","4159035021","645",KT, ,"37.182733","126.667033","170433.11032999","509344.505406519","1",CTM002, 
3709,AE134,2708,스마트도시과,CTV001,장외-02736,전곡산단방범_09,"41590350","41590350","4159035024","624-5",자가망, ,"37.179133","126.67845","171445.539342402","508941.472403351","1",CTM002, 
3710,AE134,3677,스마트도시과,CTV001,장외-3691,장외리54-20-검지(20차),"41590350","41590350","4159035024","54-20",자가망, ,"37.176741","126.682301","171786.638240825","508674.837087758","1",CTM002, 
3711,AE134,4024,스마트도시과,CTV001,장외-04040,장외리274-3-검지(23차),"41590350","41590350","4159035024","274-3",KT, ,"37.174209","126.680948","171665.565182203","508394.180050382","2",CTM002, 
3712,AE134,745,스마트도시과,CTV001,송교-00754,제부교차로,"41590350","41590350","4159035025",산6-6,자가망, ,"37.172491","126.658008","169627.528529141","508210.626675343","3",CTM002, 
3713,AE134,747,스마트도시과,CTV001,송교-00756,제부참숯가마앞,"41590350","41590350","4159035025","426-1",자가망, ,"37.16692","126.659313","169741.249813295","507591.987653381","3",CTM002, 
3714,AE134,748,스마트도시과,CTV001,송교-00757,송교리살곶이길삼거리,"41590350","41590350","4159035025","868",자가망, ,"37.160215","126.662775","170046.088862254","506846.72620737","1",CTM002, 
3716,AE134,799,스마트도시과,CTV001,송교-00808,송교리535-2,"41590350","41590350","4159035025","535-2",KT, ,"37.165777","126.665201","170263.774812576","507463.195912674","1",CTM002, 
3717,AE134,800,스마트도시과,CTV001,송교-00809,송교리775,"41590350","41590350","4159035025","775",KT, ,"37.159291","126.660378","169832.816921748","506744.894835582","1",CTM002, 
3718,AE134,849,스마트도시과,CTV001,송교-00859,송교리165-3,"41590350","41590350","4159035025","165-3",KT, ,"37.163618","126.668695","170573.251729427","507222.4865869","1",CTM002, 
3719,AE134,850,스마트도시과,CTV001,송교-00860,송교리246-7,"41590350","41590350","4159035025","246-7",KT, ,"37.169544","126.665743","170313.397086362","507881.170331815","1",CTM002, 
3720,AE134,851,스마트도시과,CTV001,송교-00861,송교리545-2,"41590350","41590350","4159035025","545-2",KT, ,"37.164161","126.666547","170382.640739056","507283.462516873","1",CTM002, 
3721,AE134,856,스마트도시과,CTV001,송교-00866,송교리59-2,"41590350","41590350","4159035025","59-2",KT, ,"37.166695","126.671396","170814.304904895","507563.152473873","1",CTM002, 
3722,AE134,742,스마트도시과,CTV001,제부-00751,서신초제부분교,"41590350","41590350","4159035026",산32,자가망, ,"37.169184","126.625845","166769.724798948","507854.363585926","4",CTM002, 
3724,AE134,764,스마트도시과,CTV001,제부-00773,제부리184-2,"41590350","41590350","4159035026","184-2",KT, ,"37.167867","126.620107","166259.512618024","507710.31589411","1",CTM002, 
3725,AE134,771,스마트도시과,CTV001,제부-00780,선착장입구,"41590350","41590350","4159035026","289-14",KT, ,"37.178046","126.621617","166398.097353133","508839.472130406","4",CTM002, 
3726,AE134,772,스마트도시과,CTV001,제부-00781,제부도갈림길,"41590350","41590350","4159035026","3-26",자가망, ,"37.174588","126.631055","167234.791429362","508452.383393821","4",CTM002, 
3727,AE134,855,스마트도시과,CTV001,제부-00865,제부리산22-2,"41590350","41590350","4159035026",산22-2,KT, ,"37.173694","126.627707","166937.045165412","508354.317049716","1",CTM002, 
3728,AE134,874,스마트도시과,CTV001,제부-00884,제부리127,"41590350","41590350","4159035026","127",KT, ,"37.167326","126.62206","166432.730955535","507649.504190603","1",CTM002, 
3729,AE134,875,스마트도시과,CTV001,제부-00885,제부리190-1,"41590350","41590350","4159035026","190-1",KT, ,"37.167463","126.617393","166018.273734233","507666.370779572","1",CTM002, 
3730,AE134,876,스마트도시과,CTV001,제부-00886,제부리42-10,"41590350","41590350","4159035026","42-10",KT, ,"37.165533","126.62444","166643.336125555","507449.770173962","1",CTM002, 
3731,AE134,877,스마트도시과,CTV001,제부-00887,제부리94-1,"41590350","41590350","4159035026","93",KT, ,"37.166111","126.620258","166272.134276584","507515.290024648","1",CTM002, 
3732,AE134,880,스마트도시과,CTV001,제부-00890,제부리2-1,"41590350","41590350","4159035026","2-1",KT, ,"37.174511","126.627612","166928.973209765","508445.010969651","1",CTM002, 
3734,AE134,759,스마트도시과,CTV001,홍법-00768,홍법리마을회관앞사거리,"41590350","41590350","4159035027","161-5",자가망, ,"37.164999","126.733985","176372.790470102","507357.579237874","1",CTM002, 
3735,AE134,766,스마트도시과,CTV001,홍법-00775,홍법리147-3,"41590350","41590350","4159035027","147-3",KT, ,"37.164179","126.732551","176245.140361866","507266.910851527","1",CTM002, 
3736,AE134,767,스마트도시과,CTV001,홍법-00776,홍법리187-4,"41590350","41590350","4159035027","187-4",자가망, ,"37.165603","126.738767","176797.752919027","507423.386689791","1",CTM002, 
3737,AE134,768,스마트도시과,CTV001,홍법-00777,홍법리369-3,"41590350","41590350","4159035027","369-3",자가망, ,"37.164314","126.724136","175497.761996957","507284.04519818","1",CTM002, 
3738,AE134,769,스마트도시과,CTV001,홍법-00778,홍법리474-4,"41590350","41590350","4159035027","474-4",KT, ,"37.168237","126.72337","175431.052548584","507719.602132263","1",CTM002, 
3739,AE134,770,스마트도시과,CTV001,홍법-00779,홍법리696,"41590350","41590350","4159035027","319-25",KT, ,"37.161654","126.729254","175951.571123684","506987.447809841","1",CTM002, 
3740,AE134,830,스마트도시과,CTV001,홍법-00840,홍법리548,"41590350","41590350","4159035027","548",KT, ,"37.167046","126.732387","176231.542817288","507585.167787256","1",CTM002, 
3741,AE134,878,스마트도시과,CTV001,홍법-00888,홍법리431,"41590350","41590350","4159035027","431",자가망, ,"37.165204","126.722977","175395.179117268","507383.118207381","1",CTM002, 
3742,AE134,732,스마트도시과,CTV001,사곳-00741,사곳리172-11,"41590350","41590350","4159035028","173-32",KT, ,"37.150179","126.734745","176435.678515983","505712.566376094","1",CTM002, 
3743,AE134,833,스마트도시과,CTV001,사곳-00843,사곳리265-4,"41590350","41590350","4159035028","265-4",KT, ,"37.155933","126.724132","175494.692556881","506353.881228567","1",CTM002, 
3744,AE134,834,스마트도시과,CTV001,사곳-00844,사곳리540-1,"41590350","41590350","4159035028","540-1",KT, ,"37.153014","126.718195","174966.418431884","506031.489037993","1",CTM002, 
3745,AE134,835,스마트도시과,CTV001,사곳-00845,사곳리575,"41590350","41590350","4159035028","575",KT, ,"37.149674","126.729964","176010.779921337","505657.761459203","1",CTM002, 
3746,AE134,836,스마트도시과,CTV001,사곳-00846,사곳리743,"41590350","41590350","4159035028","743",KT, ,"37.150983","126.7245","175525.831140893","505804.47887875","1",CTM002, 
3747,AE134,837,스마트도시과,CTV001,사곳-00847,사곳리77-1,"41590350","41590350","4159035028","77-1",KT, ,"37.158455","126.728661","175897.856776026","506632.581331992","1",CTM002, 
3748,AE134,3675,스마트도시과,CTV001,사곳-3689,사곳리279-2-검지(20차),"41590350","41590350","4159035028","279-2",KT, ,"37.156853","126.726707","175723.741511347","506455.377028544","1",CTM002, 
3749,AE134,4022,스마트도시과,CTV001,사곳-04038,사곳리313-2-검지(23차),"41590350","41590350","4159035028","313-2",KT, ,"37.157176","126.722398","175341.091995147","506492.301994183","2",CTM002, 
4354,AE134,3941,스마트도시과,CTV001,괘랑-03957,BIT-새터말,"41590410","41590410","4159041022","97-9",KT, ,"37.183151","126.997172","199748.91023252","509338.930236359","1",CTM001, 
4355,AE134,1562,스마트도시과,CTV001,보통-01573,보통리저수지(모텔스카이),"41590410","41590410","4159041023","27-7",자가망, ,"37.195824","126.97679","197939.36699101","510745.64240778","3",CTM001, 
4357,AE134,1564,스마트도시과,CTV001,보통-01575,보통리저수지1,"41590410","41590410","4159041023","478",KT, ,"37.190375","126.973895","197682.111836539","510141.016757562","3",CTM001, 
4358,AE134,1565,스마트도시과,CTV001,보통-01576,보통리저수지2(어보10),"41590410","41590410","4159041023",산79-1(임),자가망, ,"37.192104","126.973129","197614.163509718","510332.876687583","3",CTM001, 
4359,AE134,1570,스마트도시과,CTV001,보통-01581,수원과학대앞입구삼거리,"41590410","41590410","4159041023","84-14",자가망, ,"37.193497","126.979924","198217.575603713","510487.292094212","1",CTM001, 
4361,AE134,1597,스마트도시과,CTV001,보통-01608,한농다리삼거리,"41590410","41590410","4159041023","440-3",자가망, ,"37.186053","126.977312","197985.389943192","509661.233635639","3",CTM001, 
4362,AE134,3462,스마트도시과,CTV001,보통-03506,보통리89-2,"41590410","41590410","4159041023","92",KT, ,"37.192977","126.977251","197980.184549569","510429.668755406","1",CTM001, 
4363,AE134,3816,스마트도시과,CTV001,보통-3830,보통리117-18-어안(20차),"41590410","41590410","4159041023","117-18",KT, ,"37.190404","126.979502","198180.007203603","510144.024029975","1",CTM001, 
4364,AE134,3817,스마트도시과,CTV001,보통-3831,보통리343-1-검지(20차),"41590410","41590410","4159041023","343-1",KT, ,"37.183058","126.973871","197679.810320718","509328.901680651","1",CTM001, 
4365,AE134,3818,스마트도시과,CTV001,보통-3832,보통리625-3-검지(20차),"41590410","41590410","4159041023","625-3",자가망, ,"37.194611","126.969761","197315.233598208","510611.153666473","1",CTM001, 
4366,AE134,4056,스마트도시과,CTV001,보통-04072,보통리82-8-검지(23차),"41590410","41590410","4159041023","82-8",KT, ,"37.19414","126.980931","198306.988197058","510558.656792835","2",CTM001, 
4367,AE134,4529,스마트도시과,CTV001,보통-04546,수산중공업앞(보통-04546),"41590410","41590410","4159041023","717-2",KT, ,"37.196608","126.964108","196813.45899075","510832.985629152","3",CTM001, 
4368,AE134,1550,스마트도시과,CTV001,관항-01561,관항교삼거리,"41590410","41590410","4159041024","145-4",자가망, ,"37.172804","126.980254","198246.334388464","508190.854350831","4",CTM001, 
4369,AE134,1566,스마트도시과,CTV001,관항-01577,샤론다육농장앞,"41590410","41590410","4159041024","144-1",자가망, ,"37.18056","126.977461","197998.519760702","509051.611378545","3",CTM001, 
4370,AE134,1598,스마트도시과,CTV001,관항-01609,한우리학교앞사거리,"41590410","41590410","4159041024","337-6",자가망, ,"37.180888","126.962128","196636.916769001","509088.502455085","4",CTM001, 
4371,AE134,1605,스마트도시과,CTV001,관항-01617,관항리618-고정,"41590410","41590410","4159041024","618",KT, ,"37.177639","126.96499","196890.956929815","508727.80525911","1",CTM001, 
4372,AE134,3800,스마트도시과,CTV001,관항-3814,관항리75-1-어안(20차),"41590410","41590410","4159041024","75-1",KT, ,"37.178147","126.97602","197870.516792466","508783.901079642","1",CTM001, 
4373,AE134,3801,스마트도시과,CTV001,관항-3815,관항리338-12-어안(20차),"41590410","41590410","4159041024","338-12",자가망, ,"37.180312","126.962534","196672.971082646","509024.518650437","1",CTM001, 
4374,AE134,1572,스마트도시과,CTV001,오일-01583,오일센다이전자일대삼거리,"41590410","41590410","4159041025","137-3",KT, ,"37.171899","126.971864","197501.23447413","508090.593668047","3",CTM001, 
4375,AE134,1573,스마트도시과,CTV001,오일-01584,오일2리입구,"41590410","41590410","4159041025","296-1",자가망, ,"37.165388","126.968876","197235.630345111","507368.002843186","4",CTM001, 
4376,AE134,3824,스마트도시과,CTV001,오일-3838,오일리327-5-어안(20차),"41590410","41590410","4159041025","327-5",KT, ,"37.166966","126.967764","197136.941447351","507543.174571566","1",CTM001, 
4378,AE134,3826,스마트도시과,CTV001,오일-3840,오일리105-검지(20차),"41590410","41590410","4159041025","105",KT, ,"37.172434","126.969212","197265.673970927","508150.041629165","1",CTM001, 
4379,AE134,1559,스마트도시과,CTV001,백-01570,백리1리버스정류장,"41590410","41590410","4159041026","303-1",자가망, ,"37.166689","126.957759","196248.272563972","507512.804021938","5",CTM001, 
4380,AE134,1561,스마트도시과,CTV001,백-01572,백리CU마트앞대로,"41590410","41590410","4159041026","34-15",자가망, ,"37.172162","126.950169","195574.501812878","508120.553740145","3",CTM001, 
4381,AE134,3815,스마트도시과,CTV001,백-3829,백리386-어안(20차),"41590410","41590410","4159041026","386",KT, ,"37.16509","126.955822","196076.115846602","507335.413082798","1",CTM001, 
4382,AE134,1548,스마트도시과,CTV001,문학-01559,계향리함박전원마을입구,"41590410","41590410","4159041027","745",자가망, ,"37.151809","126.976732","197932.956765499","505860.830238675","6",CTM001, 
4383,AE134,1556,스마트도시과,CTV001,문학-01567,문학사거리,"41590410","41590410","4159041027","468-4",자가망, ,"37.155563","126.966471","197021.583079426","506277.679611359","3",CTM001, 
4384,AE134,1557,스마트도시과,CTV001,문학-01568,문학1리버스정류장,"41590410","41590410","4159041027","294-12",자가망, ,"37.15241","126.96304","196716.724288673","505927.904486446","3",CTM001, 
4385,AE134,1589,스마트도시과,CTV001,문학-01600,지엔시에코앞,"41590410","41590410","4159041027","404-6",자가망, ,"37.151548","126.97126","197446.917201821","505831.964256204","3",CTM001, 
4386,AE134,1595,스마트도시과,CTV001,신-01606,우리은행앞사거리,"41590410","41590410","4159041028","260-13",자가망, ,"37.161097","126.971024","197426.284793058","506891.713073704","4",CTM001, 
4387,AE134,3096,스마트도시과,CTV001,문학-03131,문학고개배혜정도가앞,"41590410","41590410","4159041027",산70-53,자가망, ,"37.149118","126.961126","196546.514331604","505562.672816006","1",CTM001, 
4388,AE134,1571,스마트도시과,CTV001,신-01582,신1리버스정류장,"41590410","41590410","4159041028","196-9",자가망, ,"37.159738","126.982153","198414.755782037","506740.66858175","4",CTM001, 
4389,AE134,1582,스마트도시과,CTV001,신-01593,정남중학교후문,"41590410","41590410","4159041028","84-5",자가망, ,"37.164853","126.978766","198113.987755909","507308.385691655","4",CTM001, 
4390,AE134,1583,스마트도시과,CTV001,신-01594,정남초교정문,"41590410","41590410","4159041028","37-1",자가망, ,"37.167315","126.984092","198587.07544991","507581.560987101","4",CTM001, 
4391,AE134,1591,스마트도시과,CTV001,신-01602,정남중학교앞삼거리,"41590410","41590410","4159041028","67-1",자가망, ,"37.166385","126.977847","198032.396476806","507478.485693917","4",CTM001, 
4392,AE134,1602,스마트도시과,CTV001,신-01613,신리74-1,"41590410","41590410","4159041028","74-1",KT, ,"37.163491","126.974741","197756.485990506","507157.328658588","1",CTM001, 
4393,AE134,3821,스마트도시과,CTV001,신-3835,신리259-9-검지(20차),"41590410","41590410","4159041028","259-9",자가망, ,"37.161736","126.973587","197653.923760064","506962.652049156","1",CTM001, 
4395,AE134,3823,스마트도시과,CTV001,신-3837,신리215-검지(20차),"41590410","41590410","4159041028","215",자가망, ,"37.159266","126.981215","198331.409689493","506688.368401809","1",CTM001, 
4396,AE134,3963,스마트도시과,CTV001,신-03979,BIT-정남행정복합센터,"41590410","41590410","4159041028",산10-4,KT, ,"37.161149","126.971677","197484.261648523","506897.499851643","1",CTM001, 
3666,AE134,2709,스마트도시과,CTV001,전곡-02737,전곡산단방범_10,"41590350","41590350","4159035021","1051",자가망, ,"37.189833","126.65675","169522.817604268","510135.73199382","1",CTM002, 
3684,AE134,846,스마트도시과,CTV001,상안-00856,상안리887-3,"41590350","41590350","4159035022","887-3",KT, ,"37.184151","126.70853","174118.447586532","509489.693611052","1",CTM002, 
3700,AE134,819,스마트도시과,CTV001,광평-00829,광평리479,"41590350","41590350","4159035023","479",자가망, ,"37.174503","126.698797","173250.786097877","508421.690819111","1",CTM002, 
4323,AE134,1111,스마트도시과,CTV001,대양-01122,대양리248,"41590400","41590400","4159040027","248",KT, ,"37.088232","126.948329","195405.997540719","498806.057302038","1",CTM002, 
4340,AE134,1585,스마트도시과,CTV001,발산-01596,정남야구장입구,"41590410","41590410","4159041021","19-21",자가망, ,"37.168765","126.993945","199462.201193441","507742.392902239","3",CTM001, 
2936,AE134,2561,스마트도시과,CTV001,남양(뉴)-02589,북양리351-1,"41590262","41590262","4159026228","351-1",남양뉴타운자가망, ,"37.218068","126.834351","185297.469881516","513226.918310126","4",CTM002, 
2954,AE134,90,스마트도시과,CTV001,수화-00091,수화리128-4,"41590262","41590262","4159026230","128-4",KT, ,"37.260879","126.813383","183445.823587914","517981.686059966","1",CTM002, 
2971,AE134,100,스마트도시과,CTV001,문호-00101,문호리106-고정,"41590262","41590262","4159026233","106",자가망, ,"37.264397","126.806404","182827.555433163","518373.344770344","1",CTM002, 
3715,AE134,775,스마트도시과,CTV001,송교-00784,화남산업단지입구삼거리,"41590350","41590350","4159035025","145-4",자가망, ,"37.1641","126.671361","170810.207224667","507275.16688985","1",CTM002, 
3733,AE134,881,스마트도시과,CTV001,제부-00891,제부리290-64,"41590350","41590350","4159035026","290-64",KT, ,"37.170279","126.617207","166003.008237807","507978.96133488","1",CTM002, 
3750,AE134,728,스마트도시과,CTV001,매화-00737,매화리하나로마트앞,"41590350","41590350","4159035029","382-12",자가망, ,"37.168737","126.703189","173638.864038819","507780.49836849","1",CTM002, 
4360,AE134,1596,스마트도시과,CTV001,보통-01607,장작불패오리앞,"41590410","41590410","4159041023","657-11",자가망, ,"37.19709","126.967581","197121.795689047","510886.395824946","3",CTM001, 
4377,AE134,3825,스마트도시과,CTV001,오일-3839,오일리76-검지(20차),"41590410","41590410","4159041025","76",KT, ,"37.174446","126.969108","197256.528206586","508373.327100169","1",CTM001, 
4394,AE134,3822,스마트도시과,CTV001,신-3836,신리137-8-어안(20차),"41590410","41590410","4159041028","137-8",자가망, ,"37.164557","126.980684","198284.362826348","507275.521167282","1",CTM001, 
2984,AE134,3100,스마트도시과,CTV001,시-03135,송림고개시동국도77,"41590262","41590262","4159026234",산14-1,KT, ,"37.23862","126.820983","184115.278587246","515509.947152709","1",CTM002, 
3002,AE134,350,스마트도시과,CTV001,천천-00351,천천리96-13,"41590310","41590310","4159031021","96-13",자가망, ,"37.243244","126.951675","195712.296239132","516009.295009411","1",CTM002, 
3019,AE134,336,스마트도시과,CTV001,원평-00337,"51사단입구삼거리","41590310","41590310","4159031022","228-1",자가망, ,"37.250984","126.921042","192994.948240348","516870.103035149","4",CTM002, 
3765,AE134,809,스마트도시과,CTV001,매화-00818,매화리858-9,"41590350","41590350","4159035029","858-9",KT, ,"37.162472","126.695045","172913.257410812","507087.496357258","1",CTM002, 
3782,AE134,3671,스마트도시과,CTV001,매화-3685,매화리382-7-어안(20차),"41590350","41590350","4159035029","382-7",KT, ,"37.168357","126.703498","173666.113996814","507738.29534529","1",CTM002, 
4412,AE134,1547,스마트도시과,CTV001,덕절-01558,덕절리개인집앞삼거리,"41590410","41590410","4159041032","63",자가망, ,"37.133981","127.025736","202286.814266326","503882.374011746","5",CTM001, 
4429,AE134,1600,스마트도시과,CTV001,망월-01611,정림초교_후문,"41590410","41590410","4159041034","341-4",자가망, ,"37.153231","127.011502","201021.76301472","506018.430773916","1",CTM001, 
3036,AE134,328,스마트도시과,CTV001,어천-00329,비늘치고개입구삼거리-검지,"41590310","41590310","4159031023","105-3",자가망, ,"37.259884","126.918033","192728.867191352","517858.023955503","3",CTM002, 
3054,AE134,364,스마트도시과,CTV001,숙곡-00365,숙곡리287-11-고정,"41590310","41590310","4159031024","287-11",자가망, ,"37.258391","126.907461","191790.86902233","517693.219434488","1",CTM002, 
3801,AE134,862,스마트도시과,CTV001,용두-00872,용두리465-11,"41590350","41590350","4159035030","465-11",KT, ,"37.159836","126.713782","174576.699150913","506789.730273571","1",CTM002, 
3819,AE134,818,스마트도시과,CTV001,궁평-00828,궁평리526-1,"41590350","41590350","4159035031","526-1",KT, ,"37.124641","126.68657","172146.656096856","502891.491449644","1",CTM002, 
3835,AE134,4018,스마트도시과,CTV001,궁평-04034,궁평리166-8-검지(23차),"41590350","41590350","4159035031","166-8",KT, ,"37.140198","126.702469","173564.965761355","504613.402426345","2",CTM002, 
4443,AE134,1579,스마트도시과,CTV001,고지-01590,정남소방서입구사거리-검지,"41590410","41590410","4159041038","202-3",자가망, ,"37.165637","127.001972","200175.137096801","507395.215250547","3",CTM001, 
4461,AE134,3919,스마트도시과,CTV001,새솔-03935,호평프라자앞대로,"41590515","41590140","4159014000","14-4",송산그린자가망, ,"37.28448","126.81914","183961.476000106","520599.997112102","3",CTM002, 
3069,AE134,378,스마트도시과,CTV001,야목-00379,야목리558-4-고정,"41590310","41590310","4159031025","558-4",자가망, ,"37.263267","126.88285","189608.342245344","518236.7522137","1",CTM002, 
3086,AE134,358,스마트도시과,CTV001,송라-00359,송라리275-3-고정,"41590310","41590310","4159031026","275-3",자가망, ,"37.284227","126.903576","191449.189943505","520560.858980421","1",CTM002, 
3104,AE134,668,스마트도시과,CTV001,삼화-00677,비봉초교,"41590320","41590320","4159032024","1318",자가망, ,"37.236031","126.871815","188625.356996182","515215.309263311","4",CTM002, 
3842,AE134,3101,스마트도시과,CTV001,하저-03136,무송고개하저폐차장앞,"41590360","41590360","4159036021",산80-10,자가망, ,"37.184896","126.859395","187514.904774154","509541.869654515","1",CTM002, 
3860,AE134,1699,스마트도시과,CTV001,기천-01712,서낭교차로,"41590360","41590360","4159036023","893-4",자가망, ,"37.172706","126.906114","191661.98819437","508183.867821819","3",CTM002, 
3877,AE134,4062,스마트도시과,CTV001,기천-04078,기천리29[2]-검지(23차),"41590360","41590360","4159036023","106-6",KT, ,"37.187473","126.907965","191827.952101133","509822.511827109","2",CTM002, 
4490,AE134,4151,스마트도시과,CTV001,새솔-04165,연립주택EB4옆,"41590515","41590140","4159014000", ,송산그린자가망, ,"37.275958","126.83443","185315.770000071","519651.738112227","3",CTM002, 
2978,AE134,3528,스마트도시과,CTV001,문호-3542,문호리728-3-검지(20차),"41590262","41590262","4159026233","728-3",자가망, ,"37.246212","126.801215","182363.000318365","516356.089206543","1",CTM002, 
2979,AE134,3529,스마트도시과,CTV001,문호-3543,문호리263-2-검지(20차),"41590262","41590262","4159026233","263-2",자가망, ,"37.261292","126.798974","182167.78641945","518030.062009593","1",CTM002, 
2980,AE134,45,스마트도시과,CTV001,시-00045,시2통버스정류장삼거리-검지,"41590262","41590262","4159026234","173-6",자가망, ,"37.240667","126.802735","182496.625569905","515740.434076358","2",CTM002, 
2981,AE134,81,스마트도시과,CTV001,시-00082,시리172-2,"41590262","41590262","4159026234","172-2",자가망, ,"37.24076","126.803474","182562.183194281","515750.552552235","1",CTM002, 
2982,AE134,109,스마트도시과,CTV001,시-00110,시리181-고정,"41590262","41590262","4159026234","181",자가망, ,"37.242629","126.802504","182476.574157969","515958.213107708","1",CTM002, 
2983,AE134,119,스마트도시과,CTV001,시-00120,시리539-5-고정,"41590262","41590262","4159026234","539-5",자가망, ,"37.237029","126.80383","182592.88676115","515336.456526712","1",CTM002, 
2985,AE134,3533,스마트도시과,CTV001,시-3547,시리542-1-검지(20차),"41590262","41590262","4159026234","542-1",자가망, ,"37.238011","126.803122","182530.306870215","515445.549283288","1",CTM002, 
2986,AE134,46,스마트도시과,CTV001,원천-00046,원천동사거리,"41590262","41590262","4159026235","767",자가망, ,"37.230077","126.805374","182728.381141312","514564.655367057","5",CTM002, 
2988,AE134,149,스마트도시과,CTV001,원천-00150,원천리227-고정,"41590262","41590262","4159026235","227",자가망, ,"37.22988","126.806511","182829.154505703","514542.533132931","1",CTM002, 
2989,AE134,150,스마트도시과,CTV001,원천-00151,원천리401-고정,"41590262","41590262","4159026235","401",자가망, ,"37.231511","126.799516","182208.808771399","514724.822881278","1",CTM002, 
2990,AE134,158,스마트도시과,CTV001,원천-00159,원천리646-1-고정,"41590262","41590262","4159026235","646-1",KT, ,"37.21956","126.807478","182912.641046555","513397.056999994","1",CTM002, 
2991,AE134,159,스마트도시과,CTV001,원천-00160,원천리671-고정,"41590262","41590262","4159026235","671",KT, ,"37.222361","126.801263","182361.697299458","513709.045592073","1",CTM002, 
2992,AE134,160,스마트도시과,CTV001,원천-00161,원천리75-고정,"41590262","41590262","4159026235","75",KT, ,"37.231358","126.809625","183105.839178492","514705.982439127","2",CTM002, 
2993,AE134,319,스마트도시과,CTV001,천천-00320,가원빌라2동앞,"41590310","41590310","4159031021","444",자가망, ,"37.246852","126.94611","195218.685556914","516409.941179341","4",CTM002, 
2994,AE134,321,스마트도시과,CTV001,천천-00322,천천리샘내작은도서관앞,"41590310","41590310","4159031021","204-1",자가망, ,"37.244672","126.946346","195239.549205701","516168.01010441","3",CTM002, 
2995,AE134,323,스마트도시과,CTV001,천천-00324,천천리지하도입구,"41590310","41590310","4159031021","90-14",자가망, ,"37.243545","126.954057","195923.581092979","516042.573277981","4",CTM002, 
2996,AE134,334,스마트도시과,CTV001,천천-00335,천천리삼화페인트앞대로,"41590310","41590310","4159031021","223-1",자가망, ,"37.243519","126.947706","195360.092143111","516039.902408158","1",CTM002, 
2997,AE134,335,스마트도시과,CTV001,천천-00336,보성슈퍼앞,"41590310","41590310","4159031021","152-7",자가망, ,"37.247457","126.945594","195172.960793835","516477.156036622","3",CTM002, 
2998,AE134,343,스마트도시과,CTV001,천천-00344,천천리일광사,"41590310","41590310","4159031021","347",자가망, ,"37.24469","126.942184","194870.265345079","516170.225194032","4",CTM002, 
2999,AE134,344,스마트도시과,CTV001,천천-00345,평강교회앞,"41590310","41590310","4159031021","155",자가망, ,"37.247619","126.946665","195268.010329924","516495.036691795","3",CTM002, 
3000,AE134,348,스마트도시과,CTV001,천천-00349,천천리372-2,"41590310","41590310","4159031021","372-2",KT, ,"37.244393","126.93984","194662.280364446","516137.393047177","1",CTM002, 
3001,AE134,349,스마트도시과,CTV001,천천-00350,천천리92-12,"41590310","41590310","4159031021","92-12",자가망, ,"37.24255","126.952698","195802.963687125","515932.183152383","1",CTM002, 
3003,AE134,351,스마트도시과,CTV001,천천-00352,천천리105-8-고정,"41590310","41590310","4159031021","105-8",자가망, ,"37.243859","126.948849","195461.546169347","516077.635329836","1",CTM002, 
3004,AE134,352,스마트도시과,CTV001,천천-00353,천천리187-2-고정,"41590310","41590310","4159031021","187-2",자가망, ,"37.245683","126.945677","195180.202881245","516280.235948491","1",CTM002, 
3005,AE134,353,스마트도시과,CTV001,천천-00354,천천리211-7-고정,"41590310","41590310","4159031021","211-7",자가망, ,"37.24377","126.946283","195233.867172286","516067.862922583","1",CTM002, 
3006,AE134,354,스마트도시과,CTV001,천천-00355,천천리220-3-고정,"41590310","41590310","4159031021","220-3",자가망, ,"37.243819","126.947166","195312.207009333","516073.223673718","1",CTM002, 
3007,AE134,355,스마트도시과,CTV001,천천-00356,천천리48-4-고정,"41590310","41590310","4159031021","48-4",KT, ,"37.247103","126.950915","195645.032273516","516437.576951356","1",CTM002, 
3008,AE134,365,스마트도시과,CTV001,천천-00366,천천리6-6-고정,"41590310","41590310","4159031021","6-6",KT, ,"37.251408","126.945271","195144.583585135","516915.641556082","1",CTM002, 
3009,AE134,404,스마트도시과,CTV001,천천-00405,천천리369-고정,"41590310","41590310","4159031021","369",자가망, ,"37.245305","126.940041","194680.151755262","516238.56427041","1",CTM002, 
3010,AE134,2677,스마트도시과,CTV001,천천-02705,천천(화성-수원)-차도,"41590310","41590310","4159031021","384",KT, ,"37.243637","126.942941","194937.324710317","516053.286873091","1",CTM002, 
3011,AE134,2678,스마트도시과,CTV001,천천-02706,천천(수원-화성)-차도,"41590310","41590310","4159031021","100-17",KT, ,"37.243751","126.950172","195578.933168706","516065.609947894","1",CTM002, 
3012,AE134,3483,스마트도시과,CTV001,천천-03527,천천리185-1(천천어린이공원),"41590310","41590310","4159031021","185-1",자가망, ,"37.24633","126.945155","195133.939157973","516352.034883203","3",CTM002, 
3013,AE134,3565,스마트도시과,CTV001,천천-3579,천천리92-13-검지(20차),"41590310","41590310","4159031021","92-13",KT, ,"37.243099","126.95295","195825.411159294","515993.153376289","3",CTM002, 
3014,AE134,3575,스마트도시과,CTV001,천천-3589,천천리187-어안(20차),"41590310","41590310","4159031021","187",자가망, ,"37.245342","126.9455","195164.521211082","516242.377801157","1",CTM002, 
3015,AE134,3990,스마트도시과,CTV001,천천-04006,천천리1-10-검지(23차),"41590310","41590310","4159031021",산29-2,KT, ,"37.249951","126.9472","195315.65654614","516753.798644678","2",CTM002, 
3016,AE134,324,스마트도시과,CTV001,원평-00325,다사랑어린이집앞삼거리,"41590310","41590310","4159031022","85-5",자가망, ,"37.250996","126.926558","193484.337016114","516871.051951541","1",CTM002, 
3017,AE134,325,스마트도시과,CTV001,원평-00326,매송마트사거리,"41590310","41590310","4159031022","122-9",자가망, ,"37.249211","126.926004","193435.014486493","516672.97563226","1",CTM002, 
3018,AE134,327,스마트도시과,CTV001,원평-00328,매송초교뒤골목사거리,"41590310","41590310","4159031022","558-2",자가망, ,"37.250026","126.927897","193603.066476861","516763.274416833","1",CTM002, 
3020,AE134,337,스마트도시과,CTV001,원평-00338,매송은혜교회앞,"41590310","41590310","4159031022","471-1",자가망, ,"37.239133","126.925567","193395.370230471","515554.541712425","4",CTM002, 
3751,AE134,736,스마트도시과,CTV001,매화-00745,매화3리마을입구,"41590350","41590350","4159035029","127-2",자가망, ,"37.167789","126.712168","174436.00493256","507672.841174494","4",CTM002, 
3752,AE134,737,스마트도시과,CTV001,매화-00746,매화리버스터미널,"41590350","41590350","4159035029","357-2",자가망, ,"37.169539","126.705098","173808.626327935","507868.97655417","4",CTM002, 
3753,AE134,739,스마트도시과,CTV001,매화-00748,서신교회입구,"41590350","41590350","4159035029","374-5",자가망, ,"37.169225","126.703076","173628.935250219","507834.655520177","4",CTM002, 
3754,AE134,740,스마트도시과,CTV001,매화-00749,서신사거리,"41590350","41590350","4159035029","289-2",자가망, ,"37.167346","126.707914","174058.021174858","507624.787332131","3",CTM002, 
3755,AE134,741,스마트도시과,CTV001,매화-00750,서신초교후문,"41590350","41590350","4159035029","326-2",자가망, ,"37.168861","126.706396","173923.700721835","507793.428997448","4",CTM002, 
3756,AE134,743,스마트도시과,CTV001,상안-00752,서신초교정문앞대로,"41590350","41590350","4159035022","764-1",자가망, ,"37.169719","126.708295","174092.652825369","507888.119299039","1",CTM002, 
3757,AE134,773,스마트도시과,CTV001,제부-00782,제부도공영주차장,"41590350","41590350","4159035026","190-221",KT, ,"37.167665","126.704766","173778.519123042","507661.045043347","4",CTM002, 
3758,AE134,779,스마트도시과,CTV001,매화-00788,매화리320-1,"41590350","41590350","4159035029","320-1",자가망, ,"37.167659","126.704733","173775.577545606","507660.488191708","1",CTM002, 
3759,AE134,780,스마트도시과,CTV001,매화-00789,매화리347-16,"41590350","41590350","4159035029","347-16",자가망, ,"37.169478","126.706064","173894.435066139","507861.906935314","1",CTM002, 
3760,AE134,781,스마트도시과,CTV001,매화-00790,매화리491-1,"41590350","41590350","4159035029","491-1",KT, ,"37.163778","126.700795","173424.427585599","507230.82222011","1",CTM002, 
3761,AE134,782,스마트도시과,CTV001,매화-00791,매화리620,"41590350","41590350","4159035029","620",자가망, ,"37.163849","126.704608","173763.184877749","507237.584602799","1",CTM002, 
3762,AE134,783,스마트도시과,CTV001,매화-00792,매화리687,"41590350","41590350","4159035029","687",자가망, ,"37.162347","126.698143","173188.420199116","507072.754462552","1",CTM002, 
3763,AE134,784,스마트도시과,CTV001,매화-00793,매화리759-162,"41590350","41590350","4159035029","759-162",KT, ,"37.162778","126.693417","172768.782472606","507121.978184697","1",CTM002, 
3764,AE134,785,스마트도시과,CTV001,매화-00794,매화리792-2,"41590350","41590350","4159035029","792-2",자가망, ,"37.162106","126.697911","173167.728284586","507046.095819321","1",CTM002, 
3766,AE134,822,스마트도시과,CTV001,매화-00832,매화리594-3,"41590350","41590350","4159035029","594-3",KT, ,"37.162562","126.703691","173681.272573394","507095.072624008","1",CTM002, 
3767,AE134,823,스마트도시과,CTV001,매화-00833,매화리759-36,"41590350","41590350","4159035029","759-36",KT, ,"37.164399","126.694594","172873.896090096","507301.485874736","1",CTM002, 
3768,AE134,824,스마트도시과,CTV001,매화-00834,매화리933,"41590350","41590350","4159035029","933",자가망, ,"37.167903","126.70198","173531.178311837","507688.321241568","1",CTM002, 
3769,AE134,825,스마트도시과,CTV001,매화-00835,매화리937,"41590350","41590350","4159035029","524-1",KT, ,"37.159841","126.704849","173783.135632579","506792.772603743","1",CTM002, 
3770,AE134,829,스마트도시과,CTV001,매화-00839,매화리104-1,"41590350","41590350","4159035029","104-1",KT, ,"37.167473","126.714503","174643.25818569","507637.177630847","1",CTM002, 
3771,AE134,831,스마트도시과,CTV001,매화-00841,매화리401-1,"41590350","41590350","4159035029","401-1",자가망, ,"37.167797","126.702559","173582.547777452","507676.307061885","1",CTM002, 
3772,AE134,832,스마트도시과,CTV001,매화-00842,매화리487-5,"41590350","41590350","4159035029","487-5",KT, ,"37.162389","126.705924","173879.570717362","507075.277746045","1",CTM002, 
3773,AE134,882,스마트도시과,CTV001,매화-00892,매화리855,"41590350","41590350","4159035029","855",KT, ,"37.161966","126.695298","172935.531346984","507031.289944765","1",CTM002, 
3774,AE134,885,스마트도시과,CTV001,매화-00895,매화리853-고정,"41590350","41590350","4159035029","853",KT, ,"37.161809","126.697434","173125.272373696","507013.236129453","1",CTM002, 
3775,AE134,3449,스마트도시과,CTV001,매화-03492,매화리859-99-검지1,"41590350","41590350","4159035029","859-99",KT, ,"37.164376","126.694609","172875.220171158","507298.929018104","2",CTM002, 
3776,AE134,3665,스마트도시과,CTV001,매화-3679,매화리277-검지(20차),"41590350","41590350","4159035029","277",KT, ,"37.166473","126.708323","174094.031465331","507527.811224705","3",CTM002, 
3777,AE134,3666,스마트도시과,CTV001,매화-3680,매화리219-3-검지(20차),"41590350","41590350","4159035029","219-3",자가망, ,"37.167585","126.709124","174165.499516856","507650.992846533","1",CTM002, 
3778,AE134,3667,스마트도시과,CTV001,매화-3681,매화리431-검지(20차),"41590350","41590350","4159035029","431",자가망, ,"37.164997","126.704992","173797.651236757","507364.963693126","3",CTM002, 
3779,AE134,3668,스마트도시과,CTV001,매화-3682,매화리782-4-어안(20차),"41590350","41590350","4159035029","782-4",자가망, ,"37.16357","126.699022","173266.86363296","507208.236451086","1",CTM002, 
3780,AE134,3669,스마트도시과,CTV001,매화-3683,매화리485-2-어안(20차),"41590350","41590350","4159035029","485-2",자가망, ,"37.163945","126.705093","173806.305206215","507248.204589954","1",CTM002, 
3781,AE134,3670,스마트도시과,CTV001,매화-3684,매화리759-3-검지(20차),"41590350","41590350","4159035029","759-3",자가망, ,"37.171121","126.699402","173303.307237583","508046.115029104","1",CTM002, 
3783,AE134,3940,스마트도시과,CTV001,매화-03956,BIT-서신면사무소,"41590350","41590350","4159035029","422-3",KT, ,"37.165524","126.708657","174123.346342937","507422.399015074","1",CTM002, 
3784,AE134,4020,스마트도시과,CTV001,매화-04036,매화리499-2-검지(23차),"41590350","41590350","4159035029","499-2",KT, ,"37.162903","126.70977","174221.320480917","507131.280990269","2",CTM002, 
3785,AE134,4021,스마트도시과,CTV001,매화-04037,매화리505-3-검지(23차),"41590350","41590350","4159035029","505-3",KT, ,"37.161913","126.707026","173977.25412745","507022.114652153","2",CTM002, 
3786,AE134,4384,스마트도시과,CTV001,매화-04401,매화리367-25(매화-04401),"41590350","41590350","4159035029","367-25",KT, ,"37.16891","126.704155","173724.674771785","507799.441270582","4",CTM002, 
3787,AE134,4504,스마트도시과,CTV001,매화-04521,서신행정복지센터,"41590350","41590350","4159035029","277",자가망, ,"37.166297","126.708965","174150.983582151","507508.125590463","1",CTM002, 
3789,AE134,750,스마트도시과,CTV001,용두-00759,용두교차로,"41590350","41590350","4159035030","827-2",자가망, ,"37.151968","126.700528","173396.56293732","505920.200190535","3",CTM002, 
3790,AE134,751,스마트도시과,CTV001,용두-00760,용두리왕모대입구농로,"41590350","41590350","4159035030","1286",자가망, ,"37.14445","126.716605","174822.272305158","505081.437082309","1",CTM002, 
3791,AE134,797,스마트도시과,CTV001,용두-00806,용두리697,"41590350","41590350","4159035030","674-4",KT, ,"37.157825","126.704622","173762.328899576","506569.108556939","1",CTM002, 
3792,AE134,801,스마트도시과,CTV001,용두-00810,용두리459-1,"41590350","41590350","4159035030","459-1",KT, ,"37.155174","126.715878","174761.239569027","506271.849667017","1",CTM002, 
3793,AE134,802,스마트도시과,CTV001,용두-00811,용두리867,"41590350","41590350","4159035030","867",KT, ,"37.147628","126.701379","173470.680821158","505438.360322386","1",CTM002, 
4397,AE134,1549,스마트도시과,CTV001,계향-01560,계향2리버스정류장,"41590410","41590410","4159041029","282-6",자가망, ,"37.15228","126.981416","198349.138397216","505912.965863913","5",CTM001, 
4398,AE134,3798,스마트도시과,CTV001,계향-3812,계향리295-4-어안(20차),"41590410","41590410","4159041029","295-4",자가망, ,"37.152266","126.978938","198128.972255195","505911.535826138","1",CTM001, 
4399,AE134,3799,스마트도시과,CTV001,계향-3813,계향리416-검지(20차),"41590410","41590410","4159041029","416",자가망, ,"37.150832","126.978743","198111.578451371","505752.360385423","1",CTM001, 
4400,AE134,1552,스마트도시과,CTV001,귀래-01563,귀래리버스정류장,"41590410","41590410","4159041030","343-4",자가망, ,"37.138937","126.989482","199065.43967023","504432.039298126","4",CTM001, 
4401,AE134,1593,스마트도시과,CTV001,귀래-01604,향남IC옆뚝방길삼거리,"41590410","41590410","4159041030","100-150",자가망, ,"37.134712","127.002991","200265.789262704","503963.19353748","3",CTM001, 
4402,AE134,1599,스마트도시과,CTV001,귀래-01610,향남IC옆농로삼거리,"41590410","41590410","4159041030","196-2",자가망, ,"37.130085","126.998252","199844.692609686","503449.670201864","3",CTM001, 
4403,AE134,3496,스마트도시과,CTV001,귀래-03540,귀래리273-8,"41590410","41590410","4159041030","273-8",KT, ,"37.132718","126.99207","199295.383925574","503741.86776452","4",CTM001, 
4404,AE134,3497,스마트도시과,CTV001,귀래-03541,귀래리180,"41590410","41590410","4159041030","180",KT, ,"37.132263","126.998604","199875.955266595","503691.356602046","5",CTM001, 
4405,AE134,3805,스마트도시과,CTV001,귀래-3819,귀래리447-5-검지(20차),"41590410","41590410","4159041030","447-5",자가망, ,"37.134138","126.983838","198563.954629054","503899.611222193","1",CTM001, 
4406,AE134,3806,스마트도시과,CTV001,귀래-3820,귀래리450-7-검지(20차),"41590410","41590410","4159041030","450-7",자가망, ,"37.133663","126.985322","198695.813612453","503846.852028966","1",CTM001, 
4407,AE134,3807,스마트도시과,CTV001,귀래-3821,귀래리314-검지(20차),"41590410","41590410","4159041030","314",자가망, ,"37.135638","126.99058","199163.046217838","504065.910852631","3",CTM001, 
4408,AE134,1577,스마트도시과,CTV001,제기-01588,정남농협정림지소앞,"41590410","41590410","4159041031","517-2",자가망, ,"37.141965","127.013071","201161.310262826","504768.20011023","4",CTM001, 
4409,AE134,1588,스마트도시과,CTV001,제기-01599,제기리마을입구,"41590410","41590410","4159041031","557",KT, ,"37.133765","127.01194","201060.909823951","503858.1134762","5",CTM001, 
4410,AE134,3829,스마트도시과,CTV001,제기-3843,제기리173-검지(20차),"41590410","41590410","4159041031","173",KT, ,"37.136953","127.012197","201083.700224308","504211.890124147","1",CTM001, 
4411,AE134,4532,스마트도시과,CTV001,제기-04549,제기리황구지천소로길(제기-04549),"41590410","41590410","4159041031","477",KT, ,"37.131981","127.006783","200602.689521299","503660.070616671","3",CTM001, 
4413,AE134,1560,스마트도시과,CTV001,덕절-01571,근형심포니아파트입구,"41590410","41590410","4159041032","48-3",자가망, ,"37.133853","127.027826","202472.490395451","503868.121060999","3",CTM001, 
4414,AE134,1580,스마트도시과,CTV001,덕절-01591,전원유치원앞,"41590410","41590410","4159041032","459",자가망, ,"37.140939","127.028374","202520.956896339","504654.630122978","1",CTM001, 
4415,AE134,2222,스마트도시과,CTV001,덕절-02240,통통어린이_집,"41590410","41590410","4159041032","443",자가망, ,"37.138237","127.026313","202337.908388802","504354.630996838","3",CTM001, 
4416,AE134,3811,스마트도시과,CTV001,덕절-3825,덕절리27-12-검지(20차),"41590410","41590410","4159041032","27-12",자가망, ,"37.134209","127.029502","202621.381992611","503907.697164179","1",CTM001, 
4417,AE134,3812,스마트도시과,CTV001,덕절-3826,덕절리162-11-검지(20차),"41590410","41590410","4159041032","162-11",자가망, ,"37.136549","127.025272","202245.447366454","504167.271239525","1",CTM001, 
4418,AE134,4057,스마트도시과,CTV001,덕절-04073,덕절리146-6-검지(23차),"41590410","41590410","4159041032","146-6",KT, ,"37.137589","127.026857","202386.281057877","504282.740449522","2",CTM001, 
4419,AE134,1576,스마트도시과,CTV001,음양-01587,음양리오거리,"41590410","41590410","4159041033","136-3",자가망, ,"37.146231","127.018958","201684.201813034","505241.751614524","3",CTM001, 
4420,AE134,1590,스마트도시과,CTV001,덕절-01601,통통어린이집,"41590410","41590410","4159041032","455-1",자가망, ,"37.141623","127.027387","202433.216230941","504730.514873165","5",CTM001, 
4421,AE134,3828,스마트도시과,CTV001,음양-3842,음양리393-1-검지(20차),"41590410","41590410","4159041033","393-1",자가망, ,"37.143678","127.015718","201396.484113572","504958.343971347","1",CTM001, 
4422,AE134,4336,스마트도시과,CTV001,음양-04354,미래공원(음양-04354),"41590410","41590410","4159041033","581-1",KT, ,"37.141948","127.030865","202742.211124555","504766.598410102","4",CTM001, 
4423,AE134,4337,스마트도시과,CTV001,음양-04355,고인돌공원(음양-04355),"41590410","41590410","4159041033","572-1",KT, ,"37.143769","127.03085","202740.832266372","504968.730890061","4",CTM001, 
4424,AE134,4338,스마트도시과,CTV001,음양-04356,그린나래공원(음양-04356),"41590410","41590410","4159041033","274",KT, ,"37.143123","127.027155","202412.572244242","504896.963890752","4",CTM001, 
4425,AE134,4339,스마트도시과,CTV001,음양-04357,나려공원(음양-04357),"41590410","41590410","4159041033","292",KT, ,"37.143464","127.024591","202184.731223308","504934.73607573","4",CTM001, 
4426,AE134,1554,스마트도시과,CTV001,망월-01565,망월리버스정류장,"41590410","41590410","4159041034","255-12",자가망, ,"37.148992","127.009337","200829.494433632","505547.982276544","5",CTM001, 
4427,AE134,1555,스마트도시과,CTV001,망월-01566,망월리마을입구,"41590410","41590410","4159041034","453-1",자가망, ,"37.149447","127.011409","201013.534308689","505598.446338499","4",CTM001, 
4428,AE134,1586,스마트도시과,CTV001,망월-01597,정림초교정문,"41590410","41590410","4159041034","330-3",자가망, ,"37.151889","127.012284","201091.205079378","505869.525836038","3",CTM001, 
4430,AE134,3809,스마트도시과,CTV001,금복-3823,금복리270-7-어안(20차),"41590410","41590410","4159041037","270-7",자가망, ,"37.153219","127.006512","200578.508181319","506017.087997825","1",CTM001, 
4431,AE134,3813,스마트도시과,CTV001,망월-3827,망월리54-1-어안(20차),"41590410","41590410","4159041034","54-1",자가망, ,"37.150732","127.012106","201075.453372041","505741.141588856","1",CTM001, 
4432,AE134,1569,스마트도시과,CTV001,수면-01580,수면리아름다운교회앞삼거리(어보10),"41590410","41590410","4159041035","32-2(전)",자가망, ,"37.158698","127.024093","202140.07171793","506625.345850687","4",CTM001, 
4433,AE134,3819,스마트도시과,CTV001,수면-3833,수면리69-2-검지(20차),"41590410","41590410","4159041035","69-2",KT, ,"37.158487","127.019844","201762.657036479","506601.867057383","1",CTM001, 
4435,AE134,1546,스마트도시과,CTV001,내-01557,내1리버스정류장,"41590410","41590410","4159025322","26-4",자가망, ,"37.162222","127.020195","201793.797530723","507016.455191084","4",CTM001, 
4436,AE134,1601,스마트도시과,CTV001,내-01612,내리118-2,"41590410","41590410","4159025322","118-2",KT, ,"37.158168","127.01542","201369.67620375","506566.368998769","1",CTM001, 
4437,AE134,1604,스마트도시과,CTV001,내-01615,내리64-4-고정,"41590410","41590410","4159025322","64-4",KT, ,"37.162082","127.019233","201708.303084173","507000.875708936","1",CTM001, 
4438,AE134,3105,스마트도시과,CTV001,내-03140,수면리고개마을입구,"41590410","41590410","4159025322","4-1",자가망, ,"37.16155","127.024839","202206.292360492","506941.905287253","1",CTM001, 
4508,AE134,4169,스마트도시과,CTV001,새솔-04183,단독주택ED8_12-1옆,"41590515","41590140","4159014000", ,송산그린자가망, ,"37.273986","126.824286","184415.695000124","519434.501112255","3",CTM002, 
3112,AE134,686,스마트도시과,CTV001,양노-00695,다람쥐할머니,"41590320","41590320","4159032021","471-11",자가망, ,"37.234878","126.862658","187812.688212834","515088.462738478","4",CTM002, 
3130,AE134,4017,스마트도시과,CTV001,삼화-04033,삼화리543-7-검지(23차),"41590320","41590320","4159032024","543-7",KT, ,"37.236453","126.86491","188012.720651074","515263.061011184","2",CTM002, 
3148,AE134,403,스마트도시과,CTV001,삼화-00404,삼화리247-1-고정,"41590320","41590320","4159032024","247-1",KT, ,"37.253379","126.86675","188178.659935716","517141.320798202","1",CTM002, 
3883,AE134,1761,스마트도시과,CTV001,가재-01776,가재리366-4-고정,"41590360","41590360","4159036024","366-4",KT, ,"37.156039","126.92424","193270.306922587","506332.71165014","1",CTM002, 
3899,AE134,1690,스마트도시과,CTV001,구장-01703,기천편의점마트,"41590360","41590360","4159036025",산112-1,자가망, ,"37.172364","126.902614","191351.06990694","508146.259176331","3",CTM002, 
3917,AE134,2207,스마트도시과,CTV001,율암-02225,꿈에어린이집,"41590360","41590360","4159036026","398-17",자가망, ,"37.168119","126.878513","189210.094139142","507677.588745834","3",CTM002, 
4532,AE134,4195,스마트도시과,CTV001,새솔-04209,단독주택ED7_9-1옆,"41590515","41590140","4159014000", ,송산그린자가망, ,"37.277315","126.819668","184006.838000138","519804.707112203","3",CTM002, 
4550,AE134,4213,스마트도시과,CTV001,새솔-04227,단독주택ED1_16-1옆,"41590515","41590140","4159014000","88-4",송산그린자가망, ,"37.282717","126.815274","183618.270000059","520404.951112126","3",CTM002, 
3152,AE134,3644,스마트도시과,CTV001,남전-3658,남전리7-검지(20차),"41590320","41590320","4159032022","7",자가망, ,"37.237663","126.853782","187025.472089916","515398.816291113","1",CTM002, 
3169,AE134,687,스마트도시과,CTV001,쌍학-00696,쌍학리412-6,"41590320","41590320","4159032026","412-6",KT, ,"37.244036","126.8935","190550.628385486","516101.391472958","1",CTM002, 
3186,AE134,699,스마트도시과,CTV001,청요-00708,청요리305-1,"41590320","41590320","4159032027","305-1",자가망, ,"37.199776","126.898252","190966.951333563","511188.801028982","1",CTM002, 
3932,AE134,3842,스마트도시과,CTV001,덕천-3857,덕천리41-검지(20차),"41590360","41590360","4159036028","41",자가망, ,"37.148562","126.874711","188869.513180236","505507.616618959","3",CTM002, 
3951,AE134,3848,스마트도시과,CTV001,월문-3863,월문리229-검지(20차),"41590360","41590360","4159036032","229",자가망, ,"37.114651","126.874989","188889.280969176","501744.101732571","1",CTM002, 
4565,AE134,889,스마트도시과,CTV001,고포-00899,고포리어섬입구,"41590340","41590125","4159034031","787-8",KT, ,"37.246705","126.654685","169362.512871882","516448.190770192","3",CTM002, 
4582,AE134,4182,스마트도시과,CTV001,새솔-04196,비봉체육공원주차장옆,"41590515","41590140","4159014000", ,송산그린자가망, ,"37.263845","126.845182","186267.167000097","518305.733112392","3",CTM002, 
250,AE134,2892,스마트도시과,CTV001,능-02921,능동1192주택가(능-02921),"41590587","41590118","4159011800","1192",동탄1자가망, ,"37.214566","127.06175","205481.014527175","512827.202637072","3",CTM001, 
2535,AE134,3464,스마트도시과,CTV001,관-03508,관리235-1,"41590259","41590259","4159025937","235-1",KT, ,"37.126958","126.948192","195396.197138383","503103.81831475","1",CTM002, 
2552,AE134,3863,스마트도시과,CTV001,도이-3878,도이리278-어안(20차),"41590259","41590259","4159025938","278",자가망, ,"37.137913","126.936255","194336.214861737","504320.295843473","1",CTM002, 
3201,AE134,3111,스마트도시과,CTV001,자안-03146,자안고개,"41590320","41590320","4159032028",산61-3,자가망, ,"37.207491","126.871283","188573.904742028","512048.006997218","1",CTM002, 
3219,AE134,3868,스마트도시과,CTV001,석교-3883,석교리238-17-검지(20차),"41590330","41590330","4159033021","238-17",자가망, ,"37.207251","126.77284","179835.114574338","512037.780300439","2",CTM002, 
3021,AE134,341,스마트도시과,CTV001,원평-00342,원평리매송초교앞삼거리,"41590310","41590310","4159031022","52-2",자가망, ,"37.248974","126.927375","193556.629871424","516646.534221453","1",CTM002, 
3022,AE134,398,스마트도시과,CTV001,원평-00399,원평리125-2-고정,"41590310","41590310","4159031022","125-2",자가망, ,"37.249227","126.924815","193329.545165712","516674.861095566","1",CTM002, 
3023,AE134,399,스마트도시과,CTV001,원평-00400,원평리221-2-고정,"41590310","41590310","4159031022","221-2",자가망, ,"37.2509","126.9205","192946.89057463","516860.798537696","1",CTM002, 
3024,AE134,401,스마트도시과,CTV001,원평-00402,원평리78-20-고정,"41590310","41590310","4159031022","78-20",자가망, ,"37.250901","126.927884","193602.004844718","516860.373754011","1",CTM002, 
3025,AE134,407,스마트도시과,CTV001,원평-00408,원평리97-22-고정,"41590310","41590310","4159031022","97-22",자가망, ,"37.252279","126.926096","193443.460322601","517013.429866128","1",CTM002, 
3026,AE134,2208,스마트도시과,CTV001,원평-02226,매송초교(25차),"41590310","41590310","4159031022","50-7",자가망, ,"37.24948","126.929407","193737.030180239","516702.610338947","4",CTM002, 
3027,AE134,3573,스마트도시과,CTV001,원평-3587,원평리63-11-검지(20차),"41590310","41590310","4159031022","63-11",자가망, ,"37.24975","126.927025","193525.688422873","516732.702565604","1",CTM002, 
3028,AE134,3574,스마트도시과,CTV001,원평-3588,원평리91-4-어안(20차),"41590310","41590310","4159031022","91-4",자가망, ,"37.252239","126.926716","193498.496759001","517008.947775748","1",CTM002, 
3029,AE134,3576,스마트도시과,CTV001,원평-3590,원평리88-10-검지(20차),"41590310","41590310","4159031022","88-10",자가망, ,"37.251269","126.927648","193581.054143552","516901.197986147","1",CTM002, 
3030,AE134,3577,스마트도시과,CTV001,원평-3591,원평리107-12-검지(20차),"41590310","41590310","4159031022","107-12",자가망, ,"37.250352","126.923121","193179.336580447","516799.832539476","1",CTM002, 
3031,AE134,3988,스마트도시과,CTV001,원평-04004,원평리112-13-검지(23차),"41590310","41590310","4159031022","112-13",KT, ,"37.250383","126.925032","193348.952287836","516803.103653029","2",CTM002, 
3032,AE134,3989,스마트도시과,CTV001,원평-04005,원평리112-18-검지(23차),"41590310","41590310","4159031022","112-18",KT, ,"37.250512","126.924775","193326.109657217","516817.438509797","2",CTM002, 
3033,AE134,4263,스마트도시과,CTV001,원평-04278,매송체육공원게이트볼장(25차),"41590310","41590310","4159031022","579",KT, ,"37.2483","126.929833","193774.714803873","516571.58979764","4",CTM002, 
3034,AE134,4264,스마트도시과,CTV001,원평-04279,매송체육공원남쪽다리(25차),"41590310","41590310","4159031022","579",KT, ,"37.248567","126.929683","193761.428575561","516601.19495988","5",CTM002, 
3035,AE134,4265,스마트도시과,CTV001,원평-04280,매송초옆공원배드민턴장(25차),"41590310","41590310","4159031022","580",KT, ,"37.24905","126.93035","193820.615446653","516654.792692983","4",CTM002, 
3037,AE134,332,스마트도시과,CTV001,어천-00333,어천저수지수문,"41590310","41590310","4159031023",산42-4,자가망, ,"37.252747","126.91441","192406.798821779","517066.309674864","3",CTM002, 
3038,AE134,338,스마트도시과,CTV001,어천-00339,서화성농협,"41590310","41590310","4159031023","429-9",자가망, ,"37.24989","126.910996","192103.587968246","516749.434661331","3",CTM002, 
3039,AE134,347,스마트도시과,CTV001,어천-00348,어천리318-2(313-3),"41590310","41590310","4159031023","313-3",KT, ,"37.249961","126.913012","192282.462770568","516757.203621287","1",CTM002, 
3040,AE134,389,스마트도시과,CTV001,어천-00390,어천리339-10-고정,"41590310","41590310","4159031023","339-10",자가망, ,"37.252122","126.911453","192144.35571607","516997.164826244","1",CTM002, 
3041,AE134,390,스마트도시과,CTV001,어천-00391,어천리350-고정,"41590310","41590310","4159031023","350",자가망, ,"37.25454","126.91072","192079.561540194","517265.537058463","1",CTM002, 
3042,AE134,391,스마트도시과,CTV001,어천-00392,어천리353-9-고정,"41590310","41590310","4159031023","353-9",자가망, ,"37.253898","126.910239","192036.840276501","517194.38216026","1",CTM002, 
3043,AE134,392,스마트도시과,CTV001,어천-00393,어천리371-고정,"41590310","41590310","4159031023","371",자가망, ,"37.252826","126.910907","192096.043005045","517075.308556996","1",CTM002, 
3044,AE134,397,스마트도시과,CTV001,어천-00398,어천리366-1-고정,"41590310","41590310","4159031023","366-1",자가망, ,"37.252934","126.909695","191988.486122931","517087.374402236","1",CTM002, 
3045,AE134,3109,스마트도시과,CTV001,어천-03144,비눌치고개매송어천리,"41590310","41590310","4159031023",산74-3,자가망, ,"37.27941","126.922689","193143.635879773","520024.708544009","1",CTM002, 
3046,AE134,3569,스마트도시과,CTV001,어천-3583,어천리432-1-검지(20차),"41590310","41590310","4159031023","432-1",자가망, ,"37.249491","126.911099","192112.702259391","516705.166290607","3",CTM002, 
3047,AE134,3570,스마트도시과,CTV001,어천-3584,어천리399-검지(20차),"41590310","41590310","4159031023","399",자가망, ,"37.25195","126.907513","191794.818887747","516978.387900805","1",CTM002, 
3048,AE134,3951,스마트도시과,CTV001,어천-03967,BIT-어천저수지,"41590310","41590310","4159031023","302-2",KT, ,"37.251294","126.914878","192448.181821089","516904.970398442","1",CTM002, 
3049,AE134,4359,스마트도시과,CTV001,어천-04382,숙곡1리입구(어천-04382),"41590310","41590310","4159031023","397-5",KT, ,"37.25302","126.907501","191793.870320766","517097.129031587","5",CTM002, 
3050,AE134,4506,스마트도시과,CTV001,어천-04523,매송행정복지센터,"41590310","41590310","4159031023","380",자가망, ,"37.252336","126.909124","191937.78333434","517021.077577649","1",CTM002, 
3051,AE134,330,스마트도시과,CTV001,숙곡-00331,숙곡1리버스정류장,"41590310","41590310","4159031024","222-6",자가망, ,"37.261369","126.908727","191903.502982856","518023.594221828","3",CTM002, 
3052,AE134,342,스마트도시과,CTV001,숙곡-00343,천불사입구,"41590310","41590310","4159031024","718",자가망, ,"37.247173","126.899884","191117.435026686","516448.935917971","3",CTM002, 
3053,AE134,363,스마트도시과,CTV001,숙곡-00364,숙곡리159-3-고정,"41590310","41590310","4159031024","159-3",자가망, ,"37.261584","126.913286","192307.918279575","518047.130672667","1",CTM002, 
3055,AE134,367,스마트도시과,CTV001,숙곡-00368,숙곡리353-6-고정,"41590310","41590310","4159031024","353-6",KT, ,"37.253199","126.904199","191500.986035381","517117.297338527","1",CTM002, 
3056,AE134,368,스마트도시과,CTV001,숙곡-00369,숙곡리607-고정,"41590310","41590310","4159031024","607",자가망, ,"37.24592","126.899556","191088.168585696","516309.828236286","1",CTM002, 
3057,AE134,380,스마트도시과,CTV001,숙곡-00381,숙곡리590-고정,"41590310","41590310","4159031024","590",자가망, ,"37.248198","126.89972","191103.004966709","516562.674918903","1",CTM002, 
3058,AE134,3566,스마트도시과,CTV001,숙곡-3580,숙곡리81-검지(20차),"41590310","41590310","4159031024","81",자가망, ,"37.262906","126.908686","191900.012935613","518194.222396343","1",CTM002, 
3060,AE134,339,스마트도시과,CTV001,야목-00340,야목삼거리,"41590310","41590310","4159031025","1301",자가망, ,"37.265893","126.878276","189202.958929978","518528.730748154","3",CTM002, 
3061,AE134,369,스마트도시과,CTV001,야목-00370,야목리126-고정,"41590310","41590310","4159031025","126",자가망, ,"37.271964","126.877135","189102.652824854","519202.626744316","1",CTM002, 
3062,AE134,370,스마트도시과,CTV001,야목-00371,야목리162-3-고정,"41590310","41590310","4159031025","162-3",자가망, ,"37.270753","126.86258","187811.476320737","519069.991287524","1",CTM002, 
3794,AE134,803,스마트도시과,CTV001,용두-00812,용두리산203,"41590350","41590350","4159035030",산203,KT, ,"37.1616","126.713472","174549.665999204","506985.628614816","1",CTM002, 
3795,AE134,805,스마트도시과,CTV001,용두-00814,용두리961,"41590350","41590350","4159035030","961",KT, ,"37.143009","126.714088","174598.180982091","504922.273467412","1",CTM002, 
3796,AE134,857,스마트도시과,CTV001,용두-00867,용두리176-2,"41590350","41590350","4159035030","176-2",KT, ,"37.14382","126.712552","174462.014307616","505012.668837819","1",CTM002, 
3797,AE134,858,스마트도시과,CTV001,용두-00868,용두리197-9,"41590350","41590350","4159035030","197-9",KT, ,"37.143885","126.706276","173904.406885301","505021.579173768","1",CTM002, 
3798,AE134,859,스마트도시과,CTV001,용두-00869,용두리226-1,"41590350","41590350","4159035030","226-1",KT, ,"37.14575","126.708303","174085.129968188","505228.013842483","1",CTM002, 
3799,AE134,860,스마트도시과,CTV001,용두-00870,용두리300-3,"41590350","41590350","4159035030","300-3",KT, ,"37.149538","126.70127","173461.69122802","505650.319736273","1",CTM002, 
3800,AE134,861,스마트도시과,CTV001,용두-00871,용두리346-3,"41590350","41590350","4159035030","346-3",KT, ,"37.14661","126.708855","174134.498940841","505323.273285747","1",CTM002, 
3802,AE134,863,스마트도시과,CTV001,용두-00873,용두리795-5,"41590350","41590350","4159035030","795-5",KT, ,"37.151355","126.701996","173526.838406823","505851.791297496","1",CTM002, 
3803,AE134,864,스마트도시과,CTV001,용두-00874,용두리940,"41590350","41590350","4159035030","924-1",KT, ,"37.141633","126.724213","175497.28360467","504766.857262731","1",CTM002, 
3804,AE134,883,스마트도시과,CTV001,용두-00893,용두리867(735),"41590350","41590350","4159035030","735",KT, ,"37.157236","126.70136","173472.374264014","506504.637986579","1",CTM002, 
3806,AE134,4026,스마트도시과,CTV001,용두-04042,용두리686-1-검지(23차),"41590350","41590350","4159035030","686-1",KT, ,"37.161639","126.707361","174006.951574303","506991.636066725","2",CTM002, 
3807,AE134,731,스마트도시과,CTV001,궁평-00740,궁평리할머니묵집앞,"41590350","41590350","4159035031","684",자가망, ,"37.125302","126.690116","172462.016062581","502963.748381705","3",CTM002, 
3808,AE134,735,스마트도시과,CTV001,궁평-00744,궁평항입구,"41590350","41590350","4159035031","666-20",자가망, ,"37.116635","126.684124","171926.305610726","502003.68100232","3",CTM002, 
3809,AE134,757,스마트도시과,CTV001,궁평-00766,해운초교후문,"41590350","41590350","4159035031","161-2",자가망, ,"37.138911","126.702511","173568.249600037","504470.547508251","3",CTM002, 
3810,AE134,758,스마트도시과,CTV001,궁평-00767,해운초교정문,"41590350","41590350","4159035031","735",자가망, ,"37.139977","126.70343","173650.254667902","504588.641774658","1",CTM002, 
3811,AE134,762,스마트도시과,CTV001,궁평-00771,궁평리144-9,"41590350","41590350","4159035031","144-9",KT, ,"37.137105","126.700787","173414.440826359","504270.675719684","1",CTM002, 
3812,AE134,765,스마트도시과,CTV001,궁평-00774,궁평리173-5,"41590350","41590350","4159035031","173-5",KT, ,"37.137667","126.701484","173476.575379209","504332.751897438","1",CTM002, 
3813,AE134,776,스마트도시과,CTV001,궁평-00785,궁평리341-1,"41590350","41590350","4159035031","341-1",KT, ,"37.130785","126.692686","172692.317773778","503571.512087586","1",CTM002, 
3814,AE134,777,스마트도시과,CTV001,궁평-00786,궁평리354-2,"41590350","41590350","4159035031","354-2",KT, ,"37.129407","126.693538","172767.549896449","503418.324997294","1",CTM002, 
3815,AE134,778,스마트도시과,CTV001,궁평-00787,궁평리산59,"41590350","41590350","4159035031",산59,KT, ,"37.133306","126.701917","173513.465779227","503848.678085832","1",CTM002, 
3816,AE134,810,스마트도시과,CTV001,궁평-00819,궁평항광장,"41590350","41590350","4159035031","688",자가망, ,"37.116503","126.6834","171861.882915251","501989.202728058","4",CTM002, 
3817,AE134,816,스마트도시과,CTV001,궁평-00825,궁평리298-17,"41590350","41590350","4159035031","298-17",KT, ,"37.134446","126.697616","173131.724259651","503976.404783746","1",CTM002, 
3818,AE134,817,스마트도시과,CTV001,궁평-00826,궁평리376-14,"41590350","41590350","4159035031","376-14",KT, ,"37.125555","126.692003","172629.76211723","502991.261940742","1",CTM002, 
3820,AE134,820,스마트도시과,CTV001,궁평-00830,궁평리654,"41590350","41590350","4159035031","654",KT, ,"37.122442","126.6902","172468.427307737","502646.353396494","1",CTM002, 
3821,AE134,828,스마트도시과,CTV001,궁평-00838,궁평리674,"41590350","41590350","4159035031","674",자가망, ,"37.137988","126.702379","173556.209127583","504368.171311335","1",CTM002, 
3822,AE134,3662,스마트도시과,CTV001,궁평-3676,궁평리94-검지(20차),"41590350","41590350","4159035031","94",KT, ,"37.131498","126.7026","173573.570349804","503647.823657266","1",CTM002, 
3823,AE134,3663,스마트도시과,CTV001,궁평-3677,궁평리172-11-검지(20차),"41590350","41590350","4159035031","172-11",자가망, ,"37.138082","126.70208","173529.630930091","504378.653694092","3",CTM002, 
3824,AE134,3664,스마트도시과,CTV001,궁평-3678,궁평리688-검지(20차),"41590350","41590350","4159035031","688",자가망, ,"37.1162","126.682777","171806.401780077","501955.792691277","1",CTM002, 
3825,AE134,786,스마트도시과,CTV001,백미-00795,백미리320-1,"41590350","41590350","4159035032","320-1",KT, ,"37.143479","126.683936","171919.517113994","504982.898329422","1",CTM002, 
3826,AE134,787,스마트도시과,CTV001,백미-00796,백미리751,"41590350","41590350","4159035032","751",KT, ,"37.139923","126.689284","172393.409581975","504586.637009921","1",CTM002, 
3827,AE134,788,스마트도시과,CTV001,백미-00797,백미리774,"41590350","41590350","4159035032","774",KT, ,"37.14873","126.69464","172872.432903139","505562.520005551","1",CTM002, 
3828,AE134,789,스마트도시과,CTV001,백미-00798,백미리810,"41590350","41590350","4159035032","810",KT, ,"37.147592","126.697577","173132.873185713","505435.434941791","1",CTM002, 
3829,AE134,790,스마트도시과,CTV001,백미-00799,백미리산109-14,"41590350","41590350","4159035032",산109-14,KT, ,"37.13124","126.684402","171956.428085798","503624.401316701","1",CTM002, 
3830,AE134,826,스마트도시과,CTV001,백미-00836,백미리254-1,"41590350","41590350","4159035032","254-1",KT, ,"37.148301","126.691791","172619.120154434","505515.763308925","1",CTM002, 
3831,AE134,827,스마트도시과,CTV001,백미-00837,백미리735-10,"41590350","41590350","4159035032","735-10",KT, ,"37.144055","126.699795","173328.668404491","505042.170251283","1",CTM002, 
3832,AE134,3672,스마트도시과,CTV001,백미-3686,백미리592-검지(20차),"41590350","41590350","4159035032","592",자가망, ,"37.140017","126.693948","172807.78021865","504595.778225285","1",CTM002, 
3833,AE134,3673,스마트도시과,CTV001,백미-3687,백미리594-1-어안(20차),"41590350","41590350","4159035032","594-1",자가망, ,"37.137336","126.691923","172626.904712391","504298.765673538","1",CTM002, 
3834,AE134,3674,스마트도시과,CTV001,백미-3688,백미리167-1-검지(20차),"41590350","41590350","4159035032","167-1",자가망, ,"37.151393","126.697991","173171.066427302","505857.078154274","1",CTM002, 
3836,AE134,1707,스마트도시과,CTV001,하저-01721,한미약품입구,"41590360","41590360","4159036021","1141-2",자가망, ,"37.181001","126.865909","188092.717990052","509108.787633767","1",CTM002, 
3837,AE134,1711,스마트도시과,CTV001,하저-01726,하저리356-4장-고정,"41590360","41590360","4159036021","356-4장",자가망, ,"37.18995","126.871583","188597.912088457","510101.220879873","1",CTM002, 
4439,AE134,3810,스마트도시과,CTV001,내(정)-3824,내리16-4-검지(20차),"41590410","41590410","4159025322","16-4",자가망, ,"37.161874","127.022349","201985.131464834","506977.876822641","1",CTM001, 
4440,AE134,1587,스마트도시과,CTV001,금복-01598,정림초교후문,"41590410","41590410","4159041037","21-2",자가망, ,"37.154504","127.010475","200930.507309072","506159.720614863","4",CTM001, 
4441,AE134,3808,스마트도시과,CTV001,금복-3822,금복리20-1-어안(20차),"41590410","41590410","4159041037","20-1",자가망, ,"37.154885","127.011957","201062.137445191","506202.068596916","1",CTM001, 
4442,AE134,1545,스마트도시과,CTV001,고지-01556,고지리버스정류장,"41590410","41590410","4159041038","246",자가망, ,"37.163999","127.007615","200676.4079819","507213.44304555","3",CTM001, 
4444,AE134,1574,스마트도시과,CTV001,용수-01585,용수리버스정류장,"41590410","41590410","4159041039","61-7",자가망, ,"37.168956","126.999943","199994.973108544","507763.573068868","5",CTM001, 
4445,AE134,1575,스마트도시과,CTV001,용수-01586,우진정밀앞,"41590410","41590410","4159041039","196-4",자가망, ,"37.173338","126.999128","199922.585012899","508249.869323269","3",CTM001, 
4446,AE134,1603,스마트도시과,CTV001,용수-01614,용수리53-10,"41590410","41590410","4159041039","53-10",KT, ,"37.172293","127.00052","200046.154781295","508133.89407018","1",CTM001, 
4447,AE134,3827,스마트도시과,CTV001,용수-3841,용수리58-23-검지(20차),"41590410","41590410","4159041039","58-23",자가망, ,"37.169642","127.001579","200140.263214769","507839.662684084","1",CTM001, 
4448,AE134,3906,스마트도시과,CTV001,새솔-03922,에코팜타운1뒤산책로,"41590515","41590140","4159014000","7",송산그린자가망, ,"37.292694","126.810532","183200.013000129","521513.11711199","3",CTM002, 
4449,AE134,3907,스마트도시과,CTV001,새솔-03923,대방노블랜드6차뒤산책로,"41590515","41590140","4159014000","7",송산그린자가망, ,"37.291439","126.816478","183726.930000062","521372.772112006","3",CTM002, 
4450,AE134,3908,스마트도시과,CTV001,새솔-03924,요진와이시티뒤산책로,"41590515","41590140","4159014000","17",송산그린자가망, ,"37.286315","126.823301","184330.868000127","520802.884112078","3",CTM002, 
4451,AE134,3909,스마트도시과,CTV001,새솔-03925,이지더원뒤산책로,"41590515","41590140","4159014000","17",송산그린자가망, ,"37.282281","126.824578","184443.33800006","520355.029112136","3",CTM002, 
4452,AE134,3910,스마트도시과,CTV001,새솔-03926,수노을중앙로사거리옆,"41590515","41590140","4159014000","1-1",송산그린자가망, ,"37.288056","126.805039","182711.873000084","520999.325112052","3",CTM002, 
4453,AE134,3911,스마트도시과,CTV001,새솔-03927,에코팜타운2중로모퉁이,"41590515","41590140","4159014000","2",송산그린자가망, ,"37.290336","126.807983","182973.481000103","521251.82711202","3",CTM002, 
4454,AE134,3912,스마트도시과,CTV001,새솔-03928,대방노블랜드6차앞중로삼거리,"41590515","41590140","4159014000","6",송산그린자가망, ,"37.290311","126.813013","183419.444000075","521248.125112014","3",CTM002, 
4455,AE134,3913,스마트도시과,CTV001,새솔-03929,송산2초등학교중로옆,"41590515","41590140","4159014000","12",송산그린자가망, ,"37.288434","126.818279","183886.002000097","521038.952112041","3",CTM002, 
4456,AE134,3914,스마트도시과,CTV001,새솔-03930,송산2초등학교중로사거리옆,"41590515","41590140","4159014000","13-6",송산그린자가망, ,"37.287786","126.818719","183924.923000123","520966.926112049","3",CTM002, 
4457,AE134,3915,스마트도시과,CTV001,새솔-03931,어린이공원옆,"41590515","41590140","4159014000","15",송산그린자가망, ,"37.285492","126.82138","184160.358000128","520711.87511209","3",CTM002, 
4458,AE134,3916,스마트도시과,CTV001,새솔-03932,금강펜테리움정문옆삼거리,"41590515","41590140","4159014000","19",송산그린자가망, ,"37.282526","126.821969","184211.967000078","520382.66811213","3",CTM002, 
4459,AE134,3917,스마트도시과,CTV001,새솔-03933,휴먼빌정문옆,"41590515","41590140","4159014000","23",송산그린자가망, ,"37.279761","126.823777","184371.727000052","520075.484112173","3",CTM002, 
4460,AE134,3918,스마트도시과,CTV001,새솔-03934,송린초등학교정문옆,"41590515","41590140","4159014000","22",송산그린자가망, ,"37.278649","126.823632","184358.6890001","519952.096112181","3",CTM002, 
4462,AE134,3920,스마트도시과,CTV001,새솔-03936,근린공원주차장입구중로옆,"41590515","41590140","4159014000","77-6",송산그린자가망, ,"37.282499","126.818686","183920.830000056","520380.222112131","3",CTM002, 
4463,AE134,3921,스마트도시과,CTV001,새솔-03937,반도유보라뒤대로옆[2],"41590515","41590140","4159014000","101-1",송산그린자가망, ,"37.279472","126.819907","184028.497000121","520043.986112171","3",CTM002, 
4464,AE134,3922,스마트도시과,CTV001,새솔-03938,세영리첼정문옆,"41590515","41590140","4159014000","26-1",송산그린자가망, ,"37.276045","126.825179","184495.287000087","519662.788112224","3",CTM002, 
4465,AE134,3923,스마트도시과,CTV001,새솔-03939,모아미래도정문옆,"41590515","41590140","4159014000","27-1",송산그린자가망, ,"37.274822","126.826722","184631.889000051","519526.798112238","3",CTM002, 
4466,AE134,3924,스마트도시과,CTV001,새솔-03940,새솔고옆대로,"41590515","41590140","4159014000","157-1",송산그린자가망, ,"37.27427","126.829398","184869.110000104","519465.148112244","3",CTM002, 
4467,AE134,3925,스마트도시과,CTV001,새솔-03941,모아미래도정문맞은편대로옆,"41590515","41590140","4159014000","27-1",송산그린자가망, ,"37.274302","126.827685","184717.240000122","519469.011112249","3",CTM002, 
4468,AE134,3926,스마트도시과,CTV001,새솔-03942,세영리첼어린이집맞은편대로,"41590515","41590140","4159014000","180",송산그린자가망, ,"37.275225","126.825723","184543.431000045","519571.684112231","3",CTM002, 
4469,AE134,3927,스마트도시과,CTV001,새솔-03943,송린중학교옆대로,"41590515","41590140","4159014000","125-1",송산그린자가망, ,"37.277116","126.823545","184350.653000081","519781.928112201","3",CTM002, 
4470,AE134,3928,스마트도시과,CTV001,새솔-03944,송린중학교정문옆,"41590515","41590140","4159014000","248-1",송산그린자가망, ,"37.277433","126.822026","184215.94500009","519817.404112196","3",CTM002, 
4471,AE134,3929,스마트도시과,CTV001,새솔-03945,반도유보라뒤대로옆[1],"41590515","41590140","4159014000","99-4",송산그린자가망, ,"37.280188","126.819762","184015.760000077","520123.560112165","3",CTM002, 
4472,AE134,3930,스마트도시과,CTV001,새솔-03946,대방노블랜드3차옆대로맞은편,"41590515","41590140","4159014000","50-1",송산그린자가망, ,"37.287289","126.815118","183605.443000097","520912.428112066","3",CTM002, 
4473,AE134,3931,스마트도시과,CTV001,새솔-03947,에코팜타운3맞은편대로옆,"41590515","41590140","4159014000","42-7",송산그린자가망, ,"37.287696","126.810134","183163.619000115","520958.449112056","3",CTM002, 
4474,AE134,3932,스마트도시과,CTV001,새솔-03948,에코팜타운3대로사거리옆,"41590515","41590140","4159014000","170",송산그린자가망, ,"37.287984","126.808239","182995.580000078","520990.794112054","3",CTM002, 
4475,AE134,3933,스마트도시과,CTV001,새솔-03949,오수펌프장맞은편대로삼거리,"41590515","41590140","4159014000","5-1",송산그린자가망, ,"37.28799","126.813144","183430.56700008","520990.608112048","3",CTM002, 
4476,AE134,3934,스마트도시과,CTV001,새솔-03950,대방노블랜드5차옆산책로,"41590515","41590140","4159014000","7-1",송산그린자가망, ,"37.288378","126.814297","183532.868000123","521033.382112052","3",CTM002, 
4477,AE134,3935,스마트도시과,CTV001,새솔-03951,대방노블랜드1차뒤대로사거리,"41590515","41590140","4159014000","13-3",송산그린자가망, ,"37.286331","126.816952","183767.905000054","520805.718112069","3",CTM002, 
4478,AE134,4139,스마트도시과,CTV001,새솔-04153,진로식자재마트옆사거리,"41590515","41590140","4159014000","58-6",송산그린자가망, ,"37.28482","126.815255","183617.064000056","520638.385112097","3",CTM002, 
3063,AE134,372,스마트도시과,CTV001,야목-00373,야목리234-고정,"41590310","41590310","4159031025","234",자가망, ,"37.268563","126.869243","188402.178228741","518826.134650064","1",CTM002, 
3064,AE134,373,스마트도시과,CTV001,야목-00374,야목리281-1-고정,"41590310","41590310","4159031025","281-1",자가망, ,"37.266703","126.877661","189148.541892993","518618.697071072","1",CTM002, 
3065,AE134,374,스마트도시과,CTV001,야목-00375,야목리383-1-고정,"41590310","41590310","4159031025","383-1",자가망, ,"37.268633","126.880094","189364.593581123","518832.673017935","1",CTM002, 
3067,AE134,376,스마트도시과,CTV001,야목-00377,야목리423-6-고정,"41590310","41590310","4159031025","423-6",자가망, ,"37.267546","126.880758","189423.345585257","518711.927045369","1",CTM002, 
3068,AE134,377,스마트도시과,CTV001,야목-00378,야목리449-2-고정,"41590310","41590310","4159031025","449-2",자가망, ,"37.26518","126.879522","189313.370545453","518449.469750404","1",CTM002, 
3070,AE134,379,스마트도시과,CTV001,야목-00380,야목리852-고정,"41590310","41590310","4159031025","852",KT, ,"37.260389","126.894336","190626.874031856","517916.170627182","1",CTM002, 
3071,AE134,381,스마트도시과,CTV001,야목-00382,야목리321-2-고정,"41590310","41590310","4159031025","321-2",KT, ,"37.26829","126.874468","188865.556956047","518795.264221345","1",CTM002, 
3072,AE134,382,스마트도시과,CTV001,야목-00383,야목리482-6-고정,"41590310","41590310","4159031025","482-6",자가망, ,"37.264622","126.880971","189441.874511073","518387.334294229","1",CTM002, 
3073,AE134,383,스마트도시과,CTV001,야목-00384,야목리878-고정,"41590310","41590310","4159031025","878",KT, ,"37.257673","126.892744","190485.248340713","517614.889845268","1",CTM002, 
3074,AE134,384,스마트도시과,CTV001,야목-00385,야목리884-고정,"41590310","41590310","4159031025","884",KT, ,"37.257896","126.891491","190374.113688999","517639.798961657","1",CTM002, 
3075,AE134,385,스마트도시과,CTV001,야목-00386,야목리957-3-고정,"41590310","41590310","4159031025","957-3",자가망, ,"37.255574","126.896526","190820.496629695","517381.619533877","1",CTM002, 
3076,AE134,386,스마트도시과,CTV001,야목-00387,야목리964-고정,"41590310","41590310","4159031025","964",자가망, ,"37.255049","126.898515","190996.946154294","517323.096020056","1",CTM002, 
3077,AE134,387,스마트도시과,CTV001,야목-00388,야목리산28-7-고정,"41590310","41590310","4159031025",산28-7,자가망, ,"37.267997","126.883574","189673.183218742","518761.669198052","1",CTM002, 
3078,AE134,2244,스마트도시과,CTV001,송라-02263,송라초등학교,"41590310","41590310","4159031026","585",자가망, ,"37.272127","126.888517","190112.168112768","519219.511079788","3",CTM002, 
3079,AE134,3567,스마트도시과,CTV001,야목-3581,야목리505-1-검지(20차),"41590310","41590310","4159031025","505-1",자가망, ,"37.265809","126.882034","189536.27617509","518519.030415709","1",CTM002, 
3080,AE134,3568,스마트도시과,CTV001,야목-3582,야목리372-3-검지(20차),"41590310","41590310","4159031025","372-3",자가망, ,"37.266685","126.876782","189070.572175709","518616.856042054","2",CTM002, 
3081,AE134,3943,스마트도시과,CTV001,야목-03959,BIT-매송휴먼시아후문,"41590310","41590310","4159031025","423-6",KT, ,"37.267707","126.880831","189429.869717453","518729.7870738","1",CTM002, 
3082,AE134,320,스마트도시과,CTV001,송라-00321,송라2리마을회관,"41590310","41590310","4159031026","843",자가망, ,"37.284307","126.907503","191797.397889874","520569.412070619","4",CTM002, 
3083,AE134,329,스마트도시과,CTV001,송라-00330,송라초교후문,"41590310","41590310","4159031026","867-5",자가망, ,"37.27292","126.889571","190205.727128451","519307.366453058","4",CTM002, 
3084,AE134,356,스마트도시과,CTV001,송라-00357,송라리173-1-고정,"41590310","41590310","4159031026","173-1",자가망, ,"37.286426","126.909948","192014.442501191","520804.442474917","1",CTM002, 
3085,AE134,357,스마트도시과,CTV001,송라-00358,송라리176-2-고정,"41590310","41590310","4159031026","176-2",자가망, ,"37.285513","126.909543","191978.458073278","520703.093708512","1",CTM002, 
3087,AE134,359,스마트도시과,CTV001,송라-00360,송라리438-1-고정,"41590310","41590310","4159031026","438-11",자가망, ,"37.280916","126.895017","190689.746537155","520194.301083981","1",CTM002, 
3088,AE134,361,스마트도시과,CTV001,송라-00362,송라리804-2-고정,"41590310","41590310","4159031026","804-2",자가망, ,"37.268194","126.89946","191082.330353231","518781.861700857","1",CTM002, 
3089,AE134,362,스마트도시과,CTV001,송라-00363,송라리84-5-고정,"41590310","41590310","4159031026","84-5",자가망, ,"37.281866","126.908961","191926.458075036","520298.443702145","1",CTM002, 
3090,AE134,366,스마트도시과,CTV001,송라-00367,송라리597-1-고정,"41590310","41590310","4159031026","597-1",KT, ,"37.273261","126.886652","189946.932124226","519345.562109318","1",CTM002, 
3091,AE134,371,스마트도시과,CTV001,야목-00372,야목리20-고정,"41590310","41590310","4159031025","20",자가망, ,"37.26907","126.895841","190761.394627422","518879.474243173","1",CTM002, 
3092,AE134,388,스마트도시과,CTV001,원-00389,원리51-15-고정,"41590310","41590310","4159031027","51-15",자가망, ,"37.274459","126.887978","190064.651005141","519478.357328284","1",CTM002, 
3093,AE134,426,스마트도시과,CTV001,송라-00427,송라리440-1-고정,"41590310","41590310","4159031026","440-1",KT, ,"37.280937","126.894429","190637.588584961","520196.635521513","1",CTM002, 
3094,AE134,2224,스마트도시과,CTV001,송라-02242,송라초교,"41590310","41590310","4159031026","595-8",자가망, ,"37.273253","126.896516","190821.746288728","519343.616250874","1",CTM002, 
3095,AE134,3563,스마트도시과,CTV001,송라-3577,송라리782-검지(20차),"41590310","41590310","4159031026","782",자가망, ,"37.268548","126.898042","190956.536721061","518821.317535255","1",CTM002, 
3096,AE134,3564,스마트도시과,CTV001,송라-3578,송라리418-1-검지(20차),"41590310","41590310","4159031026","418-1",자가망, ,"37.281076","126.895469","190729.836180568","520212.015214794","2",CTM002, 
3097,AE134,3962,스마트도시과,CTV001,원-03978,BIT-송라1리,"41590310","41590310","4159031027","38-1",KT, ,"37.275422","126.896404","190812.085320098","519584.426580171","1",CTM002, 
3098,AE134,326,스마트도시과,CTV001,원-00327,매송IC입구사거리-검지,"41590310","41590310","4159031027","301-3",자가망, ,"37.280606","126.884989","189800.445837345","520160.909496477","4",CTM002, 
3099,AE134,333,스마트도시과,CTV001,원-00334,원리마을회관앞,"41590310","41590310","4159031027","425-1",자가망, ,"37.278671","126.887388","190012.871052015","519945.879398565","3",CTM002, 
3100,AE134,394,스마트도시과,CTV001,원-00395,원리95-고정,"41590310","41590310","4159031027","95",자가망, ,"37.275211","126.883281","189648.23546843","519562.275590469","1",CTM002, 
3101,AE134,3571,스마트도시과,CTV001,원-3585,원리437-검지(20차),"41590310","41590310","4159031027","437",자가망, ,"37.279691","126.890514","190290.242828107","520058.75652947","1",CTM002, 
3102,AE134,3572,스마트도시과,CTV001,원-3586,원리39-2-검지(20차),"41590310","41590310","4159031027","39-2",자가망, ,"37.275267","126.886754","189956.191970833","519568.149637364","3",CTM002, 
3103,AE134,667,스마트도시과,CTV001,양노-00676,양노리세븐일레븐앞,"41590320","41590320","4159032021","277-2",자가망, ,"37.235045","126.871501","188597.389852468","515105.950766732","3",CTM002, 
3105,AE134,670,스마트도시과,CTV001,양노-00679,비봉면사무소입구오거리,"41590320","41590320","4159032021","253-9",자가망, ,"37.235926","126.873097","188739.118456472","515203.490672794","1",CTM002, 
3838,AE134,1712,스마트도시과,CTV001,하저-01727,하저리710-5도-고정,"41590360","41590360","4159036021","710-5",KT, ,"37.181235","126.875057","188905.099144109","509133.651909054","1",CTM002, 
3839,AE134,1716,스마트도시과,CTV001,하저-01731,하저리568-1-고정,"41590360","41590360","4159036021","568-1",자가망, ,"37.186375","126.870302","188483.599869702","509704.617813677","1",CTM002, 
3840,AE134,1721,스마트도시과,CTV001,하저-01736,하저리597-5-고정,"41590360","41590360","4159036021","597-5",자가망, ,"37.184683","126.869151","188381.138771981","509516.978071798","1",CTM002, 
3841,AE134,1724,스마트도시과,CTV001,하저-01739,하저리534-2-고정,"41590360","41590360","4159036021","534-2",자가망, ,"37.188643","126.870375","188490.426025577","509956.314393469","1",CTM002, 
3843,AE134,4301,스마트도시과,CTV001,하저-4316,팔탄면하저리마을회관앞(하저-4316),"41590360","41590360","4159036021","548-4",KT, ,"37.186972","126.872167","188649.29004318","509770.648659097","4",CTM002, 
3844,AE134,4386,스마트도시과,CTV001,하저-04403,하저리821-2(하저-04403),"41590360","41590360","4159036021","821-1",KT, ,"37.180407","126.866559","188150.311602635","509042.743508121","5",CTM002, 
3845,AE134,1678,스마트도시과,CTV001,창곡-01691,금산사입구버스정류장,"41590360","41590360","4159036022","324-1",자가망, ,"37.190032","126.883324","189640.381122252","510108.944755769","5",CTM002, 
3846,AE134,1679,스마트도시과,CTV001,창곡-01692,공장밀집지역,"41590360","41590360","4159036022","1055-1",자가망, ,"37.185432","126.886053","189882.068407869","509598.16521836","3",CTM002, 
3847,AE134,1715,스마트도시과,CTV001,창곡-01730,창곡리947-고정,"41590360","41590360","4159036022","947",자가망, ,"37.178145","126.891085","190327.918112782","508788.947357685","1",CTM002, 
3848,AE134,1719,스마트도시과,CTV001,창곡-01734,창곡리790-고정,"41590360","41590360","4159036022","790",자가망, ,"37.17887","126.889839","190217.365803307","508869.510919582","1",CTM002, 
3849,AE134,1722,스마트도시과,CTV001,창곡-01737,창곡리611답-고정,"41590360","41590360","4159036022","611답",자가망, ,"37.186192","126.89355","190547.815538592","509681.714927248","1",CTM002, 
3850,AE134,1723,스마트도시과,CTV001,창곡-01738,창곡리981-8-고정,"41590360","41590360","4159036022","981-8",KT, ,"37.179434","126.885726","189852.212286954","508932.538734922","1",CTM002, 
3851,AE134,1729,스마트도시과,CTV001,창곡-01744,창곡리1015-16도-고정,"41590360","41590360","4159036022","1015-16",자가망, ,"37.177188","126.890047","190235.654937934","508682.818223604","1",CTM002, 
3852,AE134,1737,스마트도시과,CTV001,창곡-01752,창곡리385-고정,"41590360","41590360","4159036022","385",자가망, ,"37.187237","126.884436","189738.741609022","509798.673396789","1",CTM002, 
3853,AE134,1738,스마트도시과,CTV001,창곡-01753,창곡리269전-고정,"41590360","41590360","4159036022","269전",자가망, ,"37.191587","126.885467","189830.815410063","510281.295306856","1",CTM002, 
3854,AE134,1771,스마트도시과,CTV001,창곡-01786,창곡리637-2-고정,"41590360","41590360","4159036022","637-2",자가망, ,"37.184033","126.885778","189857.489268564","509442.887526678","1",CTM002, 
3855,AE134,3850,스마트도시과,CTV001,창곡-3865,창곡리940-검지(20차),"41590360","41590360","4159036022","940",자가망, ,"37.178313","126.889791","190213.027872316","508807.707202128","1",CTM002, 
3856,AE134,3851,스마트도시과,CTV001,창곡-3866,창곡리632-검지(20차),"41590360","41590360","4159036022","632",자가망, ,"37.183303","126.88631","189904.649828521","509361.892170123","1",CTM002, 
3857,AE134,1681,스마트도시과,CTV001,기천-01694,기천3리버스정류장앞,"41590360","41590360","4159036023","47-3",자가망, ,"37.191758","126.909109","191930.001197468","510298.020567018","4",CTM002, 
3858,AE134,1687,스마트도시과,CTV001,기천-01700,기천1리버스정류장,"41590360","41590360","4159036023","681",자가망, ,"37.17751","126.909379","191952.462315794","508716.738278601","4",CTM002, 
3859,AE134,1696,스마트도시과,CTV001,기천-01709,현대석산입구,"41590360","41590360","4159036023","175-3",자가망, ,"37.191749","126.895835","190751.432429161","510298.234417113","4",CTM002, 
3861,AE134,1709,스마트도시과,CTV001,기천-01724,가재리757-6(기천리349-3),"41590360","41590360","4159036023","349-3",KT, ,"37.18212","126.901819","191281.66670957","509229.04045126","1",CTM002, 
3862,AE134,1710,스마트도시과,CTV001,기천-01725,기천리399,"41590360","41590360","4159036023","399",KT, ,"37.182376","126.902989","191385.555038799","509257.333599774","1",CTM002, 
3863,AE134,1720,스마트도시과,CTV001,기천-01735,기천리453-5-고정,"41590360","41590360","4159036023","452",자가망, ,"37.18424","126.907835","191816.074469463","509463.773073727","1",CTM002, 
3864,AE134,1740,스마트도시과,CTV001,기천-01755,기천리652-1-고정,"41590360","41590360","4159036023","652-1",자가망, ,"37.178713","126.91138","192130.284618041","508850.080483805","1",CTM002, 
3865,AE134,1742,스마트도시과,CTV001,기천-01757,기천리97-2-고정,"41590360","41590360","4159036023","97-2",자가망, ,"37.18882","126.90886","191907.579550911","509971.978882866","1",CTM002, 
3866,AE134,1751,스마트도시과,CTV001,기천-01766,기천리83-1-고정,"41590360","41590360","4159036023","83-1",자가망, ,"37.188655","126.906571","191704.318635996","509953.864850017","1",CTM002, 
3867,AE134,1752,스마트도시과,CTV001,기천-01767,기천리634-3-고정,"41590360","41590360","4159036023","634-3",자가망, ,"37.179135","126.913254","192296.744187514","508896.760577622","1",CTM002, 
3868,AE134,1753,스마트도시과,CTV001,기천-01768,기천리93,"41590360","41590360","4159036023","93",자가망, ,"37.188136","126.908625","191886.64046358","509896.087818956","1",CTM002, 
3869,AE134,1755,스마트도시과,CTV001,기천-01770,기천리177-22-고정,"41590360","41590360","4159036023","177-22",KT, ,"37.190586","126.898483","190986.396882159","510168.887020539","1",CTM002, 
3870,AE134,1756,스마트도시과,CTV001,기천-01771,기천리1099-87-고정,"41590360","41590360","4159036023","1099-87",자가망, ,"37.176613","126.906652","191710.194827311","508617.42325693","1",CTM002, 
3871,AE134,1765,스마트도시과,CTV001,기천-01780,기천리592-2-고정,"41590360","41590360","4159036023","592-2",자가망, ,"37.180356","126.915455","192492.319216355","509032.091878424","1",CTM002, 
3872,AE134,1766,스마트도시과,CTV001,기천-01781,기천리41-고정,"41590360","41590360","4159036023","41",자가망, ,"37.190478","126.910063","192014.569850864","510155.883750252","1",CTM002, 
3873,AE134,1769,스마트도시과,CTV001,기천-01784,기천리525-2-고정,"41590360","41590360","4159036023","525-2",자가망, ,"37.179543","126.908887","191908.987391671","508942.404583611","1",CTM002, 
3874,AE134,1775,스마트도시과,CTV001,기천-01790,기천리친환경농산물,"41590360","41590360","4159036023","833",KT, ,"37.174114","126.913119","192284.24526309","508339.536002639","1",CTM002, 
3875,AE134,3839,스마트도시과,CTV001,기천-3854,기천리770-검지(20차),"41590360","41590360","4159036023","770",자가망, ,"37.176736","126.907832","191814.99847682","508630.971405091","1",CTM002, 
3876,AE134,4061,스마트도시과,CTV001,기천-04077,기천리29[1]-검지(23차),"41590360","41590360","4159036023","47-14",KT, ,"37.19126","126.909416","191957.186673068","510242.738025823","2",CTM002, 
3878,AE134,4065,스마트도시과,CTV001,기천-04081,기천리112-검지(23차),"41590360","41590360","4159036023","112",KT, ,"37.188198","126.905869","191641.936770834","509903.208100042","2",CTM002, 
3879,AE134,1683,스마트도시과,CTV001,가재-01696,S-OIL주유소앞,"41590360","41590360","4159036024","662-17",자가망, ,"37.143199","126.917931","192708.595812455","504908.155250568","3",CTM002, 
4479,AE134,4140,스마트도시과,CTV001,새솔-04154,우리함바식당우측,"41590515","41590140","4159014000","63-8",송산그린자가망, ,"37.285449","126.814142","183518.467000088","520708.399112088","3",CTM002, 
4480,AE134,4141,스마트도시과,CTV001,새솔-04155,단독주택ED3_2-7옆,"41590515","41590140","4159014000","63-1",송산그린자가망, ,"37.285932","126.813305","183444.422000089","520762.109112075","3",CTM002, 
4481,AE134,4142,스마트도시과,CTV001,새솔-04156,단독주택ED3_2-1옆,"41590515","41590140","4159014000","50-8",송산그린자가망, ,"37.286644","126.814061","183511.564000101","520840.996112073","3",CTM002, 
4482,AE134,4143,스마트도시과,CTV001,새솔-04157,어린이공원6호,"41590515","41590140","4159014000", ,송산그린자가망, ,"37.286392","126.808136","182986.131000121","520814.085112068","3",CTM002, 
4483,AE134,4144,스마트도시과,CTV001,새솔-04158,어린이공원6호옆산책로,"41590515","41590140","4159014000", ,송산그린자가망, ,"37.286083","126.80835","183005.02886684","520779.796119358","3",CTM002, 
4484,AE134,4145,스마트도시과,CTV001,새솔-04159,단독주택ED1_15-7옆,"41590515","41590140","4159014000", ,송산그린자가망, ,"37.285937","126.806962","182881.882000121","520763.818112078","3",CTM002, 
4485,AE134,4146,스마트도시과,CTV001,새솔-04160,송린초등학교후문옆,"41590515","41590140","4159014000","25",송산그린자가망, ,"37.27765","126.825033","184482.728901831","519840.971525524","3",CTM002, 
4486,AE134,4147,스마트도시과,CTV001,새솔-04161,세영리첼뒤산책로,"41590515","41590140","4159014000","26-3",송산그린자가망, ,"37.276421","126.827674","184716.714000055","519704.177112218","3",CTM002, 
4487,AE134,4148,스마트도시과,CTV001,새솔-04162,단독주택ED1_3-3옆,"41590515","41590140","4159014000","85-12",송산그린자가망, ,"37.283975","126.81506","183599.583000103","520544.668112108","3",CTM002, 
4488,AE134,4149,스마트도시과,CTV001,새솔-04163,단독주택ED10_2-1옆,"41590515","41590140","4159014000", ,송산그린자가망, ,"37.275774","126.831273","185035.727000068","519631.759112228","3",CTM002, 
4489,AE134,4150,스마트도시과,CTV001,새솔-04164,단독주택ED10_1-10옆,"41590515","41590140","4159014000", ,송산그린자가망, ,"37.275614","126.832826","185173.436000055","519613.713112233","3",CTM002, 
4491,AE134,4152,스마트도시과,CTV001,새솔-04166,새솔유치원옆,"41590515","41590140","4159014000","156",송산그린자가망, ,"37.272613","126.828591","184797.247000096","519281.341112272","3",CTM002, 
4492,AE134,4153,스마트도시과,CTV001,새솔-04167,휴먼빌뒤산책로,"41590515","41590140","4159014000","25",송산그린자가망, ,"37.278538","126.825974","184566.333000098","519939.422112184","3",CTM002, 
4493,AE134,4154,스마트도시과,CTV001,새솔-04168,근린공원1호화장실옆,"41590515","41590140","4159014000", ,송산그린자가망, ,"37.274721","126.830498","184966.777000062","519515.038112244","3",CTM002, 
4494,AE134,4155,스마트도시과,CTV001,새솔-04169,촌댁본맥주옆,"41590515","41590140","4159014000","57-12",송산그린자가망, ,"37.286178","126.815045","183598.783000116","520789.123112078","3",CTM002, 
4495,AE134,4156,스마트도시과,CTV001,새솔-04170,단독주택ED4_11-11옆,"41590515","41590140","4159014000", ,송산그린자가망, ,"37.286856","126.812431","183367.113000093","520864.856112067","3",CTM002, 
4496,AE134,4157,스마트도시과,CTV001,새솔-04171,단독주택ED4_6-1옆,"41590515","41590140","4159014000", ,송산그린자가망, ,"37.287399","126.811353","183271.590000118","520925.267112058","3",CTM002, 
4497,AE134,4158,스마트도시과,CTV001,새솔-04172,단독주택ED4_9-14옆,"41590515","41590140","4159014000", ,송산그린자가망, ,"37.286836","126.809956","183147.595000097","520863.083112067","3",CTM002, 
4498,AE134,4159,스마트도시과,CTV001,새솔-04173,단독주택ED4_4-6옆,"41590515","41590140","4159014000", ,송산그린자가망, ,"37.287289","126.808141","182986.727000126","520913.682112062","3",CTM002, 
4499,AE134,4160,스마트도시과,CTV001,새솔-04174,단독주택ED4_13-1옆,"41590515","41590140","4159014000", ,송산그린자가망, ,"37.286835","126.806938","182879.967000098","520863.475112065","3",CTM002, 
4501,AE134,4162,스마트도시과,CTV001,새솔-04176,단독주택ED4_1-1옆,"41590515","41590140","4159014000", ,송산그린자가망, ,"37.287442","126.805631","182764.243000108","520931.058112059","3",CTM002, 
4502,AE134,4163,스마트도시과,CTV001,새솔-04177,메즈타워뒤삼거리,"41590515","41590140","4159014000","225",송산그린자가망, ,"37.284468","126.818067","183866.390000067","520598.836112104","3",CTM002, 
4503,AE134,4164,스마트도시과,CTV001,새솔-04178,봄프라자옆삼거리,"41590515","41590140","4159014000","78-1",송산그린자가망, ,"37.284976","126.81644","183722.163000137","520655.507112099","3",CTM002, 
4504,AE134,4165,스마트도시과,CTV001,새솔-04179,난향교동식당옆,"41590515","41590140","4159014000","51-17",송산그린자가망, ,"37.285938","126.816435","183721.936000115","520762.218112079","3",CTM002, 
4505,AE134,4166,스마트도시과,CTV001,새솔-04180,단독주택ED9_16-6옆,"41590515","41590140","4159014000", ,송산그린자가망, ,"37.271093","126.828533","184791.799000063","519112.688112288","3",CTM002, 
4506,AE134,4167,스마트도시과,CTV001,새솔-04181,단독주택ED9_14-8옆,"41590515","41590140","4159014000", ,송산그린자가망, ,"37.271221","126.8273","184682.470000054","519127.091112294","3",CTM002, 
4507,AE134,4168,스마트도시과,CTV001,새솔-04182,단독주택ED9_9-9옆,"41590515","41590140","4159014000", ,송산그린자가망, ,"37.271849","126.826263","184590.559000125","519196.913112275","3",CTM002, 
4509,AE134,4170,스마트도시과,CTV001,새솔-04184,봉선체공그늘쉼터옆,"41590515","41590140","4159014000", ,송산그린자가망, ,"37.275026","126.823069","184307.964000134","519550.127112231","3",CTM002, 
4510,AE134,4171,스마트도시과,CTV001,새솔-04185,송린중뒤소로,"41590515","41590140","4159014000", ,송산그린자가망, ,"37.27633","126.821899","184204.442000093","519695.017112222","3",CTM002, 
4511,AE134,4172,스마트도시과,CTV001,새솔-04186,송린중뒤산책로화장실옆,"41590515","41590140","4159014000", ,송산그린자가망, ,"37.275581","126.821462","184165.582000077","519611.972112224","3",CTM002, 
4512,AE134,4173,스마트도시과,CTV001,새솔-04187,단독주택ED7_15-1옆,"41590515","41590140","4159014000", ,송산그린자가망, ,"37.276381","126.820363","184068.277000053","519700.882112212","3",CTM002, 
4513,AE134,4174,스마트도시과,CTV001,새솔-04188,단독주택ED7_13-1옆,"41590515","41590140","4159014000", ,송산그린자가망, ,"37.277436","126.818276","183883.386000137","519818.378112198","3",CTM002, 
4514,AE134,4175,스마트도시과,CTV001,새솔-04189,단독주택ED7_12-6옆산책로,"41590515","41590140","4159014000", ,송산그린자가망, ,"37.277261","126.818085","183866.427000091","519798.947112202","3",CTM002, 
4515,AE134,4176,스마트도시과,CTV001,새솔-04190,단독주택ED7_11-1옆,"41590515","41590140","4159014000", ,송산그린자가망, ,"37.278235","126.816584","183733.533000093","519907.341112188","3",CTM002, 
4516,AE134,4177,스마트도시과,CTV001,새솔-04191,친환경시범마을EE5옆산책로,"41590515","41590140","4159014000", ,송산그린자가망, ,"37.27859","126.814365","183536.808000077","519947.124112189","3",CTM002, 
4517,AE134,4178,스마트도시과,CTV001,새솔-04192,단독주택ED2_16-8옆,"41590515","41590140","4159014000","70-5",송산그린자가망, ,"37.281748","126.811914","183320.099000089","520297.960112139","3",CTM002, 
4518,AE134,4179,스마트도시과,CTV001,새솔-04193,단독주택ED2_14-1옆,"41590515","41590140","4159014000","69-1",송산그린자가망, ,"37.282499","126.811103","183248.38500014","520381.556112125","3",CTM002, 
4519,AE134,4180,스마트도시과,CTV001,새솔-04194,빛노을교회뒤중로,"41590515","41590140","4159014000","67-1",송산그린자가망, ,"37.283961","126.81271","183391.17700007","520543.528112111","3",CTM002, 
3106,AE134,671,스마트도시과,CTV001,양노-00680,비봉중고쪽문,"41590320","41590320","4159032021",산1-1,자가망, ,"37.237831","126.873762","188798.454155485","515414.866044427","3",CTM002, 
3107,AE134,674,스마트도시과,CTV001,양노-00683,비봉할인마트앞삼거리,"41590320","41590320","4159032021","254-9",자가망, ,"37.236762","126.873594","188783.344106265","515296.223858027","1",CTM002, 
3108,AE134,676,스마트도시과,CTV001,양노-00685,삼화리버스정류장,"41590320","41590320","4159032021","292-4",자가망, ,"37.236168","126.863671","187902.767518898","515231.599717791","1",CTM002, 
3109,AE134,677,스마트도시과,CTV001,양노-00686,양노2리마을입구,"41590320","41590320","4159032021","820-3",자가망, ,"37.230838","126.874003","188818.806248679","514638.695258932","4",CTM002, 
3110,AE134,678,스마트도시과,CTV001,양노-00687,양노3리마을입구,"41590320","41590320","4159032021","694-5",KT, ,"37.224329","126.859064","187491.997848754","513918.237340495","4",CTM002, 
3111,AE134,682,스마트도시과,CTV001,양노-00691,마중물어린이집정문입구,"41590320","41590320","4159032021","307-12",자가망, ,"37.235734","126.866316","188137.360912425","515183.010095523","1",CTM002, 
3114,AE134,703,스마트도시과,CTV001,양노-00712,양노리781-12,"41590320","41590320","4159032021","781-12",KT, ,"37.214866","126.872619","188693.585839544","512866.312207577","1",CTM002, 
3115,AE134,704,스마트도시과,CTV001,양노-00713,양노리291-18-고정,"41590320","41590320","4159032021","291-18",자가망, ,"37.237267","126.874729","188884.176813275","515352.124842808","1",CTM002, 
3116,AE134,705,스마트도시과,CTV001,양노-00714,양노리633-6-고정,"41590320","41590320","4159032021","633-6",자가망, ,"37.226289","126.857586","187361.10866469","514135.936068147","1",CTM002, 
3117,AE134,706,스마트도시과,CTV001,양노-00715,양노리64-3-고정,"41590320","41590320","4159032021","64-3",자가망, ,"37.229492","126.874951","188902.691968683","514489.201991931","1",CTM002, 
3118,AE134,711,스마트도시과,CTV001,양노-00720,양노리산71-1-고정,"41590320","41590320","4159032021",산71-1,자가망, ,"37.227975","126.870341","188493.37173806","514321.447910524","1",CTM002, 
3119,AE134,716,스마트도시과,CTV001,양노-00725,양노리615-고정,"41590320","41590320","4159032021","615",KT, ,"37.228826","126.858321","187426.791971859","514417.409518819","1",CTM002, 
3120,AE134,718,스마트도시과,CTV001,양노-00727,양노리256-6-고정,"41590320","41590320","4159032021","256-6",자가망, ,"37.237181","126.874695","188881.129480855","515342.595490351","1",CTM002, 
3121,AE134,2229,스마트도시과,CTV001,양노-02248,비봉초등학교,"41590320","41590320","4159032021","823",자가망, ,"37.236332","126.868109","188296.601795919","515249.209729217","3",CTM002, 
3122,AE134,2269,스마트도시과,CTV001,양노-02288,꽃내음어린이집,"41590320","41590320","4159032021","309-3",KT, ,"37.235362","126.867453","188238.258350637","515141.627206166","3",CTM002, 
3123,AE134,3102,스마트도시과,CTV001,양노-03137,불이고개양노성일유화,"41590320","41590320","4159032021",산173-7,자가망, ,"37.213038","126.87181","188621.479317271","512663.540660939","1",CTM002, 
3124,AE134,3106,스마트도시과,CTV001,양노-03141,염티고개SK강남주유소,"41590320","41590320","4159032021","848",KT, ,"37.223083","126.85135","186807.166686268","513781.037439552","1",CTM002, 
3125,AE134,3653,스마트도시과,CTV001,양노-3667,양노리160-2-검지(20차),"41590320","41590320","4159032021","160-2",KT, ,"37.229378","126.874553","188867.390807597","514476.607805231","4",CTM002, 
3126,AE134,3654,스마트도시과,CTV001,양노-3668,양노리356-1-검지(20차),"41590320","41590320","4159032021","356-1",자가망, ,"37.228257","126.869501","188418.913213041","514352.858261556","1",CTM002, 
3127,AE134,3655,스마트도시과,CTV001,양노-3669,양노리296-5-검지(20차),"41590320","41590320","4159032021","296-5",자가망, ,"37.236267","126.864104","187941.161361082","515242.454095736","1",CTM002, 
3128,AE134,3954,스마트도시과,CTV001,양노-03970,BIT-양노3리,"41590320","41590320","4159032021","630-8",KT, ,"37.226701","126.858091","187406.030048432","514181.59331987","1",CTM002, 
3129,AE134,4015,스마트도시과,CTV001,양노-04031,양노리산44-8-검지(23차),"41590320","41590320","4159032021",산44-8,KT, ,"37.22329","126.876124","189005.941058555","513800.754995607","2",CTM002, 
3131,AE134,4116,스마트도시과,CTV001,양노-04130,양노리산152-4(24차),"41590320","41590320","4159032021",산152-4,kt, ,"37.217852","126.858406","187432.552709307","513199.494748184","4",CTM002, 
3132,AE134,707,스마트도시과,CTV001,남전-00716,남전리50-1-고정,"41590320","41590320","4159032022","50-1",KT, ,"37.235025","126.851109","186787.834684722","515106.370525007","1",CTM002, 
3133,AE134,717,스마트도시과,CTV001,남전-00726,남전리658-고정,"41590320","41590320","4159032022","658",자가망, ,"37.238825","126.833389","185216.186336354","515530.684767679","1",CTM002, 
3134,AE134,723,스마트도시과,CTV001,남전-00732,남전리398-1-고정,"41590320","41590320","4159032022","398-1",자가망, ,"37.24476","126.83199","185093.250411223","516189.677296374","1",CTM002, 
3135,AE134,724,스마트도시과,CTV001,남전-00733,남전리133-1-고정,"41590320","41590320","4159032022","133-1",자가망, ,"37.235025","126.851109","186787.834684722","515106.370525007","1",CTM002, 
3136,AE134,680,스마트도시과,CTV001,유포-00689,유포1리버스정류장,"41590320","41590320","4159032023","344-1",자가망, ,"37.246282","126.839742","185781.315253323","516357.320103255","4",CTM002, 
3137,AE134,690,스마트도시과,CTV001,유포-00699,유포리567-1,"41590320","41590320","4159032023","567-1",KT, ,"37.248485","126.84172","185957.250937835","516601.543431586","6",CTM002, 
3138,AE134,694,스마트도시과,CTV001,유포-00703,유포리578-4,"41590320","41590320","4159032023","578-4",KT, ,"37.247861","126.841233","185913.892037666","516532.36282125","5",CTM002, 
3139,AE134,712,스마트도시과,CTV001,유포-00721,유포리264-1-고정,"41590320","41590320","4159032023","264-1",자가망, ,"37.24908","126.841538","185941.187517753","516667.560641147","1",CTM002, 
3140,AE134,713,스마트도시과,CTV001,유포-00722,유포리618-1-고정,"41590320","41590320","4159032023","618-1",자가망, ,"37.259701","126.843846","186147.872748019","517845.976918552","1",CTM002, 
3141,AE134,714,스마트도시과,CTV001,유포-00723,유포리74-고정,"41590320","41590320","4159032023","80-11",자가망, ,"37.260853","126.842798","186055.127962762","517974.027210116","1",CTM002, 
3142,AE134,719,스마트도시과,CTV001,유포-00728,유포리587-고정,"41590320","41590320","4159032023","587",자가망, ,"37.246706","126.840171","185819.452860551","516404.347806884","1",CTM002, 
3143,AE134,345,스마트도시과,CTV001,삼화-00346,삼화리664,"41590320","41590320","4159032024","664",자가망, ,"37.243764","126.857516","187357.823550608","516075.358384701","1",CTM002, 
3144,AE134,346,스마트도시과,CTV001,삼화-00347,삼화리689-4,"41590320","41590320","4159032024","689-4",자가망, ,"37.243933","126.853458","186997.870360849","516094.741587424","1",CTM002, 
3145,AE134,395,스마트도시과,CTV001,삼화-00396,삼화리1046-3-고정,"41590320","41590320","4159032024","1046-3",자가망, ,"37.251082","126.856506","187269.484970778","516887.662719771","1",CTM002, 
3146,AE134,396,스마트도시과,CTV001,삼화-00397,삼화리1086-고정,"41590320","41590320","4159032024","1086",자가망, ,"37.253661","126.85293","186952.664567558","517174.417876413","1",CTM002, 
3147,AE134,402,스마트도시과,CTV001,삼화-00403,삼화리233-1-고정,"41590320","41590320","4159032024","233-1",KT, ,"37.252582","126.865614","188077.784466702","517052.928082425","1",CTM002, 
3880,AE134,1684,스마트도시과,CTV001,가재-01697,가재2리마을입구,"41590360","41590360","4159036024","72-1",자가망, ,"37.151781","126.933287","194073.597023931","505859.508602909","4",CTM002, 
3881,AE134,1685,스마트도시과,CTV001,가재-01698,가재리진우A입구,"41590360","41590360","4159036024","687-1",자가망, ,"37.161092","126.93011","193792.086885877","506893.052177937","1",CTM002, 
3882,AE134,1697,스마트도시과,CTV001,가재-01710,세진유치원앞,"41590360","41590360","4159036024","276-1",자가망, ,"37.158708","126.928682","193665.083479673","506628.613053977","3",CTM002, 
3884,AE134,1762,스마트도시과,CTV001,가재-01777,가재리190-1-고정,"41590360","41590360","4159036024","190-1",KT, ,"37.148538","126.924182","193264.489532686","505500.250847103","1",CTM002, 
3885,AE134,1763,스마트도시과,CTV001,가재-01778,가재리318-1-고정,"41590360","41590360","4159036024","318-1",KT, ,"37.154559","126.925326","193366.640249175","506168.423857953","1",CTM002, 
3886,AE134,1764,스마트도시과,CTV001,가재-01779,가재리301-8-고정,"41590360","41590360","4159036024","301-8",자가망, ,"37.156125","126.926742","193492.565638963","506342.092514347","1",CTM002, 
3887,AE134,1767,스마트도시과,CTV001,가재-01782,가재리570-2-고정,"41590360","41590360","4159036024","570-2",KT, ,"37.144341","126.914827","192432.927373681","505035.137866184","1",CTM002, 
3888,AE134,1768,스마트도시과,CTV001,가재-01783,가재리275-5-고정,"41590360","41590360","4159036024","275-5",자가망, ,"37.158329","126.927641","193572.574300884","506586.643624121","1",CTM002, 
3889,AE134,1772,스마트도시과,CTV001,가재-01787,자연샘가든앞,"41590360","41590360","4159036024","516-9",KT, ,"37.146548","126.920083","192900.102230792","505279.698675143","1",CTM002, 
3890,AE134,1777,스마트도시과,CTV001,가재-01792,창성이엔지,"41590360","41590360","4159036024","106-1",KT, ,"37.149855","126.929599","193745.763725228","505646.085743773","1",CTM002, 
3891,AE134,1778,스마트도시과,CTV001,가재-01793,황소야앞,"41590360","41590360","4159036024","427-7",자가망, ,"37.151709","126.923722","193223.915784585","505852.236006356","1",CTM002, 
3892,AE134,3833,스마트도시과,CTV001,가재-3847,가재리91-2-검지(20차),"41590360","41590360","4159036024","91-2",자가망, ,"37.158348","126.923585","193212.326451454","506588.962625469","1",CTM002, 
3893,AE134,3834,스마트도시과,CTV001,가재-3848,가재리323-12-검지(20차),"41590360","41590360","4159036024","323-12",자가망, ,"37.154747","126.926442","193465.72715392","506189.148654131","1",CTM002, 
3894,AE134,3835,스마트도시과,CTV001,가재-3849,가재리산80-3-검지(20차),"41590360","41590360","4159036024",산80-3,자가망, ,"37.157199","126.925755","193404.957647421","506461.298379025","1",CTM002, 
3895,AE134,3878,스마트도시과,CTV001,장짐-3893,장짐리36-1-검지(20차),"41590259","41590259","4159025941","35",자가망, ,"37.143015","126.910965","192089.721398631","504888.270620097","1",CTM002, 
3896,AE134,4081,스마트도시과,CTV001,가재-04097,가재리658-2(23차),"41590360","41590360","4159036024","658-2",KT, ,"37.146642","126.918907","192795.670202203","505290.263841579","4",CTM002, 
3897,AE134,1680,스마트도시과,CTV001,구장-01693,구장2리복지회관입구,"41590360","41590360","4159036025","565-6",자가망, ,"37.162376","126.904215","191492.180173864","507037.626739721","4",CTM002, 
3898,AE134,1686,스마트도시과,CTV001,구장-01699,구장2리버스정류장,"41590360","41590360","4159036025","825-3",자가망, ,"37.160731","126.908147","191841.233957138","506854.684734977","1",CTM002, 
3900,AE134,1698,스마트도시과,CTV001,구장-01711,구장사거리,"41590360","41590360","4159036025",산139-12,자가망, ,"37.169011","126.894309","190613.120413222","507774.907776837","1",CTM002, 
3901,AE134,1703,스마트도시과,CTV001,구장-01717,팔탄면사무소앞삼거리,"41590360","41590360","4159036025","530-22",자가망, ,"37.161032","126.903542","191432.251211171","506888.507037725","1",CTM002, 
3902,AE134,1704,스마트도시과,CTV001,구장-01718,팔탄초교앞삼거리,"41590360","41590360","4159036025","478-3",자가망, ,"37.159555","126.903373","191417.073031401","506724.60383452","4",CTM002, 
3903,AE134,1705,스마트도시과,CTV001,구장-01719,팔탄검문소삼거리,"41590360","41590360","4159036025","355-2",자가망, ,"37.154535","126.899186","191044.586822765","506167.823705729","4",CTM002, 
3904,AE134,1757,스마트도시과,CTV001,구장-01772,구장리754-검지,"41590360","41590360","4159036025","754",자가망, ,"37.163929","126.907368","191772.386700148","507209.679487321","2",CTM002, 
3905,AE134,1758,스마트도시과,CTV001,구장-01773,구장리749-3-고정,"41590360","41590360","4159036025","749-3",자가망, ,"37.163115","126.907805","191811.158625417","507119.293306191","1",CTM002, 
3906,AE134,1759,스마트도시과,CTV001,구장-01774,구장리634-고정,"41590360","41590360","4159036025","634",자가망, ,"37.16493","126.900674","191177.913666678","507321.417332166","1",CTM002, 
3907,AE134,1760,스마트도시과,CTV001,구장-01775,구장리620-고정,"41590360","41590360","4159036025","620",자가망, ,"37.165454","126.902142","191308.395520246","507379.346901088","1",CTM002, 
3908,AE134,1770,스마트도시과,CTV001,구장-01785,구장리548-1-고정,"41590360","41590360","4159036025","548-1",자가망, ,"37.161942","126.902667","191354.589701765","506989.534537194","1",CTM002, 
3909,AE134,3838,스마트도시과,CTV001,구장-3852,구장리506-1-검지(20차),"41590360","41590360","4159036025","506-1",자가망, ,"37.158572","126.901479","191248.697807269","506615.671823171","1",CTM002, 
3910,AE134,3938,스마트도시과,CTV001,구장-03954,BIT-팔탄초등학교,"41590360","41590360","4159036025","522-1",KT, ,"37.15972","126.903186","191400.472517111","506742.954788962","1",CTM002, 
3911,AE134,4066,스마트도시과,CTV001,구장-04082,구장리780-검지(23차),"41590360","41590360","4159036025","780",KT, ,"37.16304","126.905531","191609.149597675","507111.166304785","2",CTM002, 
3912,AE134,1702,스마트도시과,CTV001,율암-01715,율암3리버스정류장,"41590360","41590360","4159036026",산51-1,자가망, ,"37.167039","126.881311","189458.466441394","507557.436927199","1",CTM002, 
3913,AE134,1726,스마트도시과,CTV001,율암-01741,율암리398-43-고정,"41590360","41590360","4159036026","398-43",KT, ,"37.16947","126.876385","189021.30289563","507827.764800126","1",CTM002, 
3914,AE134,1727,스마트도시과,CTV001,율암-01742,율암리164-1-고정,"41590360","41590360","4159036026","164-1",자가망, ,"37.169438","126.882185","189536.365141095","507823.533355705","1",CTM002, 
3915,AE134,1735,스마트도시과,CTV001,율암-01750,율암리900-6-고정,"41590360","41590360","4159036026","900-6",KT, ,"37.175038","126.865337","188040.923827052","508447.01747157","1",CTM002, 
3916,AE134,1736,스마트도시과,CTV001,율암-01751,율암리417-2-고정,"41590360","41590360","4159036026","417-2",자가망, ,"37.164114","126.872972","188717.370154065","507233.748657183","1",CTM002, 
3918,AE134,3494,스마트도시과,CTV001,율암-03538,율암리900-5(대성교),"41590360","41590360","4159036026","900-5",KT, ,"37.173078","126.864344","187952.41723667","508229.62599203","4",CTM002, 
3919,AE134,3495,스마트도시과,CTV001,율암-03539,율암리52-9(팔탄2산단),"41590360","41590360","4159036026","52-9",KT, ,"37.174473","126.875009","188899.811866655","508383.159318356","3",CTM002, 
3920,AE134,3849,스마트도시과,CTV001,율암-3864,율암리145-검지(20차),"41590360","41590360","4159036026","145",자가망, ,"37.169792","126.881885","189509.809039066","507862.881430041","1",CTM002, 
3921,AE134,4067,스마트도시과,CTV001,율암-04083,율암리산56-12-검지(23차),"41590360","41590360","4159036026",산56-12,KT, ,"37.17176","126.871547","188591.947350129","508082.471080845","2",CTM002, 
4520,AE134,4181,스마트도시과,CTV001,새솔-04195,연립주택EB1옆삼거리,"41590515","41590140","4159014000", ,송산그린자가망, ,"37.272728","126.836185","185470.816000042","519292.912112264","3",CTM002, 
4521,AE134,4183,스마트도시과,CTV001,새솔-04197,단독주택ED9_2-1옆,"41590515","41590140","4159014000", ,송산그린자가망, ,"37.274207","126.826711","184630.827000093","519458.600112247","3",CTM002, 
4522,AE134,4184,스마트도시과,CTV001,새솔-04198,단독주택ED8_3-1옆,"41590515","41590140","4159014000", ,송산그린자가망, ,"37.274434","126.826235","184588.672000107","519483.89511225","3",CTM002, 
4523,AE134,4186,스마트도시과,CTV001,새솔-04200,연립주택EB3옆,"41590515","41590140","4159014000", ,송산그린자가망, ,"37.272368","126.834017","185278.450000044","519253.375112275","3",CTM002, 
4524,AE134,4187,스마트도시과,CTV001,새솔-04201,송산1고정문맞은편소로,"41590515","41590140","4159014000", ,송산그린자가망, ,"37.273665","126.827809","184728.064000064","519398.285112255","3",CTM002, 
4525,AE134,4188,스마트도시과,CTV001,새솔-04202,어린이공원2호옆소로,"41590515","41590140","4159014000", ,송산그린자가망, ,"37.273169","126.827718","184719.946000063","519343.191112263","3",CTM002, 
4526,AE134,4189,스마트도시과,CTV001,새솔-04203,어린이공원2호,"41590515","41590140","4159014000", ,송산그린자가망, ,"37.272713","126.827559","184705.764000073","519292.63311227","3",CTM002, 
4527,AE134,4190,스마트도시과,CTV001,새솔-04204,단독주택ED9_2-5옆사거리,"41590515","41590140","4159014000", ,송산그린자가망, ,"37.273095","126.825708","184541.637000108","519335.329112265","3",CTM002, 
4528,AE134,4191,스마트도시과,CTV001,새솔-04205,단독주택ED8_7-5옆,"41590515","41590140","4159014000", ,송산그린자가망, ,"37.274825","126.824451","184430.461000053","519527.534112239","3",CTM002, 
4529,AE134,4192,스마트도시과,CTV001,새솔-04206,봉선체공체력단련시설옆,"41590515","41590140","4159014000", ,송산그린자가망, ,"37.275467","126.823665","184360.902000083","519598.883112226","3",CTM002, 
4530,AE134,4193,스마트도시과,CTV001,새솔-04207,봉선체공주차장옆,"41590515","41590140","4159014000", ,송산그린자가망, ,"37.275879","126.824207","184409.096000114","519644.538112228","3",CTM002, 
4531,AE134,4194,스마트도시과,CTV001,새솔-04208,송린중앞편의점(7)옆,"41590515","41590140","4159014000", ,송산그린자가망, ,"37.27703","126.821018","184126.466000128","519772.841112203","3",CTM002, 
4533,AE134,4196,스마트도시과,CTV001,새솔-04210,단독주택ED7_3-5옆,"41590515","41590140","4159014000", ,송산그린자가망, ,"37.278171","126.818692","183920.42900009","519899.860112189","3",CTM002, 
4534,AE134,4197,스마트도시과,CTV001,새솔-04211,단독주택ED5_10-1옆,"41590515","41590140","4159014000", ,송산그린자가망, ,"37.278886","126.818069","183865.357000077","519979.316112184","3",CTM002, 
4535,AE134,4198,스마트도시과,CTV001,새솔-04212,어린이공원5호옆,"41590515","41590140","4159014000","74-7",송산그린자가망, ,"37.282351","126.813211","183435.255000133","520364.73711213","3",CTM002, 
4536,AE134,4199,스마트도시과,CTV001,새솔-04213,단독주택ED2_5-3옆,"41590515","41590140","4159014000","73-5",송산그린자가망, ,"37.282691","126.812787","183397.713000105","520402.523112132","3",CTM002, 
4537,AE134,4200,스마트도시과,CTV001,새솔-04214,서연프라자뒤중로,"41590515","41590140","4159014000", ,송산그린자가망, ,"37.283374","126.813004","183417.097000145","520478.293112115","3",CTM002, 
4538,AE134,4201,스마트도시과,CTV001,새솔-04215,서연프라자옆사거리,"41590515","41590140","4159014000", ,송산그린자가망, ,"37.283243","126.814164","183519.935000102","520463.560112115","3",CTM002, 
4539,AE134,4202,스마트도시과,CTV001,새솔-04216,중앙공원어린이놀이터옆,"41590515","41590140","4159014000", ,송산그린자가망, ,"37.283316","126.81606","183688.129000131","520471.29811212","5",CTM002, 
4540,AE134,4203,스마트도시과,CTV001,새솔-04217,근린공원1호옆대로,"41590515","41590140","4159014000", ,송산그린자가망, ,"37.27445","126.831043","185015.116000081","519484.840112248","3",CTM002, 
4541,AE134,4204,스마트도시과,CTV001,새솔-04218,단독주택ED10_6-1옆,"41590515","41590140","4159014000", ,송산그린자가망, ,"37.274792","126.831274","185035.662000124","519522.739112232","3",CTM002, 
4542,AE134,4205,스마트도시과,CTV001,새솔-04219,어린이공원1호옆사거리,"41590515","41590140","4159014000", ,송산그린자가망, ,"37.274055","126.834334","185306.887000096","519440.460112245","3",CTM002, 
4543,AE134,4206,스마트도시과,CTV001,새솔-04220,연립주택EB5옆삼거리,"41590515","41590140","4159014000", ,송산그린자가망, ,"37.274273","126.832591","185152.360000084","519464.971112249","3",CTM002, 
4544,AE134,4207,스마트도시과,CTV001,새솔-04221,새솔교회뒤,"41590515","41590140","4159014000", ,송산그린자가망, ,"37.277591","126.821519","184170.999000098","519834.967112197","3",CTM002, 
4546,AE134,4209,스마트도시과,CTV001,새솔-04223,송산그린시티교회뒤,"41590515","41590140","4159014000", ,송산그린자가망, ,"37.278969","126.819405","183983.818000127","519988.26011218","3",CTM002, 
4547,AE134,4210,스마트도시과,CTV001,새솔-04224,새솔동복지센터옆,"41590515","41590140","4159014000", ,송산그린자가망, ,"37.280805","126.817999","183859.56900007","520192.326112157","3",CTM002, 
4548,AE134,4211,스마트도시과,CTV001,새솔-04225,단독주택ED5_1-9옆,"41590515","41590140","4159014000", ,송산그린자가망, ,"37.279231","126.816848","183757.153000096","520017.856112174","3",CTM002, 
4549,AE134,4212,스마트도시과,CTV001,새솔-04226,아리교옆사거리,"41590515","41590140","4159014000", ,송산그린자가망, ,"37.282212","126.814206","183523.505000055","520349.121112129","3",CTM002, 
4551,AE134,4214,스마트도시과,CTV001,새솔-04228,중앙공원관리사무소옆,"41590515","41590140","4159014000", ,송산그린자가망, ,"37.282231","126.81603","183685.214000081","520350.904112134","3",CTM002, 
4552,AE134,4283,스마트도시과,CTV001,새솔-04298,수노을공원멀티코트옆,"41590515","41590140","4159014000", ,송산그린자가망, ,"37.283856","126.816926","183765.078000077","520531.102112107","3",CTM002, 
4553,AE134,4284,스마트도시과,CTV001,새솔-04299,수노을공원잔디광장옆,"41590515","41590140","4159014000", ,송산그린자가망, ,"37.282986","126.81661","183736.857000103","520434.54511212","3",CTM002, 
4554,AE134,4285,스마트도시과,CTV001,새솔-04300,수노을공원연결다리밑,"41590515","41590140","4159014000","97",송산그린자가망, ,"37.281582","126.81688","183760.436000109","520278.734112146","3",CTM002, 
4555,AE134,4286,스마트도시과,CTV001,새솔-04301,새솔동행정복지센터옆놀이터,"41590515","41590140","4159014000", ,송산그린자가망, ,"37.281318","126.818059","183864.981000084","520249.24511215","3",CTM002, 
4556,AE134,4287,스마트도시과,CTV001,새솔-04302,수노을공원종형계류옆,"41590515","41590140","4159014000", ,송산그린자가망, ,"37.281154","126.817296","183797.317000078","520231.206112149","3",CTM002, 
4557,AE134,4288,스마트도시과,CTV001,새솔-04303,수노을공원농구장옆,"41590515","41590140","4159014000","97",송산그린자가망, ,"37.280698","126.816905","183762.525000115","520180.645112156","3",CTM002, 
4558,AE134,4289,스마트도시과,CTV001,새솔-04304,해오름공원내,"41590515","41590140","4159014000", ,송산그린자가망, ,"37.285466","126.820577","184089.112000122","520709.176112085","3",CTM002, 
4559,AE134,4290,스마트도시과,CTV001,새솔-04305,션샤인유치원옆,"41590515","41590140","4159014000", ,송산그린자가망, ,"37.277948","126.820196","184053.750000105","519874.809112194","3",CTM002, 
4560,AE134,4291,스마트도시과,CTV001,새솔-04306,봉선체공화장실옆,"41590515","41590140","4159014000", ,송산그린자가망, ,"37.275426","126.822387","184247.527000058","519594.562112225","3",CTM002, 
3149,AE134,406,스마트도시과,CTV001,삼화-00407,삼화리87-3-고정,"41590320","41590320","4159032024","87-3",KT, ,"37.257699","126.863376","187880.030283047","517621.154287257","1",CTM002, 
3150,AE134,675,스마트도시과,CTV001,남전-00684,남전리미곡종합처리장앞,"41590320","41590320","4159032022","1818",자가망, ,"37.239771","126.849446","186641.164559899","515633.291990313","4",CTM002, 
3151,AE134,683,스마트도시과,CTV001,삼화-00692,비봉농산물직판장앞사거리,"41590320","41590320","4159032024","1364-1",자가망, ,"37.256082","126.849758","186671.704268209","517443.570717392","1",CTM002, 
3153,AE134,3646,스마트도시과,CTV001,삼화-3660,삼화리617-2-검지(20차),"41590320","41590320","4159032024","617-2",자가망, ,"37.239155","126.859467","187530.214607399","515563.582318159","2",CTM002, 
3154,AE134,3647,스마트도시과,CTV001,삼화-3661,삼화리4-검지(20차),"41590320","41590320","4159032024","4",KT, ,"37.258898","126.850602","186747.026469149","517755.968100959","2",CTM002, 
3155,AE134,4016,스마트도시과,CTV001,삼화-04032,삼화리543-21-검지(23차),"41590320","41590320","4159032024","543-21",KT, ,"37.237218","126.864809","188003.932762605","515347.91959529","2",CTM002, 
3156,AE134,400,스마트도시과,CTV001,삼화-00401,삼화리194-고정,"41590320","41590320","4159032024","194",KT, ,"37.254362","126.867969","188286.948300582","517250.238406526","1",CTM002, 
3157,AE134,669,스마트도시과,CTV001,구포-00678,구포3리입구,"41590320","41590320","4159032025","144-2",자가망, ,"37.248151","126.889072","190158.291698841","516558.512658948","4",CTM002, 
3158,AE134,672,스마트도시과,CTV001,구포-00681,구포리레옹모텔앞,"41590320","41590320","4159032025","562-14",자가망, ,"37.250412","126.872261","188667.175458234","516811.335123124","3",CTM002, 
3159,AE134,673,스마트도시과,CTV001,구포-00682,비봉어린이집,"41590320","41590320","4159032025","1024",자가망, ,"37.249451","126.886341","189916.201679733","516703.07712712","3",CTM002, 
3160,AE134,681,스마트도시과,CTV001,구포-00690,구포리비봉열린교회앞삼거리,"41590320","41590320","4159032025","770-1",자가망, ,"37.247994","126.875391","188944.450441858","516542.565244213","3",CTM002, 
3161,AE134,685,스마트도시과,CTV001,구포-00694,구포2리마을회관삼거리,"41590320","41590320","4159032025","749-1",자가망, ,"37.247426","126.877452","189127.224519682","516479.310747486","1",CTM002, 
3162,AE134,720,스마트도시과,CTV001,구포-00729,구포리745-1-고정,"41590320","41590320","4159032025","745-1",자가망, ,"37.246952","126.876647","189055.752120674","516426.797854294","1",CTM002, 
3163,AE134,721,스마트도시과,CTV001,구포-00730,구포리46-2-고정,"41590320","41590320","4159032025","46-2",자가망, ,"37.245844","126.888574","190113.824719386","516302.539383887","1",CTM002, 
3164,AE134,722,스마트도시과,CTV001,구포-00731,구포리171-3-고정,"41590320","41590320","4159032025","171-3",자가망, ,"37.248388","126.887453","190014.656054674","516584.985060954","1",CTM002, 
3165,AE134,725,스마트도시과,CTV001,구포-00734,구포리816-1-고정,"41590320","41590320","4159032025","816-1",자가망, ,"37.249092","126.873037","188735.753874189","516664.712527414","1",CTM002, 
3166,AE134,726,스마트도시과,CTV001,구포-00735,구포리793-1-고정,"41590320","41590320","4159032025","793-1",KT, ,"37.250477","126.874921","188903.088729675","516818.211746615","1",CTM002, 
3167,AE134,3643,스마트도시과,CTV001,구포-3657,구포리974-1-검지(20차),"41590320","41590320","4159032025","974-1",자가망, ,"37.238074","126.877158","189099.766769631","515441.438435812","4",CTM002, 
3168,AE134,679,스마트도시과,CTV001,구포-00688,쌍학사거리-검지,"41590320","41590320","4159032025","17-10",자가망, ,"37.247833","126.891557","190378.724537212","516523.009200021","4",CTM002, 
3170,AE134,688,스마트도시과,CTV001,쌍학-00697,쌍학리566-6,"41590320","41590320","4159032026","566-6",KT, ,"37.242275","126.897928","190943.298319696","515905.507843222","1",CTM002, 
3171,AE134,689,스마트도시과,CTV001,쌍학-00698,쌍학리(한국타이어)정류장앞,"41590320","41590320","4159032026","267-2",자가망, ,"37.247309","126.892667","190477.139954869","516464.697820004","3",CTM002, 
3172,AE134,695,스마트도시과,CTV001,쌍학-00704,쌍학리산55-2,"41590320","41590320","4159032026",산55-2,자가망, ,"37.238171","126.901011","191216.389797612","515449.724230583","1",CTM002, 
3173,AE134,696,스마트도시과,CTV001,쌍학-00705,쌍학리216-5,"41590320","41590320","4159032026","212-3",자가망, ,"37.24495","126.894983","190682.360640753","516202.660045932","1",CTM002, 
3174,AE134,697,스마트도시과,CTV001,쌍학-00706,쌍학리648-7,"41590320","41590320","4159032026","648-7",자가망, ,"37.236028","126.901037","191218.45721691","515211.94258321","1",CTM002, 
3175,AE134,708,스마트도시과,CTV001,쌍학-00717,쌍학리161-2-고정,"41590320","41590320","4159032026","161-2",자가망, ,"37.241275","126.899828","191111.729549965","515794.345590552","1",CTM002, 
3176,AE134,709,스마트도시과,CTV001,쌍학-00718,쌍학리247-5-고정,"41590320","41590320","4159032026","247-5",자가망, ,"37.244985","126.895003","190684.074403294","516206.553628167","1",CTM002, 
3177,AE134,710,스마트도시과,CTV001,쌍학-00719,쌍학리88-고정,"41590320","41590320","4159032026","88",자가망, ,"37.239236","126.902185","191320.675968708","515567.845276151","1",CTM002, 
3178,AE134,3648,스마트도시과,CTV001,쌍학-3662,쌍학리273-3-검지(20차),"41590320","41590320","4159032026","273-3",KT, ,"37.245953","126.889474","190193.711160531","516314.560580552","3",CTM002, 
3179,AE134,3649,스마트도시과,CTV001,쌍학-3663,쌍학리664-검지(20차),"41590320","41590320","4159032026","664",KT, ,"37.238171","126.901011","191216.389797612","515449.724230583","2",CTM002, 
3180,AE134,3650,스마트도시과,CTV001,쌍학-3664,쌍학리216-2-검지(20차),"41590320","41590320","4159032026","216-2",자가망, ,"37.246251","126.893633","190562.730045094","516347.200630042","1",CTM002, 
3181,AE134,3651,스마트도시과,CTV001,쌍학-3665,쌍학리551-검지(20차),"41590320","41590320","4159032026","551",자가망, ,"37.241223","126.894007","190595.245386755","515789.114654009","3",CTM002, 
3182,AE134,3652,스마트도시과,CTV001,쌍학-3666,쌍학리396-4-검지(20차),"41590320","41590320","4159032026","396-4",자가망, ,"37.241341","126.892747","190483.514017393","515802.358599011","1",CTM002, 
3183,AE134,692,스마트도시과,CTV001,청요-00701,청룡초교정문앞,"41590320","41590320","4159032027","803-2",자가망, ,"37.201119","126.888065","190062.75359137","511338.938655031","4",CTM002, 
3184,AE134,693,스마트도시과,CTV001,청요-00702,청요1리버스정류장,"41590320","41590320","4159032027","888",자가망, ,"37.199663","126.897032","190858.632695756","511176.441476762","3",CTM002, 
3185,AE134,698,스마트도시과,CTV001,청요-00707,청요리275-8,"41590320","41590320","4159032027","275-8",자가망, ,"37.199933","126.895798","190749.154722611","511206.46512657","1",CTM002, 
3187,AE134,700,스마트도시과,CTV001,청요-00709,청요리792,"41590320","41590320","4159032027","792",자가망, ,"37.20309","126.887406","190004.500691354","511557.69700404","1",CTM002, 
3188,AE134,701,스마트도시과,CTV001,청요-00710,청요리806-4,"41590320","41590320","4159032027","806-4",자가망, ,"37.200872","126.886243","189901.004953277","511311.68550985","1",CTM002, 
3189,AE134,715,스마트도시과,CTV001,청요-00724,청요리595-4-고정,"41590320","41590320","4159032027","595-4",KT, ,"37.203255","126.895331","190708.111428902","511575.180166715","1",CTM002, 
3190,AE134,2265,스마트도시과,CTV001,청요-02284,청룡초등학교,"41590320","41590320","4159032027","571",자가망, ,"37.201797","126.889343","190176.30690367","511413.973149684","3",CTM002, 
3922,AE134,1682,스마트도시과,CTV001,노하-01695,노하리동네슈퍼앞사거리,"41590360","41590360","4159036027",산87-7,자가망, ,"37.157276","126.86762","188240.946014326","506475.501358834","4",CTM002, 
3923,AE134,1688,스마트도시과,CTV001,노하-01701,노하공단삼거리,"41590360","41590360","4159036027","1096-7",자가망, ,"37.154691","126.847406","186444.887190481","506191.368943026","4",CTM002, 
3924,AE134,1689,스마트도시과,CTV001,노하-01702,대방분교장버스정류장,"41590360","41590360","4159036027",산40-7,자가망, ,"37.16217","126.869548","188412.935798831","507018.448143272","1",CTM002, 
3925,AE134,1747,스마트도시과,CTV001,노하-01762,노하리산133-2-고정,"41590360","41590360","4159036027",산133-2,자가망, ,"37.159521","126.857253","187320.413616379","506725.95523553","1",CTM002, 
3926,AE134,1748,스마트도시과,CTV001,노하-01763,노하리569-2-고정,"41590360","41590360","4159036027","569-2",자가망, ,"37.15747","126.863335","187860.36651645","506497.571362595","1",CTM002, 
3927,AE134,1749,스마트도시과,CTV001,노하-01764,노하리414-1-고정,"41590360","41590360","4159036027","414-1",자가망, ,"37.159166","126.859965","187561.232360441","506686.231319983","1",CTM002, 
3928,AE134,1776,스마트도시과,CTV001,노하-01791,대신분체도장,"41590360","41590360","4159036027","30",KT, ,"37.157345","126.875951","188981.000413366","506482.169862042","1",CTM002, 
3929,AE134,2248,스마트도시과,CTV001,노하-02267,팔탄초등학교대방분교,"41590360","41590360","4159036027",산40-6,자가망, ,"37.162657","126.870296","188479.466537304","507072.371341662","3",CTM002, 
3930,AE134,3840,스마트도시과,CTV001,노하-3855,노하리135-2-검지(20차),"41590360","41590360","4159036027","135-2",자가망, ,"37.157198","126.870572","188503.145833309","506466.526303278","1",CTM002, 
3931,AE134,1708,스마트도시과,CTV001,덕천-01722,팡팡노래방앞대로,"41590360","41590360","4159036028","163-9",자가망, ,"37.14529","126.872081","188635.414477127","505144.75584051","1",CTM002, 
3933,AE134,3843,스마트도시과,CTV001,덕천-3858,덕천리214-검지(20차),"41590360","41590360","4159036028","214",자가망, ,"37.142119","126.873057","188721.680237655","504792.742663724","1",CTM002, 
3934,AE134,4063,스마트도시과,CTV001,덕천-04079,덕천리379-1-검지(23차),"41590360","41590360","4159036028","379-1",KT, ,"37.142302","126.869666","188420.3875753","504813.427256566","2",CTM002, 
3935,AE134,4064,스마트도시과,CTV001,덕천-04080,덕천리393-1-검지(23차),"41590360","41590360","4159036028","393-1",KT, ,"37.140781","126.868681","188332.677580172","504644.798866828","2",CTM002, 
3936,AE134,1694,스마트도시과,CTV001,지월-01707,지월리삼우엔지니어링앞삼거리,"41590360","41590360","4159036029","799-2",자가망, ,"37.140436","126.891912","190396.639625982","504603.868230368","3",CTM002, 
3937,AE134,1728,스마트도시과,CTV001,지월-01743,지월리655-9구-고정,"41590360","41590360","4159036029","655-9구",자가망, ,"37.143885","126.891937","190399.302982832","504986.679136473","1",CTM002, 
3938,AE134,1774,스마트도시과,CTV001,지월-01789,지월리입구삼거리,"41590360","41590360","4159036029",산33-1,KT, ,"37.143478","126.897274","190873.368449674","504940.905827192","1",CTM002, 
3939,AE134,3500,스마트도시과,CTV001,지월-03544,지월리577-7(마야어린이집),"41590360","41590360","4159036029","577-7",KT, ,"37.145264","126.890411","190263.904143327","505139.798922908","4",CTM002, 
3940,AE134,1701,스마트도시과,CTV001,덕우-01714,안덕우리버스정류장,"41590360","41590360","4159036030","170-5",자가망, ,"37.136468","126.863414","187864.037571942","504166.782391127","5",CTM002, 
3942,AE134,1692,스마트도시과,CTV001,서근-01705,우리할인마트앞삼거리,"41590360","41590360","4159036031",산18-2,자가망, ,"37.126793","126.856339","187233.75485158","503093.932688026","1",CTM002, 
3943,AE134,1700,스마트도시과,CTV001,서근-01713,서근교지하도북쪽-검지,"41590360","41590360","4159036031",산14-1,자가망, ,"37.129022","126.850182","186687.021932756","503342.153188819","3",CTM002, 
3944,AE134,1732,스마트도시과,CTV001,서근-01747,서근리11-고정,"41590360","41590360","4159036031","11",KT, ,"37.134514","126.846439","186355.398236857","503952.246919658","1",CTM002, 
3945,AE134,1750,스마트도시과,CTV001,서근-01765,서근리103-4-고정,"41590360","41590360","4159036031","103-4",KT, ,"37.132588","126.845999","186315.917141002","503738.567903325","1",CTM002, 
3946,AE134,1677,스마트도시과,CTV001,월문-01690,월문초등학교정문,"41590360","41590360","4159036032","192",자가망, ,"37.117461","126.872347","188654.84839467","502056.289895589","4",CTM002, 
3947,AE134,1725,스마트도시과,CTV001,월문-01740,월문리130-1-고정,"41590360","41590360","4159036032","130-1",자가망, ,"37.121578","126.871393","188570.725310279","502513.275457192","1",CTM002, 
3948,AE134,1731,스마트도시과,CTV001,월문-01746,월문리93-고정,"41590360","41590360","4159036032","93",자가망, ,"37.119733","126.868511","188314.291366104","502308.863827048","1",CTM002, 
3949,AE134,2261,스마트도시과,CTV001,월문-02280,월문초등학교,"41590360","41590360","4159036032","186-4",자가망, ,"37.118532","126.872383","188658.238730973","502175.132850609","2",CTM002, 
3950,AE134,3847,스마트도시과,CTV001,월문-3862,월문리11-2-검지(20차),"41590360","41590360","4159036032","11-2",자가망, ,"37.120327","126.869998","188446.572506658","502374.63163326","1",CTM002, 
3952,AE134,1718,스마트도시과,CTV001,화당-01733,화당리68-6-고정,"41590360","41590360","4159036033","68-6",자가망, ,"37.121579","126.8636","187878.162992652","502514.353039265","1",CTM002, 
3953,AE134,1693,스마트도시과,CTV001,고주-01706,예스마트사거리,"41590360","41590360","4159036034",산19-1,자가망, ,"37.136394","126.887644","190016.875270312","504155.738557925","5",CTM002, 
3954,AE134,1706,스마트도시과,CTV001,고주-01720,한국폴리텍대학입구,"41590360","41590360","4159036034","201-4",자가망, ,"37.129451","126.887852","190034.445245287","503385.186766122","1",CTM002, 
3955,AE134,1829,스마트도시과,CTV001,제암-01845,제암리코다리집앞사거리,"41590259","41590259","4159025923","420-9",자가망, ,"37.126876","126.888691","190108.684593068","503099.305244115","3",CTM002, 
3956,AE134,3836,스마트도시과,CTV001,고주-3850,고주리221-1-검지(20차),"41590360","41590360","4159036034","221-1",자가망, ,"37.127434","126.885167","189795.621869391","503161.549635819","3",CTM002, 
3957,AE134,3837,스마트도시과,CTV001,고주-3851,고주리175-1-검지(20차),"41590360","41590360","4159036034","175-1",자가망, ,"37.129877","126.884977","189779.075398566","503432.749981113","1",CTM002, 
3958,AE134,1691,스마트도시과,CTV001,매곡-01704,농협매곡지점앞삼거리,"41590360","41590360","4159036035","181-1",자가망, ,"37.112976","126.881151","189436.721923297","501557.496125212","1",CTM002, 
3959,AE134,1695,스마트도시과,CTV001,매곡-01708,무궁화유치원앞(돈방석부동산앞),"41590360","41590360","4159036035","147-3",자가망, ,"37.116031","126.88725","189979.176139863","501895.922921591","4",CTM002, 
3960,AE134,1741,스마트도시과,CTV001,매곡-01756,매곡리151-고정,"41590360","41590360","4159036035","151",자가망, ,"37.11727","126.886683","189928.946494431","502033.478117723","1",CTM002, 
3961,AE134,1746,스마트도시과,CTV001,매곡-01761,매곡리188-4-고정,"41590360","41590360","4159036035","188-4",자가망, ,"37.11328","126.882302","189539.075165393","501591.140962381","1",CTM002, 
3962,AE134,1754,스마트도시과,CTV001,매곡-01769,매곡리197-2-고정,"41590360","41590360","4159036035","197-2",자가망, ,"37.113067","126.885116","189789.169408812","501567.139338676","1",CTM002, 
3963,AE134,3845,스마트도시과,CTV001,매곡-3860,매곡리180-7-검지(20차),"41590360","41590360","4159036035","180-7",자가망, ,"37.11299","126.881901","189503.359813443","501559.016644295","1",CTM002, 
4561,AE134,136,스마트도시과,CTV001,신남-00137,신남리산214-1-고정,"41590262","41590262","4159026222",산214-1,자가망, ,"37.172298","126.799014","182150.34677018","508153.409466749","1",CTM002, 
4562,AE134,340,스마트도시과,CTV001,원-00341,원리버스정류장앞-검지,"41590310","41590310","4159031027","196-4",자가망, ,"37.277147","126.855039","187143.775773716","519780.669344208","3",CTM002, 
4563,AE134,774,스마트도시과,CTV001,제부-00783,제부리공용주차장삼거리,"41590350","41590350","4159035026","190-20",KT, ,"37.162016","126.620363","166279.641275277","507060.839410109","1",CTM002, 
4564,AE134,821,스마트도시과,CTV001,궁평-00831,궁평리660-41,"41590350","41590350","4159035031","660-41",KT, ,"37.120212","126.685004","172005.860153427","502400.408795513","1",CTM002, 
4566,AE134,945,스마트도시과,CTV001,고포-00955,고포리산213,"41590340","41590125","4159034031",산213,KT, ,"37.245169","126.661945","170006.021173673","516275.367454544","1",CTM002, 
4567,AE134,980,스마트도시과,CTV001,고정-00990,고정리111-4,"41590340","41590125","4159034025","111-4",KT, ,"37.256164","126.750131","177833.602460512","517471.364090948","1",CTM002, 
4568,AE134,1001,스마트도시과,CTV001,고포-01011,고포리64-3,"41590340","41590125","4159034031","64-3",KT, ,"37.238534","126.661443","169958.850221156","515539.114200376","1",CTM002, 
4569,AE134,1004,스마트도시과,CTV001,고포-01014,고포리828-12,"41590340","41590125","4159034031","828-12",KT, ,"37.242866","126.652938","169205.946766865","516022.624790505","1",CTM002, 
4570,AE134,1011,스마트도시과,CTV001,고포-01021,고포리799-2,"41590340","41590125","4159034031","799-2",KT, ,"37.2489","126.649877","168936.753882892","516693.332042683","1",CTM002, 
4571,AE134,1098,스마트도시과,CTV001,신왕-01109,신왕리1874(1828-2),"41590400","41590400","4159040021","1874",KT, ,"37.068802","126.949521","195510.831350677","496649.675907752","1",CTM002, 
4572,AE134,1594,스마트도시과,CTV001,덕절-01605,GS칼텍스옆,"41590410","41590410","4159041032","392",자가망, ,"37.132303","127.023161","202058.013007731","503696.093713235","3",CTM001, 
4573,AE134,1902,스마트도시과,CTV001,구문천-01918,구문천리607-22,"41590259","41590259","4159025925","607-22",KT, ,"37.067005","126.89111","190316.029038615","496454.601372072","1",CTM002, 
4574,AE134,2387,스마트도시과,CTV001,청원-02407,청원리1257,"41590330","41590330","4159033025","1513",자가망, ,"37.165131","126.774566","179977.180690429","507362.817040328","4",CTM002, 
4575,AE134,3094,스마트도시과,CTV001,궁평-03127,궁평항-해안,"41590350","41590350","4159035031","687",KT, ,"37.117912","126.680403","171596.101859027","502146.442878423","2",CTM002, 
4576,AE134,3645,스마트도시과,CTV001,유포-3659,유포리619-검지(20차),"41590320","41590320","4159032023","619",자가망, ,"37.2572","126.848811","186587.859863785","517567.734222843","1",CTM002, 
4577,AE134,3657,스마트도시과,CTV001,유포-3671,유포리77-2-어안(20차),"41590320","41590320","4159032023","77-2",자가망, ,"37.259903","126.844941","186245.080498496","517868.324421781","1",CTM002, 
4578,AE134,3750,스마트도시과,CTV001,정문-3764,정문리113-검지(20차),"41590400","41590400","4159040023","113",자가망, ,"37.087513","126.990794","199181.498623857","498725.053638283","3",CTM002, 
4579,AE134,3859,스마트도시과,CTV001,구문천-3874,구문천리601-1-검지(20차),"41590259","41590259","4159025925","601-1",자가망, ,"37.069581","126.898702","190991.517181039","496739.736727611","1",CTM002, 
4580,AE134,3861,스마트도시과,CTV001,구문천-3876,구문천리648-2-검지(20차),"41590259","41590259","4159025925","648-2",자가망, ,"37.066856","126.889773","190197.105707817","496438.202551071","1",CTM002, 
4581,AE134,3986,스마트도시과,CTV001,쌍송-04002,쌍송리139-31-검지(23차),"41590330","41590330","4159033024","139-31",KT, ,"37.190061","126.796998","181975.507815652","510125.072802861","2",CTM002, 
4583,AE134,4185,스마트도시과,CTV001,새솔-04199,연립주택EB1옆,"41590515","41590140","4159014000", ,송산그린자가망, ,"37.270432","126.837958","185627.630000073","519037.892112297","3",CTM002, 
4584,AE134,4340,스마트도시과,CTV001,화성코로나격리시설,화성코로나격리시설1,"41590515","41590140","4159014000", ,KT, ,"37.263498","126.848302","186543.840573894","518266.779516038","9",CTM002, 
4585,AE134,4341,스마트도시과,CTV001,화성코로나격리시설외부,화성코로나격리시설외부-검지1,"41590515","41590140","4159014000", ,KT, ,"37.263498","126.848302","186543.840573894","518266.779516038","7",CTM002, 
4586,AE134,4393,스마트도시과,CTV001,망포-04410,지성유치원(망포-04410), , , ,"669-5",KT, ,"37.233093","127.046115","204092.209453781","514882.531152051","5",CTM001, 
1243,AE134,4217,스마트도시과,CTV001,산척-04231,산척동산30,"41590610","41590135","4159013500",산30,동탄3자가망, ,"37.174008","127.120259","210679.999999877","508331.000102194","5",CTM001, 
2463,AE134,1926,스마트도시과,CTV001,백토-01942,백토리179-3,"41590259","41590259","4159025929","179-3",KT, ,"37.118899","126.95624","196110.910991292","502209.087512598","1",CTM002, 
1830,AE134,630,스마트도시과,CTV001,덕-00639,중고가구프라자,"41590253","41590253","4159025333","102-1",KT, ,"37.169567","126.936417","194352.933543031","507833.227370431","1",CTM002, 
616,AE134,4035,스마트도시과,CTV001,안녕-04051,안녕동158-182-검지(23차),"41590570","41590126","4159012600","158-182",KT, ,"37.200114","126.999171","199926.394275554","511221.489333755","2",CTM001, 
1849,AE134,3642,스마트도시과,CTV001,하가등-3656,하가등355-1-검지(20차),"41590253","41590253","4159025335","355-1",자가망, ,"37.149319","126.93332","194076.30992913","505586.350289259","1",CTM002, 
2508,AE134,2020,스마트도시과,CTV001,증거-02038,증거리188-고정,"41590259","41590259","4159025934","188",자가망, ,"37.136708","126.977179","197972.276881397","504184.886343418","1",CTM002, 
714,AE134,2663,스마트도시과,CTV001,반송-02691,잎새지하차도2-차도,"41590585","41590127","4159012700","19-3",LG, ,"37.209143","127.071577","206353.666903291","512225.907462309","1",CTM001, 
1366,AE134,3375,스마트도시과,CTV001,장지-03418,장지동76,"41590620","41590136","4159013600","76",동탄2자가망, ,"37.158905","127.114803","210197.459971057","506654.243476108","5",CTM001, 
764,AE134,2814,스마트도시과,CTV001,반송-02842,반송동23주택가,"41590586","41590127","4159012700","228-1",동탄1자가망, ,"37.208238","127.064507","205726.162256342","512125.062840036","1",CTM001, 
2025,AE134,1237,스마트도시과,CTV001,화산-01248,화산리1179-8,"41590356","41590256","4159025631","1179-8",KT, ,"37.070389","126.786273","180993.323389416","496846.032003405","1",CTM002, 
1396,AE134,2694,스마트도시과,CTV001,송-02722,송리지하차도4-차도,"41590610","41590137","4159013700","595-8",동탄1자가망, ,"37.164845","127.09226","208194.455513915","507311.305645354","1",CTM001, 
811,AE134,2741,스마트도시과,CTV001,석우-02769,예당초등학교(석우-02769),"41590585","41590128","4159012800","111",동탄1자가망, ,"37.209757","127.075677","206717.579062864","512294.432882461","3",CTM001, 
1424,AE134,3140,스마트도시과,CTV001,송-03175,워터프론트27,"41590610","41590137","4159013700","681-698",동탄2자가망, ,"37.175001","127.102859","209134.626641251","508439.373605811","1",CTM001, 
2522,AE134,1910,스마트도시과,CTV001,동오-01926,동오리430-1(458-3),"41590259","41590259","4159025936","458-3",자가망, ,"37.137043","126.950533","195604.76720954","504222.989690293","1",CTM002, 
2523,AE134,1911,스마트도시과,CTV001,동오-01927,동오리455-7(462-5),"41590259","41590259","4159025936","462-5",자가망, ,"37.136115","126.950504","195602.170549115","504119.975851087","1",CTM002, 
2524,AE134,1921,스마트도시과,CTV001,동오-01937,동오리411-5,"41590259","41590259","4159025936","411-5",자가망, ,"37.137599","126.951927","195728.654154901","504284.637708024","1",CTM002, 
2525,AE134,1922,스마트도시과,CTV001,동오-01938,동오리418-7,"41590259","41590259","4159025936","418-7",KT, ,"37.137","126.951425","195684.053346611","504218.191013089","1",CTM002, 
2526,AE134,1923,스마트도시과,CTV001,동오-01939,동오리423-4(425-3),"41590259","41590259","4159025936","425-3",자가망, ,"37.13804","126.949898","195548.419884678","504333.61441148","1",CTM002, 
2527,AE134,3493,스마트도시과,CTV001,동오-03537,동오리79-13,"41590259","41590259","4159025936","79-13",KT, ,"37.138919","126.956007","196091.271546583","504430.901394221","3",CTM002, 
2528,AE134,3864,스마트도시과,CTV001,동오-3879,동오리476-2-검지(20차),"41590259","41590259","4159025936","476-2",자가망, ,"37.135086","126.949146","195481.4117869","504005.885430478","1",CTM002, 
2529,AE134,3948,스마트도시과,CTV001,동오-03964,BIT-동오사거리(37323),"41590259","41590259","4159025936","502-2",KT, ,"37.130788","126.950864","195633.824816191","503528.745755331","1",CTM002, 
2530,AE134,3949,스마트도시과,CTV001,동오-03965,BIT-동오사거리(37322),"41590259","41590259","4159025936","253-3",KT, ,"37.131188","126.951557","195695.40901124","503573.161645401","1",CTM002, 
2531,AE134,1970,스마트도시과,CTV001,관-01987,관리83-고정,"41590259","41590259","4159025937","83",자가망, ,"37.129269","126.948939","195462.645030329","503360.268395161","1",CTM002, 
2532,AE134,2033,스마트도시과,CTV001,관-02051,천석사입구삼거리,"41590259","41590259","4159025937","142",KT, ,"37.13111","126.943772","195003.693594092","503564.919886909","1",CTM002, 
2533,AE134,3107,스마트도시과,CTV001,관-03142,관리고개,"41590259","41590259","4159025937","295-7",KT, ,"37.132907","126.943754","195002.212273769","503764.274446791","1",CTM002, 
2534,AE134,3463,스마트도시과,CTV001,관-03507,관리136,"41590259","41590259","4159025937","136",KT, ,"37.131076","126.944365","195056.384503934","503561.048924766","1",CTM002, 
2536,AE134,3854,스마트도시과,CTV001,관-3869,관리167-5-검지(20차),"41590259","41590259","4159025937","167-5",자가망, ,"37.129128","126.94797","195376.583671387","503344.64473801","1",CTM002, 
2537,AE134,3855,스마트도시과,CTV001,관-3870,관리201-1-회전(20차),"41590259","41590259","4159025937","201-1",자가망, ,"37.128811","126.94858","195430.716509325","503309.512232098","1",CTM002, 
2538,AE134,1801,스마트도시과,CTV001,도이-01816,도이리마을삼거리-검지,"41590259","41590259","4159025938","259-6",자가망, ,"37.140142","126.933698","194109.196533801","504567.82652866","2",CTM002, 
2539,AE134,1811,스마트도시과,CTV001,도이-01826,남머리골입구,"41590259","41590259","4159025938","166-8",자가망, ,"37.139908","126.919291","192829.151031537","504542.850838767","1",CTM002, 
2540,AE134,1840,스마트도시과,CTV001,도이-01856,해병보급대앞삼거리,"41590259","41590259","4159025938","167-33",자가망, ,"37.142605","126.921007","192981.862156357","504842.023157335","3",CTM002, 
2541,AE134,1850,스마트도시과,CTV001,도이-01866,도이리마을사거리,"41590259","41590259","4159025938","192-9",KT, ,"37.136501","126.918267","192737.807345573","504164.794560254","3",CTM002, 
2542,AE134,1864,스마트도시과,CTV001,도이-01880,도이리331-3,"41590259","41590259","4159025938","331-3",자가망, ,"37.136831","126.940803","194740.250566837","504199.964572892","1",CTM002, 
2543,AE134,1917,스마트도시과,CTV001,도이-01933,도이리243-1,"41590259","41590259","4159025938","243-1",KT, ,"37.138028","126.929628","193747.41094362","504333.474632458","1",CTM002, 
2544,AE134,1918,스마트도시과,CTV001,도이-01934,도이리282-6,"41590259","41590259","4159025938","282-6",자가망, ,"37.137128","126.937472","194444.288723534","504233.104417826","1",CTM002, 
2545,AE134,1919,스마트도시과,CTV001,도이-01935,도이리65-3,"41590259","41590259","4159025938","65-3",자가망, ,"37.141219","126.933842","194122.07398365","504687.343383624","1",CTM002, 
2546,AE134,1920,스마트도시과,CTV001,도이-01936,도이리74-3,"41590259","41590259","4159025938","74-3",KT, ,"37.145061","126.937451","194443.003172037","505113.545713726","1",CTM002, 
2547,AE134,1975,스마트도시과,CTV001,도이-01992,도이리143-고정,"41590259","41590259","4159025938","143",KT, ,"37.142939","126.924863","193324.42521493","504878.779114248","1",CTM002, 
2548,AE134,1976,스마트도시과,CTV001,도이-01993,도이리492-2-고정,"41590259","41590259","4159025938","492-2",KT, ,"37.134671","126.916423","192573.8203832","503961.887818782","1",CTM002, 
2549,AE134,2037,스마트도시과,CTV001,도이-02055,삼거리인근,"41590259","41590259","4159025938","298-2",KT, ,"37.137122","126.937155","194416.122330258","504232.457140802","1",CTM002, 
2550,AE134,3489,스마트도시과,CTV001,도이-03533,도이리336-11,"41590259","41590259","4159025938","336-11",KT, ,"37.134677","126.941555","194806.930646043","503960.832951395","4",CTM002, 
2553,AE134,4356,스마트도시과,CTV001,도이-04373,도이리산32-6(도이-04373),"41590259","41590259","4159025938",산32-6,KT, ,"37.138732","126.920661","192950.753483972","504412.233169633","4",CTM002, 
2554,AE134,62,스마트도시과,CTV001,행정-00063,용현공원앞저류지,"41590259","41590259","4159025939","154",향남1자가망, ,"37.124421","126.924582","193297.844586109","502823.712404328","1",CTM002, 
2555,AE134,1795,스마트도시과,CTV001,행정-01810,향토박물관앞,"41590259","41590259","4159025939","577",KT, ,"37.13305","126.92754","193561.430165743","503781.196965105","3",CTM002, 
2556,AE134,1803,스마트도시과,CTV001,행정-01818,발안농협사거리,"41590259","41590259","4159025939","396-9",자가망, ,"37.129658","126.909929","191996.288308704","503405.996666931","5",CTM002, 
2557,AE134,1804,스마트도시과,CTV001,행정-01819,발안도서관정문입구대로,"41590259","41590259","4159025939",산62-4,KT, ,"37.131802","126.919573","192853.457200328","503643.17949944","1",CTM002, 
2558,AE134,1812,스마트도시과,CTV001,행정-01827,용현공원옆주택가도로(어보10),"41590259","41590259","4159025939","527-2(도)",KT, ,"37.127163","126.912645","192237.352437107","503128.929085285","4",CTM002, 
2559,AE134,1814,스마트도시과,CTV001,행정-01829,발안초교정문앞,"41590259","41590259","4159025939","415",자가망, ,"37.130915","126.911216","192110.756325941","503545.444229818","4",CTM002, 
2560,AE134,1870,스마트도시과,CTV001,행정-01886,행정리40,"41590259","41590259","4159025939","40",자가망, ,"37.127917","126.933219","194065.690758173","503211.06932675","1",CTM002, 
2561,AE134,1871,스마트도시과,CTV001,행정-01887,행정리322,"41590259","41590259","4159025939","322",자가망, ,"37.129775","126.931493","193912.425883347","503417.458436726","1",CTM002, 
2562,AE134,2026,스마트도시과,CTV001,평-02044,평리67-1-고정,"41590259","41590259","4159025921","67-1",KT, ,"37.131319","126.914559","192407.860711228","503589.963175315","1",CTM002, 
2563,AE134,2041,스마트도시과,CTV001,행정-02059,CU편의점앞삼거리,"41590259","41590259","4159025939","595",향남1자가망, ,"37.124567","126.922566","193118.729701249","502840.059694918","4",CTM002, 
2564,AE134,2042,스마트도시과,CTV001,행정-02060,벌말공원끝삼거리,"41590259","41590259","4159025922","423",향남1자가망, ,"37.129398","126.914126","192369.183304347","503376.849485056","5",CTM002, 
3191,AE134,3659,스마트도시과,CTV001,청요-3673,청요리395-1-검지(20차),"41590320","41590320","4159032027","395-1",자가망, ,"37.19869","126.898774","191013.193371843","511068.317654769","1",CTM002, 
3192,AE134,3660,스마트도시과,CTV001,청요-3674,청요리418-검지(20차),"41590320","41590320","4159032027","418",자가망, ,"37.198202","126.893488","190543.85256208","511014.650866949","2",CTM002, 
3193,AE134,3661,스마트도시과,CTV001,청요-3675,청요리735-1-검지(20차),"41590320","41590320","4159032027","735-1",자가망, ,"37.204253","126.9044","191513.298869848","511685.144459439","3",CTM002, 
3194,AE134,684,스마트도시과,CTV001,자안-00693,자안리삼거리,"41590320","41590320","4159032028","508-2",자가망, ,"37.204271","126.873547","188774.377432952","511690.31801773","4",CTM002, 
3195,AE134,691,스마트도시과,CTV001,자안-00700,자안사거리,"41590320","41590320","4159032028","670-1",자가망, ,"37.198105","126.875389","188936.962106412","511005.845072518","1",CTM002, 
3196,AE134,1730,스마트도시과,CTV001,자안-01745,자안리760-6-고정,"41590320","41590320","4159032028","760-6",자가망, ,"37.199611","126.871747","188613.930359772","511173.347798872","1",CTM002, 
3197,AE134,1733,스마트도시과,CTV001,자안-01748,자안리229-13-고정,"41590320","41590320","4159032028","229-13",자가망, ,"37.207296","126.880709","189410.583781512","512025.212837112","1",CTM002, 
3198,AE134,1734,스마트도시과,CTV001,자안-01749,자안리225-1-고정,"41590320","41590320","4159032028","225-1",자가망, ,"37.208556","126.880606","189401.616788328","512165.105573017","1",CTM002, 
3199,AE134,1739,스마트도시과,CTV001,자안-01754,자안리692-1-고정,"41590320","41590320","4159032028","692-1",자가망, ,"37.201315","126.872978","188723.434766679","511362.379680362","1",CTM002, 
3200,AE134,3097,스마트도시과,CTV001,자안-03132,북양동고개자안S-OIL앞,"41590320","41590320","4159032028","720-2",자가망, ,"37.201495","126.867032","188195.567966798","511383.027484186","1",CTM002, 
3202,AE134,3658,스마트도시과,CTV001,자안-3672,자안리885-검지(20차),"41590320","41590320","4159032028","885",자가망, ,"37.209179","126.883275","189638.650414131","512233.918582596","1",CTM002, 
3203,AE134,3955,스마트도시과,CTV001,자안-03971,BIT-자안리,"41590320","41590320","4159032028","663-3",KT, ,"37.198069","126.876172","189006.498384389","511001.692001054","1",CTM002, 
3204,AE134,206,스마트도시과,CTV001,석교-00207,마도초교,"41590330","41590330","4159033021","212-16",자가망, ,"37.204397","126.773715","179912.049328933","511720.830319017","4",CTM002, 
3205,AE134,214,스마트도시과,CTV001,석교-00215,마도농협앞사거리,"41590330","41590330","4159033021","224-16",자가망, ,"37.205849","126.774515","179983.380182737","511881.795556116","1",CTM002, 
3206,AE134,215,스마트도시과,CTV001,석교-00216,마도초교옆담장길,"41590330","41590330","4159033021","278-1",자가망, ,"37.203671","126.774089","179945.058217366","511640.122889872","1",CTM002, 
3207,AE134,216,스마트도시과,CTV001,석교-00217,석교2리마을회관앞,"41590330","41590330","4159033021","429-5",자가망, ,"37.196062","126.773927","179928.671334268","510795.753461551","3",CTM002, 
3208,AE134,218,스마트도시과,CTV001,석교-00219,역말버스정류장,"41590330","41590330","4159033021","605",자가망, ,"37.200559","126.773212","179866.332617833","511294.956206738","1",CTM002, 
3210,AE134,230,스마트도시과,CTV001,석교-00231,마도면사무소,"41590330","41590330","4159033021","243-29",자가망, ,"37.205276","126.770811","179654.461758872","511819.002907104","4",CTM002, 
3211,AE134,241,스마트도시과,CTV001,석교-00242,석교리120-1,"41590330","41590330","4159033021","120-1",KT, ,"37.200117","126.776583","180165.468227377","511245.180391799","1",CTM002, 
3212,AE134,242,스마트도시과,CTV001,석교-00243,석교리436-1,"41590330","41590330","4159033021","436-1",KT, ,"37.195295","126.773698","179908.1455935","510710.634722157","1",CTM002, 
3213,AE134,270,스마트도시과,CTV001,석교-00271,석교리20-2,"41590330","41590330","4159033021","20-2",KT, ,"37.201275","126.784334","180853.891755659","511372.135116493","1",CTM002, 
3214,AE134,271,스마트도시과,CTV001,석교-00272,석교리242-33,"41590330","41590330","4159033021","242-33",자가망, ,"37.204454","126.771667","179730.257425178","511727.603507244","1",CTM002, 
3215,AE134,272,스마트도시과,CTV001,석교-00273,석교리334-5,"41590330","41590330","4159033021","334-5",KT, ,"37.198401","126.770431","179618.888844761","511056.085559128","1",CTM002, 
3216,AE134,273,스마트도시과,CTV001,석교-00274,석교리78-2,"41590330","41590330","4159033021","78-2",자가망, ,"37.201848","126.779026","180382.845435998","511436.8253685","1",CTM002, 
3217,AE134,307,스마트도시과,CTV001,석교-00308,석교리산123-1-고정,"41590330","41590330","4159033021",산123-1,KT, ,"37.195869","126.765711","179199.143327581","510776.083510758","1",CTM002, 
3218,AE134,318,스마트도시과,CTV001,석교-00319,석교리212-8-고정,"41590330","41590330","4159033021","212-8",자가망, ,"37.204578","126.773346","179879.295875201","511741.051896598","1",CTM002, 
3220,AE134,3985,스마트도시과,CTV001,석교-04001,석교리238-37-검지(23차),"41590330","41590330","4159033021","238-37",KT, ,"37.20522","126.772977","179846.718182746","511812.336166873","2",CTM002, 
3221,AE134,4281,스마트도시과,CTV001,석교-04296,마도감리교회후문(어보10),"41590330","41590330","4159033021","202(전)",KT, ,"37.203983","126.774917","180018.589237722","511674.666878168","4",CTM002, 
3222,AE134,207,스마트도시과,CTV001,두곡-00208,마도교차로,"41590330","41590330","4159033022","350-13",자가망, ,"37.207116","126.775091","180034.872975624","512022.332235976","1",CTM002, 
3223,AE134,209,스마트도시과,CTV001,두곡-00210,마도농산물재래시장앞,"41590330","41590330","4159033022","561",자가망, ,"37.206227","126.779327","180410.654281675","511922.69654866","4",CTM002, 
3224,AE134,210,스마트도시과,CTV001,두곡-00211,마도시장삼거리,"41590330","41590330","4159033022","561",자가망, ,"37.20603","126.778702","180355.148282941","511901.062365424","4",CTM002, 
3225,AE134,211,스마트도시과,CTV001,두곡-00212,그린타운앞,"41590330","41590330","4159033022","557",자가망, ,"37.208959","126.779718","180446.13980263","512225.895473315","3",CTM002, 
3226,AE134,213,스마트도시과,CTV001,두곡-00214,두곡리마을주택가,"41590330","41590330","4159033022","534",자가망, ,"37.206743","126.783465","180778.154701971","511979.182150671","1",CTM002, 
3227,AE134,219,스마트도시과,CTV001,두곡-00220,은장교차로,"41590330","41590330","4159033022","494-3",자가망, ,"37.202906","126.788241","181201.205217087","511552.331628738","3",CTM002, 
3228,AE134,226,스마트도시과,CTV001,두곡-00227,두곡리148,"41590330","41590330","4159033022","148",자가망, ,"37.207758","126.784163","180840.408384577","512091.653873254","1",CTM002, 
3229,AE134,231,스마트도시과,CTV001,두곡-00232,송정로사거리,"41590330","41590330","4159033022","98-107",자가망, ,"37.213756","126.781457","180601.672552282","512757.846931171","3",CTM002, 
3230,AE134,239,스마트도시과,CTV001,두곡-00240,두곡리325-9,"41590330","41590330","4159033022","325-9",자가망, ,"37.205214","126.777395","180238.956070221","511810.772948685","1",CTM002, 
3231,AE134,261,스마트도시과,CTV001,두곡-00262,두곡리110-7,"41590330","41590330","4159033022","110-7",자가망, ,"37.211326","126.779379","180416.614730237","512488.592944317","1",CTM002, 
3232,AE134,262,스마트도시과,CTV001,두곡-00263,두곡리185,"41590330","41590330","4159033022","185",자가망, ,"37.205613","126.783864","180813.2613369","511853.689773719","1",CTM002, 
3233,AE134,263,스마트도시과,CTV001,두곡-00264,두곡리328,"41590330","41590330","4159033022","328",자가망, ,"37.206529","126.777144","180216.990739882","511956.699776078","1",CTM002, 
