도형번호,지형지물부호,관리번호,행정읍면동,도엽번호,관리기관,설치일자,등기구모형,광원종류,대장초기화여부,비고,도로구간번호,
1,AI010,5.11E+11,41590600,377130738D,MNG244,2014-01-01,LSH999,LCD004,1,화성동탄 일반산업단지 조성공사 중 GIS구축,51130738010,
2,AI010,500026,41590410,377131134D,MNG244,1900-01-01,LSH007,LCD002,1,31144002,1208231110,
3,AI010,401055,41590586,377130714D,MNG244,2006-04-01,LSH022,LCD999,1, ,2805819005,
4,AI010,100095,41590253,376160947D,MNG244,2001-01-01,LSH007,LCD002,1, ,2006711016,
5,AI010,401771,41590585,377130284A,MNG244,2006-04-01,LSH010,LCD999,1, ,2702219001,
6,AI010,401159,41590585,377130706B,MNG244,2006-04-01,LSH022,LCD999,1, ,2807819001,
7,AI010,500086,41590410,377130684D,MNG244,1900-01-01,LSH007,LCD002,1,30695002,3220331108,
8,AI010,100322,41590253,376160460D,MNG244,1900-01-01,LSH000,LCD002,1, ,2800221001,
9,AI010,500258,41590520,377130168B,MNG244,1900-01-01,LSH000,LCD002,1,30169002,2801031004,
10,AI010,500783,41590570,377130612C,MNG244,2004-01-01,LSH007,LCD002,1,30622008,1331531008,
11,AI010,500005,41590410,376161560B,MNG244,1900-01-01,LSH007,LCD002,1,31151005,9005891132,
12,AI010,200080,41590259,376161432A,MNG244,1900-01-01,LSH002,LCD002,1, ,2400112007,
13,AI010,5.11E+11,41590600,377130738D,MNG244,2014-01-01,LSH999,LCD004,1,화성동탄 일반산업단지 조성공사 중 GIS구축,51130738008,
14,AI010,99920150121,41590588,377130801C,MNG244,1990-01-01,LSH000,LCD000,1, ,99920150002,
15,AI010,99920150123,41590588,377130801C,MNG244,1990-01-01,LSH000,LCD000,1, ,99920150002,
16,AI010,99920150118,41590588,377130801B,MNG244,1990-01-01,LSH000,LCD000,1, ,99920150002,
17,AI010,99920150122,41590588,377130801B,MNG244,1990-01-01,LSH000,LCD000,1, ,99920150002,
18,AI010,100101,41590253,376160949D,MNG244,1900-01-01,LSH002,LCD002,1, ,2006711024,
19,AI010,100413,41590253,376160555D,MNG244,1900-01-01,LSH002,LCD002,1, ,9009421001,
20,AI010,200023,41590360,376160880A,MNG244,1900-01-01,LSH002,LCD002,1, ,2007812047,
21,AI010,2.12E+11,41590350,376150947C,MNG244,2014-11-27,LSH006,LCD004,1,전곡 해양산업단지 진입도로 개설공사 GIS DB 구축사업(20171102)_재납품,21150947001,
22,AI010,2.13E+11,41590340,376150439D,MNG244,2016-01-01,LSH006,LCD004,1,송산면 마산리 보도설치공사 GIS DB 구축용역(20171220),21250439003,
23,AI010,2.13E+11,41590340,376150439C,MNG244,2016-01-01,LSH002,LCD004,1,송산면 마산리 보도설치공사 GIS DB 구축용역(20171220),21250439005,
24,AI010,5.11E+11,41590600,377130738B,MNG244,2014-01-01,LSH999,LCD004,1,화성동탄 일반산업단지 조성공사 중 GIS구축,51130738037,
25,AI010,500344,41590520,377130179A,MNG244,1900-01-01,LSH000,LCD002,1,30179014,2703431002,
26,AI010,500340,41590520,377130179A,MNG244,1900-01-01,LSH000,LCD002,1,30179010,2703531003,
27,AI010,100738,41590560,376160549D,MNG244,1900-01-01,LSH002,LCD002,1, ,9011921001,
28,AI010,500252,41590520,377130168A,MNG244,1900-01-01,LSH000,LCD002,1,30168002,2801031001,
29,AI010,500198,41590520,377130146D,MNG244,1900-01-01,LSH002,LCD002,1,30156001,9008831001,
30,AI010,100167,41590253,376161005A,MNG244,2003-01-01,LSH000,LCD002,1, ,9008721002,
31,AI010,200014,41590360,376160859A,MNG244,1900-01-01,LSH007,LCD002,1, ,2007812060,
32,AI010,500325,41590520,377130168C,MNG244,1900-01-01,LSH000,LCD002,1,30178041,2701131002,
33,AI010,100365,41590253,376160532A,MNG244,1900-01-01,LSH007,LCD002,1, ,9006621002,
34,AI010,1006,41590340, , ,2013-11-01, ,LCD002,1,가등/올챙이형/원형/전주/6m/246번,90000441608,
35,AI010,100627,41590570,376161008A,MNG244,2003-01-01,LSH002,LCD002,1, ,9007411004,
36,AI010,300031,41590310,376122496D,MNG244,1900-01-01,LSH007,LCD002,1, ,2802013003,
37,AI010,100110,41590253,376160977B,MNG244,1900-01-01,LSH002,LCD002,1, ,9003511004,
38,AI010,500400,41590520,377130168D,MNG244,1900-01-01,LSH000,LCD002,1,30179070,2701131003,
39,AI010,401136,41590586,377130706D,MNG244,2006-04-01,LSH022,LCD999,1, ,2809019003,
40,AI010,200125,41590259,376161442B,MNG244,1900-01-01,LSH007,LCD002,1, ,2801312001,
41,AI010,200052,41590259,376161421D,MNG244,1900-01-01,LSH002,LCD002,1, ,2400112002,
42,AI010,200263,41590400,376161940C,MNG244,1900-01-01,LSH007,LCD002,1, ,3110212001,
43,AI010,500410,41590540,377130170A,MNG244,1900-01-01,LSH002,LCD002,1,30180001,9007431309,
44,AI010,500594,41590570,377130185C,MNG244,1900-01-01,LSH002,LCD002,1,30195004,2501031006,
45,AI010,100457,41590253,376160522B,MNG244,1900-01-01,LSH007,LCD002,1, ,9007321003,
46,AI010,401952,41590586,377130726A,MNG244,2006-04-01,LSH022,LCD999,1, ,2806419001,
47,AI010,401622,41590585,377130265A,MNG244,2006-04-01,LSH021,LCD003,1, ,2705419001,
48,AI010,401328,41590587,377130282C,MNG244,2006-04-01,LSH010,LCD999,1, ,2708219003,
49,AI010,401327,41590587,377130282C,MNG244,2006-04-01,LSH010,LCD999,1, ,2708219003,
50,AI010,100044,41590253,376160447C,MNG244,1900-01-01,LSH002,LCD002,1, ,2007311008,
51,AI010,99920150039,41590259,376161933B,MNG244,1990-01-01,LSH000,LCD000,1, ,99920150303,
52,AI010,99920150146,41590310,376160420B,MNG244,1990-01-01,LSH000,LCD000,1, ,99920150199,
53,AI010,300077,41590320,376160325D,MNG244,1900-01-01,LSH007,LCD002,1, ,9000213001,
54,AI010,500648,41590550,377130244A,MNG244,1900-01-01,LSH007,LCD002,1,30244003,9003731004,
55,AI010,100771,41590570,376160587A,MNG244,1900-01-01,LSH000,LCD002,1, ,9002721008,
56,AI010,500210,41590520,377130147A,MNG244,1900-01-01,LSH002,LCD002,1,30157002,9008831004,
57,AI010,100029,41590253,376160905A,MNG244,1900-01-01,LSH002,LCD002,1, ,1332211014,
58,AI010,100108,41590253,376160967D,MNG244,1900-01-01,LSH002,LCD002,1, ,1104311010,
59,AI010,500767,41590570,377130611B,MNG244,1900-01-01,LSH000,LCD002,1,30612001,9012631003,
60,AI010,100561,41590410,376161518C,MNG244,1900-01-01,LSH999,LCD002,1,원형투광등,9005811009,
61,AI010,2.12E+11,41590259,376161433A,MNG244,2013-06-01,LSH017,LCD004,1,"발안도시계획도로 (소2-15,18호선)  GIS DB구축 사업",21161433006,
62,AI010,500550,41590520,377130178D,MNG244,1900-01-01,LSH000,LCD002,1,30189030,2703231001,
63,AI010,200022,41590360,376160880A,MNG244,1900-01-01,LSH002,LCD002,1, ,2007812047,
64,AI010,8.30E+13,41590340,376122195D,MNG244,2019-12-21,LSH023,LCD005,1,송산그린시티 기반시설 건설공사 도로 및 지하매설물 GIS D/B 구축용역,8.30E+13,
65,AI010,2.12E+11,41590259,376161433A,MNG244,2013-06-01,LSH002,LCD004,1,"발안도시계획도로 (소2-15,18호선)  GIS DB구축 사업",21161433007,
66,AI010,300105,41590340,376150568C,MNG244,1992-01-01,LSH007,LCD002,1, ,2801213002,
67,AI010,100086,41590253,376160939A,MNG244,1900-01-01,LSH007,LCD002,1, ,9004211002,
68,AI010,500278,41590570,377130164D,MNG244,1900-01-01,LSH007,LCD002,1,30175007,1333831021,
69,AI010,500169,41590520,377130136C,MNG244,1900-01-01,LSH000,LCD002,1,30146009,9009231002,
70,AI010,100333,41590253,376160551D,MNG244,1900-01-01,LSH007,LCD002,1, ,9005021003,
71,AI010,100525,41590410,376161038D,MNG244,1900-01-01,LSH007,LCD002,1, ,9006911014,
72,AI010,500216,41590520,377130148B,MNG244,1900-01-01,LSH007,LCD002,1,30158005,9008231006,
73,AI010,810054,41590262,376160284A,MNG244,1900-01-01,LSH007,LCD002,1, ,1107733265,
74,AI010,401345,41590585,377130283D,MNG244,2006-04-01,LSH022,LCD999,1, ,2803619001,
75,AI010,300166,41590350,376150960D,MNG244,1900-01-01,LSH002,LCD002,1, ,2500113016,
76,AI010,1.00E+12,41590256,376161725B,MNG244,2010-01-01,LSH000,LCD002,1, ,99617250008,
77,AI010,401011,41590259,376161431D,MNG244,2004-07-31,LHS017,LCD002,1, ,2800891001,
78,AI010,200152,41590259,376161548C,MNG244,1900-01-01,LSH002,LCD002,1, ,1208212034,
79,AI010,401303,41590587,377130701A,MNG244,2006-04-01,LSH022,LCD999,1, ,2802119003,
80,AI010,401694,41590585,377130256A,MNG244,2006-04-01,LSH022,LCD999,1, ,2810319001,
81,AI010,100610,41590570,376160598C,MNG244,1900-01-01,LSH002,LCD002,1, ,9007811005,
82,AI010,1.00E+12,41590256,376161726A,MNG244,2010-01-01,LSH007,LCD002,1, ,99617260013,
83,AI010,500528,41590520,377130178D,MNG244,1900-01-01,LSH000,LCD002,1,30189008,2703531001,
84,AI010,300072,41590320,376160326C,MNG244,1900-01-01,LSH002,LCD002,1, ,2800113029,
85,AI010,300073,41590320,376160325D,MNG244,1900-01-01,LSH002,LCD002,1, ,2800113028,
86,AI010,401318,41590587,377130273A,MNG244,2006-04-01,LSH022,LCD999,1, ,2800619001,
87,AI010,200106,41590259,376161432D,MNG244,1900-01-01,LSH007,LCD002,1, ,2600112004,
88,AI010,300162,41590340,376150580D,MNG244,1900-01-01,LSH002,LCD002,1, ,1332213001,
89,AI010,300163,41590340,376150580D,MNG244,1900-01-01,LSH002,LCD002,1, ,1332213001,
90,AI010,100876,41590560,376160559D,MNG244,1900-01-01,LSH002,LCD002,1, ,9012321001,
91,AI010,300187,41590350,376151061A,MNG244,1900-01-01,LSH007,LCD002,1, ,2500113010,
92,AI010,300188,41590350,376151061B,MNG244,1900-01-01,LSH007,LCD002,1, ,1330513001,
93,AI010,300191,41590350,376151062C,MNG244,1900-01-01,LSH999,LCD002,1,원형투구형,2500113007,
94,AI010,820010,41590256,376161724C,MNG244,2007-01-01,LSH017,LCD002,1, ,2400333009,
95,AI010,820002,41590256,376161724C,MNG244,2007-01-01,LSH016,LCD002,1, ,2400333009,
96,AI010,810102,41590256,376161734C,MNG244,2007-01-01,LSH002,LCD002,1, ,2400333103,
97,AI010,820036,41590256,376161734C,MNG244,2007-01-01,LSH002,LCD002,1, ,2400333013,
98,AI010,402017,41590540,377130180D,MNG244,2006-06-20,LSH999,LCD002,1, ,2900744323,
99,AI010,100854,41590570,376160589D,MNG244,1900-01-01,LSH002,LCD002,1, ,2400521001,
100,AI010,500378,41590520,377130178B,MNG244,1900-01-01,LSH000,LCD002,1,30179048,2701731002,
101,AI010,500631,41590530,377130188C,MNG244,1900-01-01,LSH007,LCD002,1,30198022,9014731001,
102,AI010,100504,41590570,376160598B,MNG244,1900-01-01,LSH007,LCD002,1, ,9001321001,
103,AI010,426003,41590253,376160562D,MNG244,2008-07-24,LSH010,LCD002,1, ,1019042029,
104,AI010,426004,41590253,376160562D,MNG244,2008-07-24,LSH010,LCD002,1, ,1019042029,
105,AI010,99920150042,41590259,376161544A,MNG244,1990-01-01,LSH000,LCD000,1, ,99920150453,
106,AI010,100848,41590560,376160556A,MNG244,1900-01-01,LSH007,LCD002,1, ,9009321001,
107,AI010,100279,41590253,376160541D,MNG244,1900-01-01,LSH007,LCD002,1, ,1104321010,
108,AI010,2.12E+11,41590256,376162140D,MNG244,2013-01-01,LSH999,LCD004,1,이화-석천간(2공구)도로확포장공사 GIS DB 구축 사업,21162129001,
109,AI010,500073,41590410,377131104D,MNG244,1900-01-01,LSH007,LCD002,1,31114004,9000831104,
110,AI010,500770,41590570,377130612A,MNG244,2004-01-01,LSH007,LCD002,1,30612004,1331531013,
111,AI010,100476,41590253,376160583D,MNG244,1900-01-01,LSH007,LCD002,1, ,9000421002,
112,AI010,100290,41590253,376160561A,MNG244,1900-01-01,LSH007,LCD002,1, ,2006421021,
113,AI010,200241,41590400,376162025C,MNG244,1900-01-01,LSH002,LCD002,1, ,3110212021,
114,AI010,500253,41590520,377130168B,MNG244,1900-01-01,LSH000,LCD002,1,30168003,2801031002,
115,AI010,500560,41590520,377130178D,MNG244,1900-01-01,LSH000,LCD002,1,30189040,2703531001,
116,AI010,500664,41590550,377130241C,MNG244,1900-01-01,LSH007,LCD002,1,30251005,9005831320,
117,AI010,500039,41590410,377131136B,MNG244,1900-01-01,LSH002,LCD002,1,31137002,1208231123,
118,AI010,401975,41590520,377130271C,MNG244,2006-04-01,LSH007,LCD999,1, ,9020219002,
119,AI010,401851,41590520,377130281A,MNG244,2006-04-01,LSH007,LCD999,1, ,9020219002,
120,AI010,500297,41590520,377130178B,MNG244,1900-01-01,LSH000,LCD002,1,30178012,2802031001,
121,AI010,401075,41590586,377130714C,MNG244,2006-04-01,LSH022,LCD999,1, ,2805619001,
122,AI010,500007,41590410,376161550D,MNG244,1900-01-01,LSH007,LCD002,1,31151007,9005831131,
123,AI010,2.12E+11,41590259,376161942D,MNG244,2014-12-15,LSH999,LCD004,1,발안도시계획도로(소로1-32호선)개설공사 GIS DB구축 사업,21112150002,
124,AI010,5.11E+11,41590600,377130739A,MNG244,2014-01-01,LSH999,LCD004,1,화성동탄 일반산업단지 조성공사 중 GIS구축,51130739033,
125,AI010,5.11E+11,41590600,377130739A,MNG244,2014-01-01,LSH999,LCD004,1,화성동탄 일반산업단지 조성공사 중 GIS구축,51130739031,
126,AI010,500789,41590570,377130622A,MNG244,2004-01-01,LSH002,LCD002,1,30632004,1331531008,
127,AI010,200176,41590400,376161568B,MNG244,1900-01-01,LSH999,LCD002,1, ,2005712028,
128,AI010,500573,41590570,377130191B,MNG244,1900-01-01,LSH007,LCD002,1,30192002,9012031002,
129,AI010,200083,41590259,376161432B,MNG244,1900-01-01,LSH002,LCD002,1, ,2700112008,
130,AI010,200011,41590360,376160848D,MNG244,1900-01-01,LSH002,LCD002,1, ,2007812070,
131,AI010,401162,41590585,377130706B,MNG244,2006-04-01,LSH022,LCD999,1, ,2807819001,
132,AI010,401586,41590585,377130255B,MNG244,2006-04-01,LSH021,LCD003,1, ,2705619001,
133,AI010,100025,41590253,376160985B,MNG244,1900-01-01,LSH007,LCD002,1, ,9003411001,
134,AI010,500394,41590520,377130168D,MNG244,1900-01-01,LSH000,LCD002,1,30179064,2801031005,
135,AI010,100668,41590570,376160588C,MNG244,1900-01-01,LSH000,LCD002,1,일반형,9002821002,
136,AI010,200184,41590400,376161576A,MNG244,1900-01-01,LSH002,LCD002,1, ,2005712019,
137,AI010,300024,41590310,376122493D,MNG244,1900-01-01,LSH002,LCD002,1, ,1331313006,
138,AI010,500385,41590520,377130168D,MNG244,1900-01-01,LSH000,LCD002,1,30179055,2701031006,
139,AI010,100376,41590253,376160523C,MNG244,1900-01-01,LSH007,LCD002,1, ,9006321001,
140,AI010,820019,41590256,376161734B,MNG244,1900-01-01,LSH007,LCD002,1, ,1107733079,
141,AI010,300168,41590350,376151052C,MNG244,1900-01-01,LSH017,LCD002,1, ,1330513010,
142,AI010,300169,41590350,376151052C,MNG244,1900-01-01,LSH007,LCD002,1, ,1330513008,
143,AI010,401447,41590585,377130273D,MNG244,2006-04-01,LSH022,LCD999,1, ,2702419001,
144,AI010,426048,41590253,376160552C,MNG244,2008-07-24,LSH999,LCD002,1, ,1019042013,
145,AI010,426049,41590253,376160562A,MNG244,2008-07-24,LSH010,LCD002,1, ,1019042048,
146,AI010,401503,41590587,377130291B,MNG244,2006-04-01,LSH022,LCD999,1, ,2801419001,
147,AI010,401976,41590587,377130282A,MNG244,2006-04-01,LSH999,LCD999,1, ,2708219001,
148,AI010,5.11E+11,41590600,377130738B,MNG244,2014-01-01,LSH999,LCD004,1,화성동탄 일반산업단지 조성공사 중 GIS구축,51130738037,
149,AI010,300070,41590320,376160325B,MNG244,1900-01-01,LSH007,LCD002,1, ,2800613006,
150,AI010,300071,41590320,376160325D,MNG244,1900-01-01,LSH007,LCD002,1, ,2800613006,
151,AI010,300101,41590320,376160325C,MNG244,1900-01-01,LSH007,LCD002,1, ,2006913002,
152,AI010,300102,41590320,376160323D,MNG244,1900-01-01,LSH017,LCD002,1, ,2006913014,
153,AI010,200206,41590400,376162015A,MNG244,1900-01-01,LSH002,LCD002,1, ,2005712004,
154,AI010,100496,41590253,376160597A,MNG244,1900-01-01,LSH000,LCD002,1,신형,9002421002,
155,AI010,500693,41590520,377130271B,MNG244,1900-01-01,LSH002,LCD002,1,30271003,1208431067,
156,AI010,500669,41590550,377130253A,MNG244,1900-01-01,LSH007,LCD002,1,30253003,9005831303,
157,AI010,100747,41590560,376160559B,MNG244,1900-01-01,LSH007,LCD002,1, ,3220621019,
158,AI010,401581,41590585,377130255A,MNG244,2006-04-01,LSH021,LCD003,1, ,2705419001,
159,AI010,401580,41590585,377130255A,MNG244,2006-04-01,LSH021,LCD003,1, ,2705419001,
160,AI010,401579,41590585,377130255A,MNG244,2006-04-01,LSH021,LCD003,1, ,2705419001,
161,AI010,401576,41590585,377130254B,MNG244,2006-04-01,LSH021,LCD003,1, ,2705419001,
162,AI010,401577,41590585,377130254B,MNG244,2006-04-01,LSH021,LCD003,1, ,2705419001,
163,AI010,401578,41590585,377130254B,MNG244,2006-04-01,LSH021,LCD003,1, ,2705419001,
164,AI010,401176,41590586,377130706A,MNG244,2006-04-01,LSH022,LCD999,1, ,2807719001,
165,AI010,401332,41590587,377130282A,MNG244,2006-04-01,LSH999,LCD999,1, ,2708219001,
166,AI010,2.12E+11,41590262,376160274C,MNG244,2013-11-01,LSH002,LCD004,1,남양도시계획도로(소로2-9호선)개설공사 GIS DB구축 사업,21160274002,
167,AI010,426038,41590253,376160562D,MNG244,2008-07-24,LSH010,LCD002,1, ,1019042029,
168,AI010,500656,41590550,377130160B,MNG244,1900-01-01,LSH002,LCD002,1,30251009,3110431003,
169,AI010,500797,41590520,377130100D,MNG244,1900-01-01,LSH007,LCD002,1,30701001,9015731007,
170,AI010,500818,41590253,376160470B,MNG244,1900-01-01,LSH007,LCD002,1, ,1004311086,
171,AI010,100729,41590560,376160560A,MNG244,1900-01-01,LSH007,LCD002,1, ,3330221010,
172,AI010,500711,41590570,377130605B,MNG244,1900-01-01,LSH002,LCD002,1,30606004,2600731014,
173,AI010,500008,41590410,376161550D,MNG244,1900-01-01,LSH007,LCD002,1,31151008,9005831131,
174,AI010,500651,41590550,377130234C,MNG244,1900-01-01,LSH999,LCD002,1,30244006,1331531054,
175,AI010,500423,41590570,377130171D,MNG244,1900-01-01,LSH002,LCD002,1,30182015,2400631002,
176,AI010,500101,41590410,377130684B,MNG244,1900-01-01,LSH007,LCD002,1,30685003,3220331107,
177,AI010,401836,41590587,377130701B,MNG244,2006-04-01,LSH022,LCD999,1, ,9010919001,
178,AI010,100605,41590410,376161068A,MNG244,1900-01-01,LSH002,LCD002,1, ,9006411003,
179,AI010,100757,41590560,376160559C,MNG244,1900-01-01,LSH007,LCD002,1, ,3220621012,
180,AI010,500807,41590253,376160470B,MNG244,1900-01-01,LSH007,LCD002,1, ,2006431025,
181,AI010,500800,41590520,377130100D,MNG244,1900-01-01,LSH007,LCD002,1,30701004,9015631004,
182,AI010,100291,41590253,376160561A,MNG244,1900-01-01,LSH000,LCD002,1,일반형,2006421022,
183,AI010,500100,41590410,377130684B,MNG244,1900-01-01,LSH007,LCD002,1,30685004,3220331104,
184,AI010,401386,41590587,377130262C,MNG244,2006-04-01,LSH022,LCD999,1, ,2701419001,
185,AI010,100679,41590570,376160598A,MNG244,1900-01-01,LSH002,LCD002,1, ,9001521004,
186,AI010,100693,41590560,376160547C,MNG244,1900-01-01,LSH007,LCD002,1, ,9010921013,
187,AI010,401175,41590586,377130706A,MNG244,2006-04-01,LSH022,LCD999,1, ,2808319001,
188,AI010,401965,41590587,377130701B,MNG244,2006-04-01,LSH022,LCD999,1, ,2200819010,
189,AI010,500034,41590410,376161540D,MNG244,1900-01-01,LSH007,LCD002,1,31141002,9005831127,
190,AI010,100210,41590410,376161076A,MNG244,1900-01-01,LSH010,LCD002,1, ,1331011022,
191,AI010,500459,41590570,377130185A,MNG244,1900-01-01,LSH002,LCD002,1,30185004,2501031004,
192,AI010,100087,41590253,376160939A,MNG244,1900-01-01,LSH007,LCD002,1, ,9004211003,
193,AI010,99920150050,41590259,376161435C,MNG244,1990-01-01,LSH000,LCD000,1, ,99920150390,
194,AI010,99920150051,41590259,376161435C,MNG244,1990-01-01,LSH000,LCD000,1, ,99920150390,
195,AI010,99920150052,41590259,376161435C,MNG244,1990-01-01,LSH000,LCD000,1, ,99920150390,
196,AI010,99920150053,41590259,376161435C,MNG244,1990-01-01,LSH000,LCD000,1, ,99920150390,
197,AI010,99920150054,41590259,376161435C,MNG244,1990-01-01,LSH000,LCD000,1, ,99920150390,
198,AI010,99920150055,41590259,376161435C,MNG244,1990-01-01,LSH000,LCD000,1, ,99920150390,
199,AI010,401819,41590585,377130274C,MNG244,2006-04-01,LSH022,LCD999,1, ,2703319001,
200,AI010,401086,41590586,377130714A,MNG244,2006-04-01,LSH022,LCD999,1, ,2805819001,
201,AI010,500089,41590410,377130692B,MNG244,1900-01-01,LSH007,LCD002,1,30693003,3220231107,
202,AI010,401426,41590585,377130273D,MNG244,2006-04-01,LSH022,LCD999,1, ,2702719001,
203,AI010,401427,41590585,377130273D,MNG244,2006-04-01,LSH022,LCD999,1, ,2702719001,
204,AI010,426046,41590253,376160562A,MNG244,2008-07-24,LSH010,LCD002,1, ,1019042048,
205,AI010,426017,41590253,376160561C,MNG244,2008-07-24,LSH999,LCD002,1, ,1012642001,
206,AI010,401473,41590587,377130262C,MNG244,2006-04-01,LSH022,LCD999,1, ,2600119001,
207,AI010,500299,41590520,377130178A,MNG244,1900-01-01,LSH000,LCD002,1,30178014,2701731001,
208,AI010,200296,41590259,376161442A,MNG244,1900-01-01,LSH002,LCD002,1, ,2600112017,
209,AI010,500717,41590530,377130198D,MNG244,1900-01-01,LSH007,LCD002,1,30608002,2400431008,
210,AI010,500611,41590530,377130198A,MNG244,2004-01-01,LSH007,LCD002,1,30198033,2600431004,
211,AI010,401801,41590585,377130274C,MNG244,2006-04-01,LSH010,LCD999,1, ,2702219001,
212,AI010,300001,41590310,376122492A,MNG244,1900-01-01,LSH017,LCD002,1, ,1208413001,
213,AI010,300002,41590310,376122492B,MNG244,1900-01-01,LSH007,LCD002,1, ,1208413002,
214,AI010,300003,41590310,376122492A,MNG244,1900-01-01,LSH002,LCD002,1, ,1208413001,
215,AI010,500727,41590530,377130198C,MNG244,1900-01-01,LSH007,LCD002,1,30608012,9016531003,
216,AI010,401346,41590585,377130283B,MNG244,2006-04-01,LSH022,LCD999,1, ,2803619001,
217,AI010,100327,41590253,376160551C,MNG244,1900-01-01,LSH000,LCD002,1, ,2800321003,
218,AI010,500558,41590520,377130179A,MNG244,1900-01-01,LSH000,LCD002,1,30189038,2703531002,
219,AI010,5.11E+11,41590600,377130739C,MNG244,2014-01-01,LSH999,LCD004,1,화성동탄 일반산업단지 조성공사 중 GIS구축,51130739016,
220,AI010,500104,41590410,377130672C,MNG244,1900-01-01,LSH007,LCD002,1,30682003,9000331107,
221,AI010,500752,41590530,377130199C,MNG244,1900-01-01,LSH007,LCD002,1,30609022,9014331001,
222,AI010,200183,41590400,376161566D,MNG244,1900-01-01,LSH007,LCD002,1, ,2005712020,
223,AI010,500231,41590520,377130148B,MNG244,1900-01-01,LSH007,LCD002,1,30159002,9008231001,
224,AI010,401120,41590586,377130706D,MNG244,2006-04-01,LSH022,LCD999,1, ,2809119003,
225,AI010,401110,41590586,377130707C,MNG244,2006-04-01,LSH022,LCD999,1, ,2809119003,
226,AI010,401109,41590586,377130707C,MNG244,2006-04-01,LSH022,LCD999,1, ,2809119003,
227,AI010,401108,41590586,377130707C,MNG244,2006-04-01,LSH022,LCD999,1, ,2809119003,
228,AI010,300104,41590320,376160325C,MNG244,1900-01-01,LSH002,LCD002,1, ,2006913003,
229,AI010,500135,41590520,377130136D,MNG244,1900-01-01,LSH002,LCD002,1,30147001,3220131003,
230,AI010,100411,41590253,376160556C,MNG244,1900-01-01,LSH002,LCD002,1, ,1208421029,
231,AI010,5.11E+11,41590600,377130738B,MNG244,2014-01-01,LSH999,LCD004,1,화성동탄 일반산업단지 조성공사 중 GIS구축,51130738037,
232,AI010,100361,41590253,376160522C,MNG244,1900-01-01,LSH002,LCD002,1, ,9007321003,
233,AI010,500788,41590410,377130621D,MNG244,1900-01-01,LSH007,LCD002,1,30632001,9012831004,
234,AI010,500116,41590410,377130672A,MNG244,1900-01-01,LSH007,LCD002,1,30672002,1331031137,
235,AI010,200229,41590400,376161929A,MNG244,1900-01-01,LSH002,LCD002,1, ,1104312010,
236,AI010,300114,41590340,376150577B,MNG244,1900-01-01,LSH002,LCD002,1, ,2800313006,
237,AI010,300115,41590340,376150577B,MNG244,1900-01-01,LSH007,LCD002,1, ,2800313007,
238,AI010,100838,41590560,376160547B,MNG244,1900-01-01,LSH002,LCD002,1, ,9011221003,
239,AI010,100727,41590560,376160560A,MNG244,1900-01-01,LSH007,LCD002,1, ,3330221009,
240,AI010,500266,41590520,377130160C,MNG244,1999-01-01,LSH007,LCD002,1,30170007,9007431305,
241,AI010,500282,41590520,377130177B,MNG244,1900-01-01,LSH002,LCD002,1,30177002,9013131004,
242,AI010,401442,41590585,377130283C,MNG244,2006-04-01,LSH022,LCD999,1, ,2500919001,
243,AI010,200249,41590400,376162035A,MNG244,1900-01-01,LSH007,LCD002,1, ,3110212019,
244,AI010,500165,41590520,377130129C,MNG244,1900-01-01,LSH007,LCD002,1,30139008,3220131010,
245,AI010,100844,41590560,376160537D,MNG244,1900-01-01,LSH007,LCD002,1, ,9011021002,
246,AI010,100289,41590253,376160561C,MNG244,1900-01-01,LSH000,LCD002,1,일반형,2006421020,
247,AI010,402014,41590540,377130271A,MNG244,2006-06-20,LSH999,LCD002,1, ,2900844324,
248,AI010,100706,41590560,376160548C,MNG244,1900-01-01,LSH000,LCD002,1, ,9010921006,
249,AI010,100638,41590410,376161077B,MNG244,1996-01-01,LSH007,LCD002,1, ,1331511013,
250,AI010,200145,41590259,376161442C,MNG244,1900-01-01,LSH002,LCD002,1, ,2007812002,
251,AI010,401675,41590585,377130256C,MNG244,2006-04-01,LSH021,LCD003,1, ,2807419002,
252,AI010,500161,41590520,377130138B,MNG244,1900-01-01,LSH007,LCD002,1,30139004,3220131005,
253,AI010,200008,41590360,376160828C,MNG244,1900-01-01,LSH002,LCD002,1, ,2007812086,
254,AI010,500728,41590530,377130198C,MNG244,1900-01-01,LSH002,LCD002,1,30608013,9016431002,
255,AI010,500399,41590520,377130168D,MNG244,1900-01-01,LSH000,LCD002,1,30179069,2701031007,
256,AI010,100631,41590570,376160599C,MNG244,1900-01-01,LSH007,LCD002,1, ,9009211002,
257,AI010,100259,41590253,376160521B,MNG244,1900-01-01,LSH000,LCD002,1, ,9006721004,
258,AI010,100403,41590253,376160552A,MNG244,1900-01-01,LSH000,LCD002,1, ,9003421002,
259,AI010,5.11E+11,41590600,377130738D,MNG244,2014-01-01,LSH999,LCD004,1,화성동탄 일반산업단지 조성공사 중 GIS구축,51130738007,
260,AI010,5.11E+11,41590600,377130739A,MNG244,2014-01-01,LSH999,LCD004,1,화성동탄 일반산업단지 조성공사 중 GIS구축,51130739011,
261,AI010,100696,41590560,376160546D,MNG244,1900-01-01,LSH007,LCD002,1, ,9008021003,
262,AI010,500450,41590570,377130172D,MNG244,1900-01-01,LSH002,LCD002,1,30183019,2400731003,
263,AI010,2.12E+11,41590253,376160523C,MNG244,2012-06-01,LSH007,LCD004,1,봉담읍 수영리 교차로 개선사업 GIS DB구축,21160523021,
264,AI010,2.12E+11,41590253,376160523A,MNG244,2012-06-01,LSH999,LCD004,1,봉담읍 수영리 교차로 개선사업 GIS DB구축,21160523015,
265,AI010,401611,41590585,377130264B,MNG244,2006-04-01,LSH021,LCD003,1, ,2705419001,
266,AI010,401612,41590585,377130264B,MNG244,2006-04-01,LSH021,LCD003,1, ,2705419001,
267,AI010,401613,41590585,377130264B,MNG244,2006-04-01,LSH021,LCD003,1, ,2705419001,
268,AI010,300074,41590320,376160325D,MNG244,1900-01-01,LSH007,LCD002,1, ,2800113028,
269,AI010,100665,41590570,376160588C,MNG244,2003-01-01,LSH002,LCD002,1, ,1332221008,
270,AI010,100159,41590410,376161061A,MNG244,1900-01-01,LSH007,LCD002,1, ,2006711031,
271,AI010,300038,41590310,376160403A,MNG244,1900-01-01,LSH002,LCD002,1, ,2800731001,
272,AI010,401954,41590586,377130726A,MNG244,2006-04-01,LSH022,LCD999,1, ,2806819001,
273,AI010,401936,41590586,377130726A,MNG244,2006-04-01,LSH022,LCD999,1, ,2806819001,
274,AI010,401888,41590586,377130726A,MNG244,2006-04-01,LSH022,LCD999,1, ,2806719001,
275,AI010,401887,41590586,377130726A,MNG244,2006-04-01,LSH022,LCD999,1, ,2806719001,
276,AI010,401737,41590585,377130284B,MNG244,2006-04-01,LSH010,LCD999,1, ,2708519001,
277,AI010,500715,41590530,377130197C,MNG244,1900-01-01,LSH007,LCD002,1,30607002,9016531007,
278,AI010,500230,41590520,377130148B,MNG244,1900-01-01,LSH007,LCD002,1,30159003,9008231005,
279,AI010,401462,41590587,377130273B,MNG244,2006-04-01,LSH022,LCD999,1, ,2800719001,
280,AI010,401461,41590587,377130273B,MNG244,2006-04-01,LSH022,LCD999,1, ,2800719001,
281,AI010,200147,41590259,376161442C,MNG244,1900-01-01,LSH002,LCD002,1, ,2007812002,
282,AI010,401616,41590585,377130265A,MNG244,2006-04-01,LSH021,LCD003,1, ,2705819004,
283,AI010,401274,41590585,377130292B,MNG244,2006-04-01,LSH022,LCD999,1, ,2705119001,
284,AI010,1.22E+13,41590256,376162140D,MNG244,2017-09-10,LSH002,LCD004,1,시도79호선 도로확포장공사 GIS DB 구축용역,1.22E+13,
285,AI010,4.22E+13,41590570,377130611A,MNG244,2017-12-30,LSH023,LCD005,1,화산도시계획도로 소로1-23호선 개설공사 GIS DB 구축용역,4.22E+13,
286,AI010,4.22E+13,41590570,377130611A,MNG244,2017-12-30,LSH023,LCD005,1,화산도시계획도로 소로1-23호선 개설공사 GIS DB 구축용역,4.22E+13,
287,AI010,4.22E+13,41590570,377130611A,MNG244,2017-12-30,LSH023,LCD005,1,화산도시계획도로 소로1-23호선 개설공사 GIS DB 구축용역,4.22E+13,
288,AI010,401065,41590586,377130714C,MNG244,2006-04-01,LSH022,LCD999,1, ,2805819005,
289,AI010,401364,41590585,377130283A,MNG244,2006-04-01,LSH022,LCD999,1, ,2803319003,
290,AI010,2.12E+11,41590259,376161942C,MNG244,2014-12-15,LSH999,LCD004,1,발안도시계획도로(소로1-32호선)개설공사 GIS DB구축 사업,21112150002,
291,AI010,200016,41590360,376160859A,MNG244,1900-01-01,LSH007,LCD002,1, ,2007812059,
292,AI010,500060,41590410,377131126A,MNG244,1900-01-01,LSH007,LCD002,1,31126002,9001231102,
293,AI010,401618,41590585,377130265A,MNG244,2006-04-01,LSH021,LCD003,1, ,2705919001,
294,AI010,401619,41590585,377130265A,MNG244,2006-04-01,LSH021,LCD003,1, ,2705919001,
295,AI010,500559,41590520,377130178D,MNG244,1900-01-01,LSH000,LCD002,1,30189039,2703531001,
296,AI010,401071,41590586,377130714C,MNG244,2006-04-01,LSH022,LCD999,1, ,2805619001,
297,AI010,401809,41590585,377130274C,MNG244,2006-04-01,LSH022,LCD999,1, ,2703819001,
298,AI010,401810,41590585,377130274C,MNG244,2006-04-01,LSH022,LCD999,1, ,2703819001,
299,AI010,500237,41590520,377130160A,MNG244,1900-01-01,LSH007,LCD002,1,30160005,9007531301,
300,AI010,500753,41590520,377130100C,MNG244,1900-01-01,LSH007,LCD002,1,30610001,9015631007,
301,AI010,100609,41590570,376160598C,MNG244,1900-01-01,LSH007,LCD002,1, ,9007811005,
302,AI010,100855,41590253,376160576A,MNG244,1900-01-01,LSH000,LCD002,1, ,2711321001,
303,AI010,500069,41590410,377131115C,MNG244,1900-01-01,LSH007,LCD002,1,31125001,1331431134,
304,AI010,100250,41590253,376160479B,MNG244,1900-01-01,LSH002,LCD002,1, ,1104311076,
305,AI010,500532,41590520,377130179C,MNG244,1900-01-01,LSH000,LCD002,1,30189012,2803731001,
306,AI010,200228,41590400,376161929A,MNG244,1900-01-01,LSH002,LCD002,1,가오스(신),1104312011,
307,AI010,99920150200,41590330,376151018D,MNG244,1990-01-01,LSH000,LCD000,1, ,99920150650,
308,AI010,99920150147,41590310,376160410B,MNG244,1990-01-01,LSH000,LCD000,1, ,99920150550,
309,AI010,99920150193,41590350,376151072B,MNG244,1990-01-01,LSH000,LCD000,1, ,99920150664,
310,AI010,99920150194,41590350,376151062D,MNG244,1990-01-01,LSH000,LCD000,1, ,99920150664,
311,AI010,99920150207,41590340,376150584D,MNG244,1990-01-01,LSH000,LCD000,1, ,99920150610,
312,AI010,99920150208,41590340,376150584B,MNG244,1990-01-01,LSH000,LCD000,1, ,99920150610,
313,AI010,401522,41590587,377130291D,MNG244,2006-04-01,LSH022,LCD999,1, ,2801619001,
314,AI010,401518,41590587,377130291D,MNG244,2006-04-01,LSH022,LCD999,1, ,2801619001,
315,AI010,8.89E+11,41590259,376161462D,MNG244,2016-01-01,LSH030,LCD002,1,화성 향남 2지구 도로 및 지하시설물 DB 구축(20170831),614621699,
316,AI010,100221,41590310,376160429B,MNG244,1900-01-01,LSH000,LCD002,1, ,3110121006,
317,AI010,5.11E+11,41590600,377130739C,MNG244,2014-01-01,LSH999,LCD004,1,화성동탄 일반산업단지 조성공사 중 GIS구축,51130739020,
318,AI010,5.11E+11,41590600,377130738D,MNG244,2014-01-01,LSH999,LCD004,1,화성동탄 일반산업단지 조성공사 중 GIS구축,51130738006,
319,AI010,401429,41590585,377130273D,MNG244,2006-04-01,LSH022,LCD999,1, ,2705519001,
320,AI010,401608,41590585,377130255D,MNG244,2006-04-01,LSH021,LCD003,1, ,2705719003,
321,AI010,401609,41590585,377130255D,MNG244,2006-04-01,LSH021,LCD003,1, ,2705719003,
322,AI010,401854,41590585,377130256C,MNG244,2006-04-01,LSH021,LCD003,1, ,2807419001,
323,AI010,8.89E+11,41590259,376161463C,MNG244,2016-01-01,LSH999,LCD002,1,화성 향남 2지구 도로 및 지하시설물 DB 구축(20170831),614631703,
324,AI010,5.11E+11,41590600,377130739A,MNG244,2014-01-01,LSH999,LCD004,1,화성동탄 일반산업단지 조성공사 중 GIS구축,51130739034,
325,AI010,401627,41590585,377130265B,MNG244,2006-04-01,LSH021,LCD003,1, ,2705419001,
326,AI010,500393,41590520,377130168D,MNG244,1900-01-01,LSH000,LCD002,1,30179063,2801031005,
327,AI010,300137,41590340,376150577B,MNG244,2005-01-01,LSH007,LCD002,1, ,2800113037,
328,AI010,401912,41590585,377130283C,MNG244,2006-04-01,LSH022,LCD999,1, ,2804419001,
329,AI010,401133,41590586,377130706D,MNG244,2006-04-01,LSH022,LCD999,1, ,2809019005,
330,AI010,100683,41590560,376160556B,MNG244,1900-01-01,LSH007,LCD002,1, ,9008421005,
331,AI010,100062,41590253,376160918B,MNG244,1900-01-01,LSH010,LCD002,1, ,1104311054,
332,AI010,100517,41590253,376161007A,MNG244,2001-01-01,LSH002,LCD002,1, ,2006411002,
333,AI010,401540,41590587,377130291A,MNG244,2006-04-01,LSH022,LCD999,1, ,2801219001,
334,AI010,500433,41590570,377130183A,MNG244,1900-01-01,LSH007,LCD002,1,30183002,9010731001,
335,AI010,401135,41590586,377130706D,MNG244,2006-04-01,LSH022,LCD999,1, ,2809019003,
336,AI010,401020,41590586,377130716B,MNG244,2006-04-01,LSH010,LCD999,1, ,2709419002,
337,AI010,100551,41590410,376161517A,MNG244,1996-01-01,LSH007,LCD002,1, ,3330311006,
338,AI010,100566,41590410,376161529A,MNG244,1900-01-01,LSH007,LCD002,1, ,9005811015,
339,AI010,500042,41590410,377131126C,MNG244,1900-01-01,LSH007,LCD002,1,31136010,9001331103,
340,AI010,100640,41590410,376161087A,MNG244,1996-01-01,LSH999,LCD002,1,원형투구형,1331511010,
341,AI010,500462,41590570,377130185A,MNG244,1900-01-01,LSH007,LCD002,1,30185007,3110531005,
342,AI010,100832,41590253,376160586D,MNG244,1900-01-01,LSH007,LCD002,1, ,9002621007,
343,AI010,500184,41590520,377130147B,MNG244,1900-01-01,LSH002,LCD002,1,30148007,9008831004,
344,AI010,500199,41590520,377130146C,MNG244,1900-01-01,LSH002,LCD002,1,30156002,9008831001,
345,AI010,500703,41590570,377130601A,MNG244,1900-01-01,LSH007,LCD002,1,30601003,2709531002,
346,AI010,100636,41590410,376161077B,MNG244,1996-01-01,LSH010,LCD002,1, ,1331511013,
347,AI010,500425,41590570,377130171D,MNG244,1900-01-01,LSH007,LCD002,1,30182017,3330231001,
348,AI010,500298,41590520,377130178B,MNG244,1900-01-01,LSH000,LCD002,1,30178013,2802031001,
349,AI010,200180,41590400,376161567B,MNG244,1900-01-01,LSH002,LCD002,1, ,2005712022,
350,AI010,1.22E+13,41590350,376150875B,MNG244,2015-06-01,LSH002,LCD004,1,서신 도시계획도로(소로1-7호선)개설공사 GIS DB 구축용역,1.22E+13,
351,AI010,1.22E+13,41590350,376150875B,MNG244,2015-06-01,LSH018,LCD004,1,서신 도시계획도로(소로1-7호선)개설공사 GIS DB 구축용역,1.22E+13,
352,AI010,300029,41590310,376122495D,MNG244,1900-01-01,LSH002,LCD002,1, ,1208413019,
353,AI010,401688,41590585,377130256A,MNG244,2006-04-01,LSH022,LCD999,1, ,2810119001,
354,AI010,401319,41590587,377130273A,MNG244,2006-04-01,LSH022,LCD999,1, ,2800619001,
355,AI010,401357,41590585,377130283C,MNG244,2006-04-01,LSH022,LCD999,1, ,2803819001,
356,AI010,500418,41590570,377130172C,MNG244,1900-01-01,LSH002,LCD002,1,30182009,2400731002,
357,AI010,500094,41590410,377130684B,MNG244,1900-01-01,LSH007,LCD002,1,30685001,3220331105,
358,AI010,401033,41590586,377130725B,MNG244,2006-04-01,LSH022,LCD999,1, ,2809819001,
359,AI010,100873,41590560,376160557A,MNG244,2001-01-01,LSH002,LCD002,1, ,2007021028,
360,AI010,401958,41590259,376161431D,MNG244,2004-07-31,LHS017,LCD002,1, ,2806891003,
361,AI010,300124,41590340,376150578A,MNG244,1900-01-01,LSH002,LCD002,1, ,2800313013,
362,AI010,5.11E+11,41590600,377130739C,MNG244,2014-01-01,LSH999,LCD004,1,화성동탄 일반산업단지 조성공사 중 GIS구축,51130739019,
363,AI010,5.11E+11,41590600,377130739C,MNG244,2014-01-01,LSH999,LCD004,1,화성동탄 일반산업단지 조성공사 중 GIS구축,51130739019,
364,AI010,5.11E+11,41590600,377130739C,MNG244,2014-01-01,LSH999,LCD004,1,화성동탄 일반산업단지 조성공사 중 GIS구축,51130739013,
365,AI010,5.11E+11,41590600,377130739C,MNG244,2014-01-01,LSH999,LCD004,1,화성동탄 일반산업단지 조성공사 중 GIS구축,51130739013,
366,AI010,500387,41590520,377130168D,MNG244,1900-01-01,LSH000,LCD002,1,30179057,2801331001,
367,AI010,100723,41590560,376160559B,MNG244,1900-01-01,LSH007,LCD002,1, ,3220621019,
368,AI010,200181,41590400,376161567D,MNG244,1900-01-01,LSH002,LCD002,1, ,2005712023,
369,AI010,200260,41590400,376161939D,MNG244,1900-01-01,LSH007,LCD002,1, ,1104312002,
370,AI010,100718,41590560,376160549D,MNG244,1900-01-01,LSH000,LCD002,1, ,3220621022,
371,AI010,401056,41590586,377130714D,MNG244,2006-04-01,LSH022,LCD999,1, ,2805619001,
372,AI010,500811,41590253,376160470B,MNG244,1900-01-01,LSH002,LCD002,1, ,2006431024,
373,AI010,500170,41590520,377130146A,MNG244,1900-01-01,LSH002,LCD002,1,30146001,3220131002,
374,AI010,810040,41590262,376160283B,MNG244,1900-01-01,LSH007,LCD002,1, ,1107733327,
375,AI010,300040,41590310,376160403A,MNG244,1900-01-01,LSH002,LCD002,1, ,1331313003,
376,AI010,100779,41590570,376160587A,MNG244,1900-01-01,LSH002,LCD002,1, ,9003921006,
377,AI010,500203,41590520,377130146D,MNG244,1900-01-01,LSH002,LCD002,1,30157009,9008831002,
378,AI010,100171,41590410,376161004D,MNG244,1900-01-01,LSH007,LCD002,1, ,9007111004,
379,AI010,401702,41590585,377130256A,MNG244,2006-04-01,LSH022,LCD999,1, ,2810319001,
380,AI010,401700,41590585,377130256A,MNG244,2006-04-01,LSH022,LCD999,1, ,2810319001,
381,AI010,1.00E+12,41590256,376161725B,MNG244,2010-01-01,LSH000,LCD002,1, ,99617250008,
382,AI010,500395,41590520,377130168D,MNG244,1900-01-01,LSH000,LCD002,1,30179065,2701131004,
383,AI010,2.12E+11,41590259,376161942B,MNG244,2014-12-15,LSH999,LCD004,1,발안도시계획도로(소로1-32호선)개설공사 GIS DB구축 사업,21112150002,
384,AI010,2.12E+11,41590259,376161942B,MNG244,2014-12-15,LSH999,LCD004,1,발안도시계획도로(소로1-32호선)개설공사 GIS DB구축 사업,21112150002,
385,AI010,2.12E+11,41590259,376161941D,MNG244,2014-12-15,LSH999,LCD004,1,발안도시계획도로(소로1-32호선)개설공사 GIS DB구축 사업,21112150002,
386,AI010,401905,41590585,377130293A,MNG244,2006-04-01,LSH022,LCD999,1, ,2705119001,
387,AI010,401271,41590585,377130293A,MNG244,2006-04-01,LSH022,LCD999,1, ,2705119001,
388,AI010,401272,41590585,377130293A,MNG244,2006-04-01,LSH022,LCD999,1, ,2705119001,
389,AI010,100787,41590570,376160577C,MNG244,1900-01-01,LSH007,LCD002,1, ,9003921004,
390,AI010,500588,41590570,377130184D,MNG244,1900-01-01,LSH002,LCD002,1,30194010,9011231004,
391,AI010,200072,41590259,376161433A,MNG244,1900-01-01,LSH002,LCD002,1, ,2700112009,
392,AI010,500044,41590410,377131125D,MNG244,1900-01-01,LSH007,LCD002,1,31136008,9001431104,
393,AI010,99920150105,41590256,376161199C,MNG244,1990-01-01,LSH000,LCD000,1, ,99920150512,
394,AI010,810025,41590262,376160274B,MNG244,1900-01-01,LSH019,LCD002,1, ,1107733339,
395,AI010,810026,41590262,376160274C,MNG244,1900-01-01,LSH007,LCD002,1, ,2900633309,
396,AI010,810105,41590256,376161734A,MNG244,1900-01-01,LSH007,LCD002,1, ,2800333020,
397,AI010,99920150088,41590370,376161394D,MNG244,1990-01-01,LSH000,LCD000,1, ,99920150705,
398,AI010,401477,41590587,377130262D,MNG244,2006-04-01,LSH022,LCD999,1, ,2700519003,
399,AI010,401625,41590585,377130265A,MNG244,2006-04-01,LSH021,LCD003,1, ,2705419001,
400,AI010,401781,41590585,377130283B,MNG244,2006-04-01,LSH010,LCD999,1, ,2702119005,
401,AI010,200092,41590259,376161432C,MNG244,1900-01-01,LSH007,LCD002,1, ,2802512001,
402,AI010,401904,41590586,377130726A,MNG244,2006-04-01,LSH022,LCD999,1, ,2806819001,
403,AI010,810007,41590262,376160283B,MNG244,1900-01-01,LSH018,LCD002,1, ,2800233282,
404,AI010,100114,41590253,376160978B,MNG244,1900-01-01,LSH007,LCD002,1, ,9003511004,
405,AI010,500798,41590520,377130100D,MNG244,1900-01-01,LSH007,LCD002,1,30701002,9015731005,
406,AI010,401603,41590585,377130254D,MNG244,2006-04-01,LSH021,LCD003,1, ,2705419001,
407,AI010,100351,41590253,376160521D,MNG244,1900-01-01,LSH000,LCD002,1, ,3220321004,
408,AI010,401190,41590586,377130706A,MNG244,2006-04-01,LSH022,LCD999,1, ,2808119003,
409,AI010,401687,41590585,377130256A,MNG244,2006-04-01,LSH022,LCD999,1, ,2810119001,
410,AI010,100492,41590253,376160597B,MNG244,2003-01-01,LSH000,LCD002,1, ,1332221004,
411,AI010,401344,41590585,377130283C,MNG244,2006-04-01,LSH022,LCD999,1, ,2803619001,
412,AI010,401749,41590585,377130284A,MNG244,2006-04-01,LSH022,LCD999,1, ,2704319001,
413,AI010,2.12E+11,41590259,376161423C,MNG244,2014-06-01,LSH002,LCD004,1,발안도시계획도로(2-1호선) 지하매설물 GIS DB 구축 용역,21161423014,
414,AI010,2.12E+11,41590259,376161423C,MNG244,2014-06-01,LSH002,LCD004,1,발안도시계획도로(2-1호선) 지하매설물 GIS DB 구축 용역,21161423014,
415,AI010,401862,41590586,377130726C,MNG244,2006-04-01,LSH010,LCD999,1, ,2905519001,
416,AI010,401861,41590586,377130726C,MNG244,2006-04-01,LSH010,LCD999,1, ,2905519001,
417,AI010,401860,41590586,377130726C,MNG244,2006-04-01,LSH010,LCD999,1, ,2905519001,
418,AI010,401859,41590586,377130726C,MNG244,2006-04-01,LSH010,LCD999,1, ,2905519001,
419,AI010,401865,41590586,377130726A,MNG244,2006-04-01,LSH010,LCD999,1, ,2905519001,
420,AI010,401864,41590586,377130726A,MNG244,2006-04-01,LSH010,LCD999,1, ,2905519001,
421,AI010,401863,41590586,377130726A,MNG244,2006-04-01,LSH010,LCD999,1, ,2905519001,
422,AI010,500079,41590410,377131103A,MNG244,1900-01-01,LSH007,LCD002,1,31113001,3220631102,
423,AI010,99920150168,41590262,376160705D,MNG244,1990-01-01,LSH000,LCD000,1, ,99920150597,
424,AI010,100330,41590253,376160551C,MNG244,1900-01-01,LSH000,LCD002,1, ,9005121003,
425,AI010,300108,41590340,376150568C,MNG244,1992-01-01,LSH007,LCD002,1, ,2801213004,
426,AI010,100428,41590253,376160566A,MNG244,1900-01-01,LSH000,LCD002,1,2EA,1208421031,
427,AI010,401397,41590587,377130261D,MNG244,2006-04-01,LSH022,LCD999,1, ,2700619003,
428,AI010,401392,41590587,377130271B,MNG244,2006-04-01,LSH022,LCD999,1, ,2700619003,
429,AI010,401757,41590585,377130284A,MNG244,2006-04-01,LSH022,LCD999,1, ,2703419007,
430,AI010,100379,41590253,376160522D,MNG244,1900-01-01,LSH002,LCD002,1, ,9006321001,
431,AI010,401706,41590585,377130255C,MNG244,2006-04-01,LSH999,LCD999,1, ,2705619001,
432,AI010,100277,41590253,376160541D,MNG244,1900-01-01,LSH002,LCD002,1, ,1104321009,
433,AI010,500453,41590570,377130183B,MNG244,1900-01-01,LSH002,LCD002,1,30184002,1333831007,
434,AI010,100387,41590560,376160545B,MNG244,1900-01-01,LSH000,LCD002,1,확산형,9008021002,
435,AI010,99920150181,41590262,376160257D,MNG244,1990-01-01,LSH000,LCD000,1, ,99920150570,
436,AI010,100803,41590570,376160587A,MNG244,1900-01-01,LSH002,LCD002,1, ,9002721004,
437,AI010,200058,41590259,376161421D,MNG244,1900-01-01,LSH002,LCD002,1, ,2400112004,
438,AI010,2.12E+11,41590259,376161942D,MNG244,2014-12-15,LSH999,LCD004,1,발안도시계획도로(소로1-32호선)개설공사 GIS DB구축 사업,21112150002,
439,AI010,5.11E+11,41590600,377130738D,MNG244,2014-01-01,LSH999,LCD004,1,화성동탄 일반산업단지 조성공사 중 GIS구축,51130738004,
440,AI010,402030,41590540,377130170C,MNG244,2006-06-20,LSH999,LCD002,1, ,2900544320,
441,AI010,401798,41590585,377130274C,MNG244,2006-04-01,LSH010,LCD999,1, ,2702219001,
442,AI010,99920150156,41590262,376160831C,MNG244,1990-01-01,LSH000,LCD000,1, ,99920150685,
443,AI010,200150,41590259,376161548C,MNG244,1900-01-01,LSH002,LCD002,1, ,1208212034,
444,AI010,500081,41590410,377130693C,MNG244,1900-01-01,LSH007,LCD002,1,31103001,1331431119,
445,AI010,100125,41590253,376160948A,MNG244,1900-01-01,LSH002,LCD002,1, ,1104311027,
446,AI010,500155,41590520,377130138B,MNG244,1900-01-01,LSH002,LCD002,1,30138002,3220131003,
447,AI010,100781,41590570,376160577C,MNG244,1900-01-01,LSH000,LCD002,1, ,9002721004,
448,AI010,500449,41590570,377130172D,MNG244,1900-01-01,LSH007,LCD002,1,30183018,9010631001,
449,AI010,500119,41590410,377130661C,MNG244,1900-01-01,LSH002,LCD002,1,30671002,1331431101,
450,AI010,100603,41590410,376161068A,MNG244,1900-01-01,LSH007,LCD002,1, ,9006411002,
451,AI010,500213,41590520,377130148A,MNG244,1900-01-01,LSH007,LCD002,1,30158001,3220531001,
452,AI010,100488,41590570,376160597B,MNG244,1900-01-01,LSH007,LCD002,1, ,9001721001,
453,AI010,500516,41590520,377130178C,MNG244,1900-01-01,LSH999,LCD002,1,30188026,9013731005,
454,AI010,500812,41590253,376160470B,MNG244,1900-01-01,LSH007,LCD002,1, ,2006431024,
455,AI010,500718,41590530,377130198C,MNG244,2004-01-01,LSH007,LCD002,1,30608003,2600431007,
456,AI010,2.12E+11,41590330,376160186D,MNG244,2014-06-01,LSH999,LCD004,1,"마도도시계획도로(소로2-1,-10,-12호선)개설공사 GIS DB구축용역",21160186003,
457,AI010,810076,41590262,376160282C,MNG244,1900-01-01,LSH002,LCD002,1, ,9000433294,
458,AI010,500817,41590253,376160470B,MNG244,1900-01-01,LSH007,LCD002,1, ,2006431025,
459,AI010,2.12E+11,41590370,376161854C,MNG244,2011-06-01,LSH999,LCD004,1,장안면 독정리 247-2번지 원인자 공사,21161854008,
460,AI010,401498,41590585,377130704A,MNG244,2006-04-01,LSH010,LCD999,1, ,2709119001,
461,AI010,401497,41590585,377130704A,MNG244,2006-04-01,LSH010,LCD999,1, ,2709119001,
462,AI010,401844,41590520,377130272A,MNG244,2006-04-01,LSH007,LCD999,1, ,9020419006,
463,AI010,401295,41590587,377130701D,MNG244,2006-04-01,LSH022,LCD999,1, ,2802419001,
464,AI010,99920150134,41590590,377130395A,MNG244,1990-01-01,LSH000,LCD000,1, ,99920150013,
465,AI010,99920150133,41590590,377130395B,MNG244,1990-01-01,LSH000,LCD000,1, ,99920150013,
466,AI010,810036,41590262,376160283B,MNG244,1900-01-01,LSH007,LCD002,1, ,2600133318,
467,AI010,200161,41590400,376161560A,MNG244,1900-01-01,LSH007,LCD002,1, ,1208212036,
468,AI010,820023,41590256,376161734B,MNG244,1900-01-01,LSH016,LCD002,1, ,2800333023,
469,AI010,2.12E+11,41590259,376161432B,MNG244,2013-06-01,LSH007,LCD004,1,"발안도시계획도로 (소2-15,18호선)  GIS DB구축 사업",21161432003,
470,AI010,500562,41590520,377130179D,MNG244,1900-01-01,LSH000,LCD002,1,30189042,2703431005,
471,AI010,500626,41590530,377130188C,MNG244,1900-01-01,LSH999,LCD002,1,30198017,9014931003,
472,AI010,500478,41590520,377130187A,MNG244,1900-01-01,LSH000,LCD002,1,30187012,9014231001,
473,AI010,100032,41590253,376160985B,MNG244,1900-01-01,LSH007,LCD002,1, ,9002911005,
474,AI010,100078,41590253,376160928C,MNG244,1900-01-01,LSH007,LCD002,1, ,9001611003,
475,AI010,200040,41590360,376161310D,MNG244,1900-01-01,LSH007,LCD002,1, ,2007812022,
476,AI010,500813,41590253,376160561A,MNG244,1900-01-01,LSH007,LCD002,1, ,2006431023,
477,AI010,500121,41590410,377130661C,MNG244,1900-01-01,LSH002,LCD002,1,30671004,1331031131,
478,AI010,500735,41590530,377130609A,MNG244,1900-01-01,LSH002,LCD002,1,30609005,2007131010,
479,AI010,1.00E+12,41590256,376161726B,MNG244,2010-01-01,LSH007,LCD002,1, ,99617260016,
480,AI010,100154,41590253,376160948A,MNG244,1900-01-01,LSH002,LCD002,1, ,1104311028,
481,AI010,200174,41590400,376161569A,MNG244,1900-01-01,LSH007,LCD002,1, ,2005712030,
482,AI010,100661,41590570,376160588D,MNG244,2003-01-01,LSH002,LCD002,1, ,1332221008,
483,AI010,200233,41590400,376162025C,MNG244,1900-01-01,LSH002,LCD002,1, ,3110212022,
484,AI010,100412,41590253,376160555D,MNG244,1900-01-01,LSH000,LCD002,1, ,9009421001,
485,AI010,500520,41590520,377130179C,MNG244,1900-01-01,LSH000,LCD002,1,30189051,2803731001,
486,AI010,100801,41590570,376160587A,MNG244,1900-01-01,LSH002,LCD002,1, ,9002721005,
487,AI010,100857,41590253,376160566C,MNG244,1900-01-01,LSH000,LCD002,1, ,2501321007,
488,AI010,401027,41590586,377130716A,MNG244,2006-04-01,LSH010,LCD999,1, ,2709419004,
489,AI010,401026,41590586,377130716A,MNG244,2006-04-01,LSH010,LCD999,1, ,2709419004,
490,AI010,426029,41590253,376160573A,MNG244,2008-07-24,LSH010,LCD002,1, ,1019042013,
491,AI010,99920150027,41590400,376162021A,MNG244,1990-01-01,LSH000,LCD000,1, ,99920150312,
492,AI010,99920150094,41590360,376161342C,MNG244,1990-01-01,LSH000,LCD000,1, ,99920150676,
493,AI010,99920150095,41590360,376161342B,MNG244,1990-01-01,LSH000,LCD000,1, ,99920150676,
494,AI010,100458,41590253,376160522B,MNG244,1900-01-01,LSH000,LCD002,1, ,9007321003,
495,AI010,100085,41590253,376160928D,MNG244,1900-01-01,LSH007,LCD002,1, ,9004211001,
496,AI010,500417,41590570,377130172C,MNG244,1900-01-01,LSH002,LCD002,1,30182008,2400731002,
497,AI010,401826,41590585,377130274C,MNG244,2006-04-01,LSH022,LCD999,1, ,2702019001,
498,AI010,100144,41590253,376160939A,MNG244,1900-01-01,LSH007,LCD002,1, ,9004211003,
499,AI010,401588,41590585,377130255B,MNG244,2006-04-01,LSH021,LCD003,1, ,2705619001,
500,AI010,401587,41590585,377130255B,MNG244,2006-04-01,LSH021,LCD003,1, ,2705619001,
501,AI010,5.11E+11,41590600,377130738D,MNG244,2014-01-01,LSH999,LCD004,1,화성동탄 일반산업단지 조성공사 중 GIS구축,51130738004,
502,AI010,5.11E+11,41590600,377130738D,MNG244,2014-01-01,LSH999,LCD004,1,화성동탄 일반산업단지 조성공사 중 GIS구축,51130738007,
503,AI010,500316,41590520,377130168B,MNG244,1900-01-01,LSH000,LCD002,1,30178031,2701031004,
504,AI010,500584,41590570,377130183D,MNG244,1900-01-01,LSH007,LCD002,1,30194006,9010931002,
505,AI010,426025,41590253,376160573B,MNG244,2008-07-24,LSH010,LCD002,1, ,1019042013,
506,AI010,426026,41590253,376160573B,MNG244,2008-07-24,LSH010,LCD002,1, ,1019042013,
507,AI010,426027,41590253,376160573A,MNG244,2008-07-24,LSH010,LCD002,1, ,1019042013,
508,AI010,500488,41590520,377130176D,MNG244,1900-01-01,LSH007,LCD002,1,30187022,9014231003,
509,AI010,99920150114,41590262,376160690D,MNG244,1990-01-01,LSH000,LCD000,1, ,99920150597,
510,AI010,200144,41590259,376161442C,MNG244,1900-01-01,LSH002,LCD002,1, ,2300412004,
511,AI010,500276,41590570,377130164D,MNG244,1900-01-01,LSH002,LCD002,1,30175005,3110531002,
512,AI010,100503,41590570,376160599A,MNG244,1900-01-01,LSH007,LCD002,1, ,9001321001,
513,AI010,500819,41590253,376160460D,MNG244,1900-01-01,LSH002,LCD002,1, ,2800221010,
514,AI010,2.12E+11,41590259,376161943A,MNG244,2014-12-15,LSH999,LCD004,1,발안도시계획도로(소로1-32호선)개설공사 GIS DB구축 사업,21112150004,
515,AI010,100491,41590253,376160597A,MNG244,2003-01-01,LSH007,LCD002,1, ,1332221004,
516,AI010,500737,41590530,377130609A,MNG244,1900-01-01,LSH002,LCD002,1,30609007,2007131009,
517,AI010,100339,41590253,376160512B,MNG244,1900-01-01,LSH000,LCD002,1,원형,1104321030,
518,AI010,100777,41590570,376160587A,MNG244,1900-01-01,LSH002,LCD002,1, ,9002721004,
519,AI010,500111,41590410,377130671B,MNG244,1900-01-01,LSH007,LCD002,1,30672007,1331031135,
520,AI010,500402,41590520,377130168D,MNG244,1900-01-01,LSH000,LCD002,1,30179072,2701031008,
521,AI010,401572,41590587,377130262A,MNG244,2006-04-01,LSH022,LCD999,1, ,2700619001,
522,AI010,99920150116,41590600,377130819C,MNG244,1990-01-01,LSH000,LCD000,1, ,99920150047,
523,AI010,99920150026,41590400,376162051A,MNG244,1990-01-01,LSH000,LCD000,1, ,99920150327,
524,AI010,100254,41590310,376160511B,MNG244,1900-01-01,LSH007,LCD002,1, ,9013921002,
525,AI010,100089,41590253,376160939C,MNG244,1900-01-01,LSH007,LCD002,1, ,9004211004,
526,AI010,401336,41590587,377130272B,MNG244,2006-04-01,LSH022,LCD999,1, ,2708119001,
527,AI010,401335,41590587,377130272B,MNG244,2006-04-01,LSH022,LCD999,1, ,2708119001,
528,AI010,401458,41590587,377130273B,MNG244,2006-04-01,LSH022,LCD999,1, ,2801119001,
529,AI010,100743,41590560,376160550C,MNG244,1900-01-01,LSH002,LCD002,1, ,3330221014,
530,AI010,401944,41590587,377130262C,MNG244,2006-04-01,LSH022,LCD999,1, ,2700919001,
531,AI010,810052,41590262,376160284A,MNG244,1900-01-01,LSH007,LCD002,1, ,2900633306,
532,AI010,401278,41590587,377130701A,MNG244,2006-04-01,LSH022,LCD999,1, ,2802219001,
533,AI010,200295,41590259,376161432A,MNG244,1900-01-01,LSH007,LCD002,1, ,2802512001,
534,AI010,500037,41590410,377131136B,MNG244,1900-01-01,LSH002,LCD002,1,31137004,1208231123,
535,AI010,200217,41590400,376162015D,MNG244,1900-01-01,LSH002,LCD002,1, ,3110212027,
536,AI010,100123,41590253,376160949B,MNG244,1900-01-01,LSH002,LCD002,1, ,9004211004,
537,AI010,100363,41590253,376160522C,MNG244,1900-01-01,LSH007,LCD002,1, ,9006621002,
538,AI010,300093,41590320,376160325C,MNG244,1900-01-01,LSH007,LCD002,1, ,2800113019,
539,AI010,300094,41590320,376160325D,MNG244,1900-01-01,LSH002,LCD002,1, ,2006913001,
540,AI010,300061,41590310,376160407C,MNG244,1900-01-01,LSH002,LCD002,1, ,1208413030,
541,AI010,300062,41590310,376160407C,MNG244,1900-01-01,LSH002,LCD002,1, ,1208413030,
542,AI010,100502,41590253,376160597A,MNG244,1900-01-01,LSH007,LCD002,1, ,9002621002,
543,AI010,401479,41590587,377130262C,MNG244,2006-04-01,LSH022,LCD999,1, ,2700919001,
544,AI010,100253,41590253,376160521A,MNG244,1900-01-01,LSH000,LCD002,1, ,9006821001,
545,AI010,810005,41590262,376160284A,MNG244,1900-01-01,LSH018,LCD002,1, ,2800233282,
546,AI010,100230,41590253,376160448C,MNG244,1900-01-01,LSH999,LCD002,1, ,2007311007,
547,AI010,500469,41590520,377130187A,MNG244,1900-01-01,LSH002,LCD002,1,30187003,2706831001,
548,AI010,500555,41590520,377130178D,MNG244,1900-01-01,LSH000,LCD002,1,30189035,2803331001,
549,AI010,200237,41590400,376161929D,MNG244,1900-01-01,LSH002,LCD002,1, ,1104312007,
550,AI010,100319,41590253,376160460D,MNG244,1900-01-01,LSH007,LCD002,1, ,2700221003,
551,AI010,401107,41590586,377130714A,MNG244,2006-04-01,LSH022,LCD999,1, ,2805519001,
552,AI010,200078,41590259,376161432B,MNG244,1900-01-01,LSH999,LCD002,1, ,2700112009,
553,AI010,500552,41590520,377130178D,MNG244,1900-01-01,LSH000,LCD002,1,30189032,2803431001,
554,AI010,401193,41590585,377130706A,MNG244,2006-04-01,LSH022,LCD999,1, ,2808119003,
555,AI010,300075,41590320,376160325D,MNG244,1900-01-01,LSH007,LCD002,1, ,2800613007,
556,AI010,5.11E+11,41590600,377130739C,MNG244,2014-01-01,LSH999,LCD004,1,화성동탄 일반산업단지 조성공사 중 GIS구축,51130739015,
557,AI010,500019,41590410,377131133D,MNG244,1900-01-01,LSH007,LCD002,1,31144009,9002031105,
558,AI010,5.11E+11,41590600,377130739C,MNG244,2014-01-01,LSH999,LCD004,1,화성동탄 일반산업단지 조성공사 중 GIS구축,51130739015,
559,AI010,5.11E+11,41590600,377130739A,MNG244,2014-01-01,LSH999,LCD004,1,화성동탄 일반산업단지 조성공사 중 GIS구축,51130739030,
560,AI010,100069,41590253,376160918C,MNG244,1900-01-01,LSH007,LCD002,1, ,9001111004,
561,AI010,100622,41590253,376160597D,MNG244,1900-01-01,LSH007,LCD002,1, ,9007811001,
562,AI010,100156,41590410,376161051C,MNG244,1900-01-01,LSH002,LCD002,1, ,2006711029,
563,AI010,200105,41590259,376161432D,MNG244,1900-01-01,LSH007,LCD002,1, ,2700112004,
564,AI010,500045,41590410,377131126A,MNG244,1900-01-01,LSH007,LCD002,1,31136007,9001231103,
565,AI010,200148,41590259,376161442C,MNG244,1900-01-01,LSH002,LCD002,1, ,2007812001,
566,AI010,100820,41590253,376160587C,MNG244,1900-01-01,LSH000,LCD002,1,확산형,9001921004,
567,AI010,401967,41590259,376161432C,MNG244,2004-07-31,LHS017,LCD002,1, ,2700191001,
568,AI010,100127,41590253,376160948C,MNG244,1900-01-01,LSH002,LCD002,1, ,1104311027,
569,AI010,401697,41590585,377130256A,MNG244,2006-04-01,LSH022,LCD999,1, ,2810219001,
570,AI010,100196,41590410,376161062D,MNG244,1900-01-01,LSH007,LCD002,1, ,1331011014,
571,AI010,500525,41590520,377130179C,MNG244,1900-01-01,LSH000,LCD002,1,30189005,2703331003,
572,AI010,500046,41590410,377131126C,MNG244,1900-01-01,LSH007,LCD002,1,31136006,9001231104,
573,AI010,200003,41590360,376160827D,MNG244,1900-01-01,LSH007,LCD002,1, ,2007812089,
574,AI010,500474,41590520,377130187B,MNG244,1900-01-01,LSH002,LCD002,1,30187008,9014031007,
575,AI010,100193,41590410,376161062A,MNG244,1900-01-01,LSH007,LCD002,1, ,9008911002,
576,AI010,100023,41590253,376160985A,MNG244,1900-01-01,LSH002,LCD002,1, ,9003011004,
577,AI010,5.11E+11,41590600,377130738D,MNG244,2014-01-01,LSH999,LCD004,1,화성동탄 일반산업단지 조성공사 중 GIS구축,51130738003,
578,AI010,401533,41590587,377130291B,MNG244,2006-04-01,LSH022,LCD999,1, ,2801419001,
579,AI010,300041,41590310,376160406A,MNG244,1900-01-01,LSH002,LCD002,1, ,1208413023,
580,AI010,100573,41590410,376161048B,MNG244,2004-01-01,LSH002,LCD002,1, ,9006711007,
581,AI010,100263,41590253,376160511B,MNG244,1900-01-01,LSH002,LCD002,1, ,3110121016,
582,AI010,500222,41590520,377130148C,MNG244,1900-01-01,LSH007,LCD002,1,30158011,3220531003,
583,AI010,200203,41590400,376161595A,MNG244,1900-01-01,LSH002,LCD002,1, ,2005712012,
584,AI010,500661,41590520,377130160B,MNG244,1900-01-01,LSH002,LCD002,1,30251002,3110431005,
585,AI010,401412,41590585,377130283B,MNG244,2006-04-01,LSH022,LCD999,1, ,2701919003,
586,AI010,4.22E+13,41590570,377130182D,MNG244,2017-09-24,LSH006,LCD004,1,진안도시계획도로 중로1-8호선 개설공사(서부우회도로연결) GIS DB 구축용역,4.22E+13,
587,AI010,4.22E+13,41590570,377130182D,MNG244,2017-09-24,LSH006,LCD004,1,진안도시계획도로 중로1-8호선 개설공사(서부우회도로연결) GIS DB 구축용역,4.22E+13,
588,AI010,4.22E+13,41590570,377130183A,MNG244,2017-09-24,LSH002,LCD004,1,진안도시계획도로 중로1-8호선 개설공사(서부우회도로연결) GIS DB 구축용역,4.22E+13,
589,AI010,4.22E+13,41590570,377130182D,MNG244,2017-09-24,LSH006,LCD004,1,진안도시계획도로 중로1-8호선 개설공사(서부우회도로연결) GIS DB 구축용역,0,
590,AI010,4.22E+13,41590530,377130187D,MNG244,2017-12-23,LSH002,LCD004,1,병점도시계획도로 소로1-6호선 개설공사 GIS DB구축 용역,0,
591,AI010,5.11E+11,41590600,377130738D,MNG244,2014-01-01,LSH999,LCD004,1,화성동탄 일반산업단지 조성공사 중 GIS구축,51130738008,
592,AI010,500021,41590410,377131134C,MNG244,1900-01-01,LSH007,LCD002,1,31144007,9001831106,
593,AI010,100358,41590253,376160522D,MNG244,1900-01-01,LSH000,LCD002,1, ,9006321002,
594,AI010,500080,41590410,377131103B,MNG244,1900-01-01,LSH007,LCD002,1,31104001,3220331123,
595,AI010,100237,41590253,376160470A,MNG244,1900-01-01,LSH007,LCD002,1, ,1104311085,
596,AI010,9.99E+11,41590550,377130224C,MNG244,2009-01-01,LSH020,LCD002,1, ,99302240004,
597,AI010,500182,41590520,377130147B,MNG244,1900-01-01,LSH002,LCD002,1,30148005,9008831007,
598,AI010,100003,41590253,376160985C,MNG244,1900-01-01,LSH007,LCD002,1, ,9003011004,
599,AI010,500460,41590570,377130185A,MNG244,1900-01-01,LSH002,LCD002,1,30185005,3110531005,
600,AI010,500705,41590570,377130191D,MNG244,1900-01-01,LSH002,LCD002,1,30601005,1208431003,
601,AI010,300165,41590350,376150960D,MNG244,1900-01-01,LSH002,LCD002,1, ,2300213003,
602,AI010,200202,41590400,376161595A,MNG244,1900-01-01,LSH002,LCD002,1, ,2005712012,
603,AI010,100323,41590253,376160460D,MNG244,1900-01-01,LSH007,LCD002,1, ,9004621001,
604,AI010,401486,41590587,377130262C,MNG244,2006-04-01,LSH022,LCD999,1, ,2700819001,
605,AI010,5.11E+11,41590600,377130739C,MNG244,2014-01-01,LSH999,LCD004,1,화성동탄 일반산업단지 조성공사 중 GIS구축,51130739020,
606,AI010,500495,41590520,377130187B,MNG244,1900-01-01,LSH002,LCD002,1,30188005,2802931002,
607,AI010,500763,41590520,377130199D,MNG244,1900-01-01,LSH007,LCD002,1,30610012,9015431008,
608,AI010,401750,41590585,377130284A,MNG244,2006-04-01,LSH022,LCD999,1, ,2704219001,
609,AI010,401751,41590585,377130284A,MNG244,2006-04-01,LSH022,LCD999,1, ,2704219001,
610,AI010,401365,41590585,377130283A,MNG244,2006-04-01,LSH022,LCD999,1, ,2803319003,
611,AI010,500599,41590520,377130185D,MNG244,1900-01-01,LSH002,LCD002,1,30196001,2600731003,
612,AI010,820018,41590256,376161734B,MNG244,1900-01-01,LSH002,LCD002,1, ,2800433027,
613,AI010,500025,41590410,377131134C,MNG244,1900-01-01,LSH007,LCD002,1,31144003,9002031102,
614,AI010,401562,41590587,377130262C,MNG244,2006-04-01,LSH022,LCD999,1, ,2701019001,
615,AI010,500343,41590520,377130179A,MNG244,1900-01-01,LSH000,LCD002,1,30179013,2703531002,
616,AI010,500050,41590410,377131136A,MNG244,1900-01-01,LSH002,LCD002,1,31136002,1208231118,
617,AI010,500416,41590570,377130172D,MNG244,1900-01-01,LSH002,LCD002,1,30182007,2400731003,
618,AI010,500396,41590520,377130168D,MNG244,1900-01-01,LSH000,LCD002,1,30179066,2701031009,
619,AI010,500479,41590520,377130187A,MNG244,1900-01-01,LSH002,LCD002,1,30187013,9014231001,
620,AI010,500497,41590520,377130178C,MNG244,1900-01-01,LSH002,LCD002,1,30188007,9018131001,
621,AI010,100760,41590560,376160569A,MNG244,1900-01-01,LSH007,LCD002,1, ,9012921002,
622,AI010,200226,41590400,376161929A,MNG244,1900-01-01,LSH002,LCD002,1, ,1104312012,
623,AI010,300042,41590310,376160406A,MNG244,1900-01-01,LSH002,LCD002,1, ,1208413023,
624,AI010,500055,41590410,377131133A,MNG244,1900-01-01,LSH007,LCD002,1,31133002,9002031108,
625,AI010,100490,41590570,376160597B,MNG244,1900-01-01,LSH007,LCD002,1, ,9001721001,
626,AI010,100059,41590253,376160918A,MNG244,1900-01-01,LSH007,LCD002,1, ,9000911001,
627,AI010,500521,41590520,377130179C,MNG244,1900-01-01,LSH000,LCD002,1,30189001,2803331001,
628,AI010,100643,41590410,376161039C,MNG244,2004-01-01,LSH002,LCD002,1, ,1331511025,
629,AI010,100191,41590410,376161025B,MNG244,1900-01-01,LSH007,LCD002,1, ,9007111013,
630,AI010,200063,41590259,376161421D,MNG244,1900-01-01,LSH002,LCD002,1, ,2400112006,
631,AI010,100076,41590253,376160928D,MNG244,1900-01-01,LSH007,LCD002,1, ,9001511003,
632,AI010,200218,41590400,376162015C,MNG244,1900-01-01,LSH002,LCD002,1, ,3110212027,
633,AI010,401714,41590585,377130245D,MNG244,2006-04-01,LSH022,LCD999,1, ,2900219002,
634,AI010,820026,41590256,376161734A,MNG244,1900-01-01,LSH002,LCD002,1, ,2800333019,
635,AI010,500775,41590570,377130602C,MNG244,2004-01-01,LSH002,LCD002,1,30612009,1331531016,
636,AI010,401692,41590585,377130256A,MNG244,2006-04-01,LSH022,LCD999,1, ,2810219001,
637,AI010,810081,41590262,376160283D,MNG244,1900-01-01,LSH007,LCD002,1, ,2300133288,
638,AI010,500779,41590570,377130622A,MNG244,2004-01-01,LSH002,LCD002,1,30622004,1331531009,
639,AI010,100384,41590560,376160545A,MNG244,1900-01-01,LSH000,LCD002,1, ,9008021001,
640,AI010,200111,41590259,376161432D,MNG244,2003-01-01,LSH007,LCD002,1, ,2802412001,
641,AI010,401857,41590586,377130707C,MNG244,2006-04-01,LSH022,LCD999,1, ,2809319001,
642,AI010,300111,41590340,376150577A,MNG244,1900-01-01,LSH007,LCD002,1, ,2800313005,
643,AI010,401849,41590520,377130281A,MNG244,2006-04-01,LSH007,LCD999,1, ,9020119002,
644,AI010,401752,41590585,377130284A,MNG244,2006-04-01,LSH022,LCD999,1, ,2704119001,
645,AI010,401753,41590585,377130284A,MNG244,2006-04-01,LSH022,LCD999,1, ,2704119001,
646,AI010,100846,41590560,376160547B,MNG244,1900-01-01,LSH000,LCD002,1, ,9008321013,
647,AI010,300090,41590320,376160325D,MNG244,1900-01-01,LSH007,LCD002,1, ,2800113022,
648,AI010,300091,41590320,376160323D,MNG244,1900-01-01,LSH007,LCD002,1, ,2800113007,
649,AI010,300092,41590320,376160325D,MNG244,1900-01-01,LSH017,LCD002,1, ,2500313009,
650,AI010,500352,41590520,377130178B,MNG244,1900-01-01,LSH000,LCD002,1,30179022,2802331001,
651,AI010,99920150150,41590320,376160319D,MNG244,1990-01-01,LSH000,LCD000,1, ,99920150139,
652,AI010,100486,41590253,376160512D,MNG244,1900-01-01,LSH000,LCD002,1,2EA(청사초롱),3220321013,
653,AI010,500794,41590410,377130621D,MNG244,2004-01-01,LSH007,LCD002,1,30632008,1331531007,
654,AI010,500317,41590520,377130168C,MNG244,1900-01-01,LSH000,LCD002,1,30178032,2801231001,
655,AI010,500361,41590520,377130178B,MNG244,1900-01-01,LSH000,LCD002,1,30179031,2802131001,
656,AI010,200059,41590259,376161423C,MNG244,1900-01-01,LSH002,LCD002,1, ,2007812007,
657,AI010,2.12E+11,41590256,376162118D,MNG244,2013-01-01,LSH002,LCD004,1,이화-석천간(2공구)도로확포장공사 GIS DB 구축 사업,21162129001,
658,AI010,99920150128,41590590,377130398A,MNG244,1990-01-01,LSH000,LCD000,1, ,99920150045,
659,AI010,99920150129,41590590,377130398A,MNG244,1990-01-01,LSH000,LCD000,1, ,99920150045,
660,AI010,99920150130,41590590,377130398A,MNG244,1990-01-01,LSH000,LCD000,1, ,99920150045,
661,AI010,401475,41590587,377130262D,MNG244,2006-04-01,LSH022,LCD999,1, ,2700519003,
662,AI010,100567,41590410,376161529C,MNG244,1900-01-01,LSH007,LCD002,1, ,9005811015,
663,AI010,500524,41590520,377130179C,MNG244,1900-01-01,LSH000,LCD002,1,30189004,2803531001,
664,AI010,99920150059,41590259,376161434D,MNG244,1990-01-01,LSH000,LCD000,1, ,99920150390,
665,AI010,810104,41590256,376161734B,MNG244,1900-01-01,LSH002,LCD002,1, ,2800433027,
666,AI010,810035,41590262,376160283B,MNG244,1900-01-01,LSH007,LCD002,1, ,2600133319,
667,AI010,2.12E+11,41590330,376160634C,MNG244,1900-01-01,LSH006,LCD002,1,견착,21160634001,
668,AI010,500087,41590410,377130693A,MNG244,1900-01-01,LSH002,LCD002,1,30693001,3220231102,
669,AI010,100581,41590570,376160598B,MNG244,1900-01-01,LSH007,LCD002,1, ,9009311001,
670,AI010,401797,41590585,377130274C,MNG244,2006-04-01,LSH010,LCD999,1, ,2702219001,
671,AI010,810097,41590262,376160283B,MNG244,1900-01-01,LSH007,LCD002,1, ,2600333328,
672,AI010,100138,41590253,376160908D,MNG244,1900-01-01,LSH002,LCD002,1, ,1104311056,
673,AI010,100272,41590253,376160551B,MNG244,1900-01-01,LSH007,LCD002,1, ,9005321003,
674,AI010,401911,41590585,377130283C,MNG244,2006-04-01,LSH022,LCD999,1, ,2804419001,
675,AI010,810042,41590262,376160284A,MNG244,1900-01-01,LSH007,LCD002,1, ,2800133275,
676,AI010,300056,41590310,376160406D,MNG244,1900-01-01,LSH017,LCD002,1, ,1208413028,
677,AI010,1.22E+13,41590570,377130193B,MNG244,2016-01-01,LSH017,LCD004,1,태안도시계획도로 1-88호선 개설공사 GIS DB구축 사업,1.22E+13,
678,AI010,1.22E+13,41590570,377130193B,MNG244,2016-01-01,LSH017,LCD004,1,태안도시계획도로 1-88호선 개설공사 GIS DB구축 사업,1.22E+13,
679,AI010,200276,41590400,376161949A,MNG244,1900-01-01,LSH002,LCD002,1, ,1330612001,
680,AI010,500330,41590520,377130178A,MNG244,1900-01-01,LSH000,LCD002,1,30178049,2400231003,
681,AI010,100341,41590253,376160522A,MNG244,1900-01-01,LSH000,LCD002,1, ,3110121015,
682,AI010,100045,41590253,376160447C,MNG244,1900-01-01,LSH002,LCD002,1, ,9000111001,
683,AI010,500719,41590530,377130198C,MNG244,2004-01-01,LSH007,LCD002,1,30608004,2600431006,
684,AI010,100046,41590253,376160447C,MNG244,1900-01-01,LSH002,LCD002,1, ,3220221001,
685,AI010,500494,41590530,377130188A,MNG244,1900-01-01,LSH002,LCD002,1,30188004,2702531002,
686,AI010,100798,41590570,376160577C,MNG244,1900-01-01,LSH002,LCD002,1, ,9002721002,
687,AI010,500185,41590520,377130147B,MNG244,1900-01-01,LSH002,LCD002,1,30148008,9008831004,
688,AI010,401417,41590585,377130283A,MNG244,2006-04-01,LSH022,LCD999,1, ,2701819001,
689,AI010,99920150069,41590360,376160986B,MNG244,1990-01-01,LSH000,LCD000,1, ,99920150334,
690,AI010,99920150006,41590370,376162342A,MNG244,1990-01-01,LSH000,LCD000,1, ,99920150468,
691,AI010,401329,41590587,377130282A,MNG244,2006-04-01,LSH010,LCD999,1, ,2708219003,
692,AI010,200065,41590259,376161421D,MNG244,1900-01-01,LSH002,LCD002,1, ,2400112006,
693,AI010,500724,41590530,377130197D,MNG244,1900-01-01,LSH007,LCD002,1,30608009,9016531004,
694,AI010,300026,41590310,376122496D,MNG244,1900-01-01,LSH007,LCD002,1, ,2802013003,
695,AI010,8.89E+11,41590256,376161715D,MNG244,2010-01-01,LSH999,LCD999,1,LP1-C1-23/원추형,88617150001,
696,AI010,200066,41590259,376161423C,MNG244,1900-01-01,LSH007,LCD002,1, ,2701212002,
697,AI010,401210,41590587,377130292C,MNG244,2006-04-01,LSH010,LCD999,1, ,2708319003,
698,AI010,100142,41590253,376160918B,MNG244,1900-01-01,LSH002,LCD002,1, ,1104311054,
699,AI010,100160,41590253,376160593B,MNG244,1900-01-01,LSH000,LCD002,1, ,2006421004,
700,AI010,100775,41590570,376160587A,MNG244,1900-01-01,LSH007,LCD002,1, ,9002721005,
701,AI010,401940,41590587,377130701C,MNG244,2006-04-01,LSH022,LCD999,1, ,2802419001,
702,AI010,99920150067,41590360,376160996A,MNG244,1990-01-01,LSH000,LCD000,1, ,99920150334,
703,AI010,401353,41590585,377130283A,MNG244,2006-04-01,LSH022,LCD999,1, ,2803419001,
704,AI010,2.12E+11,41590259,376161423C,MNG244,2014-06-01,LSH007,LCD004,1,발안도시계획도로(2-1호선) 지하매설물 GIS DB 구축 용역,21161423016,
705,AI010,99920150131,41590590,377130398A,MNG244,1990-01-01,LSH000,LCD000,1, ,99920150045,
706,AI010,200049,41590259,376161422A,MNG244,1900-01-01,LSH007,LCD002,1, ,2007812009,
707,AI010,401102,41590586,377130714A,MNG244,2006-04-01,LSH022,LCD999,1, ,2805519001,
708,AI010,5.11E+11,41590600,377130738B,MNG244,2014-01-01,LSH999,LCD004,1,화성동탄 일반산업단지 조성공사 중 GIS구축,51130738037,
709,AI010,500452,41590570,377130173D,MNG244,1900-01-01,LSH007,LCD002,1,30184001,1333831011,
710,AI010,500064,41590410,377131116C,MNG244,1900-01-01,LSH002,LCD002,1,31126006,9001131104,
711,AI010,200068,41590259,376161431B,MNG244,1900-01-01,LSH002,LCD002,1, ,2400112007,
712,AI010,500687,41590550,377130252D,MNG244,1900-01-01,LSH007,LCD002,1,30263004,1331531033,
713,AI010,401350,41590585,377130283A,MNG244,2006-04-01,LSH022,LCD999,1, ,2803719001,
714,AI010,401351,41590585,377130283A,MNG244,2006-04-01,LSH022,LCD999,1, ,2803719001,
715,AI010,2.12E+11,41590370,376161854A,MNG244,2011-06-01,LSH999,LCD004,1,장안면 독정리 247-2번지 원인자 공사,21161854008,
716,AI010,200131,41590259,376161442A,MNG244,1900-01-01,LSH002,LCD002,1, ,2600112017,
717,AI010,5.11E+11,41590600,377130739C,MNG244,2014-01-01,LSH999,LCD004,1,화성동탄 일반산업단지 조성공사 중 GIS구축,51130739015,
718,AI010,2.12E+11,41590259,376161942C,MNG244,2014-12-15,LSH999,LCD004,1,발안도시계획도로(소로1-32호선)개설공사 GIS DB구축 사업,21112150002,
719,AI010,2.12E+11,41590259,376161942C,MNG244,2014-12-15,LSH999,LCD004,1,발안도시계획도로(소로1-32호선)개설공사 GIS DB구축 사업,21112150002,
720,AI010,200067,41590259,376161433A,MNG244,1900-01-01,LSH002,LCD002,1, ,2701212002,
721,AI010,100015,41590253,376160956D,MNG244,2001-01-01,LSH007,LCD002,1, ,2006711012,
722,AI010,100717,41590560,376160549C,MNG244,1900-01-01,LSH007,LCD002,1, ,3220621024,
723,AI010,200053,41590259,376161422D,MNG244,1900-01-01,LSH002,LCD002,1, ,2007812007,
724,AI010,100568,41590410,376161539B,MNG244,1900-01-01,LSH010,LCD002,1, ,9005811022,
725,AI010,500561,41590520,377130178D,MNG244,1900-01-01,LSH000,LCD002,1,30189041,2703531001,
726,AI010,401670,41590585,377130256C,MNG244,2006-04-01,LSH022,LCD999,1, ,2810119001,
727,AI010,401800,41590585,377130274C,MNG244,2006-04-01,LSH010,LCD999,1, ,2702219001,
728,AI010,401799,41590585,377130274C,MNG244,2006-04-01,LSH010,LCD999,1, ,2702219001,
729,AI010,401283,41590587,377130701B,MNG244,2006-04-01,LSH022,LCD999,1, ,2802819003,
730,AI010,500409,41590520,377130179A,MNG244,1900-01-01,LSH000,LCD002,1,30179080,2703531002,
731,AI010,100569,41590410,376161539B,MNG244,1900-01-01,LSH010,LCD002,1, ,9005811022,
732,AI010,300052,41590310,376160406B,MNG244,1900-01-01,LSH002,LCD002,1, ,1208413026,
733,AI010,99920150108,41590256,376161168A,MNG244,1990-01-01,LSH000,LCD000,1, ,99920150761,
734,AI010,100261,41590253,376160511D,MNG244,1900-01-01,LSH007,LCD002,1, ,3110121015,
735,AI010,500031,41590410,377131133D,MNG244,1900-01-01,LSH007,LCD002,1,31143001,1208231103,
736,AI010,500776,41590570,377130622A,MNG244,2004-01-01,LSH007,LCD002,1,30622001,1331531008,
737,AI010,100831,41590253,376160587C,MNG244,1900-01-01,LSH007,LCD002,1, ,9002221001,
738,AI010,500328,41590520,377130178A,MNG244,1900-01-01,LSH000,LCD002,1,30178047,2701531002,
739,AI010,100812,41590253,376160587C,MNG244,1900-01-01,LSH000,LCD002,1, ,9001921003,
740,AI010,500048,41590410,377131126C,MNG244,1900-01-01,LSH007,LCD002,1,31136004,9001131110,
741,AI010,100453,41590253,376160583C,MNG244,1900-01-01,LSH000,LCD002,1,확산형,2006421006,
742,AI010,500306,41590520,377130168D,MNG244,1900-01-01,LSH000,LCD002,1,30178021,2701131002,
743,AI010,401379,41590587,377130272A,MNG244,2006-04-01,LSH022,LCD999,1, ,2701719001,
744,AI010,401378,41590587,377130272A,MNG244,2006-04-01,LSH022,LCD999,1, ,2701719001,
745,AI010,401276,41590587,377130701A,MNG244,2006-04-01,LSH022,LCD999,1, ,2802219001,
746,AI010,401137,41590586,377130706D,MNG244,2006-04-01,LSH022,LCD999,1, ,2809019003,
747,AI010,100556,41590410,376161518A,MNG244,1900-01-01,LSH007,LCD002,1, ,9005811007,
748,AI010,500659,41590520,377130150D,MNG244,1900-01-01,LSH002,LCD002,1,30251006,3110431005,
749,AI010,401334,41590587,377130282A,MNG244,2006-04-01,LSH999,LCD999,1, ,2708219001,
750,AI010,401333,41590587,377130282A,MNG244,2006-04-01,LSH999,LCD999,1, ,2708219001,
751,AI010,401794,41590585,377130274D,MNG244,2006-04-01,LSH022,LCD999,1, ,2702019001,
752,AI010,100817,41590253,376160586D,MNG244,1900-01-01,LSH007,LCD002,1, ,9002621006,
753,AI010,300167,41590350,376150960D,MNG244,1900-01-01,LSH002,LCD002,1, ,2500113015,
754,AI010,300007,41590310,376122492B,MNG244,1900-01-01,LSH002,LCD002,1, ,1208413001,
755,AI010,300008,41590310,376122493A,MNG244,1900-01-01,LSH002,LCD002,1, ,1208413005,
756,AI010,300009,41590310,376122492B,MNG244,1900-01-01,LSH018,LCD002,1, ,1208413003,
757,AI010,300010,41590310,376122492D,MNG244,1900-01-01,LSH018,LCD002,1, ,1208413002,
758,AI010,100685,41590560,376160557A,MNG244,1900-01-01,LSH007,LCD002,1, ,9010321004,
759,AI010,100048,41590253,376160499B,MNG244,1900-01-01,LSH002,LCD002,1,2개,1104311069,
760,AI010,100168,41590253,376160595D,MNG244,2003-01-01,LSH002,LCD002,1, ,9008711005,
761,AI010,200128,41590259,376161442B,MNG244,1900-01-01,LSH002,LCD002,1, ,2007812004,
762,AI010,401245,41590585,377130293A,MNG244,2006-04-01,LSH022,LCD999,1, ,2705119001,
763,AI010,401943,41590587,377130262A,MNG244,2006-04-01,LSH022,LCD999,1, ,2700519001,
764,AI010,401704,41590585,377130255C,MNG244,2006-04-01,LSH999,LCD999,1, ,2705619001,
765,AI010,100737,41590560,376160550C,MNG244,1900-01-01,LSH007,LCD002,1, ,3330221015,
766,AI010,401208,41590586,377130704C,MNG244,2006-04-01,LSH022,LCD999,1, ,2805519001,
767,AI010,100240,41590253,376160479B,MNG244,1900-01-01,LSH999,LCD002,1, ,1104311076,
768,AI010,99920150101,41590256,376161252D,MNG244,1990-01-01,LSH000,LCD000,1, ,99920150749,
769,AI010,100493,41590253,376160597A,MNG244,1900-01-01,LSH007,LCD002,1, ,9001921001,
770,AI010,200173,41590400,376161569A,MNG244,1900-01-01,LSH007,LCD002,1, ,2005712031,
771,AI010,500451,41590570,377130172D,MNG244,1900-01-01,LSH002,LCD002,1,30183020,2400731003,
772,AI010,500279,41590570,377130164D,MNG244,1900-01-01,LSH007,LCD002,1,30175009,9017331022,
773,AI010,500002,41590410,376161560B,MNG244,1900-01-01,LSH007,LCD002,1,31151002,9005831133,
774,AI010,500114,41590410,377130672A,MNG244,1900-01-01,LSH007,LCD002,1,30672004,9000331101,
775,AI010,401019,41590586,377130716C,MNG244,2006-04-01,LSH010,LCD999,1, ,2709419004,
776,AI010,401870,41590586,377130716C,MNG244,2006-04-01,LSH010,LCD999,1, ,2709419004,
777,AI010,401869,41590586,377130716C,MNG244,2006-04-01,LSH010,LCD999,1, ,2709419004,
778,AI010,500310,41590520,377130168C,MNG244,1900-01-01,LSH000,LCD002,1,30178025,2700931004,
779,AI010,200038,41590360,376161310D,MNG244,1900-01-01,LSH007,LCD002,1, ,2007812022,
780,AI010,200030,41590360,376160880C,MNG244,1900-01-01,LSH018,LCD002,1, ,2007812044,
781,AI010,200231,41590400,376162025A,MNG244,1900-01-01,LSH002,LCD002,1, ,3110212023,
782,AI010,100271,41590253,376160521D,MNG244,1900-01-01,LSH000,LCD002,1, ,3220321002,
783,AI010,500236,41590520,377130160A,MNG244,1999-01-01,LSH007,LCD002,1,30160004,9007431304,
784,AI010,500446,41590570,377130182B,MNG244,1900-01-01,LSH007,LCD002,1,30183015,2500731002,
785,AI010,99920150111,41590360,376160882B,MNG244,1990-01-01,LSH000,LCD000,1, ,99920150348,
786,AI010,100724,41590560,376160559B,MNG244,1900-01-01,LSH002,LCD002,1, ,3220621019,
787,AI010,100541,41590410,376161087C,MNG244,1996-01-01,LSH007,LCD002,1, ,1331511006,
788,AI010,500816,41590253,376160470B,MNG244,1900-01-01,LSH007,LCD002,1, ,2006431025,
789,AI010,500722,41590530,377130197D,MNG244,1900-01-01,LSH007,LCD002,1,30608007,9016531006,
790,AI010,100057,41590253,376160918B,MNG244,1900-01-01,LSH007,LCD002,1, ,9000711002,
791,AI010,200235,41590400,376161929D,MNG244,1900-01-01,LSH002,LCD002,1, ,1104312009,
792,AI010,500153,41590520,377130127D,MNG244,1900-01-01,LSH002,LCD002,1,30138004,9009231003,
793,AI010,100440,41590253,376160592A,MNG244,1900-01-01,LSH007,LCD002,1, ,3220621029,
794,AI010,500188,41590520,377130138A,MNG244,1900-01-01,LSH002,LCD002,1,30148011,3220131007,
795,AI010,500365,41590520,377130178B,MNG244,1900-01-01,LSH000,LCD002,1,30179035,2802231001,
796,AI010,100802,41590570,376160587A,MNG244,1900-01-01,LSH002,LCD002,1, ,9002721006,
797,AI010,500491,41590530,377130188A,MNG244,1900-01-01,LSH007,LCD002,1,30188001,9014531003,
798,AI010,100720,41590560,376160559B,MNG244,1900-01-01,LSH000,LCD002,1, ,3220621019,
799,AI010,100766,41590560,376160560C,MNG244,1900-01-01,LSH007,LCD002,1, ,3330221008,
800,AI010,100455,41590253,376160593A,MNG244,1900-01-01,LSH000,LCD002,1, ,900521004,
801,AI010,100017,41590253,376160976A,MNG244,1900-01-01,LSH007,LCD002,1, ,1331011011,
802,AI010,100158,41590410,376161051C,MNG244,1900-01-01,LSH007,LCD002,1, ,2006711031,
803,AI010,2.12E+11,41590360,376161414B,MNG244,2014-06-01,LSH002,LCD004,1,발안도시계획도로(2-1호선) 지하매설물 GIS DB 구축 용역,21161405006,
804,AI010,100827,41590570,376160587C,MNG244,1900-01-01,LSH002,LCD002,1, ,9003221002,
805,AI010,1.00E+12,41590256,376161726B,MNG244,2010-01-01,LSH007,LCD002,1, ,99617260016,
806,AI010,100866,41590253,376160576B,MNG244,1900-01-01,LSH000,LCD002,1, ,2501321016,
807,AI010,100228,41590253,376160438B,MNG244,1900-01-01,LSH000,LCD002,1, ,3220221011,
808,AI010,100179,41590410,376161015A,MNG244,1900-01-01,LSH007,LCD002,1, ,9007111007,
809,AI010,500690,41590550,377130252D,MNG244,1900-01-01,LSH007,LCD002,1,30263001,1331531035,
810,AI010,401402,41590585,377130283C,MNG244,2006-04-01,LSH022,LCD999,1, ,2804019001,
811,AI010,401785,41590585,377130283B,MNG244,2006-04-01,LSH022,LCD999,1, ,2703619001,
812,AI010,401786,41590585,377130283B,MNG244,2006-04-01,LSH022,LCD999,1, ,2703619001,
813,AI010,500408,41590520,377130168D,MNG244,1900-01-01,LSH000,LCD002,1,30179079,2701731004,
814,AI010,200012,41590360,376160859A,MNG244,1900-01-01,LSH002,LCD002,1, ,2007812062,
815,AI010,100767,41590560,376160560C,MNG244,1900-01-01,LSH002,LCD002,1, ,3330221006,
816,AI010,401732,41590585,377130284B,MNG244,2006-04-01,LSH010,LCD999,1, ,2708619001,
817,AI010,99920150161,41590262,376160747A,MNG244,1990-01-01,LSH000,LCD000,1, ,99920150261,
818,AI010,99920150162,41590262,376160746A,MNG244,1990-01-01,LSH000,LCD000,1, ,99920150261,
819,AI010,500322,41590520,377130167D,MNG244,1900-01-01,LSH000,LCD002,1,30178037,9013631003,
820,AI010,100656,41590570,376160597B,MNG244,2003-01-01,LSH002,LCD002,1, ,1332221007,
821,AI010,500549,41590520,377130179A,MNG244,1900-01-01,LSH000,LCD002,1,30189029,2703531002,
822,AI010,500202,41590520,377130146C,MNG244,1900-01-01,LSH002,LCD002,1,30156005,9008831001,
823,AI010,100726,41590560,376160559B,MNG244,1900-01-01,LSH007,LCD002,1, ,3220621016,
824,AI010,8.89E+11,41590259,376161473A,MNG244,2016-01-01,LSH030,LCD002,1,화성 향남 2지구 도로 및 지하시설물 DB 구축(20170831),614731698,
825,AI010,8.89E+11,41590259,376161473B,MNG244,2016-01-01,LSH030,LCD002,1,화성 향남 2지구 도로 및 지하시설물 DB 구축(20170831),614731698,
826,AI010,8.89E+11,41590259,376161473B,MNG244,2016-01-01,LSH030,LCD002,1,화성 향남 2지구 도로 및 지하시설물 DB 구축(20170831),614731698,
827,AI010,8.89E+11,41590259,376161473B,MNG244,2016-01-01,LSH030,LCD002,1,화성 향남 2지구 도로 및 지하시설물 DB 구축(20170831),614731698,
828,AI010,100194,41590410,376161062D,MNG244,1900-01-01,LSH007,LCD002,1, ,1331011014,
829,AI010,401485,41590587,377130262C,MNG244,2006-04-01,LSH022,LCD999,1, ,2700819001,
830,AI010,500163,41590520,377130139A,MNG244,1900-01-01,LSH007,LCD002,1,30139006,3220131005,
831,AI010,100344,41590253,376160512C,MNG244,1900-01-01,LSH000,LCD002,1, ,9007221001,
832,AI010,100560,41590410,376161518C,MNG244,1900-01-01,LSH999,LCD002,1,원형투광등,9005811009,
833,AI010,100126,41590253,376160948C,MNG244,1900-01-01,LSH002,LCD002,1, ,1104311027,
834,AI010,200169,41590400,376161559D,MNG244,1900-01-01,LSH002,LCD002,1, ,2005712033,
835,AI010,100049,41590253,376160499A,MNG244,1900-01-01,LSH002,LCD002,1,4개,1104311069,
836,AI010,500523,41590530,377130178D,MNG244,1900-01-01,LSH007,LCD002,1,30189003,2703031002,
837,AI010,500790,41590410,377130622C,MNG244,2004-01-01,LSH002,LCD002,1,30632011,1331531007,
838,AI010,100733,41590560,376160550C,MNG244,1900-01-01,LSH007,LCD002,1, ,3330221014,
839,AI010,500292,41590520,377130168A,MNG244,1900-01-01,LSH002,LCD002,1,30178007,2701031002,
840,AI010,100808,41590253,376160597A,MNG244,1900-01-01,LSH007,LCD002,1, ,9001921003,
841,AI010,500477,41590520,377130187A,MNG244,1900-01-01,LSH007,LCD002,1,30187011,1208431034,
842,AI010,99920150136,41590590,377130393A,MNG244,1990-01-01,LSH000,LCD000,1, ,99920150013,
843,AI010,99920150137,41590590,377130393A,MNG244,1990-01-01,LSH000,LCD000,1, ,99920150013,
844,AI010,200278,41590400,376162041D,MNG244,1900-01-01,LSH002,LCD002,1, ,3110212007,
845,AI010,810023,41590262,376160281D,MNG244,1900-01-01,LSH017,LCD002,1, ,2002333292,
846,AI010,100795,41590570,376160577C,MNG244,1900-01-01,LSH002,LCD002,1, ,9003921002,
847,AI010,100030,41590253,376160903D,MNG244,1900-01-01,LSH007,LCD002,1, ,3220111003,
848,AI010,500054,41590410,377131125C,MNG244,1900-01-01,LSH002,LCD002,1,31135001,9001731106,
849,AI010,100356,41590253,376160522D,MNG244,1900-01-01,LSH000,LCD002,1, ,9006421001,
850,AI010,500095,41590410,377130674D,MNG244,1900-01-01,LSH007,LCD002,1,30685009,1331031151,
851,AI010,500027,41590410,377131144A,MNG244,1900-01-01,LSH002,LCD002,1,31144001,1208231109,
852,AI010,300018,41590310,376122493D,MNG244,1900-01-01,LSH002,LCD002,1, ,1208413010,
853,AI010,500637,41590520,377130187B,MNG244,2004-01-01,LSH002,LCD002,1,30198028,2704331001,
854,AI010,426047,41590253,376160562A,MNG244,2008-07-24,LSH010,LCD002,1, ,1019042048,
855,AI010,99920150183,41590330,376160194D,MNG244,1990-01-01,LSH000,LCD000,1, ,99920150639,
856,AI010,500760,41590520,377130609B,MNG244,1900-01-01,LSH999,LCD002,1,30610009,2007131015,
857,AI010,100404,41590253,376160551D,MNG244,1900-01-01,LSH007,LCD002,1, ,2007021005,
858,AI010,100244,41590253,376160499B,MNG244,1900-01-01,LSH002,LCD002,1, ,1104311071,
859,AI010,401963,41590259,376161340B,MNG244,2004-07-31,LHS017,LCD002,1, ,2807991001,
860,AI010,401444,41590585,377130273D,MNG244,2006-04-01,LSH022,LCD999,1, ,2702419001,
861,AI010,99920150210,41590340,376150568A,MNG244,1990-01-01,LSH000,LCD000,1, ,99920150614,
862,AI010,100336,41590253,376160460D,MNG244,1900-01-01,LSH007,LCD002,1, ,2700221003,
863,AI010,401966,41590259,376161431D,MNG244,2004-07-31,LHS017,LCD002,1, ,2800891001,
864,AI010,100495,41590253,376160597A,MNG244,1900-01-01,LSH007,LCD002,1, ,9002521001,
865,AI010,401763,41590585,377130284A,MNG244,2006-04-01,LSH010,LCD999,1, ,2702219005,
866,AI010,300103,41590320,376160323D,MNG244,1900-01-01,LSH002,LCD002,1, ,2006913015,
867,AI010,500536,41590520,377130179D,MNG244,1900-01-01,LSH000,LCD002,1,30189016,2803731002,
868,AI010,401251,41590585,377130293A,MNG244,2006-04-01,LSH022,LCD999,1, ,2804719003,
869,AI010,401255,41590585,377130293A,MNG244,2006-04-01,LSH022,LCD999,1, ,2804719001,
870,AI010,401629,41590585,377130265B,MNG244,2006-04-01,LSH021,LCD003,1, ,2705419001,
871,AI010,401630,41590585,377130265B,MNG244,2006-04-01,LSH021,LCD003,1, ,2705419001,
872,AI010,100212,41590410,376161062A,MNG244,1900-01-01,LSH007,LCD002,1, ,9008911001,
873,AI010,99920150188,41590340,376160172C,MNG244,1990-01-01,LSH000,LCD000,1, ,99920150570,
874,AI010,8.89E+11,41590259,376161464A,MNG244,2016-01-01,LSH030,LCD002,1,화성 향남 2지구 도로 및 지하시설물 DB 구축(20170831),614641674,
875,AI010,8.30E+13,41590340,376160107B,MNG244,2019-12-21,LSH023,LCD005,1,송산그린시티 기반시설 건설공사 도로 및 지하매설물 GIS D/B 구축용역,8.30E+13,
876,AI010,100136,41590253,376160948A,MNG244,1900-01-01,LSH002,LCD002,1, ,1104311031,
877,AI010,500472,41590520,377130187B,MNG244,1900-01-01,LSH002,LCD002,1,30187006,9014131006,
878,AI010,100712,41590560,376160548C,MNG244,1900-01-01,LSH002,LCD002,1, ,9010921006,
879,AI010,100875,41590560,376160570A,MNG244,1900-01-01,LSH002,LCD002,1, ,3330221002,
880,AI010,500349,41590520,377130179A,MNG244,1900-01-01,LSH000,LCD002,1,30179019,2802331001,
881,AI010,200021,41590360,376160880A,MNG244,1900-01-01,LSH002,LCD002,1, ,2007812048,
882,AI010,401170,41590586,377130706B,MNG244,2006-04-01,LSH022,LCD999,1, ,2808319001,
883,AI010,401031,41590586,377130725C,MNG244,2006-04-01,LSH022,LCD999,1, ,2808619001,
884,AI010,401032,41590586,377130725C,MNG244,2006-04-01,LSH022,LCD999,1, ,2809919001,
885,AI010,100328,41590253,376160460D,MNG244,1900-01-01,LSH002,LCD002,1, ,9004421001,
886,AI010,100165,41590253,376161005A,MNG244,2003-01-01,LSH000,LCD002,1, ,9008721001,
887,AI010,500144,41590520,377130137C,MNG244,1900-01-01,LSH002,LCD002,1,30147010,3220131004,
888,AI010,100204,41590410,376161064D,MNG244,1900-01-01,LSH007,LCD002,1, ,9005111001,
889,AI010,500786,41590410,376161040B,MNG244,2004-01-01,LSH007,LCD002,1,30631003,1331531002,
890,AI010,500591,41590570,377130185C,MNG244,1900-01-01,LSH000,LCD002,1,30195001,2501031002,
891,AI010,100058,41590253,376160918A,MNG244,1900-01-01,LSH007,LCD002,1, ,9001111002,
892,AI010,401457,41590587,377130273B,MNG244,2006-04-01,LSH022,LCD999,1, ,2800719001,
893,AI010,401149,41590585,377130706D,MNG244,2006-04-01,LSH022,LCD999,1, ,2807719001,
894,AI010,820040,41590256,376161734C,MNG244,1900-01-01,LSH002,LCD002,1, ,1107733056,
895,AI010,100005,41590253,376160984D,MNG244,1900-01-01,LSH007,LCD002,1, ,9003011004,
896,AI010,2,41590520,377130187A,MNG244,1900-01-01,LSH000,LCD000,1, ,1208431032,
897,AI010,200230,41590400,376161929A,MNG244,1900-01-01,LSH007,LCD002,1, ,1104312010,
898,AI010,100483,41590253,376160545C,MNG244,1900-01-01,LSH002,LCD002,1,2EA,1208421022,
899,AI010,100315,41590253,376160460D,MNG244,1900-01-01,LSH007,LCD002,1, ,3110121021,
900,AI010,401747,41590585,377130284A,MNG244,2006-04-01,LSH022,LCD999,1, ,2704319001,
901,AI010,401041,41590586,377130725B,MNG244,2006-04-01,LSH022,LCD999,1, ,2806619001,
902,AI010,100099,41590253,376160948D,MNG244,1900-01-01,LSH999,LCD002,1, ,2006711022,
903,AI010,500012,41590410,377131136A,MNG244,1900-01-01,LSH007,LCD002,1,31146002,1208231116,
904,AI010,401499,41590585,377130704A,MNG244,2006-04-01,LSH010,LCD999,1, ,2709119001,
905,AI010,500120,41590410,377130661C,MNG244,1900-01-01,LSH002,LCD002,1,30671003,1331031131,
906,AI010,500467,41590520,377130187A,MNG244,1900-01-01,LSH002,LCD002,1,30187001,2706831001,
907,AI010,401316,41590587,377130263C,MNG244,2006-04-01,LSH022,LCD999,1, ,2800419001,
908,AI010,401205,41590586,377130705C,MNG244,2006-04-01,LSH010,LCD999,1, ,2709219003,
909,AI010,100834,41590560,376160547B,MNG244,1900-01-01,LSH000,LCD002,1, ,9008321012,
910,AI010,100705,41590560,376160547D,MNG244,1900-01-01,LSH007,LCD002,1, ,9010921006,
911,AI010,500229,41590520,377130147D,MNG244,1900-01-01,LSH002,LCD002,1,30158002,9008231014,
912,AI010,500785,41590410,377130631A,MNG244,2004-01-01,LSH007,LCD002,1,30631002,1331531004,
913,AI010,100051,41590253,376160499A,MNG244,1900-01-01,LSH002,LCD002,1, ,1104311064,
914,AI010,2.12E+11,41590256,376161167A,MNG244,2015-01-01,LSH006,LCD004,1,호곡~주곡간 도로확포장공사 GIS DB 구축용역(20170823)_재납품,21150726003,
915,AI010,500277,41590570,377130165A,MNG244,1900-01-01,LSH007,LCD002,1,30175006,3110131010,
916,AI010,100715,41590560,376160549C,MNG244,1900-01-01,LSH007,LCD002,1, ,3220621024,
917,AI010,401513,41590587,377130291C,MNG244,2006-04-01,LSH022,LCD999,1, ,2801819001,
918,AI010,401514,41590587,377130291C,MNG244,2006-04-01,LSH022,LCD999,1, ,2801819001,
919,AI010,100343,41590253,376160522A,MNG244,1900-01-01,LSH000,LCD002,1, ,9006921001,
920,AI010,500036,41590410,376161540D,MNG244,1900-01-01,LSH007,LCD002,1,31141004,9005831126,
921,AI010,300055,41590310,376160406B,MNG244,1900-01-01,LSH017,LCD002,1, ,1208413028,
922,AI010,99920150085,41590256,376161625A,MNG244,1990-01-01,LSH000,LCD000,1, ,99920150765,
923,AI010,99920150107,41590256,376161170C,MNG244,1990-01-01,LSH000,LCD000,1, ,99920150769,
924,AI010,500234,41590520,377130160A,MNG244,1999-01-01,LSH007,LCD002,1,30160002,9007431305,
925,AI010,401483,41590587,377130262C,MNG244,2006-04-01,LSH022,LCD999,1, ,2700819003,
926,AI010,401717,41590585,377130245D,MNG244,2006-04-01,LSH022,LCD999,1, ,2807119001,
927,AI010,401331,41590587,377130282A,MNG244,2006-04-01,LSH999,LCD999,1, ,2708219001,
928,AI010,500049,41590410,377131126C,MNG244,1900-01-01,LSH002,LCD002,1,31136003,9001431103,
929,AI010,401286,41590587,377130701B,MNG244,2006-04-01,LSH022,LCD999,1, ,2802919001,
930,AI010,401845,41590587,377130272C,MNG244,2006-04-01,LSH007,LCD999,1, ,9020419006,
931,AI010,500102,41590410,377130674C,MNG244,1900-01-01,LSH007,LCD002,1,30684001,1331031149,
932,AI010,402003,41590540,377130180D,MNG244,2006-06-20,LSH999,LCD002,1, ,2900644325,
933,AI010,500162,41590520,377130139A,MNG244,1900-01-01,LSH007,LCD002,1,30139005,3220131009,
934,AI010,100813,41590253,376160596B,MNG244,1900-01-01,LSH007,LCD002,1, ,9002621005,
935,AI010,401338,41590587,377130272B,MNG244,2006-04-01,LSH022,LCD999,1, ,2708119001,
936,AI010,401337,41590587,377130272B,MNG244,2006-04-01,LSH022,LCD999,1, ,2708119001,
937,AI010,200151,41590259,376161547C,MNG244,1900-01-01,LSH007,LCD002,1, ,1208212028,
938,AI010,401832,41590586,377130717A,MNG244,2006-04-01,LSH021,LCD003,1, ,2707219001,
939,AI010,500480,41590520,377130186B,MNG244,1900-01-01,LSH002,LCD002,1,30187014,2706731001,
940,AI010,200253,41590400,376161939B,MNG244,1900-01-01,LSH002,LCD002,1, ,1104312005,
941,AI010,500630,41590530,377130188C,MNG244,1900-01-01,LSH007,LCD002,1,30198021,9014631003,
942,AI010,100189,41590410,376161015D,MNG244,1900-01-01,LSH007,LCD002,1, ,9007111009,
943,AI010,99920150036,41590400,376161943D,MNG244,1990-01-01,LSH000,LCD000,1, ,99920150303,
944,AI010,99920150037,41590400,376161943D,MNG244,1990-01-01,LSH000,LCD000,1, ,99920150303,
945,AI010,99920150038,41590400,376161943D,MNG244,1990-01-01,LSH000,LCD000,1, ,99920150303,
946,AI010,200154,41590259,376161547D,MNG244,1900-01-01,LSH002,LCD002,1, ,1208212032,
947,AI010,500557,41590520,377130179C,MNG244,1900-01-01,LSH000,LCD002,1,30189037,2703331002,
948,AI010,500254,41590520,377130158C,MNG244,1900-01-01,LSH007,LCD002,1,30168004,2801131001,
949,AI010,401044,41590586,377130725A,MNG244,2006-04-01,LSH022,LCD999,1, ,2810519001,
950,AI010,100816,41590253,376160596B,MNG244,1900-01-01,LSH000,LCD002,1, ,9002621004,
951,AI010,401465,41590587,377130263A,MNG244,2006-04-01,LSH021,LCD003,1, ,2700419001,
952,AI010,401466,41590587,377130263A,MNG244,2006-04-01,LSH021,LCD003,1, ,2700419001,
953,AI010,200140,41590259,376161544B,MNG244,1900-01-01,LSH007,LCD002,1, ,1208212017,
954,AI010,200013,41590360,376160952B,MNG244,2001-01-01,LSH999,LCD002,1, ,2006712010,
955,AI010,100010,41590253,376160927C,MNG244,1900-01-01,LSH002,LCD002,1, ,9001611005,
956,AI010,99920150080,41590256,376161659D,MNG244,1990-01-01,LSH000,LCD000,1, ,99920150762,
957,AI010,99920150081,41590256,376161659D,MNG244,1990-01-01,LSH000,LCD000,1, ,99920150762,
958,AI010,99920150083,41590256,376161658D,MNG244,1990-01-01,LSH000,LCD000,1, ,99920150762,
959,AI010,99920150082,41590256,376161658B,MNG244,1990-01-01,LSH000,LCD000,1, ,99920150762,
960,AI010,2.12E+11,41590330,376160634A,MNG244,1900-01-01,LSH002,LCD002,1,견착,21160634002,
961,AI010,200232,41590400,376161929A,MNG244,1900-01-01,LSH002,LCD002,1, ,1104312010,
962,AI010,401018,41590586,377130716C,MNG244,2006-04-01,LSH010,LCD999,1, ,2709419004,
963,AI010,100477,41590253,376160583D,MNG244,1900-01-01,LSH007,LCD002,1, ,9000421002,
964,AI010,401131,41590586,377130706D,MNG244,2006-04-01,LSH022,LCD999,1, ,2808719001,
965,AI010,401043,41590586,377130725A,MNG244,2006-04-01,LSH022,LCD999,1, ,2809619001,
966,AI010,401868,41590586,377130725A,MNG244,2006-04-01,LSH022,LCD999,1, ,2809519001,
967,AI010,401867,41590586,377130725A,MNG244,2006-04-01,LSH022,LCD999,1, ,2809519001,
968,AI010,500799,41590520,377130100D,MNG244,1900-01-01,LSH007,LCD002,1,30701003,9015631004,
969,AI010,500725,41590530,377130198C,MNG244,1900-01-01,LSH007,LCD002,1,30608010,9016531004,
970,AI010,100120,41590253,376160938A,MNG244,1900-01-01,LSH007,LCD002,1, ,1104311037,
971,AI010,426052,41590253,376160562A,MNG244,2008-07-24,LSH010,LCD002,1, ,1019042048,
972,AI010,426053,41590253,376160562B,MNG244,2008-07-24,LSH010,LCD002,1, ,1019042048,
973,AI010,426054,41590253,376160552C,MNG244,2008-07-24,LSH999,LCD002,1, ,1019042061,
974,AI010,401817,41590585,377130274C,MNG244,2006-04-01,LSH022,LCD999,1, ,2703219003,
975,AI010,401437,41590585,377130273D,MNG244,2006-04-01,LSH022,LCD999,1, ,2702619003,
976,AI010,401438,41590585,377130273D,MNG244,2006-04-01,LSH022,LCD999,1, ,2702619003,
977,AI010,401614,41590585,377130265A,MNG244,2006-04-01,LSH021,LCD003,1, ,2705819004,
978,AI010,401637,41590585,377130266A,MNG244,2006-04-01,LSH999,LCD999,1, ,2200119005,
979,AI010,401636,41590585,377130266A,MNG244,2006-04-01,LSH999,LCD999,1, ,2200119005,
980,AI010,500052,41590410,377131125C,MNG244,1900-01-01,LSH007,LCD002,1,31135003,9001731110,
981,AI010,500071,41590410,377131104D,MNG244,1900-01-01,LSH007,LCD002,1,31115002,9001031104,
982,AI010,820003,41590256,376161734B,MNG244,1900-01-01,LSH007,LCD002,1, ,1107733063,
983,AI010,100839,41590560,376160548A,MNG244,1900-01-01,LSH000,LCD002,1, ,9011221002,
984,AI010,500636,41590520,377130187D,MNG244,2004-01-01,LSH002,LCD002,1,30198027,2704331001,
985,AI010,500506,41590530,377130188A,MNG244,2005-01-01,LSH002,LCD002,1,30188016,2500231009,
986,AI010,500228,41590520,377130147D,MNG244,1900-01-01,LSH007,LCD002,1,30158017,9008231012,
987,AI010,401906,41590585,377130293A,MNG244,2006-04-01,LSH022,LCD999,1, ,2705119001,
988,AI010,300131,41590340,376150578B,MNG244,1900-01-01,LSH002,LCD002,1, ,2800313015,
989,AI010,200037,41590360,376161310B,MNG244,1900-01-01,LSH002,LCD002,1, ,2007812023,
990,AI010,401941,41590587,377130701B,MNG244,2006-04-01,LSH022,LCD999,1, ,2802819001,
991,AI010,401285,41590587,377130701B,MNG244,2006-04-01,LSH022,LCD999,1, ,2802819001,
992,AI010,401300,41590587,377130701A,MNG244,2006-04-01,LSH022,LCD999,1, ,2802319001,
993,AI010,500128,41590410,377130651C,MNG244,1900-01-01,LSH002,LCD002,1,30661006,9000231106,
994,AI010,5.11E+11,41590600,377130738B,MNG244,2014-01-01,LSH999,LCD004,1,화성동탄 일반산업단지 조성공사 중 GIS구축,51130738037,
995,AI010,500754,41590520,377130100D,MNG244,1900-01-01,LSH007,LCD002,1,30610002,9015631005,
996,AI010,100606,41590570,376160598A,MNG244,1900-01-01,LSH007,LCD002,1, ,9007811003,
997,AI010,100563,41590410,376161518C,MNG244,1900-01-01,LSH007,LCD002,1, ,9005811009,
998,AI010,100666,41590570,376160588C,MNG244,2003-01-01,LSH002,LCD002,1, ,1332221008,
999,AI010,401641,41590585,377130276C,MNG244,2006-04-01,LSH010,LCD999,1, ,2709819001,
1000,AI010,401640,41590585,377130276C,MNG244,2006-04-01,LSH010,LCD999,1, ,2709819001,
1001,AI010,401639,41590585,377130276C,MNG244,2006-04-01,LSH010,LCD999,1, ,2709819001,
1002,AI010,401502,41590585,377130276C,MNG244,2006-04-01,LSH010,LCD999,1, ,2709819001,
1003,AI010,401501,41590585,377130276C,MNG244,2006-04-01,LSH010,LCD999,1, ,2709819001,
1004,AI010,401663,41590585,377130275D,MNG244,2006-04-01,LSH010,LCD999,1, ,2709819001,
1005,AI010,401662,41590585,377130275D,MNG244,2006-04-01,LSH010,LCD999,1, ,2709819001,
1006,AI010,401643,41590585,377130276C,MNG244,2006-04-01,LSH010,LCD999,1, ,2709819001,
1007,AI010,100479,41590253,376160583D,MNG244,1900-01-01,LSH007,LCD002,1, ,9000421002,
1008,AI010,2.12E+11,41590330,376160623D,MNG244,1900-01-01,LSH006,LCD002,1,견착,21160623004,
1009,AI010,401034,41590586,377130725B,MNG244,2006-04-01,LSH022,LCD999,1, ,2808619001,
1010,AI010,100238,41590253,376160470B,MNG244,1900-01-01,LSH999,LCD002,1, ,2600121001,
1011,AI010,300122,41590340,376150577A,MNG244,1900-01-01,LSH999,LCD002,1,원형투구형,2800113032,
1012,AI010,300123,41590340,376150578A,MNG244,1900-01-01,LSH007,LCD002,1, ,2800313012,
1013,AI010,100424,41590253,376160565B,MNG244,2001-01-01,LSH002,LCD002,1, ,2007021022,
1014,AI010,500098,41590410,377130674D,MNG244,1900-01-01,LSH007,LCD002,1,30685006,1331031150,
1015,AI010,500740,41590530,377130199C,MNG244,1900-01-01,LSH002,LCD002,1,30609010,9015431002,
1016,AI010,401571,41590587,377130262C,MNG244,2006-04-01,LSH022,LCD999,1, ,2700719001,
1017,AI010,401806,41590585,377130274C,MNG244,2006-04-01,LSH010,LCD999,1, ,2702119001,
1018,AI010,401804,41590585,377130274C,MNG244,2006-04-01,LSH010,LCD999,1, ,2702119001,
1019,AI010,401803,41590585,377130274C,MNG244,2006-04-01,LSH010,LCD999,1, ,2702119001,
1020,AI010,401802,41590585,377130274C,MNG244,2006-04-01,LSH010,LCD999,1, ,2702119001,
1021,AI010,401807,41590585,377130274C,MNG244,2006-04-01,LSH010,LCD999,1, ,2702119001,
1022,AI010,401805,41590585,377130274C,MNG244,2006-04-01,LSH010,LCD999,1, ,2702119001,
1023,AI010,200221,41590400,376161929A,MNG244,1900-01-01,LSH002,LCD002,1, ,1104312012,
1024,AI010,401758,41590585,377130284A,MNG244,2006-04-01,LSH022,LCD999,1, ,2703419007,
1025,AI010,401500,41590585,377130704A,MNG244,2006-04-01,LSH010,LCD999,1, ,2709119001,
1026,AI010,200103,41590259,376161432C,MNG244,1900-01-01,LSH002,LCD002,1, ,2600112010,
1027,AI010,500029,41590410,377131143B,MNG244,1900-01-01,LSH002,LCD002,1,31143003,1208231103,
1028,AI010,500428,41590570,377130171D,MNG244,1900-01-01,LSH007,LCD002,1,30182020,3330231003,
1029,AI010,500172,41590520,377130146A,MNG244,1900-01-01,LSH002,LCD002,1,30146003,3220131003,
1030,AI010,100213,41590410,376161062D,MNG244,1900-01-01,LSH007,LCD002,1, ,1331011013,
1031,AI010,500531,41590520,377130179C,MNG244,1900-01-01,LSH000,LCD002,1,30189011,2803731001,
1032,AI010,500336,41590520,377130179A,MNG244,1900-01-01,LSH000,LCD002,1,30179006,2701731008,
1033,AI010,401390,41590587,377130271B,MNG244,2006-04-01,LSH022,LCD999,1, ,2701519001,
1034,AI010,401779,41590585,377130283B,MNG244,2006-04-01,LSH010,LCD999,1, ,2702219005,
1035,AI010,401456,41590587,377130273B,MNG244,2006-04-01,LSH022,LCD999,1, ,2800719001,
1036,AI010,300183,41590350,376151061B,MNG244,1900-01-01,LSH002,LCD002,1, ,1330513002,
1037,AI010,500140,41590520,377130137D,MNG244,1900-01-01,LSH002,LCD002,1,30147006,3220131005,
1038,AI010,100540,41590410,376161087A,MNG244,1996-01-01,LSH007,LCD002,1, ,1331511009,
1039,AI010,200054,41590259,376161421D,MNG244,1900-01-01,LSH002,LCD002,1, ,2400112003,
1040,AI010,99920150184,41590330,376160186A,MNG244,1990-01-01,LSH000,LCD000,1, ,99920150283,
1041,AI010,401038,41590586,377130725B,MNG244,2006-04-01,LSH022,LCD999,1, ,2806419001,
1042,AI010,401051,41590586,377130715D,MNG244,2006-04-01,LSH022,LCD999,1, ,2806419001,
1043,AI010,401947,41590586,377130725B,MNG244,2006-04-01,LSH022,LCD999,1, ,2806419001,
1044,AI010,401948,41590586,377130725B,MNG244,2006-04-01,LSH022,LCD999,1, ,2806419001,
1045,AI010,100390,41590253,376160544B,MNG244,1900-01-01,LSH007,LCD002,1, ,1208421017,
1046,AI010,500784,41590410,377130631A,MNG244,2004-01-01,LSH002,LCD002,1,30631001,1331531002,
1047,AI010,401097,41590586,377130714A,MNG244,2006-04-01,LSH022,LCD999,1, ,2805619001,
1048,AI010,401096,41590586,377130714A,MNG244,2006-04-01,LSH022,LCD999,1, ,2805619001,
1049,AI010,100130,41590253,376160949D,MNG244,1900-01-01,LSH007,LCD002,1, ,2006711024,
1050,AI010,100856,41590253,376160576A,MNG244,1900-01-01,LSH000,LCD002,1,일반형,9000221001,
1051,AI010,500301,41590520,377130178A,MNG244,1900-01-01,LSH000,LCD002,1,30178016,2701831001,
1052,AI010,100680,41590570,376160588A,MNG244,1900-01-01,LSH007,LCD002,1, ,9002821004,
1053,AI010,100539,41590410,376161077C,MNG244,1996-01-01,LSH007,LCD002,1, ,1331511011,
1054,AI010,200042,41590360,376161310D,MNG244,1900-01-01,LSH002,LCD002,1, ,2007812021,
1055,AI010,100386,41590560,376160545A,MNG244,1900-01-01,LSH007,LCD002,1, ,9008021001,
1056,AI010,500598,41590570,377130185C,MNG244,1900-01-01,LSH007,LCD002,1,30195008,1208431020,
1057,AI010,401601,41590585,377130254D,MNG244,2006-04-01,LSH021,LCD003,1, ,2705419001,
1058,AI010,401602,41590585,377130254D,MNG244,2006-04-01,LSH021,LCD003,1, ,2705419001,
1059,AI010,500032,41590410,377131143A,MNG244,1900-01-01,LSH007,LCD002,1,31143005,9002131102,
1060,AI010,401730,41590585,377130285C,MNG244,2006-04-01,LSH010,LCD999,1, ,2708619001,
1061,AI010,401729,41590585,377130285C,MNG244,2006-04-01,LSH010,LCD999,1, ,2708619001,
1062,AI010,401728,41590585,377130285C,MNG244,2006-04-01,LSH010,LCD999,1, ,2708619001,
1063,AI010,401354,41590585,377130283A,MNG244,2006-04-01,LSH022,LCD999,1, ,2803719001,
1064,AI010,401313,41590587,377130273A,MNG244,2006-04-01,LSH022,LCD999,1, ,2800319001,
1065,AI010,500090,41590410,377130692B,MNG244,1900-01-01,LSH002,LCD002,1,30692002,3220231108,
1066,AI010,100401,41590253,376160551B,MNG244,1900-01-01,LSH000,LCD002,1, ,9003621001,
1067,AI010,401839,41590587,377130701B,MNG244,2006-04-01,LSH022,LCD999,1, ,2802619003,
1068,AI010,401281,41590587,377130701B,MNG244,2006-04-01,LSH022,LCD999,1, ,2802619003,
1069,AI010,100395,41590560,376160546A,MNG244,1900-01-01,LSH007,LCD002,1, ,9008021003,
1070,AI010,100153,41590253,376160948A,MNG244,1900-01-01,LSH002,LCD002,1, ,1104311028,
1071,AI010,500397,41590520,377130168D,MNG244,1900-01-01,LSH000,LCD002,1,30179067,2701131003,
1072,AI010,500118,41590410,377130661C,MNG244,1900-01-01,LSH002,LCD002,1,30671001,1331431101,
1073,AI010,100264,41590253,376160511D,MNG244,1900-01-01,LSH007,LCD002,1, ,3110121015,
1074,AI010,820022,41590256,376161734A,MNG244,1900-01-01,LSH019,LCD002,1, ,2800233017,
1075,AI010,99920150140,41590570,376161008D,MNG244,1990-01-01,LSH000,LCD000,1, ,99920150561,
1076,AI010,500676,41590550,377130244D,MNG244,1900-01-01,LSH007,LCD002,1,30255001,9005231001,
1077,AI010,500247,41590570,377130155C,MNG244,1900-01-01,LSH002,LCD002,1,30165006,3110131004,
1078,AI010,500193,41590520,377130137D,MNG244,1900-01-01,LSH002,LCD002,1,30148016,3220131006,
1079,AI010,200096,41590259,376161432D,MNG244,1900-01-01,LSH007,LCD002,1, ,2801712001,
1080,AI010,100399,41590253,376160542C,MNG244,1900-01-01,LSH002,LCD002,1, ,9003621003,
1081,AI010,200259,41590400,376161939D,MNG244,1900-01-01,LSH002,LCD002,1, ,1104312002,
1082,AI010,100016,41590253,376160965D,MNG244,1900-01-01,LSH002,LCD002,1, ,1331011008,
1083,AI010,401242,41590585,377130293A,MNG244,2006-04-01,LSH022,LCD999,1, ,2804519003,
1084,AI010,401736,41590585,377130284B,MNG244,2006-04-01,LSH010,LCD999,1, ,2708519001,
1085,AI010,500061,41590410,377131126A,MNG244,1900-01-01,LSH007,LCD002,1,31126003,9001131108,
1086,AI010,1.00E+12,41590256,376161726A,MNG244,2010-01-01,LSH007,LCD002,1, ,99617260025,
1087,AI010,9.99E+11,41590550,377130224C,MNG244,2009-01-01,LSH020,LCD002,1, ,99302240004,
1088,AI010,401829,41590585,377130273D,MNG244,2006-04-01,LSH022,LCD999,1, ,2703419003,
1089,AI010,500499,41590520,377130187B,MNG244,1900-01-01,LSH007,LCD002,1,30188009,9013931003,
1090,AI010,500571,41590570,376160500B,MNG244,1900-01-01,LSH000,LCD002,1,30191001,1208431001,
1091,AI010,500355,41590520,377130178B,MNG244,1900-01-01,LSH000,LCD002,1,30179025,2701731013,
1092,AI010,401010,41590259,376161432C,MNG244,2004-07-31,LHS017,LCD002,1, ,2700191001,
1093,AI010,100139,41590253,376160909C,MNG244,1900-01-01,LSH002,LCD002,1, ,1104311056,
1094,AI010,200024,41590360,376160880B,MNG244,1900-01-01,LSH002,LCD002,1, ,2007812046,
1095,AI010,500251,41590520,377130168A,MNG244,1900-01-01,LSH000,LCD002,1,30168001,2801031001,
1096,AI010,100794,41590570,376160577C,MNG244,1900-01-01,LSH002,LCD002,1, ,9003921003,
1097,AI010,500053,41590410,377131125C,MNG244,1900-01-01,LSH007,LCD002,1,31135002,9001731107,
1098,AI010,426036,41590253,376160562D,MNG244,2008-07-24,LSH010,LCD002,1, ,1019042029,
1099,AI010,426037,41590253,376160562D,MNG244,2008-07-24,LSH010,LCD002,1, ,1019042029,
1100,AI010,8.89E+11,41590256,376161715D,MNG244,2010-01-01,LSH999,LCD999,1,LP1-C1-22/원추형,88617150001,
1101,AI010,500312,41590520,377130168D,MNG244,1900-01-01,LSH000,LCD002,1,30178027,2801331002,
1102,AI010,100501,41590253,376160597A,MNG244,1900-01-01,LSH002,LCD002,1, ,9002521002,
1103,AI010,100145,41590253,376160937B,MNG244,1900-01-01,LSH002,LCD002,1, ,3220411012,
1104,AI010,100192,41590410,376161025B,MNG244,1900-01-01,LSH007,LCD002,1, ,9007111013,
1105,AI010,200115,41590259,376161533D,MNG244,1900-01-01,LSH002,LCD002,1, ,1208212014,
1106,AI010,402018,41590540,377130180C,MNG244,2006-06-20,LSH999,LCD002,1, ,2900744323,
1107,AI010,402019,41590540,377130180D,MNG244,2006-06-20,LSH999,LCD002,1, ,2900744323,
1108,AI010,402020,41590540,377130180B,MNG244,2006-06-20,LSH999,LCD002,1, ,2900844324,
1109,AI010,401933,41590587,377130701A,MNG244,2006-04-01,LSH022,LCD999,1, ,2802519001,
1110,AI010,100394,41590560,376160545B,MNG244,1900-01-01,LSH002,LCD002,1, ,9008021003,
1111,AI010,100115,41590253,376160928B,MNG244,1900-01-01,LSH007,LCD002,1, ,1104311045,
1112,AI010,100582,41590570,376160598D,MNG244,1900-01-01,LSH007,LCD002,1, ,9009311001,
1113,AI010,401309,41590587,377130273A,MNG244,2006-04-01,LSH022,LCD999,1, ,2800519001,
1114,AI010,500065,41590410,377131116C,MNG244,1900-01-01,LSH007,LCD002,1,31126007,1331431137,
1115,AI010,200267,41590400,376162041B,MNG244,1900-01-01,LSH002,LCD002,1, ,3110212006,
1116,AI010,500468,41590520,377130187A,MNG244,1900-01-01,LSH002,LCD002,1,30187002,2706831001,
1117,AI010,300150,41590340,376150577A,MNG244,2005-01-01,LSH007,LCD002,1, ,2800113036,
1118,AI010,99920150160,41590262,376160753D,MNG244,1990-01-01,LSH000,LCD000,1, ,99920150597,
1119,AI010,401575,41590585,377130254D,MNG244,2006-04-01,LSH021,LCD003,1, ,2705419001,
1120,AI010,100600,41590410,376161067B,MNG244,1900-01-01,LSH007,LCD002,1, ,9006411001,
1121,AI010,500152,41590520,377130137B,MNG244,1900-01-01,LSH007,LCD002,1,30138005,9009231003,
1122,AI010,200039,41590360,376161310D,MNG244,1900-01-01,LSH007,LCD002,1, ,2007812022,
1123,AI010,100331,41590253,376160551C,MNG244,1900-01-01,LSH002,LCD002,1, ,9005221003,
1124,AI010,500388,41590520,377130169C,MNG244,1900-01-01,LSH000,LCD002,1,30179058,2701731007,
1125,AI010,100229,41590253,376160438A,MNG244,1900-01-01,LSH007,LCD002,1, ,3220221008,
1126,AI010,500384,41590520,377130168B,MNG244,1900-01-01,LSH000,LCD002,1,30179054,2701031005,
1127,AI010,2.12E+11,41590259,376161423C,MNG244,2014-06-01,LSH007,LCD004,1,발안도시계획도로(2-1호선) 지하매설물 GIS DB 구축 용역,21161423016,
1128,AI010,100149,41590253,376160909A,MNG244,1900-01-01,LSH002,LCD002,1, ,1104311058,
1129,AI010,500122,41590410,377130661C,MNG244,1900-01-01,LSH007,LCD002,1,30671005,1331031130,
1130,AI010,200243,41590400,376161929D,MNG244,1900-01-01,LSH002,LCD002,1, ,1104312006,
1131,AI010,500333,41590520,377130179A,MNG244,1900-01-01,LSH000,LCD002,1,30179003,2702031002,
1132,AI010,200216,41590400,376162015D,MNG244,1900-01-01,LSH002,LCD002,1, ,3110212027,
1133,AI010,100028,41590253,376160905A,MNG244,1900-01-01,LSH002,LCD002,1, ,1332211014,
1134,AI010,500219,41590520,377130148C,MNG244,1900-01-01,LSH007,LCD002,1,30158008,3220531006,
1135,AI010,100699,41590560,376160547C,MNG244,1900-01-01,LSH002,LCD002,1, ,9010921014,
1136,AI010,401069,41590586,377130714C,MNG244,2006-04-01,LSH022,LCD999,1, ,2805819003,
1137,AI010,2.12E+11,41590310,376160409C,MNG244,2013-06-01,LSH007,LCD004,1,서원말 취락지구 도로 개설공사 GISDB구축,21160409003,
1138,AI010,401363,41590585,377130283A,MNG244,2006-04-01,LSH022,LCD999,1, ,2803319003,
1139,AI010,401568,41590587,377130262C,MNG244,2006-04-01,LSH022,LCD999,1, ,2700519001,
1140,AI010,810045,41590262,376160284A,MNG244,1900-01-01,LSH007,LCD002,1, ,2800233280,
1141,AI010,100074,41590253,376160928C,MNG244,1900-01-01,LSH007,LCD002,1, ,9001611004,
1142,AI010,5.11E+11,41590600,377130739C,MNG244,2014-01-01,LSH999,LCD004,1,화성동탄 일반산업단지 조성공사 중 GIS구축,51130739025,
1143,AI010,200050,41590259,376161422A,MNG244,1900-01-01,LSH002,LCD002,1, ,2400112002,
1144,AI010,500243,41590570,377130164B,MNG244,1900-01-01,LSH007,LCD002,1,30165002,9009931003,
1145,AI010,100598,41590410,376161057C,MNG244,1900-01-01,LSH002,LCD002,1, ,1330911034,
1146,AI010,5.11E+11,41590600,377130738B,MNG244,2014-01-01,LSH999,LCD004,1,화성동탄 일반산업단지 조성공사 중 GIS구축,51130739035,
1147,AI010,5.11E+11,41590600,377130738B,MNG244,2014-01-01,LSH999,LCD004,1,화성동탄 일반산업단지 조성공사 중 GIS구축,51130738039,
1148,AI010,5.11E+11,41590600,377130738B,MNG244,2014-01-01,LSH999,LCD004,1,화성동탄 일반산업단지 조성공사 중 GIS구축,51130738038,
1149,AI010,100396,41590560,376160546A,MNG244,1900-01-01,LSH002,LCD002,1, ,9008021003,
1150,AI010,100041,41590253,376160456A,MNG244,1900-01-01,LSH002,LCD002,1, ,9000111002,
1151,AI010,100427,41590253,376160566A,MNG244,1900-01-01,LSH002,LCD002,1, ,1208421031,
1152,AI010,8.89E+11,41590256,376161715D,MNG244,2010-01-01,LSH999,LCD999,1,LP1-C1-17/원추형,88617150001,
1153,AI010,100534,41590410,376161069B,MNG244,1900-01-01,LSH007,LCD002,1, ,1331011035,
1154,AI010,100579,41590410,376161066D,MNG244,1900-01-01,LSH007,LCD002,1, ,1330911028,
1155,AI010,1.00E+12,41590256,376161725A,MNG244,2010-01-01,LSH000,LCD002,1, ,99617250023,
1156,AI010,1.00E+12,41590256,376161725A,MNG244,2010-01-01,LSH000,LCD002,1, ,99617250023,
1157,AI010,402032,41590540,377130180A,MNG244,2006-06-20,LSH999,LCD002,1, ,2900544320,
1158,AI010,401791,41590585,377130274D,MNG244,2006-04-01,LSH022,LCD999,1, ,2702319001,
1159,AI010,100475,41590253,376160583D,MNG244,1900-01-01,LSH007,LCD002,1, ,9000421002,
1160,AI010,100714,41590560,376160549C,MNG244,1900-01-01,LSH007,LCD002,1, ,3220621024,
1161,AI010,500442,41590570,377130182B,MNG244,1900-01-01,LSH002,LCD002,1,30183011,2707031003,
1162,AI010,401932,41590587,377130701C,MNG244,2006-04-01,LSH022,LCD999,1, ,2802519001,
1163,AI010,401341,41590587,377130272D,MNG244,2006-04-01,LSH022,LCD999,1, ,2708119004,
1164,AI010,401279,41590587,377130701B,MNG244,2006-04-01,LSH022,LCD999,1, ,2802619003,
1165,AI010,401171,41590585,377130706B,MNG244,2006-04-01,LSH022,LCD999,1, ,2807819001,
1166,AI010,401406,41590585,377130283C,MNG244,2006-04-01,LSH022,LCD999,1, ,2804419002,
1167,AI010,401408,41590585,377130283C,MNG244,2006-04-01,LSH022,LCD999,1, ,2804419002,
1168,AI010,401407,41590585,377130283C,MNG244,2006-04-01,LSH022,LCD999,1, ,2804419002,
1169,AI010,401404,41590585,377130283C,MNG244,2006-04-01,LSH022,LCD999,1, ,2804419002,
1170,AI010,100637,41590259,376161516D,MNG244,1996-01-01,LSH999,LCD002,1,원통형,3330311003,
1171,AI010,100847,41590560,376160537D,MNG244,1900-01-01,LSH000,LCD002,1, ,9008321017,
1172,AI010,401095,41590586,377130714A,MNG244,2006-04-01,LSH022,LCD999,1, ,2805619001,
1173,AI010,401094,41590586,377130714A,MNG244,2006-04-01,LSH022,LCD999,1, ,2805619001,
1174,AI010,100354,41590253,376160522C,MNG244,1900-01-01,LSH002,LCD002,1, ,9006321003,
1175,AI010,100511,41590253,376160597A,MNG244,1900-01-01,LSH002,LCD002,1, ,9002621001,
1176,AI010,99920150091,41590370,376161392A,MNG244,1990-01-01,LSH000,LCD000,1, ,99920150491,
1177,AI010,500271,41590570,377130174A,MNG244,1900-01-01,LSH007,LCD002,1,30174001,1333831017,
1178,AI010,500294,41590520,377130168A,MNG244,1900-01-01,LSH002,LCD002,1,30178009,2700931007,
1179,AI010,401610,41590585,377130264B,MNG244,2006-04-01,LSH021,LCD003,1, ,2705419001,
1180,AI010,401646,41590585,377130277A,MNG244,2006-04-01,LSH999,LCD999,1, ,9030319001,
1181,AI010,8.89E+11,41590256,376161715D,MNG244,2010-01-01,LSH999,LCD999,1,LP1-C1-16/원추형,88617150001,
1182,AI010,200093,41590259,376161433C,MNG244,1900-01-01,LSH007,LCD002,1, ,1104312017,
1183,AI010,99920150093,41590360,376161365C,MNG244,1990-01-01,LSH000,LCD000,1, ,99920150675,
1184,AI010,100657,41590570,376160597B,MNG244,2003-01-01,LSH002,LCD002,1, ,1332221007,
1185,AI010,300110,41590340,376150577A,MNG244,1900-01-01,LSH007,LCD002,1, ,2800313004,
1186,AI010,5.11E+11,41590600,377130738D,MNG244,2014-01-01,LSH999,LCD004,1,화성동탄 일반산업단지 조성공사 중 GIS구축,51130738005,
1187,AI010,810080,41590262,376160284C,MNG244,1900-01-01,LSH018,LCD002,1, ,2300133273,
1188,AI010,100474,41590253,376160583D,MNG244,1900-01-01,LSH007,LCD002,1, ,9000421001,
1189,AI010,2.12E+11,41590259,376161423B,MNG244,2014-06-01,LSH007,LCD004,1,발안도시계획도로(2-1호선) 지하매설물 GIS DB 구축 용역,21161423014,
1190,AI010,200289,41590400,376162042D,MNG244,1900-01-01,LSH002,LCD002,1, ,3110212007,
1191,AI010,500618,41590530,377130197B,MNG244,1900-01-01,LSH002,LCD002,1,30198009,2706831009,
1192,AI010,100793,41590570,376160577C,MNG244,1900-01-01,LSH002,LCD002,1, ,9003921005,
1193,AI010,100673,41590570,376160587D,MNG244,1900-01-01,LSH002,LCD002,1, ,9002721009,
1194,AI010,200029,41590360,376160880C,MNG244,1900-01-01,LSH018,LCD002,1, ,2007812045,
1195,AI010,500235,41590520,377130160A,MNG244,1999-01-01,LSH007,LCD002,1,30160003,9007431305,
1196,AI010,200035,41590360,376161310B,MNG244,1900-01-01,LSH002,LCD002,1, ,2007812024,
1197,AI010,100764,41590560,376160560C,MNG244,1900-01-01,LSH007,LCD002,1, ,3330221007,
1198,AI010,500632,41590530,377130187D,MNG244,1900-01-01,LSH007,LCD002,1,30198023,9015131002,
1199,AI010,401192,41590586,377130706A,MNG244,2006-04-01,LSH022,LCD999,1, ,2808119003,
1200,AI010,401194,41590585,377130706A,MNG244,2006-04-01,LSH022,LCD999,1, ,2808119003,
1201,AI010,100701,41590560,376160557A,MNG244,2001-01-01,LSH002,LCD002,1, ,2007021028,
1202,AI010,100809,41590253,376160597A,MNG244,1900-01-01,LSH000,LCD002,1,확산형,9001921003,
1203,AI010,100072,41590253,376160938B,MNG244,1900-01-01,LSH007,LCD002,1, ,1104311034,
1204,AI010,100439,41590253,376160592A,MNG244,1900-01-01,LSH000,LCD002,1, ,3220621029,
1205,AI010,100826,41590253,376160587C,MNG244,1900-01-01,LSH000,LCD002,1, ,9002321001,
1206,AI010,100704,41590560,376160548C,MNG244,1900-01-01,LSH000,LCD002,1, ,9010921005,
1207,AI010,99920150155,41590360,376160833B,MNG244,1990-01-01,LSH000,LCD000,1, ,99920150685,
1208,AI010,99920150175,41590320,376160343A,MNG244,1990-01-01,LSH000,LCD000,1, ,99920150529,
1209,AI010,99920150176,41590320,376160343A,MNG244,1990-01-01,LSH000,LCD000,1, ,99920150529,
1210,AI010,401370,41590585,377130283C,MNG244,2006-04-01,LSH022,LCD999,1, ,2803919001,
1211,AI010,401371,41590585,377130283C,MNG244,2006-04-01,LSH022,LCD999,1, ,2803919001,
1212,AI010,401360,41590585,377130283C,MNG244,2006-04-01,LSH022,LCD999,1, ,2803319001,
1213,AI010,500612,41590530,377130198A,MNG244,2004-01-01,LSH007,LCD002,1,30198001,2600431004,
1214,AI010,500411,41590570,377130182B,MNG244,1900-01-01,LSH000,LCD002,1,30182001,2500731001,
1215,AI010,500176,41590520,377130146A,MNG244,1900-01-01,LSH002,LCD002,1,30146007,3220131002,
1216,AI010,500109,41590410,377130661D,MNG244,1900-01-01,LSH007,LCD002,1,30672009,1331031134,
1217,AI010,300096,41590320,376160325C,MNG244,1900-01-01,LSH007,LCD002,1, ,2800113020,
1218,AI010,300097,41590320,376160323C,MNG244,1900-01-01,LSH017,LCD002,1, ,2600113002,
1219,AI010,300098,41590320,376160325D,MNG244,1900-01-01,LSH017,LCD002,1, ,2006913002,
1220,AI010,300099,41590320,376160325D,MNG244,1900-01-01,LSH002,LCD002,1, ,2006913002,
1221,AI010,300100,41590320,376160325C,MNG244,1900-01-01,LSH002,LCD002,1, ,2800113020,
1222,AI010,2.12E+11,41590330,376160647A,MNG244,1900-01-01,LSH002,LCD002,1,견착,21160647001,
1223,AI010,100190,41590410,376161025B,MNG244,1900-01-01,LSH007,LCD002,1, ,9007111012,
1224,AI010,401101,41590586,377130714A,MNG244,2006-04-01,LSH022,LCD999,1, ,2805619001,
1225,AI010,401100,41590586,377130714A,MNG244,2006-04-01,LSH022,LCD999,1, ,2805619001,
1226,AI010,401099,41590586,377130714A,MNG244,2006-04-01,LSH022,LCD999,1, ,2805619001,
1227,AI010,5.11E+11,41590600,377130739C,MNG244,2014-01-01,LSH999,LCD004,1,화성동탄 일반산업단지 조성공사 중 GIS구축,51130739016,
1228,AI010,5.11E+11,41590600,377130739C,MNG244,2014-01-01,LSH999,LCD004,1,화성동탄 일반산업단지 조성공사 중 GIS구축,51130739012,
1229,AI010,401113,41590586,377130707C,MNG244,2006-04-01,LSH022,LCD999,1, ,2809019007,
1230,AI010,401743,41590585,377130284A,MNG244,2006-04-01,LSH022,LCD999,1, ,2702319005,
1231,AI010,200158,41590259,376161559A,MNG244,1900-01-01,LSH999,LCD002,1, ,1208212034,
1232,AI010,401520,41590587,377130291D,MNG244,2006-04-01,LSH022,LCD999,1, ,2801619001,
1233,AI010,401519,41590587,377130291D,MNG244,2006-04-01,LSH022,LCD999,1, ,2801619001,
1234,AI010,500373,41590520,377130178B,MNG244,1900-01-01,LSH000,LCD002,1,30179043,2802031001,
1235,AI010,100623,41590253,376161007B,MNG244,1900-01-01,LSH002,LCD002,1, ,3110211007,
1236,AI010,401089,41590586,377130714A,MNG244,2006-04-01,LSH022,LCD999,1, ,2805919005,
1237,AI010,100792,41590570,376160577C,MNG244,1900-01-01,LSH007,LCD002,1, ,9003921003,
1238,AI010,820016,41590256,376161734B,MNG244,1900-01-01,LSH002,LCD002,1, ,1107733064,
1239,AI010,810024,41590262,376160281D,MNG244,1900-01-01,LSH002,LCD002,1, ,2002333293,
1240,AI010,500226,41590520,377130147D,MNG244,1900-01-01,LSH007,LCD002,1,30158015,9008231012,
1241,AI010,2.12E+11,41590370,376161845C,MNG244,2011-06-01,LSH002,LCD004,1,장안면 독정리 247-2번지 원인자 공사,21161854001,
1242,AI010,401871,41590586,377130725B,MNG244,2006-04-01,LSH022,LCD999,1, ,2806719001,
1243,AI010,500706,41590570,377130191B,MNG244,1900-01-01,LSH007,LCD002,1,30602001,2709431001,
1244,AI010,8.89E+11,41590256,376161715D,MNG244,2010-01-01,LSH999,LCD999,1,LP1-C1-18/원추형,88617150001,
1245,AI010,200032,41590360,376161310B,MNG244,1900-01-01,LSH002,LCD002,1, ,2007812026,
1246,AI010,500356,41590520,377130178B,MNG244,1900-01-01,LSH000,LCD002,1,30179026,2701731012,
1247,AI010,500679,41590550,377130245C,MNG244,1900-01-01,LSH002,LCD002,1,30255004,1331831011,
1248,AI010,8.89E+11,41590259,376161399D,MNG244,2016-01-01,LSH030,LCD002,1,화성 향남 2지구 도로 및 지하시설물 DB 구축(20170831),613991685,
1249,AI010,8.89E+11,41590259,376161399D,MNG244,2016-01-01,LSH030,LCD002,1,화성 향남 2지구 도로 및 지하시설물 DB 구축(20170831),613991685,
1250,AI010,8.89E+11,41590259,376161399D,MNG244,2016-01-01,LSH030,LCD002,1,화성 향남 2지구 도로 및 지하시설물 DB 구축(20170831),613991685,
1251,AI010,8.89E+11,41590259,376161300C,MNG244,2016-01-01,LSH030,LCD002,1,화성 향남 2지구 도로 및 지하시설물 DB 구축(20170831),613991685,
1252,AI010,300089,41590320,376160323D,MNG244,1900-01-01,LSH002,LCD002,1, ,2800113008,
1253,AI010,500720,41590530,377130198C,MNG244,2004-01-01,LSH007,LCD002,1,30608005,2600431006,
1254,AI010,300023,41590310,376122495C,MNG244,1900-01-01,LSH002,LCD002,1, ,1208413016,
1255,AI010,200027,41590360,376160971B,MNG244,1900-01-01,LSH018,LCD002,1, ,1331812012,
1256,AI010,100547,41590410,376161097C,MNG244,1900-01-01,LSH002,LCD002,1, ,9005811001,
1257,AI010,810006,41590262,376160284A,MNG244,1900-01-01,LSH018,LCD002,1, ,2800233282,
1258,AI010,500407,41590520,377130179A,MNG244,1900-01-01,LSH000,LCD002,1,30179077,2701731010,
1259,AI010,100506,41590570,376160598B,MNG244,1900-01-01,LSH002,LCD002,1, ,9001321001,
1260,AI010,500586,41590570,377130184C,MNG244,1900-01-01,LSH007,LCD002,1,30194008,9011231003,
1261,AI010,100499,41590253,376160597B,MNG244,1900-01-01,LSH002,LCD002,1, ,3110221002,
1262,AI010,100531,41590410,376161047C,MNG244,1900-01-01,LSH007,LCD002,1, ,9006911001,
1263,AI010,100218,41590253,376160499B,MNG244,1900-01-01,LSH002,LCD002,1,4개,1104311071,
1264,AI010,300036,41590310,376160403A,MNG244,1900-01-01,LSH999,LCD002,1,원형투구형,2800731001,
1265,AI010,300037,41590310,376160403A,MNG244,1900-01-01,LSH999,LCD002,1,원형투구형,1331313002,
1266,AI010,100239,41590253,376160479B,MNG244,1900-01-01,LSH002,LCD002,1, ,1104311076,
1267,AI010,300117,41590340,376150578B,MNG244,1900-01-01,LSH007,LCD002,1, ,2500113002,
1268,AI010,100740,41590560,376160549D,MNG244,1900-01-01,LSH007,LCD002,1, ,3330221016,
1269,AI010,200208,41590400,376162015A,MNG244,1900-01-01,LSH002,LCD002,1, ,2005712004,
1270,AI010,100105,41590253,376160967B,MNG244,1900-01-01,LSH002,LCD002,1, ,1104311012,
1271,AI010,500738,41590530,377130199C,MNG244,1900-01-01,LSH002,LCD002,1,30609008,2007131007,
1272,AI010,300143,41590340,376150577A,MNG244,1900-01-01,LSH007,LCD002,1, ,1330513016,
1273,AI010,300146,41590340,376150577A,MNG244,1900-01-01,LSH002,LCD002,1, ,1330513016,
1274,AI010,500082,41590410,377131102B,MNG244,1900-01-01,LSH002,LCD002,1,31103004,1331431119,
1275,AI010,100040,41590253,376160446D,MNG244,1900-01-01,LSH007,LCD002,1, ,9000111001,
1276,AI010,100117,41590253,376160928B,MNG244,1900-01-01,LSH007,LCD002,1, ,1104311042,
1277,AI010,500238,41590520,377130150D,MNG244,1999-01-01,LSH002,LCD002,1,30160006,9007431302,
1278,AI010,500766,41590570,377130601A,MNG244,1900-01-01,LSH999,LCD002,1,30611001,9012331002,
1279,AI010,100035,41590360,376160977C,MNG244,1900-01-01,LSH002,LCD002,1, ,1104311001,
1280,AI010,401754,41590585,377130284A,MNG244,2006-04-01,LSH022,LCD999,1, ,2703519005,
1281,AI010,401647,41590585,377130277A,MNG244,2006-04-01,LSH999,LCD999,1, ,9030319001,
1282,AI010,200028,41590360,376160971D,MNG244,1900-01-01,LSH018,LCD002,1, ,1331812012,
1283,AI010,100445,41590560,376160545D,MNG244,1900-01-01,LSH000,LCD002,1, ,9008821004,
1284,AI010,100183,41590410,376161015D,MNG244,1900-01-01,LSH007,LCD002,1, ,9007111010,
1285,AI010,401023,41590586,377130716B,MNG244,2006-04-01,LSH010,LCD999,1, ,2709419002,
1286,AI010,401291,41590587,377130701B,MNG244,2006-04-01,LSH022,LCD999,1, ,2802419001,
1287,AI010,200043,41590259,376161330B,MNG244,1900-01-01,LSH002,LCD002,1, ,2007812013,
1288,AI010,500633,41590520,377130187D,MNG244,2004-01-01,LSH002,LCD002,1,30198024,2704331004,
1289,AI010,401672,41590585,377130256C,MNG244,2006-04-01,LSH006,LCD999,1, ,9010119001,
1290,AI010,401671,41590585,377130256C,MNG244,2006-04-01,LSH006,LCD999,1, ,9010119001,
1291,AI010,401676,41590585,377130256B,MNG244,2006-04-01,LSH021,LCD003,1, ,2807419002,
1292,AI010,401091,41590586,377130714A,MNG244,2006-04-01,LSH022,LCD999,1, ,2805619001,
1293,AI010,401079,41590586,377130714C,MNG244,2006-04-01,LSH022,LCD999,1, ,2805619001,
1294,AI010,401103,41590586,377130714A,MNG244,2006-04-01,LSH022,LCD999,1, ,2805519001,
1295,AI010,100784,41590570,376160577C,MNG244,1900-01-01,LSH002,LCD002,1, ,9004121001,
1296,AI010,100765,41590570,376160570B,MNG244,1900-01-01,LSH007,LCD002,1, ,3330221001,
1297,AI010,500421,41590570,377130171D,MNG244,1900-01-01,LSH002,LCD002,1,30182013,2400631002,
1298,AI010,500642,41590550,377130233B,MNG244,1900-01-01,LSH000,LCD002,1,30234001,9003031002,
1299,AI010,401886,41590586,377130726A,MNG244,2006-04-01,LSH022,LCD999,1, ,2806719001,
1300,AI010,100164,41590253,376161004B,MNG244,2003-01-01,LSH007,LCD002,1, ,2006421003,
1301,AI010,200209,41590400,376162015C,MNG244,1900-01-01,LSH002,LCD002,1, ,2005712003,
1302,AI010,100611,41590570,376160598C,MNG244,1900-01-01,LSH007,LCD002,1, ,9007711001,
1303,AI010,500003,41590410,376161560B,MNG244,1900-01-01,LSH007,LCD002,1,31151003,9005831133,
1304,AI010,200119,41590259,376161532D,MNG244,1900-01-01,LSH007,LCD002,1, ,1208212008,
1305,AI010,100448,41590560,376160546C,MNG244,1900-01-01,LSH007,LCD002,1, ,9009221003,
1306,AI010,100082,41590253,376160938B,MNG244,1900-01-01,LSH007,LCD002,1, ,9004211001,
1307,AI010,500066,41590410,377131115D,MNG244,1900-01-01,LSH007,LCD002,1,31126008,1331431136,
1308,AI010,99920150087,41590370,376161394D,MNG244,1990-01-01,LSH000,LCD000,1, ,99920150705,
1309,AI010,100245,41590253,376160489D,MNG244,1900-01-01,LSH002,LCD002,1, ,1104311071,
1310,AI010,401489,41590587,377130263A,MNG244,2006-04-01,LSH021,LCD003,1, ,2800119001,
1311,AI010,401491,41590587,377130262B,MNG244,2006-04-01,LSH021,LCD003,1, ,2800119001,
1312,AI010,401607,41590585,377130255D,MNG244,2006-04-01,LSH021,LCD003,1, ,2705819004,
1313,AI010,401606,41590585,377130255D,MNG244,2006-04-01,LSH021,LCD003,1, ,2705819004,
1314,AI010,100469,41590253,376160564C,MNG244,1900-01-01,LSH007,LCD002,1, ,9014921002,
1315,AI010,100031,41590253,376160977A,MNG244,1900-01-01,LSH002,LCD002,1, ,1331011011,
1316,AI010,100494,41590253,376160597A,MNG244,1900-01-01,LSH000,LCD002,1,신형,9002521001,
1317,AI010,99920150060,41590259,376161433C,MNG244,1990-01-01,LSH000,LCD000,1, ,99920150390,
1318,AI010,401872,41590586,377130725B,MNG244,2006-04-01,LSH022,LCD999,1, ,2806719001,
1319,AI010,200210,41590400,376162015C,MNG244,1900-01-01,LSH002,LCD002,1, ,2005712003,
1320,AI010,401615,41590585,377130265A,MNG244,2006-04-01,LSH021,LCD003,1, ,2705819004,
1321,AI010,500747,41590530,377130198D,MNG244,1900-01-01,LSH007,LCD002,1,30609017,2706831017,
1322,AI010,100772,41590570,376160587A,MNG244,1900-01-01,LSH000,LCD002,1, ,9002721007,
1323,AI010,401119,41590586,377130707C,MNG244,2006-04-01,LSH022,LCD999,1, ,2807719001,
1324,AI010,401143,41590586,377130706D,MNG244,2006-04-01,LSH022,LCD999,1, ,2807719001,
1325,AI010,500401,41590520,377130168D,MNG244,1900-01-01,LSH000,LCD002,1,30179071,2701131003,
1326,AI010,500810,41590253,376160470B,MNG244,1900-01-01,LSH017,LCD002,1, ,2801531006,
1327,AI010,100186,41590410,376161015D,MNG244,1900-01-01,LSH002,LCD002,1, ,9007111008,
1328,AI010,200041,41590360,376161310D,MNG244,1900-01-01,LSH002,LCD002,1, ,2007812021,
1329,AI010,500589,41590570,377130184C,MNG244,1900-01-01,LSH002,LCD002,1,30194011,9011131002,
1330,AI010,500315,41590520,377130168B,MNG244,1900-01-01,LSH000,LCD002,1,30178030,2701031005,
1331,AI010,100342,41590253,376160522A,MNG244,1900-01-01,LSH000,LCD002,1, ,3220321008,
1332,AI010,401188,41590585,377130706A,MNG244,2006-04-01,LSH022,LCD999,1, ,2808119003,
1333,AI010,401648,41590585,377130277A,MNG244,2006-04-01,LSH999,LCD999,1, ,9030319001,
1334,AI010,100512,41590253,376160597C,MNG244,1900-01-01,LSH007,LCD002,1, ,9008611003,
1335,AI010,500221,41590520,377130148C,MNG244,1900-01-01,LSH002,LCD002,1,30158010,9008031001,
1336,AI010,401326,41590587,377130282C,MNG244,2006-04-01,LSH010,LCD999,1, ,2708219003,
1337,AI010,401325,41590587,377130282C,MNG244,2006-04-01,LSH010,LCD999,1, ,2708219003,
1338,AI010,401727,41590585,377130285C,MNG244,2006-04-01,LSH010,LCD999,1, ,2708619001,
1339,AI010,401726,41590585,377130285C,MNG244,2006-04-01,LSH010,LCD999,1, ,2708619001,
1340,AI010,401725,41590585,377130285C,MNG244,2006-04-01,LSH010,LCD999,1, ,2708619001,
1341,AI010,401098,41590586,377130714A,MNG244,2006-04-01,LSH022,LCD999,1, ,2805619001,
1342,AI010,500313,41590520,377130168C,MNG244,1900-01-01,LSH000,LCD002,1,30178028,2801331002,
1343,AI010,100570,41590410,376161539B,MNG244,1900-01-01,LSH007,LCD002,1, ,9005811023,
1344,AI010,200114,41590259,376161432D,MNG244,2003-01-01,LSH999,LCD002,1, ,2802412002,
1345,AI010,500391,41590520,377130168D,MNG244,1900-01-01,LSH000,LCD002,1,30179061,2701131004,
1346,AI010,500314,41590520,377130168A,MNG244,1900-01-01,LSH000,LCD002,1,30178029,2701031003,
1347,AI010,100654,41590570,376160587D,MNG244,1900-01-01,LSH007,LCD002,1, ,9002721009,
1348,AI010,100660,41590570,376160588C,MNG244,2003-01-01,LSH002,LCD002,1, ,1332221008,
1349,AI010,401146,41590585,377130706D,MNG244,2006-04-01,LSH022,LCD999,1, ,2807719001,
1350,AI010,99920150048,41590259,376161435C,MNG244,1990-01-01,LSH000,LCD000,1, ,99920150390,
1351,AI010,300006,41590310,376122492B,MNG244,1900-01-01,LSH018,LCD002,1, ,1208413002,
1352,AI010,500733,41590520,377130609B,MNG244,1900-01-01,LSH002,LCD002,1,30609003,2007131011,
1353,AI010,401453,41590587,377130273B,MNG244,2006-04-01,LSH022,LCD999,1, ,2800619001,
1354,AI010,401472,41590587,377130262C,MNG244,2006-04-01,LSH022,LCD999,1, ,2701319001,
1355,AI010,401471,41590587,377130262C,MNG244,2006-04-01,LSH022,LCD999,1, ,2701319001,
1356,AI010,100745,41590560,376160559B,MNG244,1900-01-01,LSH000,LCD002,1, ,9011921001,
1357,AI010,300079,41590320,376160325D,MNG244,1900-01-01,LSH007,LCD002,1, ,2800113024,
1358,AI010,401015,41590586,377130717A,MNG244,2006-04-01,LSH022,LCD999,1, ,2809319001,
1359,AI010,401111,41590586,377130707C,MNG244,2006-04-01,LSH022,LCD999,1, ,2808919003,
1360,AI010,401123,41590586,377130706D,MNG244,2006-04-01,LSH022,LCD999,1, ,2809119003,
1361,AI010,401122,41590586,377130706D,MNG244,2006-04-01,LSH022,LCD999,1, ,2809119003,
1362,AI010,401121,41590586,377130706D,MNG244,2006-04-01,LSH022,LCD999,1, ,2809119003,
1363,AI010,401765,41590585,377130284A,MNG244,2006-04-01,LSH010,LCD999,1, ,2702219005,
1364,AI010,401764,41590585,377130284A,MNG244,2006-04-01,LSH010,LCD999,1, ,2702219005,
1365,AI010,402027,41590540,377130180A,MNG244,2006-06-20,LSH999,LCD002,1, ,2900544320,
1366,AI010,401777,41590585,377130283B,MNG244,2006-04-01,LSH022,LCD999,1, ,2702019005,
1367,AI010,402002,41590540,377130180D,MNG244,2006-06-20,LSH999,LCD002,1, ,2900644325,
1368,AI010,100176,41590410,376161015A,MNG244,1900-01-01,LSH007,LCD002,1, ,9007111006,
1369,AI010,200070,41590259,376161431B,MNG244,1900-01-01,LSH002,LCD002,1, ,2400112007,
1370,AI010,200134,41590259,376161442B,MNG244,1900-01-01,LSH007,LCD002,1, ,2007812004,
1371,AI010,500281,41590520,377130177A,MNG244,1900-01-01,LSH002,LCD002,1,30177001,9013131002,
1372,AI010,401299,41590587,377130701A,MNG244,2006-04-01,LSH022,LCD999,1, ,2802319001,
1373,AI010,100824,41590253,376160587C,MNG244,1900-01-01,LSH007,LCD002,1, ,9002421002,
1374,AI010,401311,41590587,377130273A,MNG244,2006-04-01,LSH022,LCD999,1, ,2800319001,
1375,AI010,810019,41590262,376160282D,MNG244,1900-01-01,LSH019,LCD002,1, ,2300133297,
1376,AI010,5.11E+11,41590600,377130738B,MNG244,2014-01-01,LSH999,LCD004,1,화성동탄 일반산업단지 조성공사 중 GIS구축,51130738036,
1377,AI010,401191,41590586,377130706A,MNG244,2006-04-01,LSH022,LCD999,1, ,2808119003,
1378,AI010,810022,41590262,376160282C,MNG244,1900-01-01,LSH007,LCD002,1, ,2600233296,
1379,AI010,401964,41590259,376161340B,MNG244,2004-07-31,LHS017,LCD002,1, ,2703191002,
1380,AI010,500537,41590520,377130179C,MNG244,1900-01-01,LSH000,LCD002,1,30189017,2703431004,
1381,AI010,401962,41590259,376161340B,MNG244,2004-07-31,LHS017,LCD002,1, ,2807191001,
1382,AI010,401683,41590585,377130256A,MNG244,2006-04-01,LSH022,LCD999,1, ,2810119001,
1383,AI010,401480,41590587,377130262C,MNG244,2006-04-01,LSH022,LCD999,1, ,2700919001,
1384,AI010,500093,41590410,377130685B,MNG244,1900-01-01,LSH007,LCD002,1,30686001,9000731107,
1385,AI010,100694,41590560,376160547C,MNG244,1900-01-01,LSH007,LCD002,1, ,9008021005,
1386,AI010,2.12E+11,41590310,376160409C,MNG244,2013-06-01,LSH002,LCD004,1,서원말 취락지구 도로 개설공사 GISDB구축,21160408001,
1387,AI010,500513,41590520,377130178D,MNG244,1900-01-01,LSH007,LCD002,1,30188023,9018131002,
1388,AI010,100728,41590560,376160560A,MNG244,1900-01-01,LSH007,LCD002,1, ,3330221010,
1389,AI010,100266,41590253,376160511D,MNG244,1900-01-01,LSH000,LCD002,1, ,9006821002,
1390,AI010,500795,41590410,377130622C,MNG244,2004-01-01,LSH002,LCD002,1,30632009,1331531006,
1391,AI010,500096,41590410,377130675C,MNG244,1900-01-01,LSH007,LCD002,1,30685008,1331031152,
1392,AI010,100106,41590253,376160968A,MNG244,1900-01-01,LSH002,LCD002,1, ,9003911002,
1393,AI010,500666,41590550,377130241D,MNG244,1900-01-01,LSH007,LCD002,1,30252002,9006131301,
1394,AI010,100324,41590253,376160460D,MNG244,1900-01-01,LSH007,LCD002,1, ,2700221003,
1395,AI010,200084,41590259,376161432B,MNG244,1900-01-01,LSH002,LCD002,1, ,2700112007,
1396,AI010,99920150135,41590590,377130395A,MNG244,1990-01-01,LSH000,LCD000,1, ,99920150013,
1397,AI010,401930,41590587,377130701A,MNG244,2006-04-01,LSH022,LCD999,1, ,2802519001,
1398,AI010,401007,41590585,377130255C,MNG244,2006-04-01,LSH021,LCD003,1, ,2705719001,
1399,AI010,810037,41590262,376160283B,MNG244,1900-01-01,LSH007,LCD002,1, ,1107733326,
1400,AI010,401669,41590585,377130256C,MNG244,2006-04-01,LSH022,LCD999,1, ,2810119001,
1401,AI010,99920150001,41590320,376122395C,MNG244,1990-01-01,LSH000,LCD000,1, ,99920150123,
1402,AI010,100707,41590560,376160547D,MNG244,1900-01-01,LSH007,LCD002,1, ,9010921007,
1403,AI010,500223,41590520,377130148A,MNG244,1900-01-01,LSH002,LCD002,1,30158012,9008831010,
1404,AI010,500293,41590520,377130167B,MNG244,1900-01-01,LSH000,LCD002,1,30178008,2400231001,
1405,AI010,200019,41590360,376160869B,MNG244,1900-01-01,LSH007,LCD002,1, ,2007812055,
1406,AI010,401167,41590586,377130706B,MNG244,2006-04-01,LSH022,LCD999,1, ,2807919001,
1407,AI010,100180,41590410,376161015C,MNG244,1900-01-01,LSH999,LCD002,1, ,9007111007,
1408,AI010,100613,41590570,376160598C,MNG244,1900-01-01,LSH007,LCD002,1, ,9008011002,
1409,AI010,100806,41590570,376160588B,MNG244,1900-01-01,LSH007,LCD002,1, ,9000921003,
1410,AI010,100260,41590253,376160511D,MNG244,1900-01-01,LSH002,LCD002,1, ,3110121015,
1411,AI010,500657,41590520,377130150D,MNG244,1900-01-01,LSH002,LCD002,1,30251008,3110431004,
1412,AI010,401784,41590585,377130283B,MNG244,2006-04-01,LSH022,LCD999,1, ,2703719001,
1413,AI010,401741,41590585,377130284A,MNG244,2006-04-01,LSH022,LCD999,1, ,2702319005,
1414,AI010,401307,41590587,377130701A,MNG244,2006-04-01,LSH022,LCD999,1, ,2802519001,
1415,AI010,500099,41590410,377130675C,MNG244,1900-01-01,LSH007,LCD002,1,30685005,3220331104,
1416,AI010,500200,41590520,377130146C,MNG244,1900-01-01,LSH002,LCD002,1,30156003,9008831001,
1417,AI010,500704,41590570,377130191D,MNG244,1900-01-01,LSH002,LCD002,1,30601004,1208431002,
1418,AI010,500320,41590520,377130168C,MNG244,1900-01-01,LSH000,LCD002,1,30178035,2700931005,
1419,AI010,500206,41590520,377130146D,MNG244,1900-01-01,LSH002,LCD002,1,30157006,9008831003,
1420,AI010,500175,41590520,377130146A,MNG244,1900-01-01,LSH007,LCD002,1,30146006,3220131003,
1421,AI010,820011,41590256,376161724C,MNG244,2007-01-01,LSH016,LCD002,1, ,2500133002,
1422,AI010,820012,41590256,376161724C,MNG244,1900-01-01,LSH017,LCD002,1, ,9000133007,
1423,AI010,100805,41590570,376160587B,MNG244,1900-01-01,LSH000,LCD002,1, ,9002821006,
1424,AI010,401881,41590586,377130726A,MNG244,2006-04-01,LSH022,LCD999,1, ,2806719001,
1425,AI010,401880,41590586,377130726A,MNG244,2006-04-01,LSH022,LCD999,1, ,2806719001,
1426,AI010,5.11E+11,41590600,377130739A,MNG244,2014-01-01,LSH999,LCD004,1,화성동탄 일반산업단지 조성공사 중 GIS구축,51130739033,
1427,AI010,810009,41590262,376160283B,MNG244,1900-01-01,LSH018,LCD002,1, ,2800233283,
1428,AI010,810010,41590262,376160283B,MNG244,2001-01-01,LSH018,LCD002,1, ,2800333286,
1429,AI010,810011,41590262,376160274A,MNG244,1900-01-01,LSH002,LCD002,1, ,2500133336,
1430,AI010,401029,41590586,377130725D,MNG244,2006-04-01,LSH022,LCD999,1, ,2809819001,
1431,AI010,401036,41590586,377130725B,MNG244,2006-04-01,LSH022,LCD999,1, ,2809819001,
1432,AI010,401035,41590586,377130725B,MNG244,2006-04-01,LSH022,LCD999,1, ,2809819001,
1433,AI010,500440,41590570,377130182B,MNG244,1900-01-01,LSH002,LCD002,1,30183009,2707031003,
1434,AI010,8.89E+11,41590256,376161716C,MNG244,2010-01-01,LSH999,LCD999,1,LP1-C1-14/원추형,88617150001,
1435,AI010,8.89E+11,41590256,376161716C,MNG244,2010-01-01,LSH999,LCD999,1,LP1-C1-15/원추형,88617150001,
1436,AI010,100722,41590560,376160549C,MNG244,1900-01-01,LSH007,LCD002,1, ,3220621024,
1437,AI010,500129,41590410,377130651C,MNG244,1900-01-01,LSH007,LCD002,1,30661005,9000231104,
1438,AI010,100026,41590360,376160977C,MNG244,1900-01-01,LSH007,LCD002,1, ,9003611002,
1439,AI010,2.12E+11,41590259,376161432B,MNG244,2013-06-01,LSH007,LCD004,1,"발안도시계획도로 (소2-15,18호선)  GIS DB구축 사업",21161432003,
1440,AI010,2.12E+11,41590259,376161433A,MNG244,2013-06-01,LSH017,LCD004,1,"발안도시계획도로 (소2-15,18호선)  GIS DB구축 사업",21161433004,
1441,AI010,401349,41590585,377130283A,MNG244,2006-04-01,LSH022,LCD999,1, ,2803519001,
1442,AI010,100407,41590253,376160552C,MNG244,1900-01-01,LSH007,LCD002,1, ,2007021005,
1443,AI010,402013,41590540,377130271A,MNG244,2006-06-20,LSH999,LCD002,1, ,2900844324,
1444,AI010,401452,41590587,377130273B,MNG244,2006-04-01,LSH022,LCD999,1, ,2800619001,
1445,AI010,500218,41590520,377130148C,MNG244,1900-01-01,LSH007,LCD002,1,30158007,3220531002,
1446,AI010,100671,41590570,376160597B,MNG244,2003-01-01,LSH002,LCD002,1, ,1332221007,
1447,AI010,200261,41590400,376161939D,MNG244,1900-01-01,LSH007,LCD002,1, ,1330612009,
1448,AI010,100410,41590253,376160556C,MNG244,2001-01-01,LSH002,LCD002,1, ,1208421030,
1449,AI010,500016,41590410,377131144A,MNG244,1900-01-01,LSH002,LCD002,1,31144012,1208231108,
1450,AI010,100533,41590410,376161048C,MNG244,1900-01-01,LSH007,LCD002,1, ,9006711006,
1451,AI010,100489,41590570,376160597B,MNG244,1900-01-01,LSH007,LCD002,1, ,9001721001,
1452,AI010,401460,41590587,377130273B,MNG244,2006-04-01,LSH022,LCD999,1, ,2800719001,
1453,AI010,500124,41590410,377130661A,MNG244,1900-01-01,LSH007,LCD002,1,30661001,9000231103,
1454,AI010,401755,41590585,377130284A,MNG244,2006-04-01,LSH022,LCD999,1, ,2703519005,
1455,AI010,401756,41590585,377130284A,MNG244,2006-04-01,LSH022,LCD999,1, ,2703519005,
1456,AI010,401320,41590587,377130273A,MNG244,2006-04-01,LSH022,LCD999,1, ,2800619001,
1457,AI010,401204,41590586,377130705C,MNG244,2006-04-01,LSH010,LCD999,1, ,2709219003,
1458,AI010,401203,41590586,377130705C,MNG244,2006-04-01,LSH010,LCD999,1, ,2709219003,
1459,AI010,401199,41590586,377130705C,MNG244,2006-04-01,LSH010,LCD999,1, ,2709219003,
1460,AI010,401141,41590586,377130706D,MNG244,2006-04-01,LSH022,LCD999,1, ,2503119001,
1461,AI010,401142,41590586,377130706D,MNG244,2006-04-01,LSH022,LCD999,1, ,2503119001,
1462,AI010,500774,41590570,377130602C,MNG244,2004-01-01,LSH002,LCD002,1,30612008,1331531016,
1463,AI010,100004,41590253,376160985C,MNG244,1900-01-01,LSH007,LCD002,1, ,9009011001,
1464,AI010,401971,41590586,377130716A,MNG244,2006-04-01,LSH010,LCD999,1, ,2709419004,
1465,AI010,401923,41590587,377130701D,MNG244,2006-04-01,LSH022,LCD999,1, ,2803219001,
1466,AI010,401152,41590586,377130706C,MNG244,2006-04-01,LSH022,LCD999,1, ,2900319001,
1467,AI010,401273,41590585,377130293A,MNG244,2006-04-01,LSH022,LCD999,1, ,2705119001,
1468,AI010,99920150163,41590262,376160744C,MNG244,1990-01-01,LSH000,LCD000,1, ,99920150597,
1469,AI010,401621,41590585,377130265A,MNG244,2006-04-01,LSH021,LCD003,1, ,2705419001,
1470,AI010,401628,41590585,377130265B,MNG244,2006-04-01,LSH021,LCD003,1, ,2705419001,
1471,AI010,401567,41590587,377130262C,MNG244,2006-04-01,LSH022,LCD999,1, ,2700519001,
1472,AI010,401735,41590585,377130284B,MNG244,2006-04-01,LSH010,LCD999,1, ,2708519001,
1473,AI010,401151,41590586,377130706C,MNG244,2006-04-01,LSH022,LCD999,1, ,2900319001,
1474,AI010,500009,41590410,376161550D,MNG244,1900-01-01,LSH007,LCD002,1,31151009,9005831131,
1475,AI010,100586,41590570,376160599C,MNG244,1900-01-01,LSH999,LCD002,1, ,9009211005,
1476,AI010,100270,41590253,376160521D,MNG244,1900-01-01,LSH007,LCD002,1, ,3220321003,
1477,AI010,200204,41590400,376161595A,MNG244,1900-01-01,LSH002,LCD002,1, ,2005712012,
1478,AI010,200116,41590259,376161432D,MNG244,1900-01-01,LSH007,LCD002,1, ,2700112001,
1479,AI010,500285,41590520,377130168D,MNG244,1900-01-01,LSH000,LCD002,1,30178050,2700931003,
1480,AI010,500011,41590410,376161550D,MNG244,1900-01-01,LSH007,LCD002,1,31151011,9005831129,
1481,AI010,100751,41590560,376160556D,MNG244,2001-01-01,LSH000,LCD002,1, ,2007021026,
1482,AI010,820041,41590256,376161733D,MNG244,1900-01-01,LSH002,LCD002,1, ,1107733054,
1483,AI010,100763,41590560,376160559D,MNG244,1900-01-01,LSH000,LCD002,1, ,3220621014,
1484,AI010,500519,41590520,377130177D,MNG244,1900-01-01,LSH002,LCD002,1,30188029,9013731001,
1485,AI010,99920150154,41590360,376160834C,MNG244,1990-01-01,LSH000,LCD000,1, ,99920150685,
1486,AI010,401415,41590585,377130273D,MNG244,2006-04-01,LSH022,LCD999,1, ,2701919001,
1487,AI010,500296,41590520,377130178A,MNG244,1900-01-01,LSH002,LCD002,1,30178011,2400231003,
1488,AI010,500624,41590530,377130188C,MNG244,1900-01-01,LSH002,LCD002,1,30198015,2704631001,
1489,AI010,810044,41590262,376160284A,MNG244,1900-01-01,LSH007,LCD002,1, ,2800233281,
1490,AI010,500013,41590410,377131136A,MNG244,1900-01-01,LSH007,LCD002,1,31146001,1208231117,
1491,AI010,200076,41590259,376161432B,MNG244,1900-01-01,LSH007,LCD002,1, ,2700112009,
1492,AI010,1.00E+12,41590256,376161725B,MNG244,2010-01-01,LSH000,LCD002,1, ,99617250008,
1493,AI010,100421,41590253,376160555D,MNG244,1900-01-01,LSH002,LCD002,1, ,1208421028,
1494,AI010,500443,41590570,377130183A,MNG244,1900-01-01,LSH002,LCD002,1,30183012,2707031004,
1495,AI010,2.12E+11,41590340,376150578B,MNG244,2012-06-01,LSH007,LCD004,1,송산도시계획도로 (대3-1호선) 개설공사 2공구,21150578004,
1496,AI010,99920150104,41590370,376161214A,MNG244,1990-01-01,LSH000,LCD000,1, ,99920150743,
1497,AI010,99920150157,41590360,376160815B,MNG244,1990-01-01,LSH000,LCD000,1, ,99920150690,
1498,AI010,401815,41590585,377130274C,MNG244,2006-04-01,LSH022,LCD999,1, ,2703119001,
1499,AI010,401814,41590585,377130274C,MNG244,2006-04-01,LSH022,LCD999,1, ,2703119001,
1500,AI010,401422,41590585,377130273D,MNG244,2006-04-01,LSH022,LCD999,1, ,2702819001,
1501,AI010,100388,41590253,376160544B,MNG244,1900-01-01,LSH007,LCD002,1, ,1208421017,
1502,AI010,500220,41590520,377130148C,MNG244,1900-01-01,LSH002,LCD002,1,30158009,9008131001,
1503,AI010,500610,41590530,377130188C,MNG244,1900-01-01,LSH007,LCD002,1,30198031,9014631002,
1504,AI010,100152,41590253,376160938B,MNG244,1900-01-01,LSH002,LCD002,1, ,1104311034,
1505,AI010,100748,41590560,376160560A,MNG244,1900-01-01,LSH000,LCD002,1, ,3330221011,
1506,AI010,500132,41590410,377130661A,MNG244,1900-01-01,LSH007,LCD002,1,30661002,9000231104,
1507,AI010,500143,41590520,377130137C,MNG244,1900-01-01,LSH002,LCD002,1,30147009,3220131004,
1508,AI010,820037,41590256,376161733D,MNG244,1900-01-01,LSH007,LCD002,1, ,1107733055,
1509,AI010,401006,41590259,376161340D,MNG244,2004-07-31,LHS017,LCD002,1, ,2807291001,
1510,AI010,4.22E+13,41590570,377130182D,MNG244,2017-09-24,LSH007,LCD004,1,진안도시계획도로 중로1-8호선 개설공사(서부우회도로연결) GIS DB 구축용역,4.22E+13,
1511,AI010,500068,41590410,377131115C,MNG244,1900-01-01,LSH007,LCD002,1,31125002,1331431133,
1512,AI010,500302,41590520,377130178B,MNG244,1900-01-01,LSH000,LCD002,1,30178017,2802131001,
1513,AI010,300125,41590340,376150578A,MNG244,1900-01-01,LSH007,LCD002,1, ,2800313013,
1514,AI010,300126,41590340,376150578A,MNG244,1900-01-01,LSH007,LCD002,1, ,2800313014,
1515,AI010,300127,41590340,376150578B,MNG244,1900-01-01,LSH007,LCD002,1, ,2800313014,
1516,AI010,300128,41590340,376150577A,MNG244,1900-01-01,LSH007,LCD002,1, ,2800113033,
1517,AI010,300129,41590340,376150578A,MNG244,1900-01-01,LSH007,LCD002,1, ,2800313014,
1518,AI010,300130,41590340,376150578B,MNG244,1900-01-01,LSH007,LCD002,1, ,2800313017,
1519,AI010,100187,41590410,376161015D,MNG244,1900-01-01,LSH007,LCD002,1, ,9007111009,
1520,AI010,100828,41590570,376160587D,MNG244,1900-01-01,LSH002,LCD002,1, ,9003221001,
1521,AI010,500546,41590520,377130179A,MNG244,1900-01-01,LSH000,LCD002,1,30189026,2803531001,
1522,AI010,426008,41590253,376160563C,MNG244,2008-07-24,LSH010,LCD002,1, ,1019042029,
1523,AI010,426009,41590253,376160563C,MNG244,2008-07-24,LSH010,LCD002,1, ,1019042029,
1524,AI010,100662,41590570,376160588C,MNG244,2003-01-01,LSH002,LCD002,1, ,1332221008,
1525,AI010,200287,41590400,376162042D,MNG244,1900-01-01,LSH002,LCD002,1, ,3110212007,
1526,AI010,200055,41590259,376161422D,MNG244,1900-01-01,LSH002,LCD002,1, ,2007812007,
1527,AI010,200097,41590259,376161432D,MNG244,1900-01-01,LSH007,LCD002,1, ,2700112005,
1528,AI010,401529,41590587,377130291A,MNG244,2006-04-01,LSH022,LCD999,1, ,2801219001,
1529,AI010,401530,41590587,377130291A,MNG244,2006-04-01,LSH022,LCD999,1, ,2801219001,
1530,AI010,100505,41590570,376160599A,MNG244,1900-01-01,LSH007,LCD002,1, ,9009211001,
1531,AI010,401246,41590585,377130293A,MNG244,2006-04-01,LSH022,LCD999,1, ,2705119001,
1532,AI010,500227,41590520,377130147D,MNG244,1900-01-01,LSH007,LCD002,1,30158016,9008231012,
1533,AI010,300028,41590310,376122496C,MNG244,1900-01-01,LSH002,LCD002,1, ,2801913001,
1534,AI010,1.00E+12,41590253,376160512C,MNG062,2010-01-01,LSH999,LCD004,1, ,99960000001,
1535,AI010,100308,41590253,376160460B,MNG244,1900-01-01,LSH000,LCD002,1,일반형,2007321004,
1536,AI010,200073,41590259,376161431B,MNG244,1900-01-01,LSH007,LCD002,1, ,2400112007,
1537,AI010,426030,41590253,376160561D,MNG244,2008-07-24,LSH999,LCD002,1, ,1019042048,
1538,AI010,100721,41590560,376160549D,MNG244,1900-01-01,LSH000,LCD002,1, ,3330221017,
1539,AI010,500684,41590550,377130251C,MNG244,1900-01-01,LSH007,LCD002,1,30261003,9007831317,
1540,AI010,100575,41590410,376161048C,MNG244,1900-01-01,LSH007,LCD002,1, ,9006711005,
1541,AI010,401459,41590587,377130273B,MNG244,2006-04-01,LSH022,LCD999,1, ,2801119001,
1542,AI010,401909,41590585,377130283C,MNG244,2006-04-01,LSH022,LCD999,1, ,2804419001,
1543,AI010,401910,41590585,377130283C,MNG244,2006-04-01,LSH022,LCD999,1, ,2804419001,
1544,AI010,100648,41590410,376161057D,MNG244,1900-01-01,LSH002,LCD002,1, ,1330911034,
1545,AI010,100797,41590570,376160577A,MNG244,1900-01-01,LSH002,LCD002,1, ,9002721001,
1546,AI010,2.12E+11,41590259,376161433A,MNG244,2013-06-01,LSH017,LCD004,1,"발안도시계획도로 (소2-15,18호선)  GIS DB구축 사업",21161433006,
1547,AI010,99920150056,41590259,376161435C,MNG244,1990-01-01,LSH000,LCD000,1, ,99920150390,
1548,AI010,99920150057,41590259,376161434D,MNG244,1990-01-01,LSH000,LCD000,1, ,99920150390,
1549,AI010,800002,41590330,376160186C,MNG244,1900-01-01,LSH002,LCD002,1,견착,9000533505,
1550,AI010,810053,41590262,376160284A,MNG244,1900-01-01,LSH007,LCD002,1, ,1107733265,
1551,AI010,401490,41590587,377130263A,MNG244,2006-04-01,LSH021,LCD003,1, ,2800119001,
1552,AI010,100526,41590410,376161048B,MNG244,2004-01-01,LSH999,LCD002,1, ,1331511022,
1553,AI010,401782,41590585,377130283B,MNG244,2006-04-01,LSH010,LCD999,1, ,2702119005,
1554,AI010,500734,41590520,377130609B,MNG244,1900-01-01,LSH002,LCD002,1,30609004,2007131011,
1555,AI010,500663,41590550,377130241C,MNG244,1900-01-01,LSH007,LCD002,1,30251004,9005831320,
1556,AI010,500159,41590520,377130138B,MNG244,1900-01-01,LSH000,LCD002,1,30139002,3220131005,
1557,AI010,99920150028,41590400,376162021A,MNG244,1990-01-01,LSH000,LCD000,1, ,99920150312,
1558,AI010,401945,41590587,377130262C,MNG244,2006-04-01,LSH022,LCD999,1, ,2701119001,
1559,AI010,2.12E+11,41590330,376160623A,MNG244,1900-01-01,LSH002,LCD002,1,견착,21160623004,
1560,AI010,401042,41590586,377130725A,MNG244,2006-04-01,LSH022,LCD999,1, ,2809619001,
1561,AI010,300174,41590350,376151061B,MNG244,1900-01-01,LSH002,LCD002,1, ,2800613013,
1562,AI010,401306,41590587,377130701A,MNG244,2006-04-01,LSH022,LCD999,1, ,2802119003,
1563,AI010,99920150096,41590360,376161305C,MNG244,1990-01-01,LSH000,LCD000,1, ,99920150676,
1564,AI010,99920150097,41590256,376161293D,MNG244,1990-01-01,LSH000,LCD000,1, ,99920150750,
1565,AI010,401787,41590585,377130283B,MNG244,2006-04-01,LSH022,LCD999,1, ,2703519001,
1566,AI010,500147,41590520,377130136D,MNG244,1900-01-01,LSH002,LCD002,1,30147013,9009531001,
1567,AI010,100778,41590570,376160587A,MNG244,1900-01-01,LSH002,LCD002,1, ,9003721001,
1568,AI010,401419,41590585,377130283B,MNG244,2006-04-01,LSH022,LCD999,1, ,2702919001,
1569,AI010,401420,41590585,377130283A,MNG244,2006-04-01,LSH022,LCD999,1, ,2702919001,
1570,AI010,99920150224,41590340,376150528B,MNG244,1990-01-01,LSH000,LCD000,1, ,99920150617,
1571,AI010,401660,41590585,377130266B,MNG244,2006-04-01,LSH999,LCD999,1, ,2400319001,
1572,AI010,401436,41590585,377130273D,MNG244,2006-04-01,LSH022,LCD999,1, ,2701819003,
1573,AI010,401435,41590585,377130273D,MNG244,2006-04-01,LSH022,LCD999,1, ,2701819003,
1574,AI010,401918,41590585,377130273D,MNG244,2006-04-01,LSH022,LCD999,1, ,2701819003,
1575,AI010,401917,41590585,377130273D,MNG244,2006-04-01,LSH022,LCD999,1, ,2701819003,
1576,AI010,401342,41590587,377130272D,MNG244,2006-04-01,LSH022,LCD999,1, ,2708119004,
1577,AI010,401340,41590587,377130272D,MNG244,2006-04-01,LSH022,LCD999,1, ,2708119004,
1578,AI010,401339,41590587,377130272D,MNG244,2006-04-01,LSH022,LCD999,1, ,2708119004,
1579,AI010,500448,41590570,377130172D,MNG244,1900-01-01,LSH007,LCD002,1,30183017,9010631002,
1580,AI010,810101,41590262,376160283C,MNG244,1900-01-01,LSH019,LCD002,1, ,2300133299,
1581,AI010,810103,41590256,376161734A,MNG244,1900-01-01,LSH007,LCD002,1, ,2800333020,
1582,AI010,500432,41590570,377130173C,MNG244,1900-01-01,LSH007,LCD002,1,30183001,9010731002,
1583,AI010,300170,41590350,376151052C,MNG244,1900-01-01,LSH002,LCD002,1, ,1330513008,
1584,AI010,401022,41590586,377130716B,MNG244,2006-04-01,LSH010,LCD999,1, ,2709419002,
1585,AI010,8.89E+11,41590259,376161463C,MNG244,2016-01-01,LSH999,LCD002,1,화성 향남 2지구 도로 및 지하시설물 DB 구축(20170831),614631702,
1586,AI010,8.89E+11,41590259,376161463C,MNG244,2016-01-01,LSH999,LCD002,1,화성 향남 2지구 도로 및 지하시설물 DB 구축(20170831),614631704,
1587,AI010,401366,41590585,377130283C,MNG244,2006-04-01,LSH022,LCD999,1, ,2804019001,
1588,AI010,401368,41590585,377130283C,MNG244,2006-04-01,LSH022,LCD999,1, ,2803919001,
1589,AI010,99920150153,41590310,376122413D,MNG244,1990-01-01,LSH000,LCD000,1, ,99920150165,
1590,AI010,810085,41590262,376160283A,MNG244,1900-01-01,LSH018,LCD002,1, ,2600133320,
1591,AI010,401310,41590587,377130273A,MNG244,2006-04-01,LSH022,LCD999,1, ,2800319001,
1592,AI010,500419,41590570,377130172C,MNG244,1900-01-01,LSH002,LCD002,1,30182010,2400731001,
1593,AI010,401852,41590520,377130271C,MNG244,2006-04-01,LSH007,LCD999,1, ,9020219003,
1594,AI010,2.21E+13,41590550,377130244C,MNG244,2018-05-01,LSH002,LCD002,1,화성 반월동 아파트 신축공사 GIS DB 구축용역,22111805229,
1595,AI010,500107,41590410,377130662D,MNG244,1900-01-01,LSH002,LCD002,1,30673001,9002331103,
1596,AI010,500194,41590520,377130137D,MNG244,1900-01-01,LSH002,LCD002,1,30148017,3220131005,
1597,AI010,401493,41590585,377130277A,MNG244,2006-04-01,LSH999,LCD999,1, ,9030319001,
1598,AI010,100329,41590253,376160460D,MNG244,1900-01-01,LSH000,LCD002,1, ,2901621001,
1599,AI010,100472,41590253,376160583B,MNG244,1900-01-01,LSH007,LCD002,1, ,9000421002,
1600,AI010,100577,41590410,376161087A,MNG244,1996-01-01,LSH007,LCD002,1, ,1331511007,
1601,AI010,100688,41590560,376160547C,MNG244,1900-01-01,LSH002,LCD002,1, ,9008021005,
1602,AI010,402015,41590540,377130180B,MNG244,2006-06-20,LSH999,LCD002,1, ,2900844324,
1603,AI010,402016,41590540,377130180B,MNG244,2006-06-20,LSH999,LCD002,1, ,2900844324,
1604,AI010,500700,41590587,377130262A,MNG244,1900-01-01,LSH007,LCD002,1,30272001,9006831301,
1605,AI010,500441,41590570,377130182B,MNG244,1900-01-01,LSH002,LCD002,1,30183010,2707031003,
1606,AI010,500074,41590410,377131114A,MNG244,1900-01-01,LSH002,LCD002,1,31114003,9000831102,
1607,AI010,200088,41590259,376161432C,MNG244,1900-01-01,LSH999,LCD002,1, ,2700212005,
1608,AI010,401062,41590586,377130714D,MNG244,2006-04-01,LSH022,LCD999,1, ,2805519003,
1609,AI010,401061,41590586,377130714D,MNG244,2006-04-01,LSH022,LCD999,1, ,2805519003,
1610,AI010,401082,41590586,377130714A,MNG244,2006-04-01,LSH022,LCD999,1, ,2805919003,
1611,AI010,401081,41590586,377130714A,MNG244,2006-04-01,LSH022,LCD999,1, ,2805919003,
1612,AI010,426023,41590253,376160572A,MNG244,2008-07-24,LSH999,LCD002,1, ,1019042015,
1613,AI010,100597,41590410,376161016B,MNG244,1900-01-01,LSH007,LCD002,1, ,3110111103,
1614,AI010,100852,41590570,376160588B,MNG244,1900-01-01,LSH007,LCD002,1, ,9014321001,
1615,AI010,401416,41590585,377130273D,MNG244,2006-04-01,LSH022,LCD999,1, ,2701919001,
1616,AI010,401414,41590585,377130273D,MNG244,2006-04-01,LSH022,LCD999,1, ,2701919001,
1617,AI010,401821,41590585,377130274C,MNG244,2006-04-01,LSH022,LCD999,1, ,2702019001,
1618,AI010,401874,41590586,377130726A,MNG244,2006-04-01,LSH022,LCD999,1, ,2806719001,
1619,AI010,100282,41590253,376160551B,MNG244,1900-01-01,LSH007,LCD002,1, ,9003621001,
1620,AI010,200062,41590259,376161423C,MNG244,1900-01-01,LSH007,LCD002,1, ,2701212001,
1621,AI010,200220,41590400,376162015C,MNG244,1900-01-01,LSH002,LCD002,1, ,3110212026,
1622,AI010,200047,41590259,376161330B,MNG244,1991-01-01,LSH002,LCD002,1, ,2300412014,
1623,AI010,810016,41590262,376160283B,MNG244,1900-01-01,LSH019,LCD002,1, ,2800233287,
1624,AI010,810017,41590262,376160283D,MNG244,1900-01-01,LSH019,LCD002,1, ,2300133288,
1625,AI010,810018,41590262,376160282D,MNG244,1900-01-01,LSH007,LCD002,1, ,2300133300,
1626,AI010,401206,41590586,377130705B,MNG244,2006-04-01,LSH010,LCD999,1, ,2709219002,
1627,AI010,200044,41590259,376161330B,MNG244,1900-01-01,LSH002,LCD002,1, ,2007812014,
1628,AI010,300078,41590320,376160325D,MNG244,1900-01-01,LSH007,LCD002,1, ,2800113026,
1629,AI010,300080,41590320,376160323D,MNG244,1900-01-01,LSH007,LCD002,1, ,2800113011,
1630,AI010,401231,41590585,377130293C,MNG244,2006-04-01,LSH022,LCD999,1, ,2804919001,
1631,AI010,401223,41590585,377130293C,MNG244,2006-04-01,LSH022,LCD999,1, ,2804919001,
1632,AI010,401235,41590585,377130293C,MNG244,2006-04-01,LSH022,LCD999,1, ,2804919001,
1633,AI010,401127,41590586,377130706D,MNG244,2006-04-01,LSH022,LCD999,1, ,2809119001,
1634,AI010,401126,41590586,377130706D,MNG244,2006-04-01,LSH022,LCD999,1, ,2809119001,
1635,AI010,401125,41590586,377130706D,MNG244,2006-04-01,LSH022,LCD999,1, ,2809119001,
1636,AI010,300134,41590340,376150578B,MNG244,1900-01-01,LSH007,LCD002,1, ,2800313017,
1637,AI010,300135,41590340,376150577A,MNG244,2005-01-01,LSH007,LCD002,1, ,2800113034,
1638,AI010,500392,41590520,377130168D,MNG244,1900-01-01,LSH000,LCD002,1,30179062,2801031005,
1639,AI010,500616,41590530,377130198A,MNG244,2004-01-01,LSH007,LCD002,1,30198005,2600431004,
1640,AI010,401153,41590586,377130706C,MNG244,2006-04-01,LSH022,LCD999,1, ,2900319001,
1641,AI010,401158,41590586,377130706C,MNG244,2006-04-01,LSH022,LCD999,1, ,2808119001,
1642,AI010,401157,41590586,377130706C,MNG244,2006-04-01,LSH022,LCD999,1, ,2808119001,
1643,AI010,401156,41590586,377130706C,MNG244,2006-04-01,LSH022,LCD999,1, ,2808119001,
1644,AI010,401574,41590585,377130277A,MNG244,2006-04-01,LSH999,LCD999,1, ,9030319001,
1645,AI010,500326,41590520,377130168D,MNG244,1900-01-01,LSH000,LCD002,1,30178042,2701131002,
1646,AI010,500595,41590570,377130185C,MNG244,1900-01-01,LSH007,LCD002,1,30195005,2501031007,
1647,AI010,200156,41590259,376161555B,MNG244,1900-01-01,LSH007,LCD002,1, ,1208212022,
1648,AI010,500569,41590520,377130179C,MNG244,1900-01-01,LSH000,LCD002,1,30189049,2803731001,
1649,AI010,401585,41590585,377130255A,MNG244,2006-04-01,LSH021,LCD003,1, ,2705619001,
1650,AI010,401400,41590585,377130283C,MNG244,2006-04-01,LSH022,LCD999,1, ,2804019001,
1651,AI010,401401,41590585,377130283C,MNG244,2006-04-01,LSH022,LCD999,1, ,2804019001,
1652,AI010,401183,41590586,377130706A,MNG244,2006-04-01,LSH022,LCD999,1, ,2808019001,
1653,AI010,401496,41590585,377130704A,MNG244,2006-04-01,LSH010,LCD999,1, ,2709119001,
1654,AI010,401495,41590585,377130704A,MNG244,2006-04-01,LSH010,LCD999,1, ,2709119001,
1655,AI010,100265,41590253,376160511D,MNG244,1900-01-01,LSH007,LCD002,1, ,3110121014,
1656,AI010,401674,41590585,377130256C,MNG244,2006-04-01,LSH999,LCD999,1, ,2709919001,
1657,AI010,99920150004,41590320,376160320B,MNG244,1990-01-01,LSH000,LCD000,1, ,99920150149,
1658,AI010,100804,41590570,376160587B,MNG244,1900-01-01,LSH002,LCD002,1, ,9002721007,
1659,AI010,100684,41590560,376160557A,MNG244,1900-01-01,LSH007,LCD002,1, ,9010321002,
1660,AI010,100205,41590410,376161064D,MNG244,1900-01-01,LSH007,LCD002,1, ,9004911005,
1661,AI010,500085,41590410,377130694B,MNG244,1900-01-01,LSH007,LCD002,1,30695001,3220331112,
1662,AI010,100810,41590570,376160597A,MNG244,1900-01-01,LSH000,LCD002,1, ,9002121001,
1663,AI010,200094,41590259,376161432D,MNG244,1900-01-01,LSH002,LCD002,1, ,2801812002,
1664,AI010,100256,41590253,376160420D,MNG244,1900-01-01,LSH000,LCD002,1, ,3110121009,
1665,AI010,200139,41590259,376161544B,MNG244,1900-01-01,LSH007,LCD002,1, ,1208212017,
1666,AI010,500538,41590520,377130179C,MNG244,1900-01-01,LSH000,LCD002,1,30189018,2803731001,
1667,AI010,99920150141,41590570,376161008D,MNG244,1990-01-01,LSH000,LCD000,1, ,99920150561,
1668,AI010,100148,41590253,376160948A,MNG244,1900-01-01,LSH002,LCD002,1, ,1104311028,
1669,AI010,100755,41590560,376160568B,MNG244,1900-01-01,LSH007,LCD002,1, ,3220621005,
1670,AI010,401476,41590587,377130262D,MNG244,2006-04-01,LSH022,LCD999,1, ,2700519003,
1671,AI010,99920150143,41590360,376160828D,MNG244,1990-01-01,LSH000,LCD000,1, ,99920150382,
1672,AI010,500463,41590570,377130175C,MNG244,1900-01-01,LSH002,LCD002,1,30185008,3110531005,
1673,AI010,401352,41590585,377130283A,MNG244,2006-04-01,LSH022,LCD999,1, ,2803419001,
1674,AI010,401383,41590587,377130271B,MNG244,2006-04-01,LSH022,LCD999,1, ,2701619001,
1675,AI010,401384,41590587,377130271B,MNG244,2006-04-01,LSH022,LCD999,1, ,2701619001,
1676,AI010,401385,41590587,377130271B,MNG244,2006-04-01,LSH022,LCD999,1, ,2701619001,
1677,AI010,401374,41590587,377130272A,MNG244,2006-04-01,LSH022,LCD999,1, ,2701619001,
1678,AI010,401391,41590587,377130271B,MNG244,2006-04-01,LSH022,LCD999,1, ,2701519001,
1679,AI010,401389,41590587,377130271B,MNG244,2006-04-01,LSH022,LCD999,1, ,2701519001,
1680,AI010,200172,41590259,376161559C,MNG244,1900-01-01,LSH007,LCD002,1, ,2005712031,
1681,AI010,500125,41590410,376161060B,MNG244,1900-01-01,LSH007,LCD002,1,30661009,9000231108,
1682,AI010,100470,41590253,376160564A,MNG244,1900-01-01,LSH007,LCD002,1, ,9014921002,
1683,AI010,100162,41590253,376161005A,MNG244,2001-01-01,LSH000,LCD002,1, ,2006421002,
1684,AI010,500458,41590570,377130185A,MNG244,1900-01-01,LSH007,LCD002,1,30185003,9011431003,
1685,AI010,500639,41590530,377130188D,MNG244,1900-01-01,LSH002,LCD002,1,30199001,2500331006,
1686,AI010,300067,41590320,376160326B,MNG244,1900-01-01,LSH002,LCD002,1, ,2500313002,
1687,AI010,401772,41590585,377130283B,MNG244,2006-04-01,LSH022,LCD999,1, ,2702019005,
1688,AI010,5.11E+11,41590600,377130749A,MNG244,2014-01-01,LSH999,LCD004,1,화성동탄 일반산업단지 조성공사 중 GIS구축,51130739024,
1689,AI010,401116,41590586,377130707C,MNG244,2006-04-01,LSH022,LCD999,1, ,2807719001,
1690,AI010,100247,41590253,376160469D,MNG244,1900-01-01,LSH002,LCD002,1, ,1104311079,
1691,AI010,100184,41590410,376161025B,MNG244,1900-01-01,LSH007,LCD002,1, ,9007111011,
1692,AI010,100645,41590410,376161039B,MNG244,2004-01-01,LSH002,LCD002,1, ,1331511025,
1693,AI010,100444,41590560,376160555B,MNG244,1900-01-01,LSH000,LCD002,1, ,1208421025,
1694,AI010,100513,41590253,376160597C,MNG244,1900-01-01,LSH007,LCD002,1, ,9008611002,
1695,AI010,500197,41590570,377130154B,MNG244,1900-01-01,LSH002,LCD002,1,30155001,9009731007,
1696,AI010,401215,41590587,377130292C,MNG244,2006-04-01,LSH010,LCD999,1, ,2708319001,
1697,AI010,401214,41590587,377130292C,MNG244,2006-04-01,LSH010,LCD999,1, ,2708319001,
1698,AI010,401213,41590587,377130292C,MNG244,2006-04-01,LSH010,LCD999,1, ,2708319001,
1699,AI010,401536,41590587,377130291A,MNG244,2006-04-01,LSH022,LCD999,1, ,2801319001,
1700,AI010,401895,41590586,377130725B,MNG244,2006-04-01,LSH022,LCD999,1, ,2806419001,
1701,AI010,100507,41590410,376161540C,MNG244,1900-01-01,LSH007,LCD002,1, ,9005811023,
1702,AI010,100632,41590410,376161037D,MNG244,1900-01-01,LSH007,LCD002,1, ,9006911011,
1703,AI010,401185,41590586,377130706A,MNG244,2006-04-01,LSH022,LCD999,1, ,2808119002,
1704,AI010,401060,41590586,377130714D,MNG244,2006-04-01,LSH022,LCD999,1, ,2805519004,
1705,AI010,500323,41590520,377130167D,MNG244,1900-01-01,LSH000,LCD002,1,30178038,2400231001,
1706,AI010,500551,41590520,377130178D,MNG244,1900-01-01,LSH000,LCD002,1,30189031,2703231001,
1707,AI010,500110,41590410,377130661D,MNG244,1900-01-01,LSH007,LCD002,1,30672008,1331031133,
1708,AI010,100146,41590253,376160938C,MNG244,1900-01-01,LSH002,LCD002,1, ,1104311032,
1709,AI010,100408,41590253,376160552C,MNG244,1900-01-01,LSH000,LCD002,1, ,2007021006,
1710,AI010,300173,41590350,376151062A,MNG244,1900-01-01,LSH002,LCD002,1, ,1330513004,
1711,AI010,810041,41590262,376160273D,MNG244,1900-01-01,LSH007,LCD002,1, ,1107733327,
1712,AI010,100664,41590570,376160588C,MNG244,1900-01-01,LSH002,LCD002,1, ,9002821001,
1713,AI010,100357,41590253,376160522C,MNG244,1900-01-01,LSH002,LCD002,1, ,9006421001,
1714,AI010,500619,41590530,377130197B,MNG244,1900-01-01,LSH002,LCD002,1,30198010,2706831009,
1715,AI010,100441,41590253,376160582C,MNG244,1900-01-01,LSH000,LCD002,1, ,3220621032,
1716,AI010,300112,41590340,376150577A,MNG244,1900-01-01,LSH007,LCD002,1, ,2800313005,
1717,AI010,200113,41590259,376161432D,MNG244,1900-01-01,LSH002,LCD002,1, ,2700112002,
1718,AI010,100236,41590253,376160460D,MNG244,1900-01-01,LSH007,LCD002,1, ,2800211010,
1719,AI010,100734,41590560,376160550C,MNG244,1900-01-01,LSH007,LCD002,1, ,9012121001,
1720,AI010,401409,41590585,377130283C,MNG244,2006-04-01,LSH022,LCD999,1, ,2804119001,
1721,AI010,2.12E+11,41590370,376161845C,MNG244,2011-06-01,LSH002,LCD004,1,장안면 독정리 247-2번지 원인자 공사,21161854002,
1722,AI010,5.11E+11,41590600,377130738D,MNG244,2014-01-01,LSH999,LCD004,1,화성동탄 일반산업단지 조성공사 중 GIS구축,51130738005,
1723,AI010,402026,41590540,377130180A,MNG244,2006-06-20,LSH999,LCD002,1, ,2900544320,
1724,AI010,810108,41590256,376161724C,MNG244,1900-01-01,LSH007,LCD002,1, ,9000133005,
1725,AI010,401186,41590586,377130706A,MNG244,2006-04-01,LSH022,LCD999,1, ,2808119003,
1726,AI010,100140,41590253,376160918B,MNG244,1900-01-01,LSH007,LCD002,1, ,9000711001,
1727,AI010,200051,41590259,376161422C,MNG244,1900-01-01,LSH002,LCD002,1, ,2400112002,
1728,AI010,100741,41590560,376160549D,MNG244,1900-01-01,LSH002,LCD002,1, ,3330221017,
1729,AI010,401005,41590259,376161340D,MNG244,2004-07-31,LHS017,LCD002,1, ,2807991001,
1730,AI010,200212,41590400,376162015C,MNG244,1900-01-01,LSH002,LCD002,1, ,2005712001,
1731,AI010,401843,41590520,377130271B,MNG244,2006-04-01,LSH007,LCD999,1, ,9020419008,
1732,AI010,401842,41590520,377130271B,MNG244,2006-04-01,LSH007,LCD999,1, ,9020419010,
1733,AI010,401840,41590520,377130271B,MNG244,2006-04-01,LSH007,LCD999,1, ,9020419011,
1734,AI010,401841,41590520,377130271B,MNG244,2006-04-01,LSH007,LCD999,1, ,9020419011,
1735,AI010,401463,41590587,377130273B,MNG244,2006-04-01,LSH022,LCD999,1, ,2800719001,
1736,AI010,500670,41590550,377130253A,MNG244,1900-01-01,LSH007,LCD002,1,30253004,9005831305,
1737,AI010,100425,41590253,376160556C,MNG244,1900-01-01,LSH002,LCD002,1,2EA,1208421031,
1738,AI010,100348,41590253,376160522A,MNG244,1900-01-01,LSH000,LCD002,1, ,3220321010,
1739,AI010,500117,41590410,377130671B,MNG244,1900-01-01,LSH007,LCD002,1,30672001,1331431102,
1740,AI010,100100,41590253,376160949D,MNG244,1900-01-01,LSH007,LCD002,1, ,2006711024,
1741,AI010,500420,41590570,377130172C,MNG244,1900-01-01,LSH007,LCD002,1,30182012,2400731001,
1742,AI010,500543,41590520,377130179C,MNG244,1900-01-01,LSH000,LCD002,1,30189023,2703431003,
1743,AI010,100352,41590253,376160522C,MNG244,1900-01-01,LSH000,LCD002,1, ,9007321003,
1744,AI010,500709,41590570,377130195D,MNG244,1900-01-01,LSH007,LCD002,1,30606002,2600731013,
1745,AI010,500123,41590410,377130661A,MNG244,1900-01-01,LSH007,LCD002,1,30671006,1331031129,
1746,AI010,500577,41590570,377130183A,MNG244,1900-01-01,LSH002,LCD002,1,30193003,2707031006,
1747,AI010,401960,41590585,377130286A,MNG244,2006-04-01,LSH010,LCD999,1, ,2400619005,
1748,AI010,300175,41590350,376151061B,MNG244,1900-01-01,LSH002,LCD002,1, ,2800613013,
1749,AI010,300176,41590350,376151062A,MNG244,1900-01-01,LSH002,LCD002,1, ,2800813003,
1750,AI010,300177,41590350,376151061B,MNG244,1900-01-01,LSH007,LCD002,1, ,2800613013,
1751,AI010,500232,41590520,377130148B,MNG244,1900-01-01,LSH007,LCD002,1,30159001,9008231003,
1752,AI010,500186,41590520,377130138A,MNG244,1900-01-01,LSH002,LCD002,1,30148009,3220121007,
1753,AI010,500564,41590520,377130178D,MNG244,1900-01-01,LSH000,LCD002,1,30189044,2703531001,
1754,AI010,500015,41590410,377131144A,MNG244,1900-01-01,LSH002,LCD002,1,31144013,1208231108,
1755,AI010,500487,41590520,377130177C,MNG244,1900-01-01,LSH002,LCD002,1,30187021,9013131001,
1756,AI010,5.11E+11,41590600,377130739C,MNG244,2014-01-01,LSH999,LCD004,1,화성동탄 일반산업단지 조성공사 중 GIS구축,51130739017,
1757,AI010,5.11E+11,41590600,377130739C,MNG244,2014-01-01,LSH999,LCD004,1,화성동탄 일반산업단지 조성공사 중 GIS구축,51130739017,
1758,AI010,5.11E+11,41590600,377130739C,MNG244,2014-01-01,LSH999,LCD004,1,화성동탄 일반산업단지 조성공사 중 GIS구축,51130739017,
1759,AI010,500269,41590520,377130160A,MNG244,1999-01-01,LSH007,LCD002,1,30170010,9007431305,
1760,AI010,401014,41590586,377130714A,MNG244,2006-04-01,LSH022,LCD999,1, ,2805519001,
1761,AI010,401106,41590586,377130714A,MNG244,2006-04-01,LSH022,LCD999,1, ,2805519001,
1762,AI010,401105,41590586,377130714A,MNG244,2006-04-01,LSH022,LCD999,1, ,2805519001,
1763,AI010,300179,41590350,376151062A,MNG244,1900-01-01,LSH007,LCD002,1, ,2800813005,
1764,AI010,100572,41590410,376161048B,MNG244,2004-01-01,LSH002,LCD002,1, ,9006711007,
1765,AI010,401642,41590585,377130276C,MNG244,2006-04-01,LSH010,LCD999,1, ,2709819001,
1766,AI010,401856,41590585,377130256A,MNG244,2006-04-01,LSH022,LCD999,1, ,2810119001,
1767,AI010,401950,41590586,377130726A,MNG244,2006-04-01,LSH022,LCD999,1, ,2806419001,
1768,AI010,401951,41590586,377130726A,MNG244,2006-04-01,LSH022,LCD999,1, ,2806419001,
1769,AI010,100174,41590410,376161004D,MNG244,1900-01-01,LSH002,LCD002,1, ,9007111004,
1770,AI010,99920150068,41590360,376160986C,MNG244,1990-01-01,LSH000,LCD000,1, ,99920150334,
1771,AI010,1.00E+12,41590253,376160512C,MNG062,2010-01-01,LSH999,LCD004,1, ,99960000001,
1772,AI010,100001,41590253,376160497A,MNG244,1900-01-01,LSH002,LCD002,1, ,1332211019,
1773,AI010,401454,41590587,377130273B,MNG244,2006-04-01,LSH022,LCD999,1, ,2800719001,
1774,AI010,401455,41590587,377130273B,MNG244,2006-04-01,LSH022,LCD999,1, ,2800719001,
1775,AI010,401942,41590587,377130701B,MNG244,2006-04-01,LSH022,LCD999,1, ,2802619003,
1776,AI010,500105,41590410,377130681B,MNG244,1900-01-01,LSH002,LCD002,1,30682002,1331431107,
1777,AI010,426018,41590253,376160561C,MNG244,2008-07-24,LSH002,LCD002,1, ,1012642001,
1778,AI010,426051,41590253,376160562A,MNG244,2008-07-24,LSH010,LCD002,1, ,1019042048,
1779,AI010,500207,41590520,377130147C,MNG244,1900-01-01,LSH002,LCD002,1,30157005,9008831003,
1780,AI010,100008,41590253,376160495D,MNG244,1900-01-01,LSH007,LCD002,1, ,1332211015,
1781,AI010,500793,41590410,377130622C,MNG244,2004-01-01,LSH007,LCD002,1,30632007,1331531008,
1782,AI010,500736,41590530,377130609A,MNG244,1900-01-01,LSH002,LCD002,1,30609006,2007131009,
1783,AI010,500057,41590410,377131116D,MNG244,1900-01-01,LSH007,LCD002,1,31127002,1331431139,
1784,AI010,100789,41590570,376160577C,MNG244,1900-01-01,LSH007,LCD002,1, ,9003921003,
1785,AI010,100071,41590253,376160928B,MNG244,1900-01-01,LSH007,LCD002,1, ,1104311047,
1786,AI010,100177,41590410,376161015A,MNG244,1900-01-01,LSH007,LCD002,1, ,9007111007,
1787,AI010,401711,41590585,377130255C,MNG244,2006-04-01,LSH021,LCD003,1, ,2705619001,
1788,AI010,500431,41590570,377130172D,MNG244,1900-01-01,LSH999,LCD002,1,30183021,9018231001,
1789,AI010,200294,41590259,376161432B,MNG244,1900-01-01,LSH007,LCD002,1, ,2802512001,
1790,AI010,300013,41590310,376122493C,MNG244,1900-01-01,LSH018,LCD002,1, ,1208413004,
1791,AI010,100375,41590253,376160523C,MNG244,1900-01-01,LSH007,LCD002,1, ,9006321001,
1792,AI010,500424,41590570,377130171D,MNG244,1900-01-01,LSH007,LCD002,1,30182016,2400631001,
1793,AI010,100823,41590253,376160587C,MNG244,1900-01-01,LSH007,LCD002,1, ,9002421002,
1794,AI010,200143,41590259,376161442C,MNG244,1900-01-01,LSH999,LCD002,1, ,2300412004,
1795,AI010,99920150112,41590262,376160781B,MNG244,1990-01-01,LSH000,LCD000,1, ,99920150597,
1796,AI010,500309,41590520,377130168C,MNG244,1900-01-01,LSH000,LCD002,1,30178024,2700931004,
1797,AI010,401130,41590586,377130706D,MNG244,2006-04-01,LSH022,LCD999,1, ,2808719001,
1798,AI010,500334,41590520,377130179A,MNG244,1900-01-01,LSH000,LCD002,1,30179004,2703431003,
1799,AI010,401381,41590587,377130272A,MNG244,2006-04-01,LSH022,LCD999,1, ,2701719001,
1800,AI010,401382,41590587,377130262C,MNG244,2006-04-01,LSH022,LCD999,1, ,2701719001,
1801,AI010,500781,41590570,377130622A,MNG244,2004-01-01,LSH002,LCD002,1,30622006,1331531009,
1802,AI010,200245,41590400,376161929D,MNG244,1900-01-01,LSH002,LCD002,1, ,1104312005,
1803,AI010,300138,41590340,376150577B,MNG244,2005-01-01,LSH007,LCD002,1, ,2800113037,
1804,AI010,300140,41590340,376150577B,MNG244,2005-01-01,LSH007,LCD002,1, ,2700113005,
1805,AI010,810050,41590262,376160284A,MNG244,1900-01-01,LSH007,LCD002,1, ,1107733265,
1806,AI010,810051,41590262,376160284A,MNG244,1900-01-01,LSH007,LCD002,1, ,2900633306,
1807,AI010,401261,41590587,377130701A,MNG244,2006-04-01,LSH022,LCD999,1, ,2802119003,
1808,AI010,401838,41590587,377130701B,MNG244,2006-04-01,LSH022,LCD999,1, ,9010919001,
1809,AI010,401926,41590587,377130701C,MNG244,2006-04-01,LSH022,LCD999,1, ,2802419001,
1810,AI010,401297,41590587,377130701C,MNG244,2006-04-01,LSH022,LCD999,1, ,2802419001,
1811,AI010,401939,41590587,377130701C,MNG244,2006-04-01,LSH022,LCD999,1, ,2802419001,
1812,AI010,500023,41590410,377131134C,MNG244,1900-01-01,LSH019,LCD002,1,31144005,9001831104,
1813,AI010,100559,41590410,376161518C,MNG244,1900-01-01,LSH007,LCD002,1, ,9005811009,
1814,AI010,100116,41590253,376160928B,MNG244,1900-01-01,LSH007,LCD002,1, ,1104311042,
1815,AI010,100012,41590253,376160927C,MNG244,1900-01-01,LSH999,LCD002,1, ,9001611005,
1816,AI010,100172,41590410,376161004D,MNG244,1900-01-01,LSH007,LCD002,1, ,9007111004,
1817,AI010,200075,41590259,376161431B,MNG244,1900-01-01,LSH002,LCD002,1, ,2400112007,
1818,AI010,500608,41590520,377130187A,MNG244,1900-01-01,LSH002,LCD002,1,30197006,2706831001,
1819,AI010,500017,41590410,377131144A,MNG244,1900-01-01,LSH002,LCD002,1,31144011,1208231108,
1820,AI010,99920150192,41590350,376151095C,MNG244,1990-01-01,LSH000,LCD000,1, ,99920150662,
1821,AI010,99920150196,41590330,376151040D,MNG244,1990-01-01,LSH000,LCD000,1, ,99920150630,
1822,AI010,500534,41590520,377130179B,MNG244,1900-01-01,LSH000,LCD002,1,30189014,2703531003,
1823,AI010,810096,41590262,376160284A,MNG244,1900-01-01,LSH007,LCD002,1, ,1107733313,
1824,AI010,401209,41590587,377130292C,MNG244,2006-04-01,LSH010,LCD999,1, ,2708319003,
1825,AI010,99920150159,41590262,376160753B,MNG244,1990-01-01,LSH000,LCD000,1, ,99920150597,
1826,AI010,401093,41590586,377130714A,MNG244,2006-04-01,LSH022,LCD999,1, ,2805619001,
1827,AI010,401092,41590586,377130714A,MNG244,2006-04-01,LSH022,LCD999,1, ,2805619001,
1828,AI010,810028,41590262,376160274C,MNG244,1900-01-01,LSH002,LCD002,1, ,1107733334,
1829,AI010,810029,41590262,376160274C,MNG244,1900-01-01,LSH017,LCD002,1, ,2900633330,
1830,AI010,401884,41590586,377130726A,MNG244,2006-04-01,LSH022,LCD999,1, ,2806719001,
1831,AI010,810031,41590262,376160274C,MNG244,1900-01-01,LSH007,LCD002,1, ,1107733335,
1832,AI010,810032,41590262,376160274A,MNG244,1900-01-01,LSH007,LCD002,1, ,1107733337,
1833,AI010,100113,41590253,376160978A,MNG244,1900-01-01,LSH007,LCD002,1, ,9003511004,
1834,AI010,200246,41590400,376161939B,MNG244,1900-01-01,LSH002,LCD002,1, ,1104312005,
1835,AI010,401564,41590587,377130262D,MNG244,2006-04-01,LSH022,LCD999,1, ,2701119001,
1836,AI010,500726,41590530,377130198C,MNG244,1900-01-01,LSH007,LCD002,1,30608011,9016531003,
1837,AI010,401302,41590587,377130701A,MNG244,2006-04-01,LSH022,LCD999,1, ,2802119003,
1838,AI010,401972,41590587,377130702B,MNG244,2006-04-01,LSH022,LCD999,1, ,2200819007,
1839,AI010,401511,41590587,377130701A,MNG244,2006-04-01,LSH022,LCD999,1, ,2801919001,
1840,AI010,401224,41590585,377130293C,MNG244,2006-04-01,LSH022,LCD999,1, ,2804919001,
1841,AI010,401225,41590585,377130293C,MNG244,2006-04-01,LSH022,LCD999,1, ,2804919001,
1842,AI010,401237,41590585,377130293C,MNG244,2006-04-01,LSH022,LCD999,1, ,2804619007,
1843,AI010,401221,41590585,377130293C,MNG244,2006-04-01,LSH022,LCD999,1, ,2804819003,
1844,AI010,8.22E+13,41590520,376150900D,MNG244,2017-12-31,LSH999,LCD003,1,백미-송교간 도로확포장공사 GIS DB 구축용역,8.22E+13,
1845,AI010,8.22E+13,41590520,376150999B,MNG244,2017-12-31,LSH999,LCD003,1,백미-송교간 도로확포장공사 GIS DB 구축용역,8.22E+13,
1846,AI010,4.22E+13,41590259,376161432C,MNG244,2017-12-01,LSH999,LCD004,1,"발안도시계획도로 중로3-1,소로1-6,-7호선 개설공사 GIS DB 구축용역",4.22E+13,
1847,AI010,4.22E+13,41590259,376161432C,MNG244,2017-12-01,LSH999,LCD004,1,"발안도시계획도로 중로3-1,소로1-6,-7호선 개설공사 GIS DB 구축용역",4.22E+13,
1848,AI010,4.22E+13,41590259,376161432C,MNG244,2017-12-01,LSH999,LCD004,1,"발안도시계획도로 중로3-1,소로1-6,-7호선 개설공사 GIS DB 구축용역",4.22E+13,
1849,AI010,4.22E+13,41590259,376161442A,MNG244,2017-12-01,LSH002,LCD004,1,"발안도시계획도로 중로3-1,소로1-6,-7호선 개설공사 GIS DB 구축용역",4.22E+13,
1850,AI010,4.22E+13,41590259,376161442A,MNG244,2017-12-01,LSH999,LCD004,1,"발안도시계획도로 중로3-1,소로1-6,-7호선 개설공사 GIS DB 구축용역",4.22E+13,
1851,AI010,401222,41590585,377130293C,MNG244,2006-04-01,LSH022,LCD999,1, ,2804819003,
1852,AI010,401595,41590585,377130246C,MNG244,2006-04-01,LSH022,LCD999,1, ,2807219001,
1853,AI010,401263,41590587,377130701B,MNG244,2006-04-01,LSH022,LCD999,1, ,2802119001,
1854,AI010,401072,41590586,377130714C,MNG244,2006-04-01,LSH022,LCD999,1, ,2805619001,
1855,AI010,401583,41590585,377130255A,MNG244,2006-04-01,LSH021,LCD003,1, ,2705419001,
1856,AI010,401233,41590585,377130293C,MNG244,2006-04-01,LSH022,LCD999,1, ,2804819001,
1857,AI010,2.12E+11,41590330,376160623A,MNG244,1900-01-01,LSH002,LCD002,1,견착,21160623001,
1858,AI010,401973,41590587,377130282A,MNG244,2006-04-01,LSH999,LCD999,1, ,2708219001,
1859,AI010,100169,41590253,376160596C,MNG244,2003-01-01,LSH007,LCD002,1, ,9008711004,
1860,AI010,300076,41590320,376160325D,MNG244,1900-01-01,LSH017,LCD002,1, ,2800113026,
1861,AI010,100109,41590253,376160967D,MNG244,1900-01-01,LSH002,LCD002,1, ,1104311011,
1862,AI010,401740,41590585,377130284A,MNG244,2006-04-01,LSH022,LCD999,1, ,2702319003,
1863,AI010,401761,41590585,377130284A,MNG244,2006-04-01,LSH022,LCD999,1, ,2704019001,
1864,AI010,401760,41590585,377130284A,MNG244,2006-04-01,LSH022,LCD999,1, ,2704019001,
1865,AI010,401759,41590585,377130284A,MNG244,2006-04-01,LSH022,LCD999,1, ,2704019001,
1866,AI010,401773,41590585,377130283B,MNG244,2006-04-01,LSH022,LCD999,1, ,2702019005,
1867,AI010,401150,41590585,377130706D,MNG244,2006-04-01,LSH022,LCD999,1, ,2807719001,
1868,AI010,500187,41590520,377130138A,MNG244,1900-01-01,LSH002,LCD002,1,30148010,3220131007,
1869,AI010,200269,41590400,376162045A,MNG244,1900-01-01,LSH002,LCD002,1, ,3110212019,
1870,AI010,100635,41590410,376161077B,MNG244,1996-01-01,LSH007,LCD002,1, ,9009111002,
1871,AI010,200155,41590259,376161556A,MNG244,1900-01-01,LSH007,LCD002,1, ,1208212023,
1872,AI010,426024,41590253,376160573C,MNG244,2008-07-24,LSH999,LCD002,1, ,1019042014,
1873,AI010,500327,41590520,377130168D,MNG244,1900-01-01,LSH000,LCD002,1,30178043,2801231002,
1874,AI010,401790,41590585,377130274D,MNG244,2006-04-01,LSH022,LCD999,1, ,2702319001,
1875,AI010,401961,41590585,377130286A,MNG244,2006-04-01,LSH010,LCD999,1, ,2400619005,
1876,AI010,500051,41590410,377131136B,MNG244,1900-01-01,LSH002,LCD002,1,31136001,1208231121,
1877,AI010,99920150075,41590360,376160879A,MNG244,1990-01-01,LSH000,LCD000,1, ,99920150368,
1878,AI010,99920150063,41590259,376161340A,MNG244,1990-01-01,LSH000,LCD000,1, ,99920150379,
1879,AI010,99920150030,41590400,376161964A,MNG244,1990-01-01,LSH000,LCD000,1, ,99920150303,
1880,AI010,99920150031,41590400,376161964A,MNG244,1990-01-01,LSH000,LCD000,1, ,99920150303,
1881,AI010,100859,41590253,376160577A,MNG244,1900-01-01,LSH000,LCD002,1,갓형,2501321014,
1882,AI010,100628,41590570,376161007B,MNG244,2003-01-01,LSH002,LCD002,1, ,9007411002,
1883,AI010,100371,41590253,376160523C,MNG244,1900-01-01,LSH000,LCD002,1, ,9006321001,
1884,AI010,402029,41590540,377130170C,MNG244,2006-06-20,LSH999,LCD002,1, ,2900544320,
1885,AI010,500364,41590520,377130178B,MNG244,1900-01-01,LSH000,LCD002,1,30179034,2802231001,
1886,AI010,99920150152,41590310,376122413D,MNG244,1990-01-01,LSH000,LCD000,1, ,99920150165,
1887,AI010,810038,41590262,376160283B,MNG244,1900-01-01,LSH007,LCD002,1, ,1107733325,
1888,AI010,401742,41590585,377130284A,MNG244,2006-04-01,LSH022,LCD999,1, ,2702319005,
1889,AI010,100080,41590253,376160928D,MNG244,1900-01-01,LSH007,LCD002,1, ,9004211001,
1890,AI010,500721,41590530,377130198A,MNG244,2004-01-01,LSH007,LCD002,1,30608006,2600431006,
1891,AI010,401288,41590587,377130701B,MNG244,2006-04-01,LSH022,LCD999,1, ,2802919001,
1892,AI010,200205,41590400,376162005C,MNG244,1900-01-01,LSH002,LCD002,1, ,2005712008,
1893,AI010,100853,41590570,376160589C,MNG244,1900-01-01,LSH002,LCD002,1, ,9000921005,
1894,AI010,100097,41590253,376160947D,MNG244,1900-01-01,LSH002,LCD002,1, ,9002111002,
1895,AI010,100246,41590253,376160489D,MNG244,1900-01-01,LSH002,LCD002,1, ,1104311071,
1896,AI010,500553,41590520,377130178D,MNG244,1900-01-01,LSH000,LCD002,1,30189033,2803431001,
1897,AI010,500809,41590253,376160470B,MNG244,1900-01-01,LSH007,LCD002,1, ,2006431025,
1898,AI010,100550,41590410,376161507B,MNG244,1900-01-01,LSH007,LCD002,1, ,9005811005,
1899,AI010,200077,41590259,376161432A,MNG244,1900-01-01,LSH007,LCD002,1, ,2400112007,
1900,AI010,500649,41590550,377130244A,MNG244,1900-01-01,LSH002,LCD002,1,30244004,9003731004,
1901,AI010,5.11E+11,41590600,377130739C,MNG244,2014-01-01,LSH999,LCD004,1,화성동탄 일반산업단지 조성공사 중 GIS구축,51130739025,
1902,AI010,5.11E+11,41590600,377130739C,MNG244,2014-01-01,LSH999,LCD004,1,화성동탄 일반산업단지 조성공사 중 GIS구축,51130739025,
1903,AI010,401399,41590585,377130283C,MNG244,2006-04-01,LSH022,LCD999,1, ,2803319001,
1904,AI010,401373,41590585,377130283C,MNG244,2006-04-01,LSH022,LCD999,1, ,2803819001,
1905,AI010,401372,41590585,377130283C,MNG244,2006-04-01,LSH022,LCD999,1, ,2803819001,
1906,AI010,100874,41590560,376160570A,MNG244,1900-01-01,LSH002,LCD002,1, ,3330221003,
1907,AI010,401314,41590587,377130263C,MNG244,2006-04-01,LSH022,LCD999,1, ,2800319001,
1908,AI010,1.00E+12,41590256,376161726A,MNG244,2010-01-01,LSH007,LCD002,1, ,99617260013,
1909,AI010,401451,41590587,377130273B,MNG244,2006-04-01,LSH022,LCD999,1, ,2800619001,
1910,AI010,100599,41590410,376161067B,MNG244,1900-01-01,LSH007,LCD002,1, ,1330911030,
1911,AI010,100014,41590253,376160956A,MNG244,1900-01-01,LSH002,LCD002,1, ,9002611002,
1912,AI010,100268,41590253,376160521D,MNG244,1900-01-01,LSH007,LCD002,1, ,9006721004,
1913,AI010,100346,41590253,376160512C,MNG244,1900-01-01,LSH000,LCD002,1, ,9007321001,
1914,AI010,200006,41590360,376160827D,MNG244,1900-01-01,LSH007,LCD002,1,2개,2007812088,
1915,AI010,2.12E+11,41590370,376161845C,MNG244,2011-06-01,LSH002,LCD004,1,장안면 독정리 247-2번지 원인자 공사,21161854001,
1916,AI010,500001,41590410,376161560B,MNG244,1900-01-01,LSH007,LCD002,1,31151001,9005831133,
1917,AI010,100867,41590253,376160576B,MNG244,1900-01-01,LSH002,LCD002,1, ,2501321012,
1918,AI010,500508,41590520,377130188A,MNG244,1900-01-01,LSH007,LCD002,1,30188018,2702531003,
1919,AI010,200101,41590259,376161432D,MNG244,1900-01-01,LSH002,LCD002,1, ,2600112005,
1920,AI010,500380,41590520,377130178B,MNG244,1900-01-01,LSH000,LCD002,1,30179050,2701931004,
1921,AI010,100452,41590253,376160582D,MNG244,1900-01-01,LSH000,LCD002,1, ,3220621034,
1922,AI010,100830,41590253,376160597A,MNG244,1900-01-01,LSH000,LCD002,1,신형,9002421002,
1923,AI010,100626,41590570,376161008A,MNG244,1900-01-01,LSH002,LCD002,1, ,9009211006,
1924,AI010,100056,41590253,376160918A,MNG244,1900-01-01,LSH007,LCD002,1, ,9001011001,
1925,AI010,500606,41590520,377130187C,MNG244,1900-01-01,LSH002,LCD002,1,30197004,2706831003,
1926,AI010,100532,41590410,376161048C,MNG244,1900-01-01,LSH007,LCD002,1, ,9006711005,
1927,AI010,500242,41590570,377130164B,MNG244,1900-01-01,LSH002,LCD002,1,30165001,3110131006,
1928,AI010,500768,41590570,377130612A,MNG244,2004-01-01,LSH007,LCD002,1,30612002,1331531013,
1929,AI010,100601,41590410,376161067B,MNG244,1900-01-01,LSH007,LCD002,1, ,9006411001,
1930,AI010,100249,41590253,376160479B,MNG244,1900-01-01,LSH002,LCD002,1, ,1104311076,
1931,AI010,500510,41590520,377130188A,MNG244,1900-01-01,LSH007,LCD002,1,30188020,9017031001,
1932,AI010,100241,41590253,376160479B,MNG244,1900-01-01,LSH002,LCD002,1, ,1104311076,
1933,AI010,500076,41590410,377131113B,MNG244,1900-01-01,LSH007,LCD002,1,31114001,9000831101,
1934,AI010,100050,41590253,376160499A,MNG244,1900-01-01,LSH002,LCD002,1,2개,1104311069,
1935,AI010,500339,41590520,377130168D,MNG244,1900-01-01,LSH000,LCD002,1,30179009,2701031007,
1936,AI010,100595,41590410,376161006D,MNG244,1900-01-01,LSH999,LCD002,1, ,9007311005,
1937,AI010,100514,41590253,376160597C,MNG244,1900-01-01,LSH002,LCD002,1, ,9008611003,
1938,AI010,2.12E+11,41590259,376161943A,MNG244,2014-12-15,LSH999,LCD004,1,발안도시계획도로(소로1-32호선)개설공사 GIS DB구축 사업,21112150004,
1939,AI010,500613,41590530,377130198A,MNG244,2004-01-01,LSH007,LCD002,1,30198002,2600431005,
1940,AI010,500179,41590520,377130148A,MNG244,1900-01-01,LSH007,LCD002,1,30148002,9008631001,
1941,AI010,500178,41590520,377130148A,MNG244,1900-01-01,LSH007,LCD002,1,30148001,9008231007,
1942,AI010,5.11E+11,41590600,377130738D,MNG244,2014-01-01,LSH999,LCD004,1,화성동탄 일반산업단지 조성공사 중 GIS구축,51130738008,
1943,AI010,5.11E+11,41590600,377130738D,MNG244,2014-01-01,LSH999,LCD004,1,화성동탄 일반산업단지 조성공사 중 GIS구축,51130738008,
1944,AI010,200142,41590259,376161442C,MNG244,1900-01-01,LSH002,LCD002,1, ,2300412003,
1945,AI010,200185,41590400,376161576B,MNG244,1900-01-01,LSH002,LCD002,1, ,2005712019,
1946,AI010,500091,41590410,377130692A,MNG244,1900-01-01,LSH007,LCD002,1,30692001,3220231109,
1947,AI010,401049,41590586,377130725A,MNG244,2006-04-01,LSH022,LCD999,1, ,2809519001,
1948,AI010,100325,41590253,376160460D,MNG244,1900-01-01,LSH007,LCD002,1, ,2700221003,
1949,AI010,99920150049,41590259,376161435C,MNG244,1990-01-01,LSH000,LCD000,1, ,99920150390,
1950,AI010,2.11E+11,41590530,377130188C,MNG244,2013-12-01,LSH002,LCD004,1,"태안 도시계획도로(소1-42,1-44호선) GIS DB구축 사업",21130187001,
1951,AI010,401776,41590585,377130283B,MNG244,2006-04-01,LSH022,LCD999,1, ,2702019005,
1952,AI010,200288,41590400,376162044D,MNG244,1900-01-01,LSH002,LCD002,1, ,3110212014,
1953,AI010,100744,41590560,376160550D,MNG244,1900-01-01,LSH000,LCD002,1, ,9012821002,
1954,AI010,820032,41590256,376161724C,MNG244,2007-01-01,LSH002,LCD002,1, ,2500133002,
1955,AI010,820017,41590256,376161734B,MNG244,1900-01-01,LSH007,LCD002,1, ,2600233034,
1956,AI010,401148,41590585,377130706D,MNG244,2006-04-01,LSH022,LCD999,1, ,2807719001,
1957,AI010,401290,41590587,377130701B,MNG244,2006-04-01,LSH022,LCD999,1, ,2803019001,
1958,AI010,401289,41590587,377130701D,MNG244,2006-04-01,LSH022,LCD999,1, ,2803019001,
1959,AI010,500490,41590520,377130176D,MNG244,1900-01-01,LSH000,LCD002,1,30187024,2706731002,
1960,AI010,100463,41590253,376160575B,MNG244,1900-01-01,LSH002,LCD002,1, ,9000121001,
1961,AI010,401200,41590586,377130705C,MNG244,2006-04-01,LSH010,LCD999,1, ,2709219003,
1962,AI010,401293,41590587,377130701B,MNG244,2006-04-01,LSH022,LCD999,1, ,2802419001,
1963,AI010,99920150165,41590262,376160721C,MNG244,1990-01-01,LSH000,LCD000,1, ,99920150593,
1964,AI010,100214,41590410,376161075D,MNG244,1900-01-01,LSH002,LCD002,1, ,9005711001,
1965,AI010,100188,41590410,376161015D,MNG244,1900-01-01,LSH007,LCD002,1, ,9007111009,
1966,AI010,99920150178,41590262,376160259C,MNG244,1990-01-01,LSH000,LCD000,1, ,99920150563,
1967,AI010,401057,41590586,377130714D,MNG244,2006-04-01,LSH022,LCD999,1, ,2805619001,
1968,AI010,401021,41590586,377130716B,MNG244,2006-04-01,LSH010,LCD999,1, ,2709419002,
1969,AI010,401920,41590587,377130262C,MNG244,2006-04-01,LSH022,LCD999,1, ,2600119001,
1970,AI010,401722,41590585,377130245D,MNG244,2006-04-01,LSH022,LCD999,1, ,2807119001,
1971,AI010,401421,41590585,377130283B,MNG244,2006-04-01,LSH022,LCD999,1, ,2702819001,
1972,AI010,401719,41590585,377130245D,MNG244,2006-04-01,LSH022,LCD999,1, ,2807119001,
1973,AI010,401487,41590587,377130282C,MNG244,2006-04-01,LSH010,LCD999,1, ,2708219003,
1974,AI010,401241,41590585,377130293A,MNG244,2006-04-01,LSH022,LCD999,1, ,2804619001,
1975,AI010,9.99E+11,41590550,377130224C,MNG244,2009-01-01,LSH020,LCD002,1, ,99302240004,
1976,AI010,100460,41590253,376160523A,MNG244,1900-01-01,LSH007,LCD002,1, ,9007321003,
1977,AI010,401913,41590585,377130283A,MNG244,2006-04-01,LSH022,LCD999,1, ,2803419001,
1978,AI010,200009,41590360,376160838A,MNG244,1900-01-01,LSH002,LCD002,1, ,2007812082,
1979,AI010,500805,41590253,376160470B,MNG244,1900-01-01,LSH017,LCD002,1, ,2801531006,
1980,AI010,402005,41590540,377130180D,MNG244,2006-06-20,LSH999,LCD002,1, ,2900644325,
1981,AI010,402006,41590540,377130190A,MNG244,2006-06-20,LSH002,LCD002,1, ,9002844129,
1982,AI010,500056,41590410,377131133A,MNG244,1900-01-01,LSH007,LCD002,1,31133001,9002031107,
1983,AI010,100768,41590560,376160568C,MNG244,1900-01-01,LSH000,LCD002,1, ,9000621003,
1984,AI010,100742,41590560,376160549D,MNG244,1900-01-01,LSH000,LCD002,1, ,3330221017,
1985,AI010,200010,41590360,376160848B,MNG244,1900-01-01,LSH002,LCD002,1, ,2007812072,
1986,AI010,100841,41590560,376160548B,MNG244,1900-01-01,LSH007,LCD002,1, ,9011021001,
1987,AI010,100389,41590253,376160534D,MNG244,1900-01-01,LSH007,LCD002,1, ,1208421017,
1988,AI010,500625,41590530,377130188C,MNG244,1900-01-01,LSH007,LCD002,1,30198016,9014831003,
1989,AI010,500683,41590520,377130251C,MNG244,1900-01-01,LSH007,LCD002,1,30261002,9007831314,
1990,AI010,100011,41590253,376160927C,MNG244,1900-01-01,LSH007,LCD002,1, ,9001611006,
1991,AI010,500503,41590520,377130187B,MNG244,1900-01-01,LSH002,LCD002,1,30188013,9014131007,
1992,AI010,500205,41590520,377130146D,MNG244,1900-01-01,LSH002,LCD002,1,30157007,9008831002,
1993,AI010,2.12E+11,41590256,376161724D,MNG244,2011-06-01,LSH999,LCD004,1,조암도시계획도로 (중로 1-2호선) 개설공사 GIS DB구축 사업,21161724003,
1994,AI010,2.12E+11,41590256,376161724D,MNG244,2011-06-01,LSH999,LCD004,1,조암도시계획도로 (중로 1-2호선) 개설공사 GIS DB구축 사업,21161724003,
1995,AI010,100616,41590570,376161008A,MNG244,1900-01-01,LSH007,LCD002,1, ,9009211006,
1996,AI010,5.11E+11,41590600,377130738D,MNG244,2014-01-01,LSH999,LCD004,1,화성동탄 일반산업단지 조성공사 중 GIS구축,51130738006,
1997,AI010,426034,41590253,376160562D,MNG244,2008-07-24,LSH010,LCD002,1, ,1019042029,
1998,AI010,426035,41590253,376160562D,MNG244,2008-07-24,LSH010,LCD002,1, ,1019042029,
1999,AI010,401070,41590586,377130714C,MNG244,2006-04-01,LSH022,LCD999,1, ,2805819003,
2000,AI010,401377,41590587,377130272A,MNG244,2006-04-01,LSH022,LCD999,1, ,2701719001,
2001,AI010,401919,41590587,377130273B,MNG244,2006-04-01,LSH022,LCD999,1, ,2800319001,
2002,AI010,100678,41590570,376160588C,MNG244,1900-01-01,LSH002,LCD002,1, ,9001521003,
2003,AI010,500504,41590520,377130187B,MNG244,1900-01-01,LSH002,LCD002,1,30188014,2802931003,
2004,AI010,100111,41590253,376160977B,MNG244,1900-01-01,LSH002,LCD002,1, ,9003511004,
2005,AI010,100024,41590360,376160985B,MNG244,1900-01-01,LSH002,LCD002,1, ,9002911005,
2006,AI010,401858,41590585,377130706D,MNG244,2006-04-01,LSH022,LCD999,1, ,2807719001,
2007,AI010,401584,41590585,377130255A,MNG244,2006-04-01,LSH021,LCD003,1, ,2705419001,
2008,AI010,401177,41590586,377130706A,MNG244,2006-04-01,LSH022,LCD999,1, ,2807719001,
2009,AI010,100686,41590560,376160557A,MNG244,1900-01-01,LSH007,LCD002,1, ,9008321001,
2010,AI010,426040,41590253,376160562D,MNG244,2008-07-24,LSH010,LCD002,1, ,1019042029,
2011,AI010,426041,41590253,376160561D,MNG244,2008-07-24,LSH010,LCD002,1, ,1019042048,
2012,AI010,4.22E+13,41590570,377130611B,MNG244,2017-12-30,LSH023,LCD005,1,화산도시계획도로 소로1-23호선 개설공사 GIS DB 구축용역,4.22E+13,
2013,AI010,2.12E+11,41590256,376162118D,MNG244,2013-01-01,LSH002,LCD004,1,이화-석천간(2공구)도로확포장공사 GIS DB 구축 사업,21162129001,
2014,AI010,2.12E+11,41590256,376162140D,MNG244,2013-01-01,LSH999,LCD004,1,이화-석천간(2공구)도로확포장공사 GIS DB 구축 사업,21162129001,
2015,AI010,2.11E+11,41590530,377130188C,MNG244,2013-12-01,LSH002,LCD004,1,"태안 도시계획도로(소1-42,1-44호선) GIS DB구축 사업",21130188003,
2016,AI010,100398,41590253,376160552A,MNG244,1900-01-01,LSH007,LCD002,1, ,9003621002,
2017,AI010,500217,41590520,377130148A,MNG244,1900-01-01,LSH007,LCD002,1,30158006,9008231007,
2018,AI010,200034,41590360,376161401A,MNG244,1900-01-01,LSH002,LCD002,1, ,2007812026,
2019,AI010,300014,41590310,376122493C,MNG244,1900-01-01,LSH007,LCD002,1, ,1208413005,
2020,AI010,300016,41590310,376122493D,MNG244,1900-01-01,LSH002,LCD002,1, ,1208413010,
2021,AI010,8.89E+11,41590256,376161715D,MNG244,2010-01-01,LSH999,LCD999,1,LP1-C1-19/원추형,88617150001,
2022,AI010,8.89E+11,41590256,376161715D,MNG244,2010-01-01,LSH999,LCD999,1,LP1-C1-20/원추형,88617150001,
2023,AI010,2.12E+11,41590360,376161414B,MNG244,2014-06-01,LSH002,LCD004,1,발안도시계획도로(2-1호선) 지하매설물 GIS DB 구축 용역,21161414009,
2024,AI010,99920150058,41590259,376161434D,MNG244,1990-01-01,LSH000,LCD000,1, ,99920150390,
2025,AI010,100033,41590253,376160977C,MNG244,1900-01-01,LSH002,LCD002,1, ,1104311003,
2026,AI010,100128,41590253,376160948C,MNG244,1900-01-01,LSH002,LCD002,1, ,2006711019,
2027,AI010,401957,41590259,376161431D,MNG244,2004-07-31,LHS017,LCD002,1, ,2806991002,
2028,AI010,100840,41590560,376160547B,MNG244,1900-01-01,LSH007,LCD002,1, ,9011221003,
2029,AI010,100243,41590253,376160499B,MNG244,1900-01-01,LSH002,LCD002,1, ,1104311071,
2030,AI010,401946,41590585,377130283C,MNG244,2006-04-01,LSH022,LCD999,1, ,2804119001,
2031,AI010,500404,41590520,377130178B,MNG244,1900-01-01,LSH000,LCD002,1,30179074,2701731010,
2032,AI010,100381,41590253,376160534B,MNG244,1900-01-01,LSH002,LCD002,1, ,1208421013,
2033,AI010,99920150062,41590259,376161359A,MNG244,1990-01-01,LSH000,LCD000,1, ,99920150400,
2034,AI010,100851,41590570,376160598B,MNG244,1900-01-01,LSH002,LCD002,1, ,9001121001,
2035,AI010,500607,41590520,377130187C,MNG244,1900-01-01,LSH002,LCD002,1,30197005,2706831002,
2036,AI010,500332,41590520,377130179A,MNG244,1900-01-01,LSH000,LCD002,1,30179002,2702031001,
2037,AI010,500072,41590410,377131114B,MNG244,1900-01-01,LSH007,LCD002,1,31115001,9001031103,
2038,AI010,500028,41590410,377131143A,MNG244,1900-01-01,LSH007,LCD002,1,31143004,1208231102,
2039,AI010,200031,41590360,376161310B,MNG244,1900-01-01,LSH002,LCD002,1, ,2007812027,
2040,AI010,4.22E+13,41590253,376160498C,MNG244,2017-12-01,LSH002,LCD004,1,자안입구삼거리외 1개소 교통혼잡지구 개선공사 GIS DB 구축용역,4.22E+13,
2041,AI010,1.22E+13,41590256,376161735A,MNG244,2017-12-01,LSH002,LCD004,1,우정도시계획도로 소로2-15호선 개설공사 GIS DB 구축용역,0,
2042,AI010,5.11E+11,41590600,377130749A,MNG244,2014-01-01,LSH999,LCD004,1,화성동탄 일반산업단지 조성공사 중 GIS구축,51130739025,
2043,AI010,5.11E+11,41590600,377130739A,MNG244,2014-01-01,LSH999,LCD004,1,화성동탄 일반산업단지 조성공사 중 GIS구축,51130739029,
2044,AI010,5.11E+11,41590600,377130739A,MNG244,2014-01-01,LSH999,LCD004,1,화성동탄 일반산업단지 조성공사 중 GIS구축,51130739029,
2045,AI010,401934,41590587,377130701A,MNG244,2006-04-01,LSH022,LCD999,1, ,2802419001,
2046,AI010,2.12E+11,41590259,376161942D,MNG244,2014-12-15,LSH999,LCD004,1,발안도시계획도로(소로1-32호선)개설공사 GIS DB구축 사업,21112150002,
2047,AI010,401067,41590586,377130714C,MNG244,2006-04-01,LSH022,LCD999,1, ,2806219001,
2048,AI010,100211,41590253,376160593B,MNG244,1900-01-01,LSH000,LCD002,1, ,2006421004,
2049,AI010,100621,41590410,376161067D,MNG244,1900-01-01,LSH007,LCD002,1, ,9009111005,
2050,AI010,200211,41590400,376162015C,MNG244,1900-01-01,LSH002,LCD002,1, ,2005712001,
2051,AI010,100107,41590253,376160967B,MNG244,1900-01-01,LSH002,LCD002,1, ,1104311012,
2052,AI010,100528,41590410,376161047A,MNG244,1900-01-01,LSH007,LCD002,1, ,9006911005,
2053,AI010,500030,41590410,377131143A,MNG244,1900-01-01,LSH002,LCD002,1,31143002,1208231101,
2054,AI010,500547,41590520,377130179C,MNG244,1900-01-01,LSH000,LCD002,1,30189027,2803531001,
2055,AI010,100843,41590560,376160537D,MNG244,1900-01-01,LSH000,LCD002,1, ,9008321016,
2056,AI010,401645,41590585,377130277A,MNG244,2006-04-01,LSH999,LCD999,1, ,9030319001,
2057,AI010,5.11E+11,41590600,377130749A,MNG244,2014-01-01,LSH999,LCD004,1,화성동탄 일반산업단지 조성공사 중 GIS구축,51130739024,
2058,AI010,100649,41590410,376161087C,MNG244,1996-01-01,LSH007,LCD002,1, ,1331511007,
2059,AI010,500457,41590570,377130184B,MNG244,1900-01-01,LSH007,LCD002,1,30185002,9011431004,
2060,AI010,100170,41590253,376161006A,MNG244,1900-01-01,LSH002,LCD002,1, ,9007611004,
2061,AI010,401396,41590587,377130271B,MNG244,2006-04-01,LSH022,LCD999,1, ,2701619001,
2062,AI010,401395,41590587,377130271B,MNG244,2006-04-01,LSH022,LCD999,1, ,2701619001,
2063,AI010,401394,41590587,377130271B,MNG244,2006-04-01,LSH022,LCD999,1, ,2701619001,
2064,AI010,500275,41590570,377130164D,MNG244,1900-01-01,LSH007,LCD002,1,30175004,1333831021,
2065,AI010,500390,41590520,377130168D,MNG244,1900-01-01,LSH000,LCD002,1,30179060,2701031008,
2066,AI010,100443,41590253,376160555A,MNG244,1900-01-01,LSH002,LCD002,1,2EA,1208421023,
2067,AI010,500138,41590520,377130146B,MNG244,1900-01-01,LSH002,LCD002,1,30147004,3220131003,
2068,AI010,100576,41590410,376161077C,MNG244,1996-01-01,LSH007,LCD002,1, ,1331511010,
2069,AI010,100698,41590560,376160547C,MNG244,1900-01-01,LSH002,LCD002,1, ,9008021004,
2070,AI010,500014,41590410,377131135C,MNG244,1900-01-01,LSH002,LCD002,1,31145001,1208231114,
2071,AI010,500368,41590520,377130168D,MNG244,1900-01-01,LSH000,LCD002,1,30179038,2702031004,
2072,AI010,100252,41590253,376160511C,MNG244,1900-01-01,LSH002,LCD002,1, ,9013821002,
2073,AI010,300186,41590350,376151062B,MNG244,1900-01-01,LSH007,LCD002,1, ,2800813002,
2074,AI010,99920150047,41590259,376161441C,MNG244,1990-01-01,LSH000,LCD000,1, ,99920150402,
2075,AI010,99920150098,41590370,376161279D,MNG244,1990-01-01,LSH000,LCD000,1, ,99920150478,
2076,AI010,99920150099,41590370,376161279D,MNG244,1990-01-01,LSH000,LCD000,1, ,99920150478,
2077,AI010,99920150100,41590370,376161279D,MNG244,1990-01-01,LSH000,LCD000,1, ,99920150478,
2078,AI010,99920150110,41590360,376160882B,MNG244,1990-01-01,LSH000,LCD000,1, ,99920150348,
2079,AI010,401537,41590587,377130291A,MNG244,2006-04-01,LSH022,LCD999,1, ,2801319001,
2080,AI010,401589,41590585,377130255B,MNG244,2006-04-01,LSH022,LCD999,1, ,2807019001,
2081,AI010,401596,41590585,377130246C,MNG244,2006-04-01,LSH022,LCD999,1, ,2807219001,
2082,AI010,200132,41590259,376161544A,MNG244,1900-01-01,LSH007,LCD002,1, ,1208212016,
2083,AI010,5.11E+11,41590600,377130748B,MNG244,2014-01-01,LSH999,LCD004,1,화성동탄 일반산업단지 조성공사 중 GIS구축,51130748115,
2084,AI010,500796,41590410,377130621B,MNG244,1900-01-01,LSH007,LCD002,1,30632010,9012731004,
2085,AI010,401850,41590587,377130281A,MNG244,2006-04-01,LSH007,LCD999,1, ,9020219001,
2086,AI010,800001,41590330,376160195B,MNG244,1900-01-01,LSH002,LCD002,1, ,9000433504,
2087,AI010,100208,41590410,376161076A,MNG244,1900-01-01,LSH002,LCD002,1, ,1330911025,
2088,AI010,100426,41590253,376160556C,MNG244,1900-01-01,LSH002,LCD002,1, ,1208421031,
2089,AI010,500142,41590520,377130137C,MNG244,1900-01-01,LSH002,LCD002,1,30147008,3220131004,
2090,AI010,100596,41590410,376161006D,MNG244,1900-01-01,LSH999,LCD002,1, ,9007311006,
2091,AI010,5.11E+11,41590600,377130738D,MNG244,2014-01-01,LSH999,LCD004,1,화성동탄 일반산업단지 조성공사 중 GIS구축,51130738009,
2092,AI010,300049,41590310,376160402B,MNG244,1900-01-01,LSH002,LCD002,1, ,1331313002,
2093,AI010,2.12E+11,41590330,376160623D,MNG244,1900-01-01,LSH002,LCD002,1,견착,21160623001,
2094,AI010,426022,41590253,376160572A,MNG244,2008-07-24,LSH999,LCD002,1, ,1019042007,
2095,AI010,500526,41590520,377130178D,MNG244,1900-01-01,LSH000,LCD002,1,30189006,2803331001,
2096,AI010,100013,41590253,376160956A,MNG244,1900-01-01,LSH002,LCD002,1, ,9002611002,
2097,AI010,100862,41590570,376160577A,MNG244,1900-01-01,LSH007,LCD002,1, ,9004021001,
2098,AI010,300095,41590320,376160325C,MNG244,1900-01-01,LSH002,LCD002,1, ,2800113021,
2099,AI010,300107,41590340,376150568C,MNG244,1992-01-01,LSH007,LCD002,1, ,2801213003,
2100,AI010,401196,41590586,377130705D,MNG244,2006-04-01,LSH010,LCD999,1, ,2709219002,
2101,AI010,401195,41590586,377130705D,MNG244,2006-04-01,LSH010,LCD999,1, ,2709219002,
2102,AI010,401040,41590586,377130725B,MNG244,2006-04-01,LSH022,LCD999,1, ,2806619001,
2103,AI010,500685,41590520,377130262A,MNG244,1900-01-01,LSH007,LCD002,1,30262001,9006931302,
2104,AI010,300045,41590310,376160402B,MNG244,1900-01-01,LSH007,LCD002,1, ,1331313002,
2105,AI010,300046,41590310,376160406A,MNG244,1900-01-01,LSH002,LCD002,1, ,1208413024,
2106,AI010,426001,41590253,376160562D,MNG244,2008-07-24,LSH010,LCD002,1, ,1019042029,
2107,AI010,500106,41590410,377130681B,MNG244,1900-01-01,LSH007,LCD002,1,30682001,1331431108,
2108,AI010,500688,41590587,377130252D,MNG244,1900-01-01,LSH002,LCD002,1,30263003,1331531033,
2109,AI010,200175,41590400,376161569A,MNG244,1900-01-01,LSH007,LCD002,1, ,2005712030,
2110,AI010,500321,41590520,377130168A,MNG244,1900-01-01,LSH002,LCD002,1,30178036,2701031002,
2111,AI010,426021,41590253,376160572A,MNG244,2008-07-24,LSH002,LCD002,1, ,1019042054,
2112,AI010,401594,41590585,377130246C,MNG244,2006-04-01,LSH022,LCD999,1, ,2807119001,
2113,AI010,401359,41590585,377130283C,MNG244,2006-04-01,LSH022,LCD999,1, ,2803319001,
2114,AI010,100815,41590253,376160597A,MNG244,1900-01-01,LSH007,LCD002,1, ,9002621004,
2115,AI010,401163,41590586,377130706B,MNG244,2006-04-01,LSH022,LCD999,1, ,2807719001,
2116,AI010,300057,41590310,376160406D,MNG244,1900-01-01,LSH017,LCD002,1, ,1208413028,
2117,AI010,300058,41590310,376160407C,MNG244,1900-01-01,LSH017,LCD002,1, ,1208413029,
2118,AI010,100863,41590570,376160577A,MNG244,1900-01-01,LSH007,LCD002,1, ,9003921001,
2119,AI010,200036,41590360,376161310B,MNG244,1900-01-01,LSH002,LCD002,1, ,2007812023,
2120,AI010,200046,41590259,376161330B,MNG244,1991-01-01,LSH002,LCD002,1, ,2300412014,
2121,AI010,810046,41590262,376160284A,MNG244,1900-01-01,LSH002,LCD002,1, ,2801033314,
2122,AI010,100676,41590570,376160587D,MNG244,1900-01-01,LSH000,LCD002,1,갓형,9002921002,
2123,AI010,401955,41590587,377130701A,MNG244,2006-04-01,LSH022,LCD999,1, ,2802119003,
2124,AI010,401924,41590587,377130701A,MNG244,2006-04-01,LSH022,LCD999,1, ,2802119003,
2125,AI010,401631,41590585,377130265B,MNG244,2006-04-01,LSH021,LCD003,1, ,2705419001,
2126,AI010,401632,41590585,377130265B,MNG244,2006-04-01,LSH021,LCD003,1, ,2705419001,
2127,AI010,810012,41590262,376160284C,MNG244,1900-01-01,LSH007,LCD002,1, ,2300133273,
2128,AI010,810013,41590262,376160284C,MNG244,1900-01-01,LSH007,LCD002,1, ,2300133273,
2129,AI010,1002,41590340, , ,2013-11-01, ,LCD002,1,가등/올챙이형/원형/전주/6M/247번,90000441607,
2130,AI010,401699,41590585,377130256A,MNG244,2006-04-01,LSH022,LCD999,1, ,2810319001,
2131,AI010,100672,41590570,376160587B,MNG244,1900-01-01,LSH000,LCD002,1,갓형,9002821006,
2132,AI010,100281,41590253,376160551D,MNG244,1900-01-01,LSH002,LCD002,1, ,9005221002,
2133,AI010,401028,41590586,377130716A,MNG244,2006-04-01,LSH010,LCD999,1, ,2709419002,
2134,AI010,401024,41590586,377130716B,MNG244,2006-04-01,LSH010,LCD999,1, ,2709419002,
2135,AI010,5.11E+11,41590600,377130738D,MNG244,2014-01-01,LSH999,LCD004,1,화성동탄 일반산업단지 조성공사 중 GIS구축,51130738005,
2136,AI010,99920150066,41590360,376160996A,MNG244,1990-01-01,LSH000,LCD000,1, ,99920150334,
2137,AI010,100558,41590259,376161516D,MNG244,1996-01-01,LSH007,LCD002,1, ,3330311002,
2138,AI010,2.12E+11,41590340,376150578B,MNG244,2012-06-01,LSH007,LCD004,1,송산도시계획도로 (대3-1호선) 개설공사 2공구,21150578004,
2139,AI010,2.12E+11,41590340,376150578B,MNG244,2012-06-01,LSH007,LCD004,1,송산도시계획도로 (대3-1호선) 개설공사 2공구,21150578004,
2140,AI010,2.12E+11,41590340,376150578B,MNG244,2012-06-01,LSH007,LCD004,1,송산도시계획도로 (대3-1호선) 개설공사 2공구,21150578004,
2141,AI010,500815,41590253,376160470B,MNG244,1900-01-01,LSH007,LCD002,1, ,2006431025,
2142,AI010,99920150218,41590340,376150556B,MNG244,1990-01-01,LSH000,LCD000,1, ,99920150611,
2143,AI010,99920150221,41590340,376150536B,MNG244,1990-01-01,LSH000,LCD000,1, ,99920150611,
2144,AI010,2.12E+11,41590340,376150578B,MNG244,2012-06-01,LSH007,LCD004,1,송산도시계획도로 (대3-1호선) 개설공사 2공구,21150578004,
2145,AI010,2.12E+11,41590259,376161941D,MNG244,2014-12-15,LSH999,LCD004,1,발안도시계획도로(소로1-32호선)개설공사 GIS DB구축 사업,21112150002,
2146,AI010,2.12E+11,41590259,376161943A,MNG244,2014-12-15,LSH999,LCD004,1,발안도시계획도로(소로1-32호선)개설공사 GIS DB구축 사업,21112150002,
2147,AI010,100667,41590570,376160588D,MNG244,2003-01-01,LSH000,LCD002,1,갓형,1332221008,
2148,AI010,500075,41590410,377131114A,MNG244,1900-01-01,LSH007,LCD002,1,31114002,9000931102,
2149,AI010,500215,41590520,377130158A,MNG244,1900-01-01,LSH007,LCD002,1,30158004,3220531007,
2150,AI010,100466,41590253,376160575B,MNG244,1900-01-01,LSH000,LCD002,1,신형,2710921001,
2151,AI010,401739,41590585,377130284A,MNG244,2006-04-01,LSH022,LCD999,1, ,2702319003,
2152,AI010,401512,41590587,377130291C,MNG244,2006-04-01,LSH022,LCD999,1, ,2801919001,
2153,AI010,401510,41590587,377130701B,MNG244,2006-04-01,LSH022,LCD999,1, ,2801919001,
2154,AI010,401132,41590586,377130706D,MNG244,2006-04-01,LSH022,LCD999,1, ,2809019005,
2155,AI010,500622,41590530,377130197B,MNG244,1900-01-01,LSH002,LCD002,1,30198013,2706831007,
2156,AI010,100163,41590253,376161005B,MNG244,2003-01-01,LSH002,LCD002,1, ,9008721001,
2157,AI010,200254,41590400,376161939B,MNG244,1900-01-01,LSH002,LCD002,1, ,1104312004,
2158,AI010,100340,41590253,376160512C,MNG244,1900-01-01,LSH007,LCD002,1, ,9007221002,
2159,AI010,100711,41590560,376160547D,MNG244,1900-01-01,LSH007,LCD002,1, ,9010921011,
2160,AI010,99920150113,41590262,376160778C,MNG244,1990-01-01,LSH000,LCD000,1, ,99920150239,
2161,AI010,500470,41590520,377130187A,MNG244,1900-01-01,LSH002,LCD002,1,30187004,9014131005,
2162,AI010,100780,41590570,376160577C,MNG244,1900-01-01,LSH007,LCD002,1, ,9002721004,
2163,AI010,100615,41590253,376160597D,MNG244,1900-01-01,LSH002,LCD002,1, ,3110211009,
2164,AI010,401247,41590585,377130293A,MNG244,2006-04-01,LSH022,LCD999,1, ,2705119001,
2165,AI010,401220,41590587,377130292A,MNG244,2006-04-01,LSH010,LCD999,1, ,2708319001,
2166,AI010,300159,41590340,376150577A,MNG244,1900-01-01,LSH007,LCD002,1, ,2300113020,
2167,AI010,100500,41590253,376160597A,MNG244,1900-01-01,LSH007,LCD002,1, ,9002621004,
2168,AI010,100378,41590253,376160522D,MNG244,1900-01-01,LSH000,LCD002,1, ,9006321001,
2169,AI010,500249,41590570,377130155C,MNG244,1900-01-01,LSH007,LCD002,1,30165008,3110131004,
2170,AI010,99920150179,41590262,376160258C,MNG244,1990-01-01,LSH000,LCD000,1, ,99920150563,
2171,AI010,99920150180,41590262,376160258C,MNG244,1990-01-01,LSH000,LCD000,1, ,99920150563,
2172,AI010,401833,41590586,377130717A,MNG244,2006-04-01,LSH021,LCD003,1, ,2707219001,
2173,AI010,401834,41590586,377130717C,MNG244,2006-04-01,LSH021,LCD003,1, ,2707219001,
2174,AI010,100565,41590410,376161528B,MNG244,1900-01-01,LSH007,LCD002,1, ,9005811013,
2175,AI010,810089,41590262,376160284A,MNG244,1900-01-01,LSH002,LCD002,1, ,1107733265,
2176,AI010,100313,41590253,376160551B,MNG244,1900-01-01,LSH000,LCD002,1, ,1104321008,
2177,AI010,401712,41590585,377130245D,MNG244,2006-04-01,LSH022,LCD999,1, ,2807119001,
2178,AI010,500489,41590520,377130176D,MNG244,1900-01-01,LSH007,LCD002,1,30187023,9014251004,
2179,AI010,100047,41590253,376160499B,MNG244,1900-01-01,LSH002,LCD002,1, ,9000211002,
2180,AI010,100819,41590253,376160587C,MNG244,1900-01-01,LSH007,LCD002,1, ,9001921004,
2181,AI010,100592,41590410,376161006D,MNG244,1900-01-01,LSH999,LCD002,1, ,9007311003,
2182,AI010,100334,41590253,376160551C,MNG244,1900-01-01,LSH002,LCD002,1, ,9005221004,
2183,AI010,500280,41590570,377130164B,MNG244,1900-01-01,LSH002,LCD002,1,30175010,3110131008,
2184,AI010,401789,41590585,377130274D,MNG244,2006-04-01,LSH022,LCD999,1, ,2703819001,
2185,AI010,401166,41590585,377130706B,MNG244,2006-04-01,LSH022,LCD999,1, ,2807819001,
2186,AI010,100195,41590410,376161062D,MNG244,1900-01-01,LSH999,LCD002,1, ,1331011014,
2187,AI010,100630,41590570,376161008B,MNG244,1900-01-01,LSH007,LCD002,1, ,9008311001,
2188,AI010,200089,41590259,376161432D,MNG244,1900-01-01,LSH002,LCD002,1, ,2801812001,
2189,AI010,401903,41590586,377130726A,MNG244,2006-04-01,LSH022,LCD999,1, ,2806819001,
2190,AI010,401356,41590585,377130283C,MNG244,2006-04-01,LSH022,LCD999,1, ,2803819001,
2191,AI010,500033,41590410,376161550B,MNG244,1900-01-01,LSH007,LCD002,1,31141001,9005831127,
2192,AI010,401002,41590585,377130286A,MNG244,2006-04-01,LSH010,LCD999,1, ,2709819004,
2193,AI010,401633,41590585,377130286A,MNG244,2006-04-01,LSH010,LCD999,1, ,2709819004,
2194,AI010,401003,41590585,377130286A,MNG244,2006-04-01,LSH010,LCD999,1, ,2709819004,
2195,AI010,401959,41590585,377130286A,MNG244,2006-04-01,LSH010,LCD999,1, ,2709819004,
2196,AI010,401898,41590586,377130726A,MNG244,2006-04-01,LSH022,LCD999,1, ,2806919001,
2197,AI010,401897,41590586,377130726A,MNG244,2006-04-01,LSH022,LCD999,1, ,2806919001,
2198,AI010,401896,41590586,377130725B,MNG244,2006-04-01,LSH022,LCD999,1, ,2806919001,
2199,AI010,500389,41590520,377130168D,MNG244,1900-01-01,LSH000,LCD002,1,30179059,2701131003,
2200,AI010,100646,41590410,376161077B,MNG244,1996-01-01,LSH002,LCD002,1, ,1331511013,
2201,AI010,500286,41590520,377130178B,MNG244,1900-01-01,LSH000,LCD002,1,30178001,2701731002,
2202,AI010,500500,41590520,377130187B,MNG244,1900-01-01,LSH002,LCD002,1,30188010,9013931003,
2203,AI010,500290,41590520,377130168C,MNG244,1900-01-01,LSH000,LCD002,1,30178005,2801231002,
2204,AI010,426050,41590253,376160562A,MNG244,2008-07-24,LSH010,LCD002,1, ,1019042048,
2205,AI010,300106,41590340,376150568C,MNG244,1992-01-01,LSH007,LCD002,1, ,2801213002,
2206,AI010,300022,41590310,376122496D,MNG244,1900-01-01,LSH007,LCD002,1, ,2802013006,
2207,AI010,810020,41590262,376160282D,MNG244,1900-01-01,LSH007,LCD002,1, ,2600233296,
2208,AI010,200284,41590400,376162042D,MNG244,1900-01-01,LSH002,LCD002,1, ,3110212007,
2209,AI010,500113,41590410,377130672B,MNG244,1900-01-01,LSH007,LCD002,1,30672005,9002331101,
2210,AI010,100021,41590253,376160985B,MNG244,1900-01-01,LSH002,LCD002,1, ,9003411001,
2211,AI010,100124,41590253,376160948A,MNG244,1900-01-01,LSH002,LCD002,1, ,1104311027,
2212,AI010,500511,41590520,377130188A,MNG244,1900-01-01,LSH999,LCD002,1,30188021,2702531003,
2213,AI010,100449,41590560,376160555B,MNG244,1900-01-01,LSH002,LCD002,1, ,9009021004,
2214,AI010,100098,41590253,376160948C,MNG244,1900-01-01,LSH002,LCD002,1, ,9002211001,
2215,AI010,401569,41590587,377130262A,MNG244,2006-04-01,LSH022,LCD999,1, ,2700519001,
2216,AI010,500366,41590520,377130179A,MNG244,1900-01-01,LSH000,LCD002,1,30179036,2702031002,
2217,AI010,100121,41590253,376160939D,MNG244,1900-01-01,LSH007,LCD002,1, ,9004211004,
2218,AI010,500148,41590520,377130137A,MNG244,1900-01-01,LSH000,LCD002,1,30147014,9009231006,
2219,AI010,401128,41590586,377130706D,MNG244,2006-04-01,LSH022,LCD999,1, ,2809119001,
2220,AI010,401369,41590585,377130283C,MNG244,2006-04-01,LSH022,LCD999,1, ,2803919001,
2221,AI010,401916,41590585,377130273D,MNG244,2006-04-01,LSH022,LCD999,1, ,2702619003,
2222,AI010,500225,41590520,377130147D,MNG244,1900-01-01,LSH007,LCD002,1,30158014,9008231013,
2223,AI010,200255,41590400,376161939B,MNG244,1900-01-01,LSH007,LCD002,1, ,1104312004,
2224,AI010,200286,41590400,376161949C,MNG244,1900-01-01,LSH007,LCD002,1, ,2005612001,
2225,AI010,99920150174,41590320,376160344B,MNG244,1990-01-01,LSH000,LCD000,1, ,99920150531,
2226,AI010,99920150172,41590320,376160353A,MNG244,1990-01-01,LSH000,LCD000,1, ,99920150533,
2227,AI010,99920150164,41590262,376160744D,MNG244,1990-01-01,LSH000,LCD000,1, ,99920150603,
2228,AI010,401515,41590587,377130291C,MNG244,2006-04-01,LSH022,LCD999,1, ,2801819001,
2229,AI010,401516,41590587,377130291C,MNG244,2006-04-01,LSH022,LCD999,1, ,2801819001,
2230,AI010,401744,41590585,377130284A,MNG244,2006-04-01,LSH022,LCD999,1, ,2702319005,
2231,AI010,426031,41590253,376160573A,MNG244,2008-07-24,LSH999,LCD002,1, ,1019042052,
2232,AI010,426032,41590253,376160562D,MNG244,2008-07-24,LSH010,LCD002,1, ,1019042029,
2233,AI010,426033,41590253,376160562D,MNG244,2008-07-24,LSH010,LCD002,1, ,1019042029,
2234,AI010,500077,41590410,377131103C,MNG244,1900-01-01,LSH002,LCD002,1,31113003,1331431122,
2235,AI010,100634,41590410,376161048A,MNG244,2004-01-01,LSH002,LCD002,1, ,9006711007,
2236,AI010,100785,41590570,376160577C,MNG244,1900-01-01,LSH007,LCD002,1, ,9003921002,
2237,AI010,100736,41590560,376160559B,MNG244,1900-01-01,LSH002,LCD002,1, ,9012021001,
2238,AI010,300033,41590310,376160403A,MNG244,1900-01-01,LSH007,LCD002,1, ,1331313003,
2239,AI010,300034,41590310,376160403A,MNG244,1900-01-01,LSH999,LCD002,1,원형투구형,2800731001,
2240,AI010,200177,41590400,376161568B,MNG244,1900-01-01,LSH002,LCD002,1, ,2005712027,
2241,AI010,200099,41590259,376161432C,MNG244,1900-01-01,LSH002,LCD002,1, ,2600112009,
2242,AI010,100061,41590253,376160918B,MNG244,1900-01-01,LSH010,LCD002,1, ,1104311054,
2243,AI010,500201,41590520,377130146C,MNG244,1900-01-01,LSH002,LCD002,1,30156004,9008831001,
2244,AI010,200250,41590400,376162035A,MNG244,1900-01-01,LSH002,LCD002,1, ,3110212019,
2245,AI010,2.12E+11,41590330,376160646D,MNG244,1900-01-01,LSH999,LCD002,1,견착,21160646003,
2246,AI010,500803,41590253,376160470B,MNG244,1900-01-01,LSH007,LCD002,1, ,1004311387,
2247,AI010,401154,41590586,377130706C,MNG244,2006-04-01,LSH022,LCD999,1, ,2808119001,
2248,AI010,401938,41590587,377130701A,MNG244,2006-04-01,LSH022,LCD999,1, ,2803119001,
2249,AI010,200146,41590259,376161442C,MNG244,1900-01-01,LSH002,LCD002,1, ,2007812002,
2250,AI010,500303,41590520,377130178B,MNG244,1900-01-01,LSH000,LCD002,1,30178018,2701831002,
2251,AI010,500461,41590570,377130185A,MNG244,1900-01-01,LSH002,LCD002,1,30185006,3110531005,
2252,AI010,300141,41590340,376150578A,MNG244,2005-01-01,LSH002,LCD002,1, ,2800113038,
2253,AI010,200166,41590400,376161560A,MNG244,1900-01-01,LSH002,LCD002,1, ,1208212037,
2254,AI010,820013,41590256,376161724C,MNG244,1900-01-01,LSH016,LCD002,1, ,9000133007,
2255,AI010,820014,41590256,376161724D,MNG244,1900-01-01,LSH016,LCD002,1, ,9000133005,
2256,AI010,820015,41590256,376161724C,MNG244,1900-01-01,LSH017,LCD002,1, ,9000133005,
2257,AI010,500518,41590520,377130177D,MNG244,1900-01-01,LSH002,LCD002,1,30188028,9013731003,
2258,AI010,100849,41590560,376160556B,MNG244,1900-01-01,LSH000,LCD002,1, ,9008421010,
2259,AI010,200157,41590259,376161559A,MNG244,1900-01-01,LSH007,LCD002,1, ,1208212034,
2260,AI010,500778,41590570,377130612C,MNG244,2004-01-01,LSH007,LCD002,1,30622003,1331531010,
2261,AI010,500601,41590520,377130185D,MNG244,1900-01-01,LSH007,LCD002,1,30196003,9011931004,
2262,AI010,100400,41590253,376160552A,MNG244,1900-01-01,LSH007,LCD002,1, ,9003521001,
2263,AI010,810086,41590262,376160283B,MNG244,1900-01-01,LSH018,LCD002,1, ,2800233282,
2264,AI010,810087,41590262,376160283A,MNG244,1900-01-01,LSH018,LCD002,1, ,2600133320,
2265,AI010,810088,41590262,376160273D,MNG244,1900-01-01,LSH018,LCD002,1, ,1107733332,
2266,AI010,401405,41590585,377130283C,MNG244,2006-04-01,LSH022,LCD999,1, ,2804419002,
2267,AI010,100276,41590253,376160541D,MNG244,1900-01-01,LSH002,LCD002,1, ,9005721001,
2268,AI010,500168,41590520,377130136C,MNG244,1900-01-01,LSH000,LCD002,1,30146010,3220131001,
2269,AI010,100548,41590410,376161507B,MNG244,1900-01-01,LSH007,LCD002,1, ,9006111003,
2270,AI010,100624,41590253,376161007B,MNG244,2001-01-01,LSH002,LCD002,1, ,2006411001,
2271,AI010,500047,41590410,377131126C,MNG244,1900-01-01,LSH007,LCD002,1,31136005,9001231104,
2272,AI010,500273,41590570,377130174B,MNG244,1900-01-01,LSH002,LCD002,1,30175002,3110531005,
2273,AI010,200170,41590400,376161559D,MNG244,1900-01-01,LSH002,LCD002,1, ,2005712033,
2274,AI010,100157,41590410,376161051C,MNG244,1900-01-01,LSH007,LCD002,1, ,2006711031,
2275,AI010,401484,41590587,377130262C,MNG244,2006-04-01,LSH022,LCD999,1, ,2700819003,
2276,AI010,100137,41590253,376160908B,MNG244,1900-01-01,LSH007,LCD002,1, ,1104311056,
2277,AI010,100377,41590253,376160522D,MNG244,1900-01-01,LSH000,LCD002,1, ,9006321001,
2278,AI010,100273,41590253,376160551B,MNG244,1900-01-01,LSH002,LCD002,1, ,9005321002,
2279,AI010,500804,41590253,376160470B,MNG244,1900-01-01,LSH007,LCD002,1, ,2801531005,
2280,AI010,500413,41590570,377130172C,MNG244,1900-01-01,LSH000,LCD002,1,30182004,2400731001,
2281,AI010,500374,41590520,377130178B,MNG244,1900-01-01,LSH000,LCD002,1,30179044,2802031001,
2282,AI010,200069,41590259,376161433A,MNG244,1900-01-01,LSH002,LCD002,1, ,2700112011,
2283,AI010,500568,41590520,377130179C,MNG244,1900-01-01,LSH000,LCD002,1,30189048,2803631001,
2284,AI010,100653,41590570,376160587D,MNG244,1900-01-01,LSH007,LCD002,1, ,9003121001,
2285,AI010,100509,41590253,376160596D,MNG244,2003-01-01,LSH007,LCD002,1, ,9008711003,
2286,AI010,100019,41590253,376160976B,MNG244,1900-01-01,LSH007,LCD002,1, ,1331011011,
2287,AI010,100122,41590253,376160949B,MNG244,1900-01-01,LSH002,LCD002,1, ,9004211004,
2288,AI010,500677,41590550,377130245A,MNG244,1900-01-01,LSH002,LCD002,1,30255005,1331831011,
2289,AI010,500154,41590520,377130138A,MNG244,1900-01-01,LSH002,LCD002,1,30138003,3220131003,
2290,AI010,100868,41590253,376160576B,MNG244,2004-01-01,LSH002,LCD002,1, ,2710321001,
2291,AI010,500590,41590570,377130183D,MNG244,1900-01-01,LSH002,LCD002,1,30194012,9011131002,
2292,AI010,100773,41590570,376160587A,MNG244,1900-01-01,LSH007,LCD002,1, ,9002721007,
2293,AI010,500067,41590410,377131114D,MNG244,1900-01-01,LSH007,LCD002,1,31125003,1331431131,
2294,AI010,100482,41590253,376160545C,MNG244,1900-01-01,LSH000,LCD002,1,사각형,1208421021,
2295,AI010,500004,41590410,376161560B,MNG244,1900-01-01,LSH007,LCD002,1,31151004,9005831133,
2296,AI010,820004,41590256,376161733D,MNG244,1900-01-01,LSH002,LCD002,1, ,1107733053,
2297,AI010,500635,41590520,377130187D,MNG244,2004-01-01,LSH002,LCD002,1,30198026,2704331003,
2298,AI010,500291,41590520,377130168B,MNG244,1900-01-01,LSH000,LCD002,1,30178006,2801131001,
2299,AI010,99920150217,41590340,376150558D,MNG244,1990-01-01,LSH000,LCD000,1, ,99920150614,
2300,AI010,402010,41590540,377130189B,MNG244,2006-06-20,LSH002,LCD002,1, ,9002844138,
2301,AI010,402011,41590540,377130189B,MNG244,2006-06-20,LSH016,LCD002,1, ,2401044143,
2302,AI010,200130,41590259,376161544A,MNG244,1900-01-01,LSH002,LCD002,1, ,1208212016,
2303,AI010,100617,41590253,376161007B,MNG244,1900-01-01,LSH002,LCD002,1, ,3110211004,
2304,AI010,100869,41590253,376160577A,MNG244,1900-01-01,LSH000,LCD002,1, ,9004021001,
2305,AI010,500713,41590570,377130605B,MNG244,1900-01-01,LSH007,LCD002,1,30606006,2600731013,
2306,AI010,500158,41590520,377130138B,MNG244,1900-01-01,LSH002,LCD002,1,30139001,3220131005,
2307,AI010,500233,41590520,377130160A,MNG244,1999-01-01,LSH002,LCD002,1,30160001,9007431302,
2308,AI010,401118,41590586,377130707C,MNG244,2006-04-01,LSH022,LCD999,1, ,2807719001,
2309,AI010,500010,41590410,376161550D,MNG244,1900-01-01,LSH007,LCD002,1,31151010,9005831130,
2310,AI010,401684,41590585,377130256A,MNG244,2006-04-01,LSH022,LCD999,1, ,2810119001,
2311,AI010,500141,41590520,377130137C,MNG244,1900-01-01,LSH002,LCD002,1,30147007,3220131004,
2312,AI010,401953,41590586,377130726A,MNG244,2006-04-01,LSH022,LCD999,1, ,2806819001,
2313,AI010,820024,41590256,376161734B,MNG244,1900-01-01,LSH002,LCD002,1, ,2800333022,
2314,AI010,500088,41590410,377130692B,MNG244,1900-01-01,LSH002,LCD002,1,30693002,3220231106,
2315,AI010,100053,41590253,376160499B,MNG244,1900-01-01,LSH002,LCD002,1, ,1104311066,
2316,AI010,401260,41590587,377130701A,MNG244,2006-04-01,LSH022,LCD999,1, ,2802119003,
2317,AI010,401259,41590587,377130701A,MNG244,2006-04-01,LSH022,LCD999,1, ,2802119003,
2318,AI010,401258,41590587,377130701A,MNG244,2006-04-01,LSH022,LCD999,1, ,2802119003,
2319,AI010,401301,41590587,377130701A,MNG244,2006-04-01,LSH022,LCD999,1, ,2802119003,
2320,AI010,401682,41590585,377130256A,MNG244,2006-04-01,LSH022,LCD999,1, ,2810119001,
2321,AI010,401681,41590585,377130256A,MNG244,2006-04-01,LSH022,LCD999,1, ,2810119001,
2322,AI010,401690,41590585,377130256A,MNG244,2006-04-01,LSH022,LCD999,1, ,2810119001,
2323,AI010,100052,41590253,376160499A,MNG244,1900-01-01,LSH002,LCD002,1, ,1104311064,
2324,AI010,500190,41590520,377130138C,MNG244,1900-01-01,LSH002,LCD002,1,30148013,3220131006,
2325,AI010,401894,41590586,377130725B,MNG244,2006-04-01,LSH022,LCD999,1, ,2806719001,
2326,AI010,401893,41590586,377130725B,MNG244,2006-04-01,LSH022,LCD999,1, ,2806719001,
2327,AI010,401892,41590586,377130726A,MNG244,2006-04-01,LSH022,LCD999,1, ,2806719001,
2328,AI010,401891,41590586,377130726A,MNG244,2006-04-01,LSH022,LCD999,1, ,2806719001,
2329,AI010,401890,41590586,377130726A,MNG244,2006-04-01,LSH022,LCD999,1, ,2806719001,
2330,AI010,401889,41590586,377130726A,MNG244,2006-04-01,LSH022,LCD999,1, ,2806719001,
2331,AI010,820025,41590256,376161734A,MNG244,1900-01-01,LSH002,LCD002,1, ,2800333019,
2332,AI010,2.12E+11,41590330,376160634A,MNG244,1900-01-01,LSH002,LCD002,1,견착,21160634001,
2333,AI010,500043,41590410,377131126C,MNG244,1900-01-01,LSH007,LCD002,1,31136009,9001331104,
2334,AI010,5.11E+11,41590600,377130739A,MNG244,2014-01-01,LSH999,LCD004,1,화성동탄 일반산업단지 조성공사 중 GIS구축,51130739034,
2335,AI010,8.21E+13,41590140,376122234D,MNG409,2018-01-01,LSH017,LCD005,1, ,8.21E+13,
2336,AI010,8.21E+13,41590140,376122235C,MNG409,2018-01-01,LSH017,LCD005,1, ,8.21E+13,
2337,AI010,8.21E+13,41590140,376122235C,MNG409,2018-01-01,LSH017,LCD005,1, ,8.21E+13,
2338,AI010,8.21E+13,41590140,376122235C,MNG409,2018-01-01,LSH017,LCD005,1, ,8.21E+13,
2339,AI010,8.21E+13,41590140,376122235D,MNG409,2018-01-01,LSH017,LCD005,1, ,8.21E+13,
2340,AI010,8.89E+11,41590259,376161464A,MNG244,2016-01-01,LSH030,LCD002,1,화성 향남 2지구 도로 및 지하시설물 DB 구축(20170831),614631678,
2341,AI010,1.22E+13,41590510,376160274D,MNG244,2016-01-01,LSH007,LCD004,1,남양도시계획도로 (소2-12호) 개설공사 GIS DB 구축용역,1.22E+13,
2342,AI010,1.22E+13,41590510,376160274D,MNG244,2016-01-01,LSH002,LCD004,1,남양도시계획도로 (소2-12호) 개설공사 GIS DB 구축용역,1.22E+13,
2343,AI010,300189,41590350,376151061B,MNG244,1900-01-01,LSH002,LCD002,1, ,4.22E+13,
2344,AI010,300190,41590350,376151061A,MNG244,1900-01-01,LSH002,LCD002,1, ,4.22E+13,
2345,AI010,300178,41590350,376150970B,MNG244,1900-01-01,LSH002,LCD002,1, ,4.22E+13,
2346,AI010,8.89E+11,41590259,376161473A,MNG244,2016-01-01,LSH030,LCD002,1,화성 향남 2지구 도로 및 지하시설물 DB 구축(20170831),614731701,
2347,AI010,8.89E+11,41590259,376161453C,MNG244,2016-01-01,LSH030,LCD002,1,화성 향남 2지구 도로 및 지하시설물 DB 구축(20170831),614531661,
2348,AI010,1.21E+13,41590520,377130261C,MNG244,2017-06-01,LSH999,LCD999,1,"기산2지구 도시계획도로(중로2-42호,소로1-136호,소로3-31호) GIS DB 구축용역",0,
2349,AI010,1.21E+13,41590520,377130261C,MNG244,2017-06-01,LSH002,LCD004,1,"기산2지구 도시계획도로(중로2-42호,소로1-136호,소로3-31호) GIS DB 구축용역",1.21E+13,
2350,AI010,1.21E+13,41590520,377130261D,MNG244,2017-06-01,LSH999,LCD004,1,"기산2지구 도시계획도로(중로2-42호,소로1-136호,소로3-31호) GIS DB 구축용역",1.21E+13,
2351,AI010,1.21E+13,41590520,377130261C,MNG244,2017-06-01,LSH002,LCD004,1,"기산2지구 도시계획도로(중로2-42호,소로1-136호,소로3-31호) GIS DB 구축용역",1.21E+13,
2352,AI010,1.21E+13,41590520,377130261C,MNG244,2017-06-01,LSH002,LCD004,1,"기산2지구 도시계획도로(중로2-42호,소로1-136호,소로3-31호) GIS DB 구축용역",1.21E+13,
2353,AI010,1.21E+13,41590360,376161229C,MNG244,2013-06-01,LSH002,LCD004,1,팔탄면 서근리 도시계획도로 중로2-1호선 GIS DB 구축 사업,99920150484,
2354,AI010,1.21E+13,41590360,376161229C,MNG244,2013-06-01,LSH002,LCD004,1,팔탄면 서근리 도시계획도로 중로2-1호선 GIS DB 구축 사업,99920150484,
2355,AI010,401058,41590586,377130714D,MNG244,2006-04-01,LSH022,LCD999,1, ,2805519005,
2356,AI010,401403,41590585,377130283C,MNG244,2006-04-01,LSH022,LCD999,1, ,2804419001,
2357,AI010,99920150089,41590370,376161393B,MNG244,1990-01-01,LSH000,LCD000,1, ,99920150491,
2358,AI010,401724,41590585,377130285C,MNG244,2006-04-01,LSH010,LCD999,1, ,2708619001,
2359,AI010,99920150025,41590410,377131113D,MNG244,1990-01-01,LSH000,LCD000,1, ,99920150066,
2360,AI010,99920150145,41590320,376160421C,MNG244,1990-01-01,LSH000,LCD000,1, ,99920150147,
2361,AI010,99920150002,41590320,376160421A,MNG244,1990-01-01,LSH000,LCD000,1, ,99920150147,
2362,AI010,800006,41590330,376160186D,MNG244,1900-01-01,LSH017,LCD002,1,견착,9000533501,
2363,AI010,500653,41590550,377130245B,MNG244,1900-01-01,LSH007,LCD002,1,30245001,9004931004,
2364,AI010,500772,41590570,377130611B,MNG244,1900-01-01,LSH007,LCD002,1,30612006,9012631001,
2365,AI010,401827,41590585,377130274C,MNG244,2006-04-01,LSH022,LCD999,1, ,2702019001,
2366,AI010,401828,41590585,377130274C,MNG244,2006-04-01,LSH022,LCD999,1, ,2702019001,
2367,AI010,500621,41590530,377130197B,MNG244,1900-01-01,LSH002,LCD002,1,30198012,2706831007,
2368,AI010,100459,41590253,376160522B,MNG244,1900-01-01,LSH007,LCD002,1, ,9007321003,
2369,AI010,500507,41590530,377130188A,MNG244,1900-01-01,LSH007,LCD002,1,30188017,2702531001,
2370,AI010,500256,41590520,377130168A,MNG244,1900-01-01,LSH000,LCD002,1,30168006,2801031002,
2371,AI010,500629,41590530,377130188C,MNG244,1900-01-01,LSH007,LCD002,1,30198020,2704531001,
2372,AI010,401705,41590585,377130255C,MNG244,2006-04-01,LSH999,LCD999,1, ,2705619001,
2373,AI010,820027,41590256,376161734A,MNG244,2007-01-01,LSH016,LCD002,1, ,2400333009,
2374,AI010,820028,41590256,376161734A,MNG244,2007-01-01,LSH002,LCD002,1, ,2400333009,
2375,AI010,820029,41590256,376161724B,MNG244,1900-01-01,LSH000,LCD002,1, ,1107733092,
2376,AI010,401088,41590586,377130714A,MNG244,2006-04-01,LSH022,LCD999,1, ,2805819003,
2377,AI010,100258,41590253,376160511C,MNG244,1900-01-01,LSH007,LCD002,1, ,9006721001,
2378,AI010,401184,41590585,377130706A,MNG244,2006-04-01,LSH022,LCD999,1, ,2808219001,
2379,AI010,401284,41590587,377130701B,MNG244,2006-04-01,LSH022,LCD999,1, ,2802819003,
2380,AI010,2.12E+11,41590330,376160623B,MNG244,1900-01-01,LSH002,LCD002,1,견착,21160623001,
2381,AI010,401788,41590585,377130283B,MNG244,2006-04-01,LSH022,LCD999,1, ,2703519001,
2382,AI010,401418,41590585,377130283B,MNG244,2006-04-01,LSH022,LCD999,1, ,2702919001,
2383,AI010,5.11E+11,41590600,377130738D,MNG244,2014-01-01,LSH999,LCD004,1,화성동탄 일반산업단지 조성공사 중 GIS구축,51130738007,
2384,AI010,401591,41590585,377130255B,MNG244,2006-04-01,LSH022,LCD999,1, ,2807119001,
2385,AI010,401718,41590585,377130245D,MNG244,2006-04-01,LSH022,LCD999,1, ,2807119001,
2386,AI010,2.12E+11,41590340,376150578B,MNG244,2012-06-01,LSH007,LCD004,1,송산도시계획도로 (대3-1호선) 개설공사 2공구,21150578003,
2387,AI010,500773,41590570,377130611B,MNG244,1900-01-01,LSH007,LCD002,1,30612007,9012631002,
2388,AI010,500211,41590520,377130147A,MNG244,1900-01-01,LSH002,LCD002,1,30157001,9008831004,
2389,AI010,100147,41590253,376160938C,MNG244,1900-01-01,LSH007,LCD002,1, ,1104311032,
2390,AI010,401445,41590585,377130273D,MNG244,2006-04-01,LSH022,LCD999,1, ,2702419001,
2391,AI010,401446,41590585,377130273D,MNG244,2006-04-01,LSH022,LCD999,1, ,2702419001,
2392,AI010,401915,41590585,377130273D,MNG244,2006-04-01,LSH022,LCD999,1, ,2705519001,
2393,AI010,401428,41590585,377130273D,MNG244,2006-04-01,LSH022,LCD999,1, ,2705519001,
2394,AI010,200025,41590360,376160880A,MNG244,1900-01-01,LSH002,LCD002,1, ,2007812046,
2395,AI010,100749,41590560,376160556D,MNG244,1900-01-01,LSH002,LCD002,1, ,9008421012,
2396,AI010,500615,41590530,377130198A,MNG244,2004-01-01,LSH007,LCD002,1,30198004,2600431004,
2397,AI010,500287,41590520,377130168C,MNG244,1900-01-01,LSH000,LCD002,1,30178002,2701131002,
2398,AI010,401257,41590585,377130293A,MNG244,2006-04-01,LSH022,LCD999,1, ,2804519001,
2399,AI010,500311,41590520,377130168D,MNG244,1900-01-01,LSH000,LCD002,1,30178026,2801331001,
2400,AI010,100515,41590253,376160597C,MNG244,1900-01-01,LSH002,LCD002,1, ,9008611004,
2401,AI010,500680,41590550,377130245C,MNG244,1900-01-01,LSH007,LCD002,1,30255003,9005031001,
2402,AI010,100248,41590253,376160479B,MNG244,1900-01-01,LSH002,LCD002,1, ,1104311076,
2403,AI010,500627,41590530,377130188C,MNG244,1900-01-01,LSH007,LCD002,1,30198018,9015031001,
2404,AI010,500171,41590520,377130146B,MNG244,1900-01-01,LSH002,LCD002,1,30146002,3220131003,
2405,AI010,100735,41590560,376160559B,MNG244,1900-01-01,LSH007,LCD002,1, ,9012021001,
2406,AI010,200081,41590259,376161432B,MNG244,1900-01-01,LSH002,LCD002,1, ,2700112008,
2407,AI010,401974,41590587,377130282A,MNG244,2006-04-01,LSH999,LCD999,1, ,2708219001,
2408,AI010,100020,41590253,376160977A,MNG244,1900-01-01,LSH002,LCD002,1, ,1104311009,
2409,AI010,401387,41590587,377130272A,MNG244,2006-04-01,LSH022,LCD999,1, ,2701419001,
2410,AI010,500652,41590550,377130233D,MNG244,1900-01-01,LSH002,LCD002,1,30244007,9003631001,
2411,AI010,426016,41590253,376160561C,MNG244,2008-07-24,LSH999,LCD002,1, ,1012642001,
2412,AI010,401052,41590586,377130715D,MNG244,2006-04-01,LSH022,LCD999,1, ,2806419001,
2413,AI010,100759,41590560,376160569A,MNG244,1900-01-01,LSH007,LCD002,1, ,9012921002,
2414,AI010,402028,41590540,377130170C,MNG244,2006-06-20,LSH999,LCD002,1, ,2900544320,
2415,AI010,500427,41590570,377130171D,MNG244,1900-01-01,LSH007,LCD002,1,30182019,3330231002,
2416,AI010,401774,41590585,377130283B,MNG244,2006-04-01,LSH022,LCD999,1, ,2702019005,
2417,AI010,401775,41590585,377130283B,MNG244,2006-04-01,LSH022,LCD999,1, ,2702019005,
2418,AI010,9.00E+13,41590000,377130720C,MNG305,2016-01-01,LSH999,LCD999,1, ,9.00E+13,
2419,AI010,9.00E+13,41590000,377130730D,MNG305,2016-01-01,LSH999,LCD999,1, ,9.00E+13,
2420,AI010,9.00E+13,41590000,377130730D,MNG305,2016-01-01,LSH999,LCD999,1, ,9.00E+13,
2421,AI010,9.00E+13,41590000,377130730D,MNG305,2016-01-01,LSH999,LCD999,1, ,9.00E+13,
2422,AI010,200056,41590259,376161422D,MNG244,1900-01-01,LSH002,LCD002,1, ,2007812008,
2423,AI010,500714,41590530,377130197D,MNG244,1900-01-01,LSH999,LCD002,1,30607001,9016531007,
2424,AI010,100231,41590253,376160448C,MNG244,1900-01-01,LSH002,LCD002,1, ,2007311007,
2425,AI010,8.22E+13,41590520,376150966C,MNG244,2017-12-31,LSH999,LCD003,1,백미-송교간 도로확포장공사 GIS DB 구축용역,8.22E+13,
2426,AI010,8.22E+13,41590520,376150965D,MNG244,2017-12-31,LSH999,LCD003,1,백미-송교간 도로확포장공사 GIS DB 구축용역,8.22E+13,
2427,AI010,401001,41590585,377130286A,MNG244,2006-04-01,LSH010,LCD999,1, ,2709819004,
2428,AI010,500436,41590570,377130172D,MNG244,1900-01-01,LSH007,LCD002,1,30183005,2400731003,
2429,AI010,401620,41590585,377130265A,MNG244,2006-04-01,LSH021,LCD003,1, ,2705419001,
2430,AI010,402004,41590540,377130180D,MNG244,2006-06-20,LSH999,LCD002,1, ,2900644325,
2431,AI010,500435,41590570,377130172D,MNG244,1900-01-01,LSH007,LCD002,1,30183004,9018231001,
2432,AI010,500133,41590410,376161060B,MNG244,1900-01-01,LSH002,LCD002,1,30651001,9000231110,
2433,AI010,100818,41590253,376160587C,MNG244,1900-01-01,LSH000,LCD002,1,확산형,9001921004,
2434,AI010,100009,41590253,376160926C,MNG244,1900-01-01,LSH002,LCD002,1, ,9002011002,
2435,AI010,500062,41590410,377131126A,MNG244,1900-01-01,LSH007,LCD002,1,31126004,9001331101,
2436,AI010,2.12E+11,41590340,376150578A,MNG244,2012-06-01,LSH007,LCD004,1,송산도시계획도로 (대3-1호선) 개설공사 2공구,21150578004,
2437,AI010,500486,41590520,377130177C,MNG244,1900-01-01,LSH000,LCD002,1,30187020,9014131002,
2438,AI010,100618,41590570,376160598C,MNG244,1900-01-01,LSH002,LCD002,1, ,9008011001,
2439,AI010,401605,41590585,377130255D,MNG244,2006-04-01,LSH021,LCD003,1, ,2705819002,
2440,AI010,401604,41590585,377130255D,MNG244,2006-04-01,LSH021,LCD003,1, ,2705819001,
2441,AI010,401661,41590585,377130266B,MNG244,2006-04-01,LSH999,LCD999,1, ,2400319001,
2442,AI010,100687,41590560,376160547C,MNG244,1900-01-01,LSH007,LCD002,1, ,9008321003,
2443,AI010,99920150109,41590256,376161150A,MNG244,1990-01-01,LSH000,LCD000,1, ,99920150769,
2444,AI010,401474,41590587,377130262C,MNG244,2006-04-01,LSH022,LCD999,1, ,2700519001,
2445,AI010,100870,41590560,376160547C,MNG244,1900-01-01,LSH002,LCD002,1, ,9008321005,
2446,AI010,200005,41590360,376160827D,MNG244,1900-01-01,LSH007,LCD002,1, ,2007812088,
2447,AI010,8.30E+13,41590256,376162111C,MNG244,2017-11-25,LSH999,LCD004,1,고온항 진입도로 개설공사 GIS DB 구축용역,8.30E+13,
2448,AI010,8.89E+11,41590259,376161473A,MNG244,2016-01-01,LSH030,LCD002,1,화성 향남 2지구 도로 및 지하시설물 DB 구축(20170831),614731701,
2449,AI010,300012,41590310,376122493C,MNG244,1900-01-01,LSH007,LCD002,1, ,1208413005,
2450,AI010,100658,41590570,376160587D,MNG244,2003-01-01,LSH002,LCD002,1, ,1332221007,
2451,AI010,100397,41590253,376160551B,MNG244,1900-01-01,LSH000,LCD002,1, ,9005321003,
2452,AI010,200127,41590259,376161544A,MNG244,1900-01-01,LSH002,LCD002,1, ,1208212016,
2453,AI010,810083,41590262,376160283D,MNG244,1900-01-01,LSH007,LCD002,1, ,2300133288,
2454,AI010,401068,41590586,377130714C,MNG244,2006-04-01,LSH022,LCD999,1, ,2806219001,
2455,AI010,401433,41590585,377130273C,MNG244,2006-04-01,LSH022,LCD999,1, ,2701819001,
2456,AI010,401432,41590585,377130273C,MNG244,2006-04-01,LSH022,LCD999,1, ,2701819001,
2457,AI010,401431,41590585,377130273C,MNG244,2006-04-01,LSH022,LCD999,1, ,2701819001,
2458,AI010,401430,41590585,377130283A,MNG244,2006-04-01,LSH022,LCD999,1, ,2701819001,
2459,AI010,500749,41590530,377130198D,MNG244,1900-01-01,LSH007,LCD002,1,30609019,2007131001,
2460,AI010,200100,41590259,376161533C,MNG244,1900-01-01,LSH007,LCD002,1, ,1208212012,
2461,AI010,500600,41590520,377130185D,MNG244,1900-01-01,LSH007,LCD002,1,30196002,2600731005,
2462,AI010,500070,41590410,377131114C,MNG244,1900-01-01,LSH002,LCD002,1,31124001,1331431130,
2463,AI010,500063,41590410,377131126A,MNG244,1900-01-01,LSH007,LCD002,1,31126005,9001331101,
2464,AI010,99920150228,41590340,376150430D,MNG244,1990-01-01,LSH000,LCD000,1, ,99920150621,
2465,AI010,500530,41590520,377130179C,MNG244,1900-01-01,LSH000,LCD002,1,30189010,2703331004,
2466,AI010,2.12E+11,41590330,376160647A,MNG244,1900-01-01,LSH006,LCD002,1,견착,21160647002,
2467,AI010,2.12E+11,41590330,376160647A,MNG244,1900-01-01,LSH002,LCD002,1,견착,21160647003,
2468,AI010,500640,41590540,377130189C,MNG244,1900-01-01,LSH002,LCD002,1,30199002,2400231014,
2469,AI010,200186,41590400,376161576A,MNG244,1900-01-01,LSH002,LCD002,1, ,2005712019,
2470,AI010,500347,41590520,377130179A,MNG244,1900-01-01,LSH000,LCD002,1,30179017,2701731010,
2471,AI010,401823,41590585,377130274C,MNG244,2006-04-01,LSH022,LCD999,1, ,2702019001,
2472,AI010,2.12E+11,41590330,376160623D,MNG244,1900-01-01,LSH002,LCD002,1,견착,21160623002,
2473,AI010,2.12E+11,41590330,376160623D,MNG244,1900-01-01,LSH002,LCD002,1,견착,21160623003,
2474,AI010,200001,41590360,376160817D,MNG244,1900-01-01,LSH002,LCD002,1, ,2007812093,
2475,AI010,100708,41590560,376160547B,MNG244,1900-01-01,LSH007,LCD002,1, ,9011221005,
2476,AI010,401504,41590585,377130286A,MNG244,2006-04-01,LSH010,LCD999,1, ,2709819004,
2477,AI010,1007,41590340, , ,2013-11-01, ,LCD002,0,가등/올챙이형/원형/전주/6m/249번,90000441607,
2478,AI010,500331,41590520,377130178B,MNG244,1900-01-01,LSH000,LCD002,1,30179001,2701931001,
2479,AI010,8.22E+13,41590320,376160324C,MNG244,2018-06-01,LSH023,LCD005,1,팔탄면 터넉골로 외2개소 보도설치공사 GIS DB 구축용역,8.22E+13,
2480,AI010,8.22E+13,41590320,376160324C,MNG244,2018-06-01,LSH023,LCD005,1,팔탄면 터넉골로 외2개소 보도설치공사 GIS DB 구축용역,8.22E+13,
2481,AI010,8.22E+13,41590360,376161315D,MNG244,2018-06-01,LSH006,LCD004,1,팔탄면 터넉골로 외2개소 보도설치공사 GIS DB 구축용역,8.22E+13,
2482,AI010,8.22E+13,41590360,376161316C,MNG244,2018-06-01,LSH006,LCD004,1,팔탄면 터넉골로 외2개소 보도설치공사 GIS DB 구축용역,8.22E+13,
2483,AI010,200277,41590400,376162041B,MNG244,1900-01-01,LSH002,LCD002,1, ,8.22E+13,
2484,AI010,4.22E+13,41590370,376161753D,MNG244,2017-12-01,LSH999,LCD004,1,기아자동차로 보도설치공사 GIS DB 구축용역,4.22E+13,
2485,AI010,4.22E+13,41590256,376161762B,MNG244,2017-12-01,LSH006,LCD004,1,기아자동차로 보도설치공사 GIS DB 구축용역,4.22E+13,
2486,AI010,4.22E+13,41590370,376161753C,MNG244,2017-12-01,LSH023,LCD005,1,기아자동차로 보도설치공사 GIS DB 구축용역,4.22E+13,
2487,AI010,1.22E+13,41590340,376150438D,MNG244,2017-10-12,LSH007,LCD004,1,송산면 고포리 보도설치공사 GIS DB 구축용역,1.22E+13,
2488,AI010,1.22E+13,41590340,376150439C,MNG244,2017-10-12,LSH002,LCD004,1,송산면 고포리 보도설치공사 GIS DB 구축용역,1.22E+13,
2489,AI010,1.22E+13,41590340,376150439C,MNG244,2017-10-12,LSH002,LCD004,1,송산면 고포리 보도설치공사 GIS DB 구축용역,1.22E+13,
2490,AI010,1.22E+13,41590340,376150439C,MNG244,2017-10-12,LSH007,LCD004,1,송산면 고포리 보도설치공사 GIS DB 구축용역,1.22E+13,
2491,AI010,4.22E+13,41590360,376160972D,MNG244,2017-06-01,LSH023,LCD005,1,팔탄면사무소 진입도로(소로3-6)호선 개설공사 GIS DB 구축용역,4.22E+13,
2492,AI010,8.89E+11,41590259,376161472A,MNG244,2016-01-01,LSH030,LCD002,1,화성 향남 2지구 도로 및 지하시설물 DB 구축(20170831),614621699,
2493,AI010,8.89E+11,41590259,376161472A,MNG244,2016-01-01,LSH030,LCD002,1,화성 향남 2지구 도로 및 지하시설물 DB 구축(20170831),614621699,
2494,AI010,500164,41590520,377130129C,MNG244,1900-01-01,LSH007,LCD002,1,30139007,3220131009,
2495,AI010,100320,41590253,376160460D,MNG244,1900-01-01,LSH000,LCD002,1, ,9004421002,
2496,AI010,401076,41590586,377130714C,MNG244,2006-04-01,LSH022,LCD999,1, ,2805619001,
2497,AI010,100510,41590253,376160596D,MNG244,1900-01-01,LSH007,LCD002,1, ,9008711002,
2498,AI010,810047,41590262,376160284A,MNG244,1900-01-01,LSH007,LCD002,1, ,1107733313,
2499,AI010,810048,41590262,376160284A,MNG244,1900-01-01,LSH007,LCD002,1, ,2801033314,
2500,AI010,300021,41590310,376122495C,MNG244,1900-01-01,LSH002,LCD002,1, ,1208413017,
2501,AI010,500782,41590570,377130622A,MNG244,2004-01-01,LSH007,LCD002,1,30622007,1331531009,
2502,AI010,100786,41590570,376160577A,MNG244,1900-01-01,LSH002,LCD002,1, ,9003921002,
2503,AI010,100690,41590560,376160547D,MNG244,1900-01-01,LSH007,LCD002,1, ,9008321010,
2504,AI010,100129,41590253,376160948C,MNG244,1900-01-01,LSH002,LCD002,1, ,2006711019,
2505,AI010,100464,41590253,376160566C,MNG244,1900-01-01,LSH000,LCD002,1,갓형,2710621001,
2506,AI010,401831,41590586,377130717A,MNG244,2006-04-01,LSH021,LCD003,1, ,2707219001,
2507,AI010,100257,41590253,376160511D,MNG244,1900-01-01,LSH000,LCD002,1, ,3110121012,
2508,AI010,100770,41590570,376160587B,MNG244,1900-01-01,LSH000,LCD002,1, ,9003321001,
2509,AI010,200219,41590400,376162015C,MNG244,1900-01-01,LSH002,LCD002,1, ,3110212027,
2510,AI010,500545,41590520,377130179A,MNG244,1900-01-01,LSH000,LCD002,1,30189025,2703431003,
2511,AI010,401198,41590586,377130705D,MNG244,2006-04-01,LSH010,LCD999,1, ,2709219002,
2512,AI010,401197,41590586,377130705D,MNG244,2006-04-01,LSH010,LCD999,1, ,2709219002,
2513,AI010,401816,41590585,377130274C,MNG244,2006-04-01,LSH022,LCD999,1, ,2703219003,
2514,AI010,401039,41590586,377130725B,MNG244,2006-04-01,LSH022,LCD999,1, ,2806619001,
2515,AI010,401292,41590587,377130701B,MNG244,2006-04-01,LSH022,LCD999,1, ,2802419001,
2516,AI010,500166,41590520,377130129C,MNG244,1900-01-01,LSH000,LCD002,1,30139009,3220131005,
2517,AI010,99920150206,41590340,376150586C,MNG244,1990-01-01,LSH000,LCD000,1, ,99920150649,
2518,AI010,99920150197,41590330,376151027D,MNG244,1990-01-01,LSH000,LCD000,1, ,99920150649,
2519,AI010,200104,41590259,376161432C,MNG244,1900-01-01,LSH002,LCD002,1,가오스(신),2600112009,
2520,AI010,100594,41590410,376161007C,MNG244,1900-01-01,LSH007,LCD002,1, ,9007311002,
2521,AI010,401249,41590585,377130293C,MNG244,2006-04-01,LSH022,LCD999,1, ,2804619005,
2522,AI010,500604,41590520,377130187C,MNG244,1900-01-01,LSH002,LCD002,1,30197002,2706831004,
2523,AI010,500174,41590520,377130146A,MNG244,1900-01-01,LSH002,LCD002,1,30146005,3220131003,
2524,AI010,500191,41590520,377130137D,MNG244,1900-01-01,LSH002,LCD002,1,30148014,3220131006,
2525,AI010,100473,41590253,376160583D,MNG244,1900-01-01,LSH007,LCD002,1, ,2006421005,
2526,AI010,500255,41590520,377130168B,MNG244,1900-01-01,LSH000,LCD002,1,30168005,2801131001,
2527,AI010,300054,41590310,376160406B,MNG244,1900-01-01,LSH002,LCD002,1, ,1208413027,
2528,AI010,99920150024,41590410,377131113D,MNG244,1990-01-01,LSH000,LCD000,1, ,99920150066,
2529,AI010,200123,41590259,376161432D,MNG244,1900-01-01,LSH002,LCD002,1, ,2801312002,
2530,AI010,99920150229,41590340,376112500C,MNG244,1990-01-01,LSH000,LCD000,1, ,99920150617,
2531,AI010,401689,41590585,377130256A,MNG244,2006-04-01,LSH022,LCD999,1, ,2810219001,
2532,AI010,401691,41590585,377130256A,MNG244,2006-04-01,LSH022,LCD999,1, ,2810219001,
2533,AI010,401668,41590585,377130256C,MNG244,2006-04-01,LSH999,LCD999,1, ,2709919001,
2534,AI010,401673,41590585,377130256C,MNG244,2006-04-01,LSH006,LCD999,1, ,9010119001,
2535,AI010,401012,41590259,376161432C,MNG244,2004-07-31,LHS017,LCD002,1, ,2700191001,
2536,AI010,500295,41590520,377130178A,MNG244,1900-01-01,LSH000,LCD002,1,30178010,2701731001,
2537,AI010,500244,41590570,377130164B,MNG244,1900-01-01,LSH002,LCD002,1,30165003,9009931002,
2538,AI010,100222,41590253,376160430A,MNG244,1900-01-01,LSH000,LCD002,1, ,3110121007,
2539,AI010,99920150023,41590410,377131133A,MNG244,1990-01-01,LSH000,LCD000,1, ,99920150066,
2540,AI010,401875,41590586,377130726A,MNG244,2006-04-01,LSH022,LCD999,1, ,2806719001,
2541,AI010,401877,41590586,377130726A,MNG244,2006-04-01,LSH022,LCD999,1, ,2806719001,
2542,AI010,100423,41590253,376160565B,MNG244,1900-01-01,LSH000,LCD002,1, ,9009721001,
2543,AI010,500617,41590530,377130188D,MNG244,1900-01-01,LSH002,LCD002,1,30198008,2500331006,
2544,AI010,100251,41590253,376160511C,MNG244,1900-01-01,LSH002,LCD002,1, ,1330921011,
2545,AI010,200270,41590400,376162041B,MNG244,1900-01-01,LSH002,LCD002,1, ,3110212006,
2546,AI010,200225,41590400,376162025A,MNG244,1900-01-01,LSH002,LCD002,1, ,3110212025,
2547,AI010,401388,41590587,377130272A,MNG244,2006-04-01,LSH022,LCD999,1, ,2701519001,
2548,AI010,200095,41590259,376161432C,MNG244,1900-01-01,LSH007,LCD002,1, ,2700212006,
2549,AI010,500353,41590520,377130178B,MNG244,1900-01-01,LSH000,LCD002,1,30179023,2802331001,
2550,AI010,200085,41590259,376161432A,MNG244,1900-01-01,LSH002,LCD002,1, ,2700212004,
2551,AI010,500383,41590520,377130168B,MNG244,1900-01-01,LSH000,LCD002,1,30179053,2801031004,
2552,AI010,100670,41590570,376160588A,MNG244,1900-01-01,LSH000,LCD002,1,확산형,9002821005,
2553,AI010,99920150035,41590400,376161950C,MNG244,1990-01-01,LSH000,LCD000,1, ,99920150311,
2554,AI010,99920150034,41590400,376161950A,MNG244,1990-01-01,LSH000,LCD000,1, ,99920150311,
2555,AI010,99920150071,41590360,376160879C,MNG244,1990-01-01,LSH000,LCD000,1, ,99920150368,
2556,AI010,99920150072,41590360,376160879C,MNG244,1990-01-01,LSH000,LCD000,1, ,99920150368,
2557,AI010,401767,41590585,377130284A,MNG244,2006-04-01,LSH010,LCD999,1, ,2703519003,
2558,AI010,820033,41590256,376161734B,MNG244,1900-01-01,LSH002,LCD002,1, ,2800433027,
2559,AI010,100776,41590570,376160587A,MNG244,1900-01-01,LSH007,LCD002,1, ,9002721004,
2560,AI010,500149,41590520,377130137A,MNG244,1900-01-01,LSH002,LCD002,1,30137003,9009231003,
2561,AI010,500501,41590520,377130187B,MNG244,1900-01-01,LSH002,LCD002,1,30188011,9014131009,
2562,AI010,300011,41590310,376122492D,MNG244,1900-01-01,LSH018,LCD002,1, ,1208413003,
2563,AI010,300063,41590320,376160315D,MNG244,1900-01-01,LSH007,LCD002,1, ,2800613001,
2564,AI010,300064,41590320,376160326A,MNG244,1900-01-01,LSH002,LCD002,1, ,2500313002,
2565,AI010,200215,41590400,376162015C,MNG244,1900-01-01,LSH002,LCD002,1, ,3110212027,
2566,AI010,401745,41590585,377130284A,MNG244,2006-04-01,LSH022,LCD999,1, ,2702319005,
2567,AI010,500465,41590570,377130175C,MNG244,1900-01-01,LSH002,LCD002,1,30185010,3110531005,
2568,AI010,401780,41590585,377130283B,MNG244,2006-04-01,LSH010,LCD999,1, ,2704419001,
2569,AI010,5.11E+11,41590600,377130739A,MNG244,2014-01-01,LSH999,LCD004,1,화성동탄 일반산업단지 조성공사 중 GIS구축,51130739034,
2570,AI010,200071,41590259,376161433A,MNG244,1900-01-01,LSH002,LCD002,1, ,2700112009,
2571,AI010,200252,41590400,376161939B,MNG244,1900-01-01,LSH002,LCD002,1, ,1104312005,
2572,AI010,100102,41590253,376160950C,MNG244,1900-01-01,LSH007,LCD002,1, ,2006711024,
2573,AI010,401703,41590585,377130256A,MNG244,2006-04-01,LSH022,LCD999,1, ,2807319001,
2574,AI010,401590,41590585,377130255B,MNG244,2006-04-01,LSH022,LCD999,1, ,2807119002,
2575,AI010,5.11E+11,41590600,377130739A,MNG244,2014-01-01,LSH999,LCD004,1,화성동탄 일반산업단지 조성공사 중 GIS구축,51130739033,
2576,AI010,1.00E+12,41590256,376161726A,MNG244,2010-01-01,LSH007,LCD002,1, ,99617260013,
2577,AI010,401013,41590587,377130272D,MNG244,2006-04-01,LSH006,LCD999,1, ,9020419004,
2578,AI010,200240,41590400,376161929D,MNG244,1900-01-01,LSH002,LCD002,1, ,1104312007,
2579,AI010,100345,41590253,376160522B,MNG244,1900-01-01,LSH007,LCD002,1, ,9007321001,
2580,AI010,2.12E+11,41590370,376161845C,MNG244,2011-06-01,LSH002,LCD004,1,장안면 독정리 247-2번지 원인자 공사,21161854001,
2581,AI010,100166,41590253,376161005A,MNG244,2003-01-01,LSH000,LCD002,1, ,9008721001,
2582,AI010,426039,41590253,376160562D,MNG244,2008-07-24,LSH010,LCD002,1, ,1019042029,
2583,AI010,500180,41590520,377130148A,MNG244,1900-01-01,LSH002,LCD002,1,30148003,9008831010,
2584,AI010,401626,41590585,377130265A,MNG244,2006-04-01,LSH021,LCD003,1, ,2705419001,
2585,AI010,426019,41590253,376160561D,MNG244,2008-07-24,LSH002,LCD002,1, ,1012642001,
2586,AI010,100197,41590410,376161073A,MNG244,1900-01-01,LSH007,LCD002,1, ,1331011014,
2587,AI010,401104,41590586,377130714A,MNG244,2006-04-01,LSH022,LCD999,1, ,2805519001,
2588,AI010,500556,41590520,377130179C,MNG244,1900-01-01,LSH000,LCD002,1,30189036,2703331003,
2589,AI010,500398,41590520,377130168D,MNG244,1900-01-01,LSH000,LCD002,1,30179068,2700831004,
2590,AI010,401825,41590585,377130274C,MNG244,2006-04-01,LSH022,LCD999,1, ,2702019001,
2591,AI010,500415,41590570,377130172C,MNG244,1900-01-01,LSH002,LCD002,1,30182006,2400731002,
2592,AI010,100619,41590410,376161057C,MNG244,1900-01-01,LSH002,LCD002,1, ,1330911035,
2593,AI010,100695,41590560,376160546D,MNG244,1900-01-01,LSH007,LCD002,1, ,9008021003,
2594,AI010,100814,41590253,376160586D,MNG244,1900-01-01,LSH007,LCD002,1, ,9002621006,
2595,AI010,8.22E+13,41590520,376150999B,MNG244,2017-12-31,LSH999,LCD003,1,백미-송교간 도로확포장공사 GIS DB 구축용역,8.22E+13,
2596,AI010,8.22E+13,41590520,376150989C,MNG244,2017-12-31,LSH999,LCD003,1,백미-송교간 도로확포장공사 GIS DB 구축용역,8.22E+13,
2597,AI010,99920150189,41590340,376160172C,MNG244,1990-01-01,LSH000,LCD000,1, ,99920150570,
2598,AI010,99920150185,41590330,376160185C,MNG244,1990-01-01,LSH000,LCD000,1, ,99920150570,
2599,AI010,500708,41590570,377130605B,MNG244,1900-01-01,LSH002,LCD002,1,30606001,2600731014,
2600,AI010,100725,41590560,376160559B,MNG244,1900-01-01,LSH007,LCD002,1, ,3220621018,
2601,AI010,810008,41590262,376160283B,MNG244,2001-01-01,LSH018,LCD002,1, ,2800333286,
2602,AI010,401746,41590585,377130284A,MNG244,2006-04-01,LSH022,LCD999,1, ,2702319005,
2603,AI010,100317,41590253,376160551C,MNG244,1900-01-01,LSH002,LCD002,1, ,9005121001,
2604,AI010,100034,41590253,376160977C,MNG244,1900-01-01,LSH002,LCD002,1, ,1104311001,
2605,AI010,500284,41590520,377130177B,MNG244,1900-01-01,LSH002,LCD002,1,30177004,9013131003,
2606,AI010,200086,41590259,376161432D,MNG244,1900-01-01,LSH002,LCD002,1, ,2800112001,
2607,AI010,100651,41590570,376160599A,MNG244,1900-01-01,LSH000,LCD002,1, ,9001121001,
2608,AI010,401187,41590586,377130706A,MNG244,2006-04-01,LSH022,LCD999,1, ,2808119003,
2609,AI010,401658,41590585,377130267C,MNG244,2006-04-01,LSH999,LCD999,1, ,9030319001,
2610,AI010,401657,41590585,377130267C,MNG244,2006-04-01,LSH999,LCD999,1, ,9030319001,
2611,AI010,401949,41590586,377130726A,MNG244,2006-04-01,LSH022,LCD999,1, ,2806419001,
2612,AI010,500018,41590410,377131133D,MNG244,1900-01-01,LSH007,LCD002,1,31144010,9002031106,
2613,AI010,100845,41590560,376160537D,MNG244,1900-01-01,LSH000,LCD002,1, ,9008321015,
2614,AI010,100497,41590253,376160597B,MNG244,2003-01-01,LSH002,LCD002,1, ,1332221005,
2615,AI010,500127,41590410,376161060D,MNG244,1900-01-01,LSH007,LCD002,1,30661007,9000231107,
2616,AI010,100865,41590253,376160576B,MNG244,1900-01-01,LSH000,LCD002,1, ,2501321012,
2617,AI010,500655,41590550,377130234D,MNG244,1900-01-01,LSH002,LCD002,1,30245003,1331831005,
2618,AI010,401117,41590586,377130707C,MNG244,2006-04-01,LSH022,LCD999,1, ,2807719001,
2619,AI010,402025,41590540,377130180B,MNG244,2006-06-20,LSH999,LCD002,1, ,2900544320,
2620,AI010,500108,41590410,377130662D,MNG244,1900-01-01,LSH002,LCD002,1,30673002,9002331103,
2621,AI010,500267,41590520,377130160C,MNG244,1999-01-01,LSH007,LCD002,1,30170008,9007431305,
2622,AI010,500746,41590530,377130608B,MNG244,1900-01-01,LSH002,LCD002,1,30609016,2706831018,
2623,AI010,500379,41590520,377130178B,MNG244,1900-01-01,LSH000,LCD002,1,30179049,2701731002,
2624,AI010,1001,41590340, , ,2013-11-01, ,LCD002,1,가등/올챙이형/원형/전주/6M/245번,90000441606,
2625,AI010,401848,41590587,377130272C,MNG244,2006-04-01,LSH007,LCD999,1, ,9020419005,
2626,AI010,401847,41590587,377130272C,MNG244,2006-04-01,LSH007,LCD999,1, ,9020419005,
2627,AI010,100811,41590253,376160587C,MNG244,1900-01-01,LSH000,LCD002,1,확산형,9001921003,
2628,AI010,8.89E+11,41590259,376161809B,MNG244,2016-01-01,LSH030,LCD002,1,화성 향남 2지구 도로 및 지하시설물 DB 구축(20170831),618101705,
2629,AI010,8.89E+11,41590259,376161810A,MNG244,2016-01-01,LSH030,LCD002,1,화성 향남 2지구 도로 및 지하시설물 DB 구축(20170831),618101705,
2630,AI010,401317,41590587,377130263C,MNG244,2006-04-01,LSH022,LCD999,1, ,2800619001,
2631,AI010,401655,41590585,377130267C,MNG244,2006-04-01,LSH999,LCD999,1, ,9030319001,
2632,AI010,500517,41590520,377130178C,MNG244,1900-01-01,LSH007,LCD002,1,30188027,9013731003,
2633,AI010,401275,41590587,377130701A,MNG244,2006-04-01,LSH022,LCD999,1, ,2802219001,
2634,AI010,100829,41590570,376160587C,MNG244,1900-01-01,LSH000,LCD002,1,갓형,9003321001,
2635,AI010,401250,41590585,377130293A,MNG244,2006-04-01,LSH022,LCD999,1, ,2804719003,
2636,AI010,401047,41590586,377130725A,MNG244,2006-04-01,LSH022,LCD999,1, ,2809519001,
2637,AI010,401902,41590586,377130726A,MNG244,2006-04-01,LSH022,LCD999,1, ,2806919003,
2638,AI010,401541,41590587,377130291A,MNG244,2006-04-01,LSH022,LCD999,1, ,2801219001,
2639,AI010,401535,41590587,377130291B,MNG244,2006-04-01,LSH022,LCD999,1, ,2801419001,
2640,AI010,401534,41590587,377130291B,MNG244,2006-04-01,LSH022,LCD999,1, ,2801419001,
2641,AI010,100629,41590570,376161007B,MNG244,2003-01-01,LSH002,LCD002,1, ,9007411002,
2642,AI010,500371,41590520,377130178B,MNG244,1900-01-01,LSH000,LCD002,1,30179041,2701731004,
2643,AI010,2.12E+11,41590370,376161725D,MNG244,2015-01-01,LSH002,LCD004,1,조암지구도시개발사업 주변도로(대로3-1호선) 개설공사 GIS DB구축 사업,21150804009,
2644,AI010,2.13E+11,41590340,376150552A,MNG244,2016-01-01,LSH007,LCD004,1,송산면 마산리 보도설치공사 GIS DB 구축용역(20171220),21250552021,
2645,AI010,100587,41590570,376160599C,MNG244,1900-01-01,LSH999,LCD002,1, ,9009211005,
2646,AI010,200087,41590259,376161432C,MNG244,1900-01-01,LSH007,LCD002,1, ,2802512001,
2647,AI010,401064,41590586,377130714C,MNG244,2006-04-01,LSH022,LCD999,1, ,2805819005,
2648,AI010,426020,41590253,376160561D,MNG244,2008-07-24,LSH002,LCD002,1, ,1019042062,
2649,AI010,401211,41590587,377130292C,MNG244,2006-04-01,LSH010,LCD999,1, ,2708319003,
2650,AI010,401212,41590587,377130292C,MNG244,2006-04-01,LSH010,LCD999,1, ,2708319003,
2651,AI010,426042,41590253,376160561D,MNG244,2008-07-24,LSH010,LCD002,1, ,1019042048,
2652,AI010,426043,41590253,376160561D,MNG244,2008-07-24,LSH010,LCD002,1, ,1019042048,
2653,AI010,426045,41590253,376160562C,MNG244,2008-07-24,LSH010,LCD002,1, ,1019042048,
2654,AI010,401935,41590586,377130714C,MNG244,2006-04-01,LSH022,LCD999,1, ,2805519003,
2655,AI010,401063,41590586,377130714C,MNG244,2006-04-01,LSH022,LCD999,1, ,2805519003,
2656,AI010,401768,41590585,377130284A,MNG244,2006-04-01,LSH010,LCD999,1, ,2702119005,
2657,AI010,401448,41590587,377130273B,MNG244,2006-04-01,LSH022,LCD999,1, ,2800619001,
2658,AI010,401450,41590587,377130273B,MNG244,2006-04-01,LSH022,LCD999,1, ,2800619001,
2659,AI010,401449,41590587,377130273B,MNG244,2006-04-01,LSH022,LCD999,1, ,2800619001,
2660,AI010,401240,41590585,377130293A,MNG244,2006-04-01,LSH022,LCD999,1, ,2804519001,
2661,AI010,401624,41590585,377130265A,MNG244,2006-04-01,LSH021,LCD003,1, ,2705419001,
2662,AI010,500527,41590520,377130179A,MNG244,1900-01-01,LSH000,LCD002,1,30189007,2703331002,
2663,AI010,99920150186,41590330,376160185C,MNG244,1990-01-01,LSH000,LCD000,1, ,99920150570,
2664,AI010,99920150187,41590330,376160185C,MNG244,1990-01-01,LSH000,LCD000,1, ,99920150570,
2665,AI010,100091,41590253,376160958A,MNG244,1900-01-01,LSH010,LCD002,1, ,9004011002,
2666,AI010,200224,41590400,376162025A,MNG244,1900-01-01,LSH002,LCD002,1, ,3110212026,
2667,AI010,500346,41590520,377130179B,MNG244,1900-01-01,LSH000,LCD002,1,30179016,2703531003,
2668,AI010,500189,41590520,377130138C,MNG244,1900-01-01,LSH002,LCD002,1,30148012,3220131006,
2669,AI010,300017,41590310,376122494C,MNG244,1900-01-01,LSH002,LCD002,1, ,1208413011,
2670,AI010,100681,41590570,376160597B,MNG244,1900-01-01,LSH007,LCD002,1, ,9002021001,
2671,AI010,5.11E+11,41590600,377130739C,MNG244,2014-01-01,LSH999,LCD004,1,화성동탄 일반산업단지 조성공사 중 GIS구축,51130739018,
2672,AI010,5.11E+11,41590600,377130738D,MNG244,2014-01-01,LSH999,LCD004,1,화성동탄 일반산업단지 조성공사 중 GIS구축,51130738009,
2673,AI010,300053,41590310,376160406B,MNG244,1900-01-01,LSH007,LCD002,1, ,1208413027,
2674,AI010,401873,41590586,377130725B,MNG244,2006-04-01,LSH022,LCD999,1, ,2806719001,
2675,AI010,401147,41590585,377130706D,MNG244,2006-04-01,LSH022,LCD999,1, ,2807719001,
2676,AI010,401927,41590587,377130701A,MNG244,2006-04-01,LSH022,LCD999,1, ,2802419001,
2677,AI010,401762,41590585,377130284A,MNG244,2006-04-01,LSH010,LCD999,1, ,2702219005,
2678,AI010,820038,41590256,376161733D,MNG244,1900-01-01,LSH002,LCD002,1, ,1107733055,
2679,AI010,100543,41590410,376161097A,MNG244,1996-01-01,LSH002,LCD002,1, ,1331511005,
2680,AI010,200061,41590259,376161423C,MNG244,1900-01-01,LSH002,LCD002,1, ,2007812006,
2681,AI010,500514,41590520,377130178C,MNG244,1900-01-01,LSH002,LCD002,1,30188024,9013731003,
2682,AI010,500710,41590570,377130605B,MNG244,1900-01-01,LSH002,LCD002,1,30606003,2600731014,
2683,AI010,300065,41590320,376160325B,MNG244,1900-01-01,LSH007,LCD002,1, ,2800613005,
2684,AI010,300066,41590320,376160326A,MNG244,1900-01-01,LSH002,LCD002,1, ,2500313002,
2685,AI010,500224,41590520,377130147D,MNG244,1900-01-01,LSH007,LCD002,1,30158013,9008731002,
2686,AI010,820020,41590256,376161734B,MNG244,2007-01-01,LSH002,LCD002,1, ,2802233026,
2687,AI010,401734,41590585,377130284B,MNG244,2006-04-01,LSH010,LCD999,1, ,2708519001,
2688,AI010,100652,41590570,376160587D,MNG244,1900-01-01,LSH007,LCD002,1, ,9002721011,
2689,AI010,500483,41590520,377130187A,MNG244,1900-01-01,LSH002,LCD002,1,30187017,2706731001,
2690,AI010,100659,41590570,376160588C,MNG244,2003-01-01,LSH007,LCD002,1, ,1332221007,
2691,AI010,300047,41590310,376160406A,MNG244,1900-01-01,LSH002,LCD002,1, ,2700113001,
2692,AI010,200213,41590400,376162015C,MNG244,1900-01-01,LSH002,LCD002,1, ,2005712001,
2693,AI010,100697,41590560,376160546B,MNG244,1900-01-01,LSH002,LCD002,1, ,9008021003,
2694,AI010,500134,41590530,377130608B,MNG244,1900-01-01,LSH002,LCD002,1,30609039,9015931003,
2695,AI010,100267,41590253,376160521B,MNG244,1900-01-01,LSH000,LCD002,1, ,9006721004,
2696,AI010,100456,41590253,376160522B,MNG244,1900-01-01,LSH000,LCD002,1, ,9007321003,
2697,AI010,500628,41590530,377130188C,MNG244,1900-01-01,LSH007,LCD002,1,30198019,9014931001,
2698,AI010,100143,41590253,376160929C,MNG244,1900-01-01,LSH007,LCD002,1, ,9004211002,
2699,AI010,99920150222,41590340,376150535D,MNG244,1990-01-01,LSH000,LCD000,1, ,99920150611,
2700,AI010,99920150209,41590340,376150576D,MNG244,1990-01-01,LSH000,LCD000,1, ,99920150613,
2701,AI010,401559,41590587,377130262C,MNG244,2006-04-01,LSH022,LCD999,1, ,2701719001,
2702,AI010,401129,41590586,377130706D,MNG244,2006-04-01,LSH022,LCD999,1, ,2808819003,
2703,AI010,500533,41590520,377130179C,MNG244,1900-01-01,LSH000,LCD002,1,30189013,2803731001,
2704,AI010,401053,41590586,377130715D,MNG244,2006-04-01,LSH022,LCD999,1, ,2806419001,
2705,AI010,401054,41590586,377130715D,MNG244,2006-04-01,LSH022,LCD999,1, ,2806419001,
2706,AI010,500658,41590520,377130251A,MNG244,1900-01-01,LSH002,LCD002,1,30251007,3110431001,
2707,AI010,401482,41590587,377130262C,MNG244,2006-04-01,LSH022,LCD999,1, ,2700619001,
2708,AI010,401182,41590586,377130706A,MNG244,2006-04-01,LSH022,LCD999,1, ,2808019001,
2709,AI010,401181,41590586,377130706A,MNG244,2006-04-01,LSH022,LCD999,1, ,2808019001,
2710,AI010,401180,41590586,377130706A,MNG244,2006-04-01,LSH022,LCD999,1, ,2808019001,
2711,AI010,500208,41590520,377130147C,MNG244,1900-01-01,LSH002,LCD002,1,30157004,9008831003,
2712,AI010,100382,41590560,376160545A,MNG244,1900-01-01,LSH000,LCD002,1, ,9008021001,
2713,AI010,500509,41590530,377130188A,MNG244,1900-01-01,LSH002,LCD002,1,30188019,2703031005,
2714,AI010,500288,41590520,377130178A,MNG244,1900-01-01,LSH000,LCD002,1,30178003,2701131002,
2715,AI010,500686,41590550,377130252D,MNG244,1900-01-01,LSH007,LCD002,1,30263005,9007131302,
2716,AI010,500040,41590410,377131137A,MNG244,1900-01-01,LSH007,LCD002,1,31137001,1208231125,
2717,AI010,500348,41590520,377130179A,MNG244,1900-01-01,LSH000,LCD002,1,30179018,2702031002,
2718,AI010,500212,41590520,377130158A,MNG244,1900-01-01,LSH002,LCD002,1,30158018,3220531008,
2719,AI010,401085,41590586,377130714A,MNG244,2006-04-01,LSH022,LCD999,1, ,2805819001,
2720,AI010,401084,41590586,377130714A,MNG244,2006-04-01,LSH022,LCD999,1, ,2805819001,
2721,AI010,401090,41590586,377130714A,MNG244,2006-04-01,LSH022,LCD999,1, ,2805719001,
2722,AI010,100135,41590253,376160938C,MNG244,1900-01-01,LSH002,LCD002,1, ,3220411014,
2723,AI010,500354,41590520,377130178B,MNG244,1900-01-01,LSH000,LCD002,1,30179024,2701731013,
2724,AI010,100393,41590560,376160545B,MNG244,1900-01-01,LSH000,LCD002,1, ,9008021003,
2725,AI010,100362,41590253,376160522C,MNG244,1900-01-01,LSH002,LCD002,1, ,9006621001,
2726,AI010,500445,41590570,377130182B,MNG244,1900-01-01,LSH999,LCD002,1,30183014,2500731002,
2727,AI010,500748,41590530,377130198D,MNG244,1900-01-01,LSH002,LCD002,1,30609018,2007131002,
2728,AI010,401347,41590585,377130283B,MNG244,2006-04-01,LSH022,LCD999,1, ,2803619001,
2729,AI010,401017,41590586,377130716C,MNG244,2006-04-01,LSH010,LCD999,1, ,2709419004,
2730,AI010,401087,41590586,377130714A,MNG244,2006-04-01,LSH022,LCD999,1, ,2805819003,
2731,AI010,100067,41590253,376160918B,MNG244,1900-01-01,LSH007,LCD002,1, ,1104311054,
2732,AI010,500438,41590570,377130172D,MNG244,1900-01-01,LSH002,LCD002,1,30183007,9010631004,
2733,AI010,500471,41590520,377130187A,MNG244,1900-01-01,LSH007,LCD002,1,30187005,9014131006,
2734,AI010,820034,41590256,376161734B,MNG244,1900-01-01,LSH002,LCD002,1, ,2800433027,
2735,AI010,8.21E+13,41590140,376122223D,MNG244,2019-01-01,LSH017,LCD005,1, ,8.21E+13,
2736,AI010,8.21E+13,41590140,376122224C,MNG244,2019-01-01,LSH017,LCD005,1, ,8.21E+13,
2737,AI010,8.21E+13,41590140,376122246C,MNG244,2019-01-01,LSH017,LCD005,1, ,8.21E+13,
2738,AI010,8.21E+13,41590140,376122246C,MNG244,2019-01-01,LSH017,LCD005,1, ,8.21E+13,
2739,AI010,8.21E+13,41590140,376122256A,MNG244,2019-01-01,LSH017,LCD005,1, ,8.21E+13,
2740,AI010,8.21E+13,41590140,376122246C,MNG244,2019-01-01,LSH017,LCD005,1, ,8.21E+13,
2741,AI010,8.21E+13,41590140,376122246D,MNG244,2019-01-01,LSH017,LCD005,1, ,8.21E+13,
2742,AI010,8.21E+13,41590140,376122246C,MNG244,2019-01-01,LSH017,LCD005,1, ,8.21E+13,
2743,AI010,8.21E+13,41590140,376122246C,MNG244,2019-01-01,LSH017,LCD005,1, ,8.21E+13,
2744,AI010,8.21E+13,41590140,376122246C,MNG244,2019-01-01,LSH017,LCD005,1, ,8.21E+13,
2745,AI010,8.21E+13,41590140,376122233D,MNG244,2019-01-01,LSH017,LCD005,1, ,8.21E+13,
2746,AI010,8.21E+13,41590140,376122233D,MNG244,2019-01-01,LSH017,LCD005,1, ,8.21E+13,
2747,AI010,8.21E+13,41590140,376122233D,MNG244,2019-01-01,LSH017,LCD005,1, ,8.21E+13,
2748,AI010,8.21E+13,41590140,376122233D,MNG244,2019-01-01,LSH017,LCD005,1, ,8.21E+13,
2749,AI010,500270,41590570,377130164D,MNG244,1900-01-01,LSH002,LCD002,1,30174002,9017331020,
2750,AI010,500300,41590520,377130178A,MNG244,1900-01-01,LSH000,LCD002,1,30178015,2701731001,
2751,AI010,100018,41590253,376160976B,MNG244,1900-01-01,LSH002,LCD002,1, ,1331011011,
2752,AI010,401009,41590587,377130253C,MNG244,2006-04-01,LSH021,LCD003,1, ,2700119001,
2753,AI010,100549,41590410,376161507B,MNG244,1900-01-01,LSH007,LCD002,1, ,9005811004,
2754,AI010,500712,41590570,377130605B,MNG244,1900-01-01,LSH002,LCD002,1,30606005,2600731014,
2755,AI010,401144,41590585,377130706D,MNG244,2006-04-01,LSH022,LCD999,1, ,2807719001,
2756,AI010,401145,41590585,377130706D,MNG244,2006-04-01,LSH022,LCD999,1, ,2807719001,
2757,AI010,100746,41590560,376160559B,MNG244,1900-01-01,LSH007,LCD002,1, ,9012021001,
2758,AI010,401931,41590587,377130701C,MNG244,2006-04-01,LSH022,LCD999,1, ,2802519001,
2759,AI010,401929,41590587,377130701A,MNG244,2006-04-01,LSH022,LCD999,1, ,2802519001,
2760,AI010,99920150195,41590350,376151042B,MNG244,1990-01-01,LSH000,LCD000,1, ,99920150649,
2761,AI010,99920150198,41590350,376151023B,MNG244,1990-01-01,LSH000,LCD000,1, ,99920150649,
2762,AI010,99920150171,41590330,376160619D,MNG244,1990-01-01,LSH000,LCD000,1, ,99920150648,
2763,AI010,401168,41590585,377130706B,MNG244,2006-04-01,LSH022,LCD999,1, ,2807819001,
2764,AI010,402024,41590540,377130180B,MNG244,2006-06-20,LSH999,LCD002,1, ,2900644325,
2765,AI010,100119,41590253,376160938B,MNG244,1900-01-01,LSH007,LCD002,1, ,1104311034,
2766,AI010,100055,41590253,376160908C,MNG244,1900-01-01,LSH002,LCD002,1, ,9001011005,
2767,AI010,401635,41590585,377130286A,MNG244,2006-04-01,LSH010,LCD999,1, ,2709819004,
2768,AI010,401634,41590585,377130286A,MNG244,2006-04-01,LSH010,LCD999,1, ,2709819004,
2769,AI010,401824,41590585,377130274C,MNG244,2006-04-01,LSH022,LCD999,1, ,2702019001,
2770,AI010,100571,41590253,376160597C,MNG244,2001-01-01,LSH007,LCD002,1, ,2006411001,
2771,AI010,100083,41590253,376160939A,MNG244,1900-01-01,LSH007,LCD002,1, ,9004211002,
2772,AI010,100872,41590253,376160576B,MNG244,1900-01-01,LSH002,LCD002,1, ,2501321012,
2773,AI010,401124,41590586,377130706D,MNG244,2006-04-01,LSH022,LCD999,1, ,2809119001,
2774,AI010,2.12E+11,41590259,376161433A,MNG244,2013-06-01,LSH017,LCD004,1,"발안도시계획도로 (소2-15,18호선)  GIS DB구축 사업",21161433007,
2775,AI010,401623,41590585,377130265A,MNG244,2006-04-01,LSH021,LCD003,1, ,2705419001,
2776,AI010,300109,41590340,376150567C,MNG244,1900-01-01,LSH007,LCD002,1, ,2800313001,
2777,AI010,99920150061,41590259,376161400D,MNG244,1990-01-01,LSH000,LCD000,1, ,99920150421,
2778,AI010,99920150149,41590320,376160399C,MNG244,1990-01-01,LSH000,LCD000,1, ,99920150087,
2779,AI010,401715,41590585,377130245D,MNG244,2006-04-01,LSH022,LCD999,1, ,2900219002,
2780,AI010,200057,41590259,376161422D,MNG244,1900-01-01,LSH002,LCD002,1, ,2007812007,
2781,AI010,300180,41590350,376151062A,MNG244,1900-01-01,LSH007,LCD002,1, ,2800813004,
2782,AI010,401573,41590587,377130262A,MNG244,2006-04-01,LSH022,LCD999,1, ,2700619001,
2783,AI010,500059,41590410,377131126A,MNG244,1900-01-01,LSH007,LCD002,1,31126001,9001131109,
2784,AI010,800003,41590330,376160185D,MNG244,1900-01-01,LSH002,LCD002,1, ,9000533509,
2785,AI010,800004,41590330,376160185D,MNG244,1900-01-01,LSH002,LCD002,1, ,9000533511,
2786,AI010,500743,41590530,377130199C,MNG244,1900-01-01,LSH007,LCD002,1,30609013,2706531005,
2787,AI010,500505,41590530,377130188A,MNG244,1900-01-01,LSH007,LCD002,1,30188015,2702531001,
2788,AI010,500381,41590520,377130168D,MNG244,1900-01-01,LSH000,LCD002,1,30179051,2700931002,
2789,AI010,100418,41590253,376160565B,MNG244,1900-01-01,LSH007,LCD002,1, ,9009521001,
2790,AI010,200227,41590400,376161929A,MNG244,1900-01-01,LSH002,LCD002,1, ,1104312012,
2791,AI010,401796,41590585,377130274D,MNG244,2006-04-01,LSH022,LCD999,1, ,2702019001,
2792,AI010,401470,41590587,377130262C,MNG244,2006-04-01,LSH022,LCD999,1, ,2700619003,
2793,AI010,500103,41590410,377130672D,MNG244,1900-01-01,LSH007,LCD002,1,30682004,9000331104,
2794,AI010,100081,41590253,376160938B,MNG244,1900-01-01,LSH007,LCD002,1, ,1104311037,
2795,AI010,99920150007,41590370,376162342A,MNG244,1990-01-01,LSH000,LCD000,1, ,99920150468,
2796,AI010,500035,41590410,376161540D,MNG244,1900-01-01,LSH007,LCD002,1,31141003,9005831127,
2797,AI010,100731,41590560,376160550C,MNG244,1900-01-01,LSH007,LCD002,1, ,3330221012,
2798,AI010,5.11E+11,41590600,377130739C,MNG244,2014-01-01,LSH999,LCD004,1,화성동탄 일반산업단지 조성공사 중 GIS구축,51130739025,
2799,AI010,500654,41590550,377130234D,MNG244,1900-01-01,LSH002,LCD002,1,30245002,1331831006,
2800,AI010,500498,41590520,377130187B,MNG244,1900-01-01,LSH002,LCD002,1,30188008,9013931003,
2801,AI010,100554,41590410,376161508C,MNG244,1900-01-01,LSH007,LCD002,1, ,9005811005,
2802,AI010,500780,41590570,377130622A,MNG244,2004-01-01,LSH007,LCD002,1,30622005,1331531009,
2803,AI010,500241,41590520,377130150C,MNG244,1999-01-01,LSH007,LCD002,1,30160009,3110431007,
2804,AI010,100092,41590253,376160958A,MNG244,1900-01-01,LSH010,LCD002,1, ,9004011002,
2805,AI010,100006,41590253,376160984D,MNG244,1900-01-01,LSH007,LCD002,1, ,9003011003,
2806,AI010,810002,41590262,376160283C,MNG244,1900-01-01,LSH002,LCD002,1, ,2300133300,
2807,AI010,810004,41590262,376160284A,MNG244,1900-01-01,LSH018,LCD002,1, ,2800233282,
2808,AI010,5.11E+11,41590600,377130739A,MNG244,2014-01-01,LSH999,LCD004,1,화성동탄 일반산업단지 조성공사 중 GIS구축,51130739029,
2809,AI010,401837,41590587,377130701B,MNG244,2006-04-01,LSH022,LCD999,1, ,9010919001,
2810,AI010,200242,41590400,376161929D,MNG244,1900-01-01,LSH999,LCD002,1, ,1104312006,
2811,AI010,500422,41590570,377130171D,MNG244,1900-01-01,LSH002,LCD002,1,30182014,2400631002,
2812,AI010,401358,41590585,377130283C,MNG244,2006-04-01,LSH022,LCD999,1, ,2803819003,
2813,AI010,401355,41590585,377130283C,MNG244,2006-04-01,LSH022,LCD999,1, ,2803919003,
2814,AI010,500150,41590520,377130137A,MNG244,1900-01-01,LSH002,LCD002,1,30137002,9009231003,
2815,AI010,500403,41590520,377130178B,MNG244,1900-01-01,LSH000,LCD002,1,30179073,2701731004,
2816,AI010,100783,41590570,376160577C,MNG244,1900-01-01,LSH007,LCD002,1, ,9002721003,
2817,AI010,100038,41590253,376160977A,MNG244,1900-01-01,LSH002,LCD002,1, ,1331011038,
2818,AI010,100043,41590253,376160447C,MNG244,1900-01-01,LSH007,LCD002,1, ,2007311008,
2819,AI010,500650,41590550,377130243B,MNG244,1900-01-01,LSH007,LCD002,1,30244005,9005631301,
2820,AI010,200266,41590400,376162031D,MNG244,1900-01-01,LSH002,LCD002,1, ,3110212004,
2821,AI010,100608,41590253,376160597D,MNG244,1900-01-01,LSH007,LCD002,1, ,9007811002,
2822,AI010,500542,41590520,377130179C,MNG244,1900-01-01,LSH000,LCD002,1,30189022,2803631001,
2823,AI010,401901,41590586,377130726A,MNG244,2006-04-01,LSH022,LCD999,1, ,2806919003,
2824,AI010,401900,41590586,377130726A,MNG244,2006-04-01,LSH022,LCD999,1, ,2806919003,
2825,AI010,500414,41590570,377130172C,MNG244,1900-01-01,LSH002,LCD002,1,30182005,2400731002,
2826,AI010,100546,41590410,376161097C,MNG244,1900-01-01,LSH007,LCD002,1, ,9005811002,
2827,AI010,500351,41590520,377130178B,MNG244,1900-01-01,LSH000,LCD002,1,30179021,2802331001,
2828,AI010,401083,41590586,377130714A,MNG244,2006-04-01,LSH022,LCD999,1, ,2805819001,
2829,AI010,100431,41590253,376160564D,MNG244,1900-01-01,LSH007,LCD002,1, ,9014921002,
2830,AI010,99920150065,41590360,376160996A,MNG244,1990-01-01,LSH000,LCD000,1, ,99920150334,
2831,AI010,500484,41590520,377130187A,MNG244,1900-01-01,LSH007,LCD002,1,30187018,1208431029,
2832,AI010,100133,41590253,376160948A,MNG244,1900-01-01,LSH002,LCD002,1, ,1104311028,
2833,AI010,500512,41590520,377130188B,MNG244,1900-01-01,LSH007,LCD002,1,30188022,2703031004,
2834,AI010,100318,41590253,376160460D,MNG244,1900-01-01,LSH002,LCD002,1, ,2900621001,
2835,AI010,100825,41590253,376160597A,MNG244,1900-01-01,LSH000,LCD002,1, ,9002421002,
2836,AI010,100447,41590560,376160546C,MNG244,1900-01-01,LSH000,LCD002,1, ,9009221003,
2837,AI010,401656,41590585,377130267C,MNG244,2006-04-01,LSH999,LCD999,1, ,9030319001,
2838,AI010,401138,41590586,377130706D,MNG244,2006-04-01,LSH022,LCD999,1, ,2809019001,
2839,AI010,401139,41590586,377130706D,MNG244,2006-04-01,LSH022,LCD999,1, ,2809019001,
2840,AI010,500579,41590570,377130183D,MNG244,1900-01-01,LSH007,LCD002,1,30194001,9010831001,
2841,AI010,500554,41590520,377130179C,MNG244,1900-01-01,LSH000,LCD002,1,30189034,2803431001,
2842,AI010,810049,41590262,376160284A,MNG244,1900-01-01,LSH007,LCD002,1, ,2801033314,
2843,AI010,810077,41590262,376160282C,MNG244,1900-01-01,LSH002,LCD002,1, ,9000433294,
2844,AI010,810078,41590262,376160284A,MNG244,1900-01-01,LSH002,LCD002,1, ,2800133277,
2845,AI010,100584,41590570,376160598D,MNG244,1900-01-01,LSH007,LCD002,1, ,9007911003,
2846,AI010,401830,41590585,377130273D,MNG244,2006-04-01,LSH022,LCD999,1, ,2702019003,
2847,AI010,401808,41590585,377130274C,MNG244,2006-04-01,LSH022,LCD999,1, ,2702019003,
2848,AI010,401434,41590585,377130273D,MNG244,2006-04-01,LSH022,LCD999,1, ,2701819001,
2849,AI010,100141,41590253,376160918B,MNG244,1900-01-01,LSH002,LCD002,1, ,9000711001,
2850,AI010,500412,41590570,377130172C,MNG244,1900-01-01,LSH007,LCD002,1,30182002,2400731001,
2851,AI010,100280,41590253,376160541D,MNG244,1900-01-01,LSH000,LCD002,1, ,1104321008,
2852,AI010,401885,41590586,377130726A,MNG244,2006-04-01,LSH022,LCD999,1, ,2806719001,
2853,AI010,500716,41590530,377130198D,MNG244,2004-01-01,LSH007,LCD002,1,30608001,2600431008,
2854,AI010,100682,41590560,376160547B,MNG244,1900-01-01,LSH002,LCD002,1, ,9008321011,
2855,AI010,100262,41590253,376160511D,MNG244,1900-01-01,LSH002,LCD002,1, ,3110121015,
2856,AI010,500739,41590530,377130199C,MNG244,1900-01-01,LSH002,LCD002,1,30609009,2007131006,
2857,AI010,401617,41590585,377130265A,MNG244,2006-04-01,LSH021,LCD003,1, ,2705819004,
2858,AI010,401037,41590586,377130725B,MNG244,2006-04-01,LSH022,LCD999,1, ,2806719001,
2859,AI010,200234,41590400,376162025C,MNG244,1900-01-01,LSH002,LCD002,1, ,3110212022,
2860,AI010,2.12E+11,41590310,376160409C,MNG244,2013-06-01,LSH002,LCD004,1,서원말 취락지구 도로 개설공사 GISDB구축,21160409003,
2861,AI010,100719,41590560,376160559B,MNG244,1900-01-01,LSH000,LCD002,1, ,3220621020,
2862,AI010,401380,41590587,377130272A,MNG244,2006-04-01,LSH022,LCD999,1, ,2701719001,
2863,AI010,100161,41590253,376160593A,MNG244,1900-01-01,LSH007,LCD002,1, ,9000321006,
2864,AI010,100478,41590253,376160583D,MNG244,1900-01-01,LSH007,LCD002,1, ,9000421002,
2865,AI010,100054,41590253,376160497D,MNG244,1900-01-01,LSH002,LCD002,1, ,1332211021,
2866,AI010,401701,41590585,377130256A,MNG244,2006-04-01,LSH022,LCD999,1, ,2810319001,
2867,AI010,401922,41590587,377130262C,MNG244,2006-04-01,LSH022,LCD999,1, ,2701019001,
2868,AI010,401478,41590587,377130262A,MNG244,2006-04-01,LSH022,LCD999,1, ,2700519001,
2869,AI010,401570,41590587,377130262A,MNG244,2006-04-01,LSH022,LCD999,1, ,2700519001,
2870,AI010,401770,41590585,377130284A,MNG244,2006-04-01,LSH010,LCD999,1, ,2703419005,
2871,AI010,401738,41590585,377130284A,MNG244,2006-04-01,LSH022,LCD999,1, ,2702319003,
2872,AI010,500195,41590520,377130137D,MNG244,1900-01-01,LSH002,LCD002,1,30148018,3220131005,
2873,AI010,100372,41590253,376160523C,MNG244,1900-01-01,LSH007,LCD002,1, ,9006321001,
2874,AI010,5.11E+11,41590600,377130738D,MNG244,2014-01-01,LSH999,LCD004,1,화성동탄 일반산업단지 조성공사 중 GIS구축,51130738003,
2875,AI010,500376,41590520,377130178B,MNG244,1900-01-01,LSH000,LCD002,1,30179046,2701731002,
2876,AI010,100620,41590410,376161067A,MNG244,1900-01-01,LSH007,LCD002,1, ,1330911030,
2877,AI010,401883,41590586,377130726A,MNG244,2006-04-01,LSH022,LCD999,1, ,2806719001,
2878,AI010,500777,41590570,377130612C,MNG244,2004-01-01,LSH002,LCD002,1,30622002,1331531010,
2879,AI010,401324,41590587,377130273A,MNG244,2006-04-01,LSH022,LCD999,1, ,2800619001,
2880,AI010,401323,41590587,377130273A,MNG244,2006-04-01,LSH022,LCD999,1, ,2800619001,
2881,AI010,401322,41590587,377130273A,MNG244,2006-04-01,LSH022,LCD999,1, ,2800619001,
2882,AI010,401321,41590587,377130273A,MNG244,2006-04-01,LSH022,LCD999,1, ,2800619001,
2883,AI010,500167,41590520,377130146A,MNG244,1900-01-01,LSH000,LCD002,1,30146011,3220131002,
2884,AI010,100392,41590253,376160534D,MNG244,1900-01-01,LSH000,LCD002,1, ,1208421017,
2885,AI010,500426,41590570,377130171D,MNG244,1900-01-01,LSH007,LCD002,1,30182018,3330231002,
2886,AI010,401977,41590540,377130271C,MNG244,2006-04-01,LSH007,LCD999,1, ,9020219003,
2887,AI010,200207,41590400,376162015A,MNG244,1900-01-01,LSH007,LCD002,1, ,2005712004,
2888,AI010,401650,41590585,377130267C,MNG244,2006-04-01,LSH999,LCD999,1, ,9030319001,
2889,AI010,500731,41590530,377130609A,MNG244,1900-01-01,LSH002,LCD002,1,30609001,9015931009,
2890,AI010,99920150191,41590350,376151502D,MNG244,1990-01-01,LSH000,LCD000,1, ,99920150665,
2891,AI010,99920150182,41590320,376160208D,MNG244,1990-01-01,LSH000,LCD000,1, ,99920150545,
2892,AI010,99920150170,41590262,376160630D,MNG244,1990-01-01,LSH000,LCD000,1, ,99920150593,
2893,AI010,8.89E+11,41590256,376161715D,MNG244,2010-01-01,LSH999,LCD999,1,LP1-C1-21/원추형,88617150001,
2894,AI010,401709,41590585,377130255C,MNG244,2006-04-01,LSH021,LCD003,1, ,2705619001,
2895,AI010,100674,41590570,376160587D,MNG244,1900-01-01,LSH002,LCD002,1, ,9002721010,
2896,AI010,100799,41590570,376160577C,MNG244,1900-01-01,LSH002,LCD002,1, ,9002721002,
2897,AI010,100132,41590253,376160977B,MNG244,1900-01-01,LSH002,LCD002,1, ,9003511004,
2898,AI010,500565,41590520,377130178D,MNG244,1900-01-01,LSH000,LCD002,1,30189045,2703531001,
2899,AI010,99920150201,41590340,376151005C,MNG244,1990-01-01,LSH000,LCD000,1, ,99920150649,
2900,AI010,99920150204,41590340,376150586C,MNG244,1990-01-01,LSH000,LCD000,1, ,99920150649,
2901,AI010,99920150205,41590340,376150586C,MNG244,1990-01-01,LSH000,LCD000,1, ,99920150649,
2902,AI010,200251,41590400,376161939B,MNG244,1900-01-01,LSH999,LCD002,1, ,1104312005,
2903,AI010,100360,41590253,376160522C,MNG244,1900-01-01,LSH007,LCD002,1, ,9006621002,
2904,AI010,100650,41590410,376161097A,MNG244,1996-01-01,LSH002,LCD002,1, ,1331511004,
2905,AI010,200247,41590400,376161939B,MNG244,1900-01-01,LSH002,LCD002,1, ,1104312005,
2906,AI010,100084,41590253,376160939A,MNG244,1900-01-01,LSH007,LCD002,1, ,9004211002,
2907,AI010,401822,41590585,377130274C,MNG244,2006-04-01,LSH022,LCD999,1, ,2702019001,
2908,AI010,401238,41590585,377130293C,MNG244,2006-04-01,LSH022,LCD999,1, ,2804819003,
2909,AI010,401232,41590585,377130293C,MNG244,2006-04-01,LSH022,LCD999,1, ,2804819001,
2910,AI010,200091,41590259,376161432D,MNG244,1900-01-01,LSH007,LCD002,1, ,2700112006,
2911,AI010,100542,41590410,376161087C,MNG244,1996-01-01,LSH007,LCD002,1, ,1331511007,
2912,AI010,401795,41590585,377130274D,MNG244,2006-04-01,LSH022,LCD999,1, ,2702019001,
2913,AI010,500769,41590570,377130611B,MNG244,1900-01-01,LSH007,LCD002,1,30612003,9012631015,
2914,AI010,100487,41590253,376160512D,MNG244,1900-01-01,LSH000,LCD002,1,2EA(청사초롱),3220321013,
2915,AI010,500358,41590520,377130178B,MNG244,1900-01-01,LSH000,LCD002,1,30179028,2701731012,
2916,AI010,401160,41590585,377130706B,MNG244,2006-04-01,LSH022,LCD999,1, ,2807819001,
2917,AI010,401161,41590585,377130706B,MNG244,2006-04-01,LSH022,LCD999,1, ,2807819001,
2918,AI010,100752,41590560,376160557C,MNG244,2001-01-01,LSH007,LCD002,1, ,2007021027,
2919,AI010,401330,41590587,377130282B,MNG244,2006-04-01,LSH999,LCD999,1, ,2708219001,
2920,AI010,5.11E+11,41590600,377130739C,MNG244,2014-01-01,LSH999,LCD004,1,화성동탄 일반산업단지 조성공사 중 GIS구축,51130739016,
2921,AI010,401766,41590585,377130284A,MNG244,2006-04-01,LSH010,LCD999,1, ,2703519003,
2922,AI010,810039,41590262,376160283B,MNG244,1900-01-01,LSH007,LCD002,1, ,1107733326,
2923,AI010,300050,41590310,376160406A,MNG244,1900-01-01,LSH002,LCD002,1, ,1208413025,
2924,AI010,300113,41590340,376150577A,MNG244,1900-01-01,LSH007,LCD002,1, ,2800113031,
2925,AI010,300043,41590310,376160406B,MNG244,1900-01-01,LSH007,LCD002,1, ,2802013002,
2926,AI010,300048,41590310,376160406B,MNG244,1900-01-01,LSH002,LCD002,1, ,2802013001,
2927,AI010,500544,41590520,377130179C,MNG244,1900-01-01,LSH000,LCD002,1,30189024,2703431003,
2928,AI010,500259,41590520,377130168B,MNG244,1900-01-01,LSH000,LCD002,1,30169001,2801031003,
2929,AI010,500787,41590410,376161040B,MNG244,2004-01-01,LSH007,LCD002,1,30631004,1331531001,
2930,AI010,100860,41590253,376160577A,MNG244,1900-01-01,LSH000,LCD002,1,일반형,2501321014,
2931,AI010,1.00E+12,41590256,376161725B,MNG244,2010-01-01,LSH000,LCD002,1, ,99617250008,
2932,AI010,500283,41590520,377130177B,MNG244,1900-01-01,LSH002,LCD002,1,30177003,9013131004,
2933,AI010,500482,41590520,377130177C,MNG244,1900-01-01,LSH002,LCD002,1,30187016,9014231002,
2934,AI010,401528,41590587,377130291B,MNG244,2006-04-01,LSH022,LCD999,1, ,2801419001,
2935,AI010,401527,41590587,377130291B,MNG244,2006-04-01,LSH022,LCD999,1, ,2801419001,
2936,AI010,401506,41590585,377130286D,MNG244,2006-04-01,LSH999,LCD999,1, ,2100219039,
2937,AI010,401907,41590585,377130283C,MNG244,2006-04-01,LSH022,LCD999,1, ,2804319001,
2938,AI010,500620,41590530,377130197B,MNG244,1900-01-01,LSH002,LCD002,1,30198011,2706831008,
2939,AI010,100002,41590253,376160903A,MNG244,2003-01-01,LSH007,LCD002,1, ,1332211006,
2940,AI010,500386,41590520,377130168D,MNG244,1900-01-01,LSH000,LCD002,1,30179056,2701031006,
2941,AI010,401713,41590585,377130245D,MNG244,2006-04-01,LSH022,LCD999,1, ,2807119001,
2942,AI010,402012,41590520,377130158C,MNG244,2006-06-20,LSH002,LCD002,1, ,9000244006,
2943,AI010,100713,41590560,376160547D,MNG244,1900-01-01,LSH000,LCD002,1, ,9010921009,
2944,AI010,100535,41590410,376161066C,MNG244,1900-01-01,LSH002,LCD002,1, ,1330911026,
2945,AI010,100716,41590560,376160549D,MNG244,1900-01-01,LSH000,LCD002,1, ,9012621001,
2946,AI010,99920150102,41590370,376161249B,MNG244,1990-01-01,LSH000,LCD000,1, ,99920150483,
2947,AI010,100583,41590570,376160598D,MNG244,1900-01-01,LSH002,LCD002,1, ,9008211001,
2948,AI010,500602,41590520,377130187C,MNG244,1900-01-01,LSH002,LCD002,1,30197010,2706831005,
2949,AI010,500645,41590550,377130233C,MNG244,1900-01-01,LSH002,LCD002,1,30243002,9009631002,
2950,AI010,100588,41590570,376161008B,MNG244,1900-01-01,LSH007,LCD002,1, ,9008311001,
2951,AI010,300025,41590310,376122493D,MNG244,1900-01-01,LSH002,LCD002,1, ,1208413008,
2952,AI010,99920150151,41590310,376122483D,MNG244,1990-01-01,LSH000,LCD000,1, ,99920150208,
2953,AI010,401294,41590587,377130701B,MNG244,2006-04-01,LSH022,LCD999,1, ,2802419001,
2954,AI010,300118,41590340,376150577B,MNG244,1900-01-01,LSH007,LCD002,1, ,2800313009,
2955,AI010,300119,41590340,376150577B,MNG244,1900-01-01,LSH007,LCD002,1, ,2800313010,
2956,AI010,300120,41590340,376150577A,MNG244,1900-01-01,LSH007,LCD002,1, ,2800113032,
2957,AI010,300121,41590340,376150578A,MNG244,1900-01-01,LSH007,LCD002,1, ,2800313011,
2958,AI010,100255,41590310,376160511B,MNG244,1900-01-01,LSH007,LCD002,1, ,9013921002,
2959,AI010,500209,41590520,377130147C,MNG244,1900-01-01,LSH002,LCD002,1,30157003,9008831003,
2960,AI010,200273,41590400,376161949A,MNG244,1900-01-01,LSH007,LCD002,1, ,1330612002,
2961,AI010,5.11E+11,41590600,377130738D,MNG244,2014-01-01,LSH999,LCD004,1,화성동탄 일반산업단지 조성공사 중 GIS구축,51130738010,
2962,AI010,300151,41590340,376150577A,MNG244,1900-01-01,LSH007,LCD002,1, ,1330513016,
2963,AI010,300152,41590340,376150578A,MNG244,1900-01-01,LSH007,LCD002,1, ,2300113017,
2964,AI010,500357,41590520,377130178B,MNG244,1900-01-01,LSH000,LCD002,1,30179027,2701731012,
2965,AI010,810084,41590262,376160283A,MNG244,1900-01-01,LSH018,LCD002,1, ,2600133320,
2966,AI010,300004,41590310,376122492B,MNG244,1900-01-01,LSH018,LCD002,1, ,1208413002,
2967,AI010,300005,41590310,376122492B,MNG244,1900-01-01,LSH018,LCD002,1, ,1208413002,
2968,AI010,100782,41590570,376160577C,MNG244,1900-01-01,LSH007,LCD002,1, ,9002721003,
2969,AI010,100326,41590253,376160460D,MNG244,1900-01-01,LSH000,LCD002,1, ,2800321001,
2970,AI010,100574,41590410,376161048C,MNG244,1900-01-01,LSH007,LCD002,1, ,9006711005,
2971,AI010,2.12E+11,41590256,376161724D,MNG244,2011-06-01,LSH999,LCD004,1,조암도시계획도로 (중로 1-2호선) 개설공사 GIS DB구축 사업,21161724003,
2972,AI010,2.12E+11,41590256,376161724D,MNG244,2011-06-01,LSH999,LCD004,1,조암도시계획도로 (중로 1-2호선) 개설공사 GIS DB구축 사업,21161724003,
2973,AI010,2.12E+11,41590256,376161724D,MNG244,2011-06-01,LSH999,LCD004,1,조암도시계획도로 (중로 1-2호선) 개설공사 GIS DB구축 사업,21161724003,
2974,AI010,401505,41590585,377130266A,MNG244,2006-04-01,LSH021,LCD003,1, ,2705419001,
2975,AI010,401664,41590585,377130256C,MNG244,2006-04-01,LSH021,LCD003,1, ,2705419001,
2976,AI010,401716,41590585,377130245D,MNG244,2006-04-01,LSH022,LCD999,1, ,2807019001,
2977,AI010,401254,41590585,377130293A,MNG244,2006-04-01,LSH022,LCD999,1, ,2804719001,
2978,AI010,401253,41590585,377130293A,MNG244,2006-04-01,LSH022,LCD999,1, ,2804719001,
2979,AI010,401252,41590585,377130293A,MNG244,2006-04-01,LSH022,LCD999,1, ,2804619003,
2980,AI010,401244,41590585,377130293A,MNG244,2006-04-01,LSH022,LCD999,1, ,2804519003,
2981,AI010,401243,41590585,377130293A,MNG244,2006-04-01,LSH022,LCD999,1, ,2804519003,
2982,AI010,8.89E+11,41590259,376161300C,MNG244,2016-01-01,LSH030,LCD002,1,화성 향남 2지구 도로 및 지하시설물 DB 구축(20170831),613991685,
2983,AI010,100274,41590253,376160551B,MNG244,1900-01-01,LSH000,LCD002,1, ,9005321001,
2984,AI010,300085,41590320,376160323D,MNG244,1900-01-01,LSH007,LCD002,1, ,2800113007,
2985,AI010,426028,41590253,376160573A,MNG244,2008-07-24,LSH010,LCD002,1, ,1019042013,
2986,AI010,401561,41590587,377130262C,MNG244,2006-04-01,LSH022,LCD999,1, ,2701119001,
2987,AI010,401560,41590587,377130262C,MNG244,2006-04-01,LSH022,LCD999,1, ,2701119001,
2988,AI010,100807,41590253,376160597A,MNG244,1900-01-01,LSH000,LCD002,1, ,9001921002,
2989,AI010,820031,41590256,376161734A,MNG244,2007-01-01,LSH018,LCD002,1, ,2400333009,
2990,AI010,401239,41590585,377130293A,MNG244,2006-04-01,LSH022,LCD999,1, ,2804719003,
2991,AI010,500382,41590520,377130169C,MNG244,1900-01-01,LSH000,LCD002,1,30179052,2701731007,
2992,AI010,100077,41590253,376160928C,MNG244,1900-01-01,LSH007,LCD002,1, ,9001611002,
2993,AI010,100555,41590410,376161518A,MNG244,1900-01-01,LSH007,LCD002,1, ,9005811005,
2994,AI010,200135,41590259,376161544A,MNG244,1900-01-01,LSH002,LCD002,1, ,1208212016,
2995,AI010,500257,41590520,377130168B,MNG244,1900-01-01,LSH000,LCD002,1,30169003,2801031002,
2996,AI010,500335,41590520,377130179A,MNG244,1900-01-01,LSH000,LCD002,1,30179005,2703531003,
2997,AI010,500248,41590570,377130154D,MNG244,1900-01-01,LSH000,LCD002,1,30165007,9009831001,
2998,AI010,1.00E+12,41590253,376160511D,MNG062,2010-01-01,LSH999,LCD004,1, ,99960000000,
2999,AI010,100837,41590560,376160548A,MNG244,1900-01-01,LSH000,LCD002,1, ,9011221002,
3000,AI010,200017,41590360,376160859C,MNG244,1900-01-01,LSH007,LCD002,1, ,2007812059,
3001,AI010,401820,41590585,377130274C,MNG244,2006-04-01,LSH022,LCD999,1, ,2703419003,
3002,AI010,100861,41590570,376160577A,MNG244,1900-01-01,LSH000,LCD002,1, ,9004021001,
3003,AI010,500603,41590520,377130187D,MNG244,1900-01-01,LSH002,LCD002,1,30197001,2706831005,
3004,AI010,401582,41590585,377130255A,MNG244,2006-04-01,LSH021,LCD003,1, ,2705419001,
3005,AI010,401666,41590585,377130256C,MNG244,2006-04-01,LSH021,LCD003,1, ,2807419001,
3006,AI010,401667,41590585,377130256C,MNG244,2006-04-01,LSH021,LCD003,1, ,2709919001,
3007,AI010,401665,41590585,377130256C,MNG244,2006-04-01,LSH021,LCD003,1, ,2709919001,
3008,AI010,500160,41590520,377130138B,MNG244,1900-01-01,LSH002,LCD002,1,30139003,3220131005,
3009,AI010,401282,41590587,377130701B,MNG244,2006-04-01,LSH022,LCD999,1, ,2802419003,
3010,AI010,99920150148,41590310,376160405D,MNG244,1990-01-01,LSH000,LCD000,1, ,99920150170,
3011,AI010,100220,41590253,376160430A,MNG244,1900-01-01,LSH000,LCD002,1, ,3110121009,
3012,AI010,500806,41590253,376160470B,MNG244,1900-01-01,LSH007,LCD002,1, ,2006431026,
3013,AI010,5.11E+11,41590600,377130738B,MNG244,2014-01-01,LSH999,LCD004,1,화성동탄 일반산업단지 조성공사 중 GIS구축,51130738037,
3014,AI010,401914,41590587,377130272A,MNG244,2006-04-01,LSH022,LCD999,1, ,2701419001,
3015,AI010,401189,41590586,377130706A,MNG244,2006-04-01,LSH022,LCD999,1, ,2808119003,
3016,AI010,200165,41590400,376161560A,MNG244,1900-01-01,LSH002,LCD002,1, ,1208212036,
3017,AI010,100090,41590253,376160949B,MNG244,1900-01-01,LSH002,LCD002,1, ,9004211006,
3018,AI010,500574,41590570,377130191B,MNG244,1900-01-01,LSH007,LCD002,1,30192003,9012031001,
3019,AI010,200108,41590259,376161432D,MNG244,1900-01-01,LSH007,LCD002,1, ,2700112003,
3020,AI010,500814,41590253,376160470B,MNG244,1900-01-01,LSH007,LCD002,1, ,2006431024,
3021,AI010,500369,41590520,377130168D,MNG244,1900-01-01,LSH000,LCD002,1,30179039,2701731004,
3022,AI010,300081,41590320,376160324C,MNG244,1900-01-01,LSH002,LCD002,1, ,2800113011,
3023,AI010,300084,41590320,376160323D,MNG244,1900-01-01,LSH007,LCD002,1, ,2800113010,
3024,AI010,100096,41590253,376160957B,MNG244,2001-01-01,LSH002,LCD002,1, ,2006711014,
3025,AI010,100465,41590253,376160576A,MNG244,1900-01-01,LSH000,LCD002,1, ,2710621003,
3026,AI010,200239,41590400,376162025C,MNG244,1900-01-01,LSH002,LCD002,1, ,3110212022,
3027,AI010,100850,41590570,376160588D,MNG244,1900-01-01,LSH007,LCD002,1, ,9001121001,
3028,AI010,500112,41590410,377130662D,MNG244,1900-01-01,LSH007,LCD002,1,30672006,9002331103,
3029,AI010,500707,41590530,377130195D,MNG244,1900-01-01,LSH002,LCD002,1,30606007,2600731011,
3030,AI010,200214,41590400,376162015D,MNG244,1900-01-01,LSH002,LCD002,1, ,3110212027,
3031,AI010,401970,41590259,376161431D,MNG244,2004-07-31,LHS017,LCD002,1, ,2806891001,
3032,AI010,100380,41590253,376160524C,MNG244,1900-01-01,LSH002,LCD002,1, ,1208421009,
3033,AI010,2.12E+11,41590259,376161942C,MNG244,2014-12-15,LSH999,LCD004,1,발안도시계획도로(소로1-32호선)개설공사 GIS DB구축 사업,21112150002,
3034,AI010,100498,41590253,376160597B,MNG244,2003-01-01,LSH002,LCD002,1, ,1332221005,
3035,AI010,426002,41590253,376160565B,MNG244,2008-07-24,LSH002,LCD002,1, ,1019042016,
3036,AI010,401411,41590585,377130283B,MNG244,2006-04-01,LSH022,LCD999,1, ,2701919003,
3037,AI010,401410,41590585,377130283B,MNG244,2006-04-01,LSH022,LCD999,1, ,2701919003,
3038,AI010,401813,41590585,377130274C,MNG244,2006-04-01,LSH022,LCD999,1, ,2703919003,
3039,AI010,401812,41590585,377130274C,MNG244,2006-04-01,LSH022,LCD999,1, ,2703919003,
3040,AI010,401172,41590586,377130706B,MNG244,2006-04-01,LSH022,LCD999,1, ,2808319001,
3041,AI010,401169,41590586,377130706B,MNG244,2006-04-01,LSH022,LCD999,1, ,2808319001,
3042,AI010,401165,41590586,377130706B,MNG244,2006-04-01,LSH022,LCD999,1, ,2808319001,
3043,AI010,401164,41590586,377130706B,MNG244,2006-04-01,LSH022,LCD999,1, ,2808319001,
3044,AI010,200281,41590400,376162042C,MNG244,1900-01-01,LSH002,LCD002,1, ,3110212007,
3045,AI010,500464,41590570,377130175C,MNG244,1900-01-01,LSH002,LCD002,1,30185009,3110531005,
3046,AI010,2.12E+11,41590262,376160274C,MNG244,2013-11-01,LSH002,LCD004,1,남양도시계획도로(소로2-9호선)개설공사 GIS DB구축 사업,21160274002,
3047,AI010,2.12E+11,41590262,376160274C,MNG244,2013-11-01,LSH002,LCD004,1,남양도시계획도로(소로2-9호선)개설공사 GIS DB구축 사업,21160274002,
3048,AI010,2.12E+11,41590259,376161432B,MNG244,2013-06-01,LSH017,LCD004,1,"발안도시계획도로 (소2-15,18호선)  GIS DB구축 사업",21161432003,
3049,AI010,2.12E+11,41590259,376161432B,MNG244,2013-06-01,LSH017,LCD004,1,"발안도시계획도로 (소2-15,18호선)  GIS DB구축 사업",21161432003,
3050,AI010,100835,41590560,376160547B,MNG244,1900-01-01,LSH000,LCD002,1, ,9011321001,
3051,AI010,100359,41590253,376160522C,MNG244,1900-01-01,LSH007,LCD002,1, ,9006121001,
3052,AI010,500439,41590570,377130182B,MNG244,1900-01-01,LSH002,LCD002,1,30183008,2707031002,
3053,AI010,100278,41590253,376160541D,MNG244,1900-01-01,LSH002,LCD002,1, ,1104321010,
3054,AI010,500038,41590410,377131136B,MNG244,1900-01-01,LSH002,LCD002,1,31137003,1208231121,
3055,AI010,500430,41590570,377130171D,MNG244,1900-01-01,LSH002,LCD002,1,30182022,3330231004,
3056,AI010,200098,41590259,376161432D,MNG244,1900-01-01,LSH007,LCD002,1, ,2600112006,
3057,AI010,500308,41590520,377130168D,MNG244,1900-01-01,LSH000,LCD002,1,30178023,2700931003,
3058,AI010,100675,41590570,376160587D,MNG244,1900-01-01,LSH002,LCD002,1, ,9002921001,
3059,AI010,100309,41590253,376160460B,MNG244,1900-01-01,LSH007,LCD002,1, ,2007321004,
3060,AI010,200064,41590259,376161423C,MNG244,1900-01-01,LSH002,LCD002,1, ,2701212001,
3061,AI010,401685,41590585,377130256A,MNG244,2006-04-01,LSH022,LCD999,1, ,2810219001,
3062,AI010,401686,41590585,377130256A,MNG244,2006-04-01,LSH022,LCD999,1, ,2810219001,
3063,AI010,100642,41590410,376161039C,MNG244,2004-01-01,LSH002,LCD002,1, ,1331511024,
3064,AI010,100064,41590253,376160918B,MNG244,1900-01-01,LSH002,LCD002,1, ,9000811002,
3065,AI010,401304,41590587,377130701A,MNG244,2006-04-01,LSH022,LCD999,1, ,2802419001,
3066,AI010,200171,41590400,376161559D,MNG244,1900-01-01,LSH007,LCD002,1, ,2005712032,
3067,AI010,401651,41590585,377130267C,MNG244,2006-04-01,LSH999,LCD999,1, ,9030319001,
3068,AI010,401653,41590585,377130267C,MNG244,2006-04-01,LSH999,LCD999,1, ,9030319001,
3069,AI010,800005,41590330,376160186D,MNG244,1900-01-01,LSH017,LCD002,1,견착,9000533501,
3070,AI010,500337,41590520,377130179A,MNG244,1900-01-01,LSH000,LCD002,1,30179007,2701731007,
3071,AI010,100311,41590253,376160541D,MNG244,1900-01-01,LSH000,LCD002,1, ,1104321009,
3072,AI010,100316,41590253,376160460D,MNG244,1900-01-01,LSH007,LCD002,1, ,2800321001,
3073,AI010,401179,41590586,377130706A,MNG244,2006-04-01,LSH022,LCD999,1, ,2807719001,
3074,AI010,100647,41590410,376161077B,MNG244,1996-01-01,LSH002,LCD002,1, ,1331511013,
3075,AI010,99920150040,41590400,376161919A,MNG244,1990-01-01,LSH000,LCD000,1, ,99920150308,
3076,AI010,99920150070,41590360,376160879C,MNG244,1990-01-01,LSH000,LCD000,1, ,99920150368,
3077,AI010,810057,41590262,376160284B,MNG244,1900-01-01,LSH002,LCD002,1, ,1107733261,
3078,AI010,401424,41590585,377130273D,MNG244,2006-04-01,LSH022,LCD999,1, ,2702719001,
3079,AI010,500341,41590520,377130179A,MNG244,1900-01-01,LSH000,LCD002,1,30179011,2703531003,
3080,AI010,810021,41590262,376160282C,MNG244,1900-01-01,LSH007,LCD002,1, ,2600233296,
3081,AI010,401638,41590585,377130266A,MNG244,2006-04-01,LSH999,LCD999,1, ,2200119005,
3082,AI010,401008,41590587,377130253C,MNG244,2006-04-01,LSH021,LCD003,1, ,2700119001,
3083,AI010,401563,41590587,377130262C,MNG244,2006-04-01,LSH022,LCD999,1, ,2701119001,
3084,AI010,99920150223,41590340,376150528B,MNG244,1990-01-01,LSH000,LCD000,1, ,99920150617,
3085,AI010,100536,41590410,376161066C,MNG244,1900-01-01,LSH002,LCD002,1, ,9004911001,
3086,AI010,401721,41590585,377130245D,MNG244,2006-04-01,LSH022,LCD999,1, ,2807119001,
3087,AI010,5.11E+11,41590600,377130739C,MNG244,2014-01-01,LSH999,LCD004,1,화성동탄 일반산업단지 조성공사 중 GIS구축,51130739015,
3088,AI010,300019,41590310,376122496D,MNG244,1900-01-01,LSH002,LCD002,1, ,2802013007,
3089,AI010,99920150190,41590340,376160142B,MNG244,1990-01-01,LSH000,LCD000,1, ,99920150272,
3090,AI010,2.12E+11,41590330,376160623A,MNG244,1900-01-01,LSH002,LCD002,1,견착,21160623002,
3091,AI010,2.12E+11,41590330,376160623A,MNG244,1900-01-01,LSH002,LCD002,1,견착,21160623003,
3092,AI010,401004,41590259,376161340D,MNG244,2004-07-31,LHS017,LCD002,1, ,2807991001,
3093,AI010,500567,41590520,377130179A,MNG244,1900-01-01,LSH000,LCD002,1,30189047,2803531001,
3094,AI010,500502,41590520,377130187B,MNG244,1900-01-01,LSH002,LCD002,1,30188012,9014131008,
3095,AI010,200223,41590400,376161929A,MNG244,1900-01-01,LSH002,LCD002,1, ,1104312012,
3096,AI010,100602,41590410,376161068A,MNG244,1900-01-01,LSH007,LCD002,1, ,9006411002,
3097,AI010,100527,41590410,376161039C,MNG244,2004-01-01,LSH007,LCD002,1, ,1331511025,
3098,AI010,100151,41590253,376160928B,MNG244,1900-01-01,LSH002,LCD002,1, ,1104311047,
3099,AI010,300069,41590320,376160325B,MNG244,1900-01-01,LSH017,LCD002,1, ,2800613005,
3100,AI010,200090,41590259,376161432D,MNG244,1900-01-01,LSH007,LCD002,1, ,2801712002,
3101,AI010,99920150073,41590360,376160879C,MNG244,1990-01-01,LSH000,LCD000,1, ,99920150368,
3102,AI010,99920150074,41590360,376160879C,MNG244,1990-01-01,LSH000,LCD000,1, ,99920150368,
3103,AI010,100564,41590410,376161528B,MNG244,1900-01-01,LSH007,LCD002,1, ,9005811012,
3104,AI010,100118,41590253,376160938A,MNG244,1900-01-01,LSH002,LCD002,1, ,1104311037,
3105,AI010,500372,41590520,377130178B,MNG244,1900-01-01,LSH000,LCD002,1,30179042,2701931003,
3106,AI010,99920150032,41590400,376161963B,MNG244,1990-01-01,LSH000,LCD000,1, ,99920150303,
3107,AI010,500447,41590570,377130173C,MNG244,1900-01-01,LSH007,LCD002,1,30183016,9010731002,
3108,AI010,500596,41590570,377130185A,MNG244,1900-01-01,LSH007,LCD002,1,30195006,2501031007,
3109,AI010,500137,41590520,377130136D,MNG244,1900-01-01,LSH002,LCD002,1,30147003,3220131003,
3110,AI010,2.12E+11,41590256,376162118D,MNG244,2013-01-01,LSH002,LCD004,1,이화-석천간(2공구)도로확포장공사 GIS DB 구축 사업,21162129001,
3111,AI010,2.12E+11,41590256,376162118D,MNG244,2013-01-01,LSH002,LCD004,1,이화-석천간(2공구)도로확포장공사 GIS DB 구축 사업,21162129001,
3112,AI010,401882,41590586,377130726A,MNG244,2006-04-01,LSH022,LCD999,1, ,2806719001,
3113,AI010,100070,41590253,376160928A,MNG244,1900-01-01,LSH007,LCD002,1, ,9001311004,
3114,AI010,5.11E+11,41590600,377130738D,MNG244,2014-01-01,LSH999,LCD004,1,화성동탄 일반산업단지 조성공사 중 GIS구축,51130738002,
3115,AI010,5.11E+11,41590600,377130738D,MNG244,2014-01-01,LSH999,LCD004,1,화성동탄 일반산업단지 조성공사 중 GIS구축,51130738002,
3116,AI010,100821,41590253,376160587C,MNG244,1900-01-01,LSH007,LCD002,1, ,9002421001,
3117,AI010,2.12E+11,41590330,376160646C,MNG244,1900-01-01,LSH002,LCD002,1,견착,21160646001,
3118,AI010,2.12E+11,41590330,376160646C,MNG244,1900-01-01,LSH006,LCD002,1,견착,21160646002,
3119,AI010,5.11E+11,41590600,377130738D,MNG244,2014-01-01,LSH999,LCD004,1,화성동탄 일반산업단지 조성공사 중 GIS구축,51130738009,
3120,AI010,500131,41590410,376161070B,MNG244,1900-01-01,LSH002,LCD002,1,30661003,1331031128,
3121,AI010,401277,41590587,377130701A,MNG244,2006-04-01,LSH022,LCD999,1, ,2802219001,
3122,AI010,300132,41590340,376150578B,MNG244,1900-01-01,LSH007,LCD002,1, ,2800313016,
3123,AI010,300133,41590340,376150578A,MNG244,2005-01-01,LSH007,LCD002,1, ,2801913006,
3124,AI010,500592,41590570,377130185D,MNG244,1900-01-01,LSH007,LCD002,1,30195002,2501031004,
3125,AI010,100182,41590410,376161015D,MNG244,1900-01-01,LSH007,LCD002,1, ,9007111007,
3126,AI010,5.11E+11,41590600,377130777D,MNG244,2014-01-01,LSH007,LCD004,1,화성동탄 일반산업단지 조성공사 중 GIS구축,51130777045,
3127,AI010,5.11E+11,41590600,377130778A,MNG244,2014-01-01,LSH007,LCD004,1,화성동탄 일반산업단지 조성공사 중 GIS구축,51130778057,
3128,AI010,5.11E+11,41590600,377130758A,MNG244,2014-01-01,LSH007,LCD004,1,화성동탄 일반산업단지 조성공사 중 GIS구축,51130758085,
3129,AI010,5.11E+11,41590600,377130749A,MNG244,2014-01-01,LSH999,LCD004,1,화성동탄 일반산업단지 조성공사 중 GIS구축,51130749108,
3130,AI010,5.11E+11,41590600,377130748B,MNG244,2014-01-01,LSH999,LCD004,1,화성동탄 일반산업단지 조성공사 중 GIS구축,51130749108,
3131,AI010,500214,41590520,377130148C,MNG244,1900-01-01,LSH007,LCD002,1,30158003,9007931001,
3132,AI010,401348,41590585,377130283A,MNG244,2006-04-01,LSH022,LCD999,1, ,2803519001,
3133,AI010,401066,41590586,377130714C,MNG244,2006-04-01,LSH022,LCD999,1, ,2805819005,
3134,AI010,500204,41590520,377130146D,MNG244,1900-01-01,LSH002,LCD002,1,30157008,9008831002,
3135,AI010,100800,41590570,376160577C,MNG244,1900-01-01,LSH002,LCD002,1, ,9003921005,
3136,AI010,100518,41590570,376160599D,MNG244,1900-01-01,LSH007,LCD002,1, ,9008511003,
3137,AI010,5.11E+11,41590600,377130748B,MNG244,2014-01-01,LSH999,LCD004,1,화성동탄 일반산업단지 조성공사 중 GIS구축,51130738008,
3138,AI010,300051,41590310,376160406A,MNG244,1900-01-01,LSH002,LCD002,1, ,1208413023,
3139,AI010,100655,41590570,376160587B,MNG244,1900-01-01,LSH002,LCD002,1, ,9002721008,
3140,AI010,500535,41590520,377130179D,MNG244,1900-01-01,LSH000,LCD002,1,30189015,2703531004,
3141,AI010,401425,41590585,377130273D,MNG244,2006-04-01,LSH022,LCD999,1, ,2702719001,
3142,AI010,100644,41590410,376161039B,MNG244,2004-01-01,LSH002,LCD002,1, ,1331511025,
3143,AI010,99920150120,41590588,377130801C,MNG244,1990-01-01,LSH000,LCD000,1, ,99920150002,
3144,AI010,300087,41590320,376160325D,MNG244,1900-01-01,LSH007,LCD002,1, ,2800613011,
3145,AI010,300088,41590320,376160323D,MNG244,1900-01-01,LSH002,LCD002,1, ,2800113010,
3146,AI010,100585,41590570,376160599C,MNG244,1900-01-01,LSH007,LCD002,1, ,9007711003,
3147,AI010,500272,41590570,377130175A,MNG244,1900-01-01,LSH002,LCD002,1,30175001,3110531005,
3148,AI010,500115,41590410,377130672A,MNG244,1900-01-01,LSH002,LCD002,1,30672003,9000331102,
3149,AI010,500660,41590550,377130251A,MNG244,1900-01-01,LSH002,LCD002,1,30251001,3110431001,
3150,AI010,9.99E+11,41590550,377130224C,MNG244,2009-01-01,LSH020,LCD002,1, ,99302240004,
3151,AI010,9.99E+11,41590550,377130224C,MNG244,2009-01-01,LSH020,LCD002,1, ,99302240004,
3152,AI010,401693,41590585,377130256A,MNG244,2006-04-01,LSH022,LCD999,1, ,2810119001,
3153,AI010,500145,41590520,377130137C,MNG244,1900-01-01,LSH002,LCD002,1,30147011,3220131004,
3154,AI010,100242,41590253,376160489D,MNG244,1900-01-01,LSH002,LCD002,1, ,1104311071,
3155,AI010,500307,41590520,377130168D,MNG244,1900-01-01,LSH000,LCD002,1,30178022,2801231002,
3156,AI010,2.12E+11,41590370,376161854A,MNG244,2011-06-01,LSH999,LCD004,1,장안면 독정리 247-2번지 원인자 공사,21161854008,
3157,AI010,2.12E+11,41590370,376161854A,MNG244,2011-06-01,LSH999,LCD004,1,장안면 독정리 247-2번지 원인자 공사,21161854008,
3158,AI010,2.12E+11,41590370,376161854A,MNG244,2011-06-01,LSH999,LCD004,1,장안면 독정리 247-2번지 원인자 공사,21161854008,
3159,AI010,2.12E+11,41590370,376161854A,MNG244,2011-06-01,LSH999,LCD004,1,장안면 독정리 247-2번지 원인자 공사,21161854008,
3160,AI010,2.12E+11,41590370,376161854A,MNG244,2011-06-01,LSH999,LCD004,1,장안면 독정리 247-2번지 원인자 공사,21161854008,
3161,AI010,500541,41590520,377130179C,MNG244,1900-01-01,LSH000,LCD002,1,30189021,2803631001,
3162,AI010,401178,41590586,377130706A,MNG244,2006-04-01,LSH022,LCD999,1, ,2807719001,
3163,AI010,500245,41590570,377130164B,MNG244,1900-01-01,LSH002,LCD002,1,30165004,9009931001,
3164,AI010,401937,41590587,377130272C,MNG244,2006-04-01,LSH022,LCD999,1, ,2809419001,
3165,AI010,401423,41590585,377130273D,MNG244,2006-04-01,LSH022,LCD999,1, ,2702819001,
3166,AI010,402008,41590540,377130189B,MNG244,2006-06-20,LSH007,LCD002,1, ,9003044128,
3167,AI010,402009,41590540,377130189B,MNG244,2006-06-20,LSH002,LCD002,1, ,9002944136,
3168,AI010,500540,41590520,377130179C,MNG244,1900-01-01,LSH000,LCD002,1,30189020,2803631001,
3169,AI010,500701,41590570,377130191D,MNG244,1900-01-01,LSH002,LCD002,1,30601001,1208431002,
3170,AI010,200118,41590259,376161432D,MNG244,2003-01-01,LSH002,LCD002,1, ,2802412002,
3171,AI010,200045,41590259,376161421A,MNG244,1900-01-01,LSH002,LCD002,1, ,2007812012,
3172,AI010,99920150086,41590256,376161617B,MNG244,1990-01-01,LSH000,LCD000,1, ,99920150512,
3173,AI010,401234,41590585,377130293C,MNG244,2006-04-01,LSH022,LCD999,1, ,2804819001,
3174,AI010,401236,41590585,377130293C,MNG244,2006-04-01,LSH022,LCD999,1, ,2804919001,
3175,AI010,200133,41590259,376161544A,MNG244,1900-01-01,LSH002,LCD002,1, ,1208212016,
3176,AI010,500246,41590570,377130164B,MNG244,1900-01-01,LSH007,LCD002,1,30165005,3110131005,
3177,AI010,500274,41590570,377130174B,MNG244,1900-01-01,LSH002,LCD002,1,30175003,3110531005,
3178,AI010,200026,41590360,376160971B,MNG244,1900-01-01,LSH018,LCD002,1, ,1331812012,
3179,AI010,500239,41590520,377130150D,MNG244,1999-01-01,LSH002,LCD002,1,30160007,9007431301,
3180,AI010,401720,41590585,377130245D,MNG244,2006-04-01,LSH022,LCD999,1, ,2807119001,
3181,AI010,200222,41590400,376162025A,MNG244,1900-01-01,LSH002,LCD002,1, ,3110212026,
3182,AI010,500745,41590530,377130199A,MNG244,1900-01-01,LSH002,LCD002,1,30609015,2706531002,
3183,AI010,100730,41590560,376160560A,MNG244,1900-01-01,LSH000,LCD002,1, ,3330221011,
3184,AI010,401287,41590587,377130701B,MNG244,2006-04-01,LSH022,LCD999,1, ,2802919001,
3185,AI010,500662,41590550,377130241C,MNG244,1900-01-01,LSH002,LCD002,1,30251003,9005831319,
3186,AI010,500319,41590520,377130168A,MNG244,1900-01-01,LSH000,LCD002,1,30178034,2701031003,
3187,AI010,8.89E+11,41590259,376161472A,MNG244,2016-01-01,LSH030,LCD002,1,화성 향남 2지구 도로 및 지하시설물 DB 구축(20170831),614621699,
3188,AI010,8.89E+11,41590259,376161472A,MNG244,2016-01-01,LSH030,LCD002,1,화성 향남 2지구 도로 및 지하시설물 DB 구축(20170831),614621699,
3189,AI010,8.89E+11,41590259,376161472A,MNG244,2016-01-01,LSH030,LCD002,1,화성 향남 2지구 도로 및 지하시설물 DB 구축(20170831),614621699,
3190,AI010,300164,41590350,376150960D,MNG244,1900-01-01,LSH002,LCD002,1, ,2300213004,
3191,AI010,810033,41590262,376160274C,MNG244,1900-01-01,LSH007,LCD002,1, ,1107733335,
3192,AI010,100530,41590410,376161047C,MNG244,1900-01-01,LSH007,LCD002,1, ,9006911004,
3193,AI010,100791,41590570,376160587A,MNG244,1900-01-01,LSH007,LCD002,1, ,9002721006,
3194,AI010,200002,41590360,376160817D,MNG244,1900-01-01,LSH002,LCD002,1, ,2007812093,
3195,AI010,500614,41590530,377130197B,MNG244,2004-01-01,LSH999,LCD002,1,30198003,2600431003,
3196,AI010,2.12E+11,41590256,376161725C,MNG244,2011-06-01,LSH999,LCD004,1,조암도시계획도로 (중로 1-2호선) 개설공사 GIS DB구축 사업,21161724003,
3197,AI010,401565,41590587,377130262C,MNG244,2006-04-01,LSH022,LCD999,1, ,2700819001,
3198,AI010,401566,41590587,377130262A,MNG244,2006-04-01,LSH022,LCD999,1, ,2700819001,
3199,AI010,500083,41590410,377131102B,MNG244,1900-01-01,LSH007,LCD002,1,31103003,1331431119,
3200,AI010,401769,41590585,377130284A,MNG244,2006-04-01,LSH010,LCD999,1, ,2703419005,
3201,AI010,500250,41590570,377130155C,MNG244,1900-01-01,LSH007,LCD002,1,30165009,3110131004,
3202,AI010,401710,41590585,377130255C,MNG244,2006-04-01,LSH021,LCD003,1, ,2705619001,
3203,AI010,401296,41590587,377130701D,MNG244,2006-04-01,LSH022,LCD999,1, ,2802419001,
3204,AI010,401315,41590587,377130263C,MNG244,2006-04-01,LSH022,LCD999,1, ,2800419001,
3205,AI010,100042,41590253,376160446D,MNG244,1900-01-01,LSH007,LCD002,1, ,9000111001,
3206,AI010,100181,41590410,376161015C,MNG244,1900-01-01,LSH007,LCD002,1, ,9007111007,
3207,AI010,401140,41590586,377130706D,MNG244,2006-04-01,LSH022,LCD999,1, ,9010219001,
3208,AI010,401202,41590586,377130705C,MNG244,2006-04-01,LSH010,LCD999,1, ,2709219003,
3209,AI010,401201,41590586,377130705C,MNG244,2006-04-01,LSH010,LCD999,1, ,2709219003,
3210,AI010,300027,41590310,376122495D,MNG244,1900-01-01,LSH002,LCD002,1, ,1208413018,
3211,AI010,500338,41590520,377130169C,MNG244,1900-01-01,LSH000,LCD002,1,30179008,2701731007,
3212,AI010,100589,41590570,376161008B,MNG244,1900-01-01,LSH007,LCD002,1, ,9008311001,
3213,AI010,100607,41590570,376160598C,MNG244,1900-01-01,LSH007,LCD002,1, ,9007811003,
3214,AI010,5.11E+11,41590600,377130739A,MNG244,2014-01-01,LSH999,LCD004,1,화성동탄 일반산업단지 조성공사 중 GIS구축,51130739011,
3215,AI010,100206,41590410,376161065D,MNG244,1900-01-01,LSH007,LCD002,1, ,9004911001,
3216,AI010,200236,41590400,376161929D,MNG244,1900-01-01,LSH002,LCD002,1, ,1104312009,
3217,AI010,200141,41590259,376161442C,MNG244,1900-01-01,LSH002,LCD002,1, ,2007812003,
3218,AI010,100522,41590410,376161037C,MNG244,1900-01-01,LSH007,LCD002,1, ,9006911008,
3219,AI010,401778,41590585,377130283B,MNG244,2006-04-01,LSH010,LCD999,1, ,2702219005,
3220,AI010,5.11E+11,41590600,377130748B,MNG244,2014-01-01,LSH999,LCD004,1,화성동탄 일반산업단지 조성공사 중 GIS구축,51130738009,
3221,AI010,100349,41590253,376160522C,MNG244,1900-01-01,LSH002,LCD002,1, ,9006321005,
3222,AI010,500078,41590410,377131103C,MNG244,1900-01-01,LSH002,LCD002,1,31113002,3220631101,
3223,AI010,100462,41590253,376160522B,MNG244,1900-01-01,LSH007,LCD002,1, ,9007321003,
3224,AI010,500304,41590520,377130178A,MNG244,1900-01-01,LSH000,LCD002,1,30178019,2701131001,
3225,AI010,426010,41590253,376160563C,MNG244,2008-07-24,LSH010,LCD002,1, ,1019042029,
3226,AI010,426011,41590253,376160563C,MNG244,2008-07-24,LSH010,LCD002,1, ,1019042029,
3227,AI010,426012,41590253,376160564D,MNG244,2008-07-24,LSH999,LCD002,1, ,1019042016,
3228,AI010,426013,41590253,376160561C,MNG244,2008-07-24,LSH999,LCD002,1, ,1012642002,
3229,AI010,426014,41590253,376160561C,MNG244,2008-07-24,LSH002,LCD002,1, ,1012642002,
3230,AI010,426015,41590253,376160561C,MNG244,2008-07-24,LSH999,LCD002,1, ,1012642001,
3231,AI010,402021,41590540,377130180B,MNG244,2006-06-20,LSH999,LCD002,1, ,2900844324,
3232,AI010,426005,41590253,376160563C,MNG244,2008-07-24,LSH010,LCD002,1, ,1019042029,
3233,AI010,426006,41590253,376160563C,MNG244,2008-07-24,LSH010,LCD002,1, ,1019042029,
3234,AI010,426007,41590253,376160563C,MNG244,2008-07-24,LSH010,LCD002,1, ,1019042029,
3235,AI010,300059,41590310,376160407C,MNG244,1900-01-01,LSH017,LCD002,1, ,1208413030,
3236,AI010,300060,41590310,376160407C,MNG244,1900-01-01,LSH002,LCD002,1, ,1208413030,
3237,AI010,401597,41590585,377130254D,MNG244,2006-04-01,LSH021,LCD003,1, ,2705419001,
3238,AI010,401600,41590585,377130254D,MNG244,2006-04-01,LSH021,LCD003,1, ,2705419001,
3239,AI010,200136,41590259,376161544A,MNG244,1900-01-01,LSH007,LCD002,1, ,1208212016,
3240,AI010,500240,41590520,377130150D,MNG244,1999-01-01,LSH007,LCD002,1,30160008,3110431007,
3241,AI010,500289,41590520,377130168C,MNG244,1900-01-01,LSH000,LCD002,1,30178004,2700931005,
3242,AI010,401733,41590585,377130284B,MNG244,2006-04-01,LSH010,LCD999,1, ,2708519001,
3243,AI010,300030,41590310,376122493D,MNG244,1900-01-01,LSH007,LCD002,1, ,1331313004,
3244,AI010,99920150173,41590320,376160351A,MNG244,1990-01-01,LSH000,LCD000,1, ,99920150563,
3245,AI010,100442,41590560,376160555B,MNG244,1900-01-01,LSH000,LCD002,1, ,9008821001,
3246,AI010,500529,41590520,377130179C,MNG244,1900-01-01,LSH000,LCD002,1,30189009,2703431005,
3247,AI010,100663,41590570,376160588C,MNG244,2003-01-01,LSH002,LCD002,1, ,1332221008,
3248,AI010,100103,41590253,376160950D,MNG244,1900-01-01,LSH007,LCD002,1, ,2006711026,
3249,AI010,500377,41590520,377130178B,MNG244,1900-01-01,LSH000,LCD002,1,30179047,2701731002,
3250,AI010,500367,41590520,377130169C,MNG244,1900-01-01,LSH000,LCD002,1,30179037,2701731006,
3251,AI010,500792,41590410,377130622C,MNG244,2004-01-01,LSH007,LCD002,1,30632006,1331531007,
3252,AI010,2.12E+11,41590262,376160273D,MNG244,2013-11-01,LSH002,LCD004,1,남양도시계획도로(소로2-9호선)개설공사 GIS DB구축 사업,21160274002,
3253,AI010,2.12E+11,41590262,376160273D,MNG244,2013-11-01,LSH002,LCD004,1,남양도시계획도로(소로2-9호선)개설공사 GIS DB구축 사업,21160274002,
3254,AI010,99920150138,41590590,377130279D,MNG244,1990-01-01,LSH000,LCD000,1, ,99920150014,
3255,AI010,99920150139,41590590,377130270A,MNG244,1990-01-01,LSH000,LCD000,1, ,99920150014,
3256,AI010,99920150033,41590400,376161960A,MNG244,1990-01-01,LSH000,LCD000,1, ,99920150311,
3257,AI010,500363,41590520,377130178B,MNG244,1900-01-01,LSH000,LCD002,1,30179033,2802231001,
3258,AI010,100516,41590253,376161006B,MNG244,2001-01-01,LSH007,LCD002,1, ,2006411005,
3259,AI010,500723,41590530,377130197D,MNG244,1900-01-01,LSH007,LCD002,1,30608008,9016531005,
3260,AI010,500729,41590530,377130198C,MNG244,1900-01-01,LSH002,LCD002,1,30608014,2706831012,
3261,AI010,100027,41590253,376160977C,MNG244,1900-01-01,LSH002,LCD002,1, ,9003511002,
3262,AI010,500268,41590520,377130160C,MNG244,1999-01-01,LSH002,LCD002,1,30170009,9007431306,
3263,AI010,200179,41590400,376161568A,MNG244,1900-01-01,LSH002,LCD002,1, ,2005712024,
3264,AI010,200153,41590259,376161548C,MNG244,1900-01-01,LSH002,LCD002,1, ,1208212034,
3265,AI010,5.11E+11,41590600,377130738D,MNG244,2014-01-01,LSH999,LCD004,1,화성동탄 일반산업단지 조성공사 중 GIS구축,51130738005,
3266,AI010,500375,41590520,377130178B,MNG244,1900-01-01,LSH000,LCD002,1,30179045,2701931003,
3267,AI010,100039,41590253,376160977A,MNG244,1900-01-01,LSH002,LCD002,1, ,1104311007,
3268,AI010,100769,41590560,376160577B,MNG244,1900-01-01,LSH000,LCD002,1, ,9000621002,
3269,AI010,500146,41590520,377130136D,MNG244,1900-01-01,LSH002,LCD002,1,30147012,3220131004,
3270,AI010,401538,41590587,377130291A,MNG244,2006-04-01,LSH022,LCD999,1, ,2801219001,
3271,AI010,100075,41590253,376160928A,MNG244,1900-01-01,LSH002,LCD002,1, ,9001311003,
3272,AI010,810014,41590262,376160284C,MNG244,1900-01-01,LSH007,LCD002,1, ,2300133272,
3273,AI010,500024,41590410,377131134C,MNG244,1900-01-01,LSH007,LCD002,1,31144004,9002031101,
3274,AI010,100373,41590253,376160523C,MNG244,1900-01-01,LSH000,LCD002,1, ,9006321001,
3275,AI010,100545,41590410,376161097D,MNG244,1900-01-01,LSH007,LCD002,1, ,9005811002,
3276,AI010,500742,41590530,377130199C,MNG244,1900-01-01,LSH000,LCD002,1,30609012,9014331004,
3277,AI010,100790,41590570,376160576D,MNG244,1900-01-01,LSH007,LCD002,1, ,9003721004,
3278,AI010,100520,41590410,376161040A,MNG244,2004-01-01,LSH007,LCD002,1, ,1331511026,
3279,AI010,1.00E+12,41590256,376161725B,MNG244,2010-01-01,LSH007,LCD002,1, ,99617250024,
3280,AI010,1.00E+12,41590256,376161725B,MNG244,2010-01-01,LSH007,LCD002,1, ,99617250024,
3281,AI010,401016,41590585,377130284A,MNG244,2006-04-01,LSH010,LCD999,1, ,2708519001,
3282,AI010,100774,41590570,376160587A,MNG244,1900-01-01,LSH007,LCD002,1, ,9002721005,
3283,AI010,100022,41590253,376160974D,MNG244,1900-01-01,LSH002,LCD002,1, ,9002911004,
3284,AI010,500177,41590520,377130145B,MNG244,1900-01-01,LSH002,LCD002,1,30146008,3220131002,
3285,AI010,99920150084,41590256,376161654B,MNG244,1990-01-01,LSH000,LCD000,1, ,99920150766,
3286,AI010,500345,41590520,377130179A,MNG244,1900-01-01,LSH000,LCD002,1,30179015,2703531003,
3287,AI010,500702,41590570,377130191C,MNG244,1900-01-01,LSH007,LCD002,1,30601002,2709531001,
3288,AI010,100758,41590560,376160559D,MNG244,1900-01-01,LSH007,LCD002,1, ,3220621013,
3289,AI010,100537,41590410,376161077B,MNG244,1996-01-01,LSH010,LCD002,1, ,1331511013,
3290,AI010,100350,41590253,376160532A,MNG244,1900-01-01,LSH002,LCD002,1, ,9006121001,
3291,AI010,200020,41590360,376160880A,MNG244,1900-01-01,LSH002,LCD002,1, ,2007812048,
3292,AI010,2.12E+11,41590360,376160972B,MNG244,2013-01-01,LSH002,LCD004,1,팔탄 도시계획도로 (소 2-8호선) 개설공사 GIS DB구축 사업,21160972007,
3293,AI010,100710,41590560,376160547B,MNG244,1900-01-01,LSH007,LCD002,1, ,9010921009,
3294,AI010,100788,41590570,376160577C,MNG244,1900-01-01,LSH007,LCD002,1, ,9002721001,
3295,AI010,500084,41590410,377131102B,MNG244,1900-01-01,LSH007,LCD002,1,31103002,1331431119,
3296,AI010,500126,41590410,376161060D,MNG244,1900-01-01,LSH002,LCD002,1,30661008,9000231107,
3297,AI010,500476,41590520,377130187A,MNG244,1900-01-01,LSH007,LCD002,1,30187010,1208431034,
3298,AI010,99920150090,41590370,376161392A,MNG244,1990-01-01,LSH000,LCD000,1, ,99920150491,
3299,AI010,401731,41590585,377130284B,MNG244,2006-04-01,LSH010,LCD999,1, ,2708619001,
3300,AI010,402022,41590540,377130180B,MNG244,2006-06-20,LSH999,LCD002,1, ,2900644325,
3301,AI010,500668,41590550,377130253A,MNG244,1900-01-01,LSH000,LCD002,1,30253002,9005831302,
3302,AI010,100420,41590253,376160565B,MNG244,1900-01-01,LSH000,LCD002,1, ,2501321005,
3303,AI010,200082,41590259,376161432A,MNG244,1900-01-01,LSH007,LCD002,1, ,2700212002,
3304,AI010,200102,41590259,376161533C,MNG244,1900-01-01,LSH007,LCD002,1, ,1208212011,
3305,AI010,401074,41590586,377130714C,MNG244,2006-04-01,LSH022,LCD999,1, ,2805619001,
3306,AI010,401073,41590586,377130714C,MNG244,2006-04-01,LSH022,LCD999,1, ,2805619001,
3307,AI010,500192,41590520,377130137D,MNG244,1900-01-01,LSH002,LCD002,1,30148015,3220131006,
3308,AI010,500730,41590530,377130197D,MNG244,1900-01-01,LSH002,LCD002,1,30608015,2706831010,
3309,AI010,500765,41590530,377130199D,MNG244,1900-01-01,LSH007,LCD002,1,30610014,2706531007,
3310,AI010,100073,41590253,376160927D,MNG244,1900-01-01,LSH007,LCD002,1, ,9001611005,
3311,AI010,100822,41590253,376160586D,MNG244,1900-01-01,LSH007,LCD002,1, ,9002421001,
3312,AI010,401080,41590586,377130714A,MNG244,2006-04-01,LSH022,LCD999,1, ,2805519003,
3313,AI010,2.12E+11,41590360,376161414C,MNG244,2014-06-01,LSH999,LCD004,1,발안도시계획도로(2-1호선) 지하매설물 GIS DB 구축 용역,21161414010,
3314,AI010,2.12E+11,41590360,376161414C,MNG244,2014-06-01,LSH999,LCD004,1,발안도시계획도로(2-1호선) 지하매설물 GIS DB 구축 용역,21161414010,
3315,AI010,2.12E+11,41590360,376161414B,MNG244,2014-06-01,LSH002,LCD004,1,발안도시계획도로(2-1호선) 지하매설물 GIS DB 구축 용역,21161414009,
3316,AI010,100614,41590570,376160598C,MNG244,1900-01-01,LSH002,LCD002,1, ,9008011002,
3317,AI010,99920150166,41590262,376160705D,MNG244,1990-01-01,LSH000,LCD000,1, ,99920150597,
3318,AI010,100364,41590253,376160532A,MNG244,1900-01-01,LSH007,LCD002,1, ,9006621002,
3319,AI010,500808,41590253,376160470B,MNG244,1900-01-01,LSH007,LCD002,1, ,2006431025,
3320,AI010,200018,41590360,376160951C,MNG244,2001-01-01,LSH007,LCD002,1, ,2006712007,
3321,AI010,401488,41590587,377130263A,MNG244,2006-04-01,LSH021,LCD003,1, ,2700119001,
3322,AI010,100703,41590560,376160548C,MNG244,1900-01-01,LSH002,LCD002,1, ,9010921003,
3323,AI010,100842,41590560,376160548A,MNG244,1900-01-01,LSH007,LCD002,1, ,9011021001,
3324,AI010,500041,41590410,377131126A,MNG244,1900-01-01,LSH007,LCD002,1,31136011,9001331102,
3325,AI010,100065,41590253,376160918B,MNG244,1900-01-01,LSH999,LCD002,1, ,9000911001,
3326,AI010,500157,41590520,377130129C,MNG244,1900-01-01,LSH000,LCD002,1,30139010,3220131005,
3327,AI010,401367,41590585,377130283C,MNG244,2006-04-01,LSH022,LCD999,1, ,2804019001,
3328,AI010,100063,41590253,376160918B,MNG244,1900-01-01,LSH007,LCD002,1, ,9000711002,
3329,AI010,100700,41590560,376160547C,MNG244,1900-01-01,LSH007,LCD002,1, ,9008321010,
3330,AI010,1004,41590340, , ,2013-11-01, ,LCD002,1,가등/올챙이형/원형/전주/6m/244번,90000441609,
3331,AI010,1005,41590340, , ,2013-11-01, ,LCD002,1,가등/올챙이형/원형/전주/6m/253번,90000441609,
3332,AI010,401362,41590585,377130283A,MNG244,2006-04-01,LSH022,LCD999,1, ,2803319003,
3333,AI010,401899,41590586,377130726A,MNG244,2006-04-01,LSH022,LCD999,1, ,2806919002,
3334,AI010,2.12E+11,41590262,376160274C,MNG244,2013-11-01,LSH002,LCD004,1,남양도시계획도로(소로2-9호선)개설공사 GIS DB구축 사업,21160274002,
3335,AI010,401908,41590585,377130283C,MNG244,2006-04-01,LSH022,LCD999,1, ,2804319001,
3336,AI010,100836,41590560,376160548A,MNG244,1900-01-01,LSH007,LCD002,1, ,9011221002,
3337,AI010,401846,41590587,377130272C,MNG244,2006-04-01,LSH007,LCD999,1, ,9020419005,
3338,AI010,401649,41590585,377130277A,MNG244,2006-04-01,LSH999,LCD999,1, ,9030319001,
3339,AI010,2.12E+11,41590360,376160972A,MNG244,2013-01-01,LSH002,LCD004,1,팔탄 도시계획도로 (소 2-8호선) 개설공사 GIS DB구축 사업,21160972007,
3340,AI010,200178,41590400,376161568B,MNG244,1900-01-01,LSH002,LCD002,1, ,2005712027,
3341,AI010,100877,41590560,376160556B,MNG244,1900-01-01,LSH007,LCD002,1, ,9008421007,
3342,AI010,8.89E+11,41590259,376161462C,MNG244,2016-01-01,LSH030,LCD002,1,화성 향남 2지구 도로 및 지하시설물 DB 구축(20170831),614621699,
3343,AI010,100112,41590253,376160978A,MNG244,1900-01-01,LSH007,LCD002,1, ,9003511004,
3344,AI010,500173,41590520,377130146A,MNG244,1900-01-01,LSH002,LCD002,1,30146004,3220131003,
3345,AI010,500791,41590410,377130622C,MNG244,2004-01-01,LSH002,LCD002,1,30632005,1331531007,
3346,AI010,300116,41590340,376150577B,MNG244,1900-01-01,LSH002,LCD002,1, ,2800313008,
3347,AI010,401539,41590587,377130291A,MNG244,2006-04-01,LSH022,LCD999,1, ,2801219001,
3348,AI010,100269,41590253,376160521D,MNG244,1900-01-01,LSH007,LCD002,1, ,3220321001,
3349,AI010,100604,41590410,376161068A,MNG244,1900-01-01,LSH007,LCD002,1, ,9006411002,
3350,AI010,4.22E+13,41590262,376160284B,MNG244,2017-12-31,LSH023,LCD005,1,남양도시계획도로 소로3-8호선 개설공사 GIS DB 구축용역,4.22E+13,
3351,AI010,8.89E+11,41590259,376161472A,MNG244,2016-01-01,LSH030,LCD002,1,화성 향남 2지구 도로 및 지하시설물 DB 구축(20170831),614621699,
3352,AI010,100689,41590560,376160547C,MNG244,1900-01-01,LSH007,LCD002,1, ,9008321009,
3353,AI010,200149,41590259,376161442C,MNG244,1900-01-01,LSH002,LCD002,1,2개,2007812001,
3354,AI010,401112,41590586,377130707C,MNG244,2006-04-01,LSH022,LCD999,1, ,2809019007,
3355,AI010,401115,41590586,377130707C,MNG244,2006-04-01,LSH022,LCD999,1, ,2808919001,
3356,AI010,500539,41590520,377130179C,MNG244,1900-01-01,LSH000,LCD002,1,30189019,2703331003,
3357,AI010,200110,41590259,376161533D,MNG244,1900-01-01,LSH002,LCD002,1, ,1208212014,
3358,AI010,401494,41590585,377130704A,MNG244,2006-04-01,LSH010,LCD999,1, ,2709119001,
3359,AI010,401439,41590585,377130273D,MNG244,2006-04-01,LSH022,LCD999,1, ,2702619003,
3360,AI010,5.11E+11,41590600,377130738B,MNG244,2014-01-01,LSH999,LCD004,1,화성동탄 일반산업단지 조성공사 중 GIS구축,51130738036,
3361,AI010,5.11E+11,41590600,377130739A,MNG244,2014-01-01,LSH999,LCD004,1,화성동탄 일반산업단지 조성공사 중 GIS구축,51130739035,
3362,AI010,401025,41590586,377130716A,MNG244,2006-04-01,LSH010,LCD999,1, ,2709419004,
3363,AI010,401045,41590586,377130725A,MNG244,2006-04-01,LSH022,LCD999,1, ,2810519001,
3364,AI010,1,41590340, , ,2013-11-01, ,LCD002,1,가로등/올챙이형/원형/전주/8m/251번,90000441607,
3365,AI010,500741,41590530,377130199C,MNG244,1900-01-01,LSH002,LCD002,1,30609011,9015431003,
3366,AI010,8.89E+11,41590259,376161473C,MNG244,2016-01-01,LSH030,LCD002,1,화성 향남 2지구 도로 및 지하시설물 DB 구축(20170831),614731698,
3367,AI010,8.89E+11,41590259,376161473C,MNG244,2016-01-01,LSH030,LCD002,1,화성 향남 2지구 도로 및 지하시설물 DB 구축(20170831),614731698,
3368,AI010,401046,41590586,377130725A,MNG244,2006-04-01,LSH022,LCD999,1, ,2809919001,
3369,AI010,99920150199,41590330,376151019C,MNG244,1990-01-01,LSH000,LCD000,1, ,99920150277,
3370,AI010,99920150169,41590262,376160640B,MNG244,1990-01-01,LSH000,LCD000,1, ,99920150253,
3371,AI010,99920150226,41590340,376150476B,MNG244,1990-01-01,LSH000,LCD000,1, ,99920150263,
3372,AI010,99920150202,41590340,376150587C,MNG244,1990-01-01,LSH000,LCD000,1, ,99920150267,
3373,AI010,99920150177,41590262,376160269A,MNG244,1990-01-01,LSH000,LCD000,1, ,99920150570,
3374,AI010,500732,41590530,377130609A,MNG244,1900-01-01,LSH002,LCD002,1,30609002,9015931010,
3375,AI010,500342,41590520,377130179A,MNG244,1900-01-01,LSH000,LCD002,1,30179012,2703431003,
3376,AI010,500593,41590570,377130185C,MNG244,1900-01-01,LSH007,LCD002,1,30195003,2501031005,
3377,AI010,401792,41590585,377130274D,MNG244,2006-04-01,LSH022,LCD999,1, ,2702319001,
3378,AI010,100155,41590253,376160938B,MNG244,1900-01-01,LSH002,LCD002,1, ,1104311036,
3379,AI010,100131,41590253,376160968A,MNG244,1900-01-01,LSH002,LCD002,1, ,1104311012,
3380,AI010,100294,41590310,376160511B,MNG244,1900-01-01,LSH007,LCD002,1, ,9013921001,
3381,AI010,401593,41590585,377130286B,MNG244,2006-04-01,LSH010,LCD999,1, ,2709819004,
3382,AI010,401592,41590585,377130286B,MNG244,2006-04-01,LSH010,LCD999,1, ,2709819004,
3383,AI010,401173,41590586,377130706A,MNG244,2006-04-01,LSH022,LCD999,1, ,2808519001,
3384,AI010,401155,41590586,377130706C,MNG244,2006-04-01,LSH022,LCD999,1, ,2808519001,
3385,AI010,401207,41590586,377130705B,MNG244,2006-04-01,LSH010,LCD999,1, ,2709219002,
3386,AI010,401652,41590585,377130267C,MNG244,2006-04-01,LSH999,LCD999,1, ,9030319001,
3387,AI010,401654,41590585,377130267C,MNG244,2006-04-01,LSH999,LCD999,1, ,9030319001,
3388,AI010,500305,41590520,377130178A,MNG244,1900-01-01,LSH000,LCD002,1,30178020,2701131001,
3389,AI010,100702,41590560,376160548A,MNG244,1900-01-01,LSH007,LCD002,1, ,9011021001,
3390,AI010,100523,41590410,376161037D,MNG244,1900-01-01,LSH007,LCD002,1, ,9006911011,
3391,AI010,401268,41590587,377130702A,MNG244,2006-04-01,LSH022,LCD999,1, ,2200819010,
3392,AI010,401262,41590587,377130701A,MNG244,2006-04-01,LSH022,LCD999,1, ,2802119003,
3393,AI010,100321,41590253,376160460D,MNG244,1900-01-01,LSH000,LCD002,1, ,2700221003,
3394,AI010,820035,41590256,376161734C,MNG244,1900-01-01,LSH002,LCD002,1, ,1107733060,
3395,AI010,100508,41590253,376161006A,MNG244,1900-01-01,LSH007,LCD002,1, ,9007611002,
3396,AI010,4.22E+13,41590570,377130183D,MNG244,2018-12-31,LSH006,LCD004,1,화산도시계획도로 (중로2-2호선) 2구간 개설공사 GIS DB 구축용역,4.22E+13,
3397,AI010,200256,41590400,376161939B,MNG244,1900-01-01,LSH002,LCD002,1, ,1104312004,
3398,AI010,810015,41590262,376160283D,MNG244,1900-01-01,LSH019,LCD002,1, ,2300133288,
3399,AI010,100612,41590570,376160598C,MNG244,1900-01-01,LSH002,LCD002,1, ,9008011003,
3400,AI010,9.99E+11,41590550,377130224C,MNG244,2009-01-01,LSH020,LCD002,1, ,99302240004,
3401,AI010,426044,41590253,376160561D,MNG244,2008-07-24,LSH010,LCD002,1, ,1019042048,
3402,AI010,401783,41590585,377130283B,MNG244,2006-04-01,LSH022,LCD999,1, ,2703719001,
3403,AI010,500609,41590530,377130188C,MNG244,1900-01-01,LSH002,LCD002,1,30198032,2704531001,
3404,AI010,100185,41590410,376161025B,MNG244,1900-01-01,LSH007,LCD002,1, ,9007111015,
3405,AI010,2.12E+11,41590360,376161414B,MNG244,2014-06-01,LSH007,LCD004,1,발안도시계획도로(2-1호선) 지하매설물 GIS DB 구축 용역,21161414009,
3406,AI010,100553,41590410,376161507D,MNG244,1996-01-01,LSH007,LCD002,1, ,3330311008,
3407,AI010,401059,41590586,377130714D,MNG244,2006-04-01,LSH022,LCD999,1, ,2805519005,
3408,AI010,500548,41590520,377130179C,MNG244,1900-01-01,LSH000,LCD002,1,30189028,2803531001,
3409,AI010,100295,41590310,376160511B,MNG244,1900-01-01,LSH002,LCD002,1, ,9013921001,
3410,AI010,99920150106,41590256,376161190D,MNG244,1990-01-01,LSH000,LCD000,1, ,99920150512,
3411,AI010,500058,41590410,377131117C,MNG244,1900-01-01,LSH002,LCD002,1,31127001,1331431141,
3412,AI010,99920150103,41590370,376161239C,MNG244,1990-01-01,LSH000,LCD000,1, ,99920150484,
3413,AI010,401078,41590586,377130714C,MNG244,2006-04-01,LSH022,LCD999,1, ,2805619001,
3414,AI010,500130,41590410,377130661A,MNG244,1900-01-01,LSH007,LCD002,1,30661004,1331031128,
3415,AI010,200257,41590400,376161939D,MNG244,1900-01-01,LSH002,LCD002,1, ,1104312003,
3416,AI010,401811,41590585,377130274C,MNG244,2006-04-01,LSH022,LCD999,1, ,2703919003,
3417,AI010,500405,41590520,377130178B,MNG244,1900-01-01,LSH000,LCD002,1,30179075,2701731010,
3418,AI010,401134,41590586,377130706D,MNG244,2006-04-01,LSH022,LCD999,1, ,2809019005,
3419,AI010,100374,41590253,376160523C,MNG244,1900-01-01,LSH000,LCD002,1, ,9006321001,
3420,AI010,100310,41590253,376160551B,MNG244,1900-01-01,LSH007,LCD002,1, ,1104321007,
3421,AI010,100521,41590410,376161037C,MNG244,1900-01-01,LSH007,LCD002,1, ,9006911009,
3422,AI010,401707,41590585,377130255C,MNG244,2006-04-01,LSH999,LCD999,1, ,2705619001,
3423,AI010,401599,41590585,377130254D,MNG244,2006-04-01,LSH021,LCD003,1, ,2705619001,
3424,AI010,99920150219,41590340,376150554A,MNG244,1990-01-01,LSH000,LCD000,1, ,99920150623,
3425,AI010,500097,41590410,377130675C,MNG244,1900-01-01,LSH007,LCD002,1,30685007,3220331103,
3426,AI010,401492,41590585,377130277A,MNG244,2006-04-01,LSH999,LCD999,1, ,9030319001,
3427,AI010,401644,41590585,377130277A,MNG244,2006-04-01,LSH999,LCD999,1, ,9030319001,
3428,AI010,5.11E+11,41590600,377130748B,MNG244,2014-01-01,LSH999,LCD004,1,화성동탄 일반산업단지 조성공사 중 GIS구축,51130748115,
3429,AI010,99920150117,41590588,377130801B,MNG244,1990-01-01,LSH000,LCD000,1, ,99920150002,
3430,AI010,2.12E+11,41590259,376161433A,MNG244,2013-06-01,LSH007,LCD004,1,"발안도시계획도로 (소2-15,18호선)  GIS DB구축 사업",21161433004,
3431,AI010,100580,41590570,376160599A,MNG244,1900-01-01,LSH007,LCD002,1, ,9001221001,
3432,AI010,100454,41590253,376160582D,MNG244,1900-01-01,LSH000,LCD002,1, ,3220621034,
3433,AI010,100402,41590253,376160552C,MNG244,1900-01-01,LSH000,LCD002,1, ,9003421001,
3434,AI010,500006,41590410,376161550D,MNG244,1900-01-01,LSH007,LCD002,1,31151006,9005891132,
3435,AI010,500362,41590520,377130178B,MNG244,1900-01-01,LSH000,LCD002,1,30179032,2701931002,
3436,AI010,100066,41590253,376160918B,MNG244,1900-01-01,LSH007,LCD002,1, ,1104311053,
3437,AI010,100353,41590253,376160522C,MNG244,1900-01-01,LSH007,LCD002,1, ,9006321003,
3438,AI010,402031,41590540,377130180A,MNG244,2006-06-20,LSH999,LCD002,1, ,2900544320,
3439,AI010,99920150142,41590570,376161008D,MNG244,1990-01-01,LSH000,LCD000,1, ,99920150561,
3440,AI010,99920150029,41590400,376162007B,MNG244,1990-01-01,LSH000,LCD000,1, ,99920150670,
3441,AI010,99920150041,41590400,376161598A,MNG244,1990-01-01,LSH000,LCD000,1, ,99920150670,
3442,AI010,100207,41590410,376161075B,MNG244,1900-01-01,LSH002,LCD002,1, ,1330911024,
3443,AI010,100383,41590560,376160545A,MNG244,1900-01-01,LSH000,LCD002,1, ,9008021001,
3444,AI010,200060,41590259,376161421D,MNG244,1900-01-01,LSH002,LCD002,1, ,2400112005,
3445,AI010,100544,41590410,376161097C,MNG244,1996-01-01,LSH002,LCD002,1, ,1331511004,
3446,AI010,500694,41590520,377130271B,MNG244,1900-01-01,LSH007,LCD002,1,30271004,1208431067,
3447,AI010,100079,41590253,376160928D,MNG244,1900-01-01,LSH007,LCD002,1, ,1104311039,
3448,AI010,100037,41590253,376160904B,MNG244,1900-01-01,LSH007,LCD002,1, ,1332211011,
3449,AI010,100446,41590560,376160556A,MNG244,1900-01-01,LSH000,LCD002,1, ,9008521001,
3450,AI010,100134,41590253,376160938C,MNG244,1900-01-01,LSH002,LCD002,1, ,3220411014,
3451,AI010,500181,41590520,377130147B,MNG244,1900-01-01,LSH002,LCD002,1,30148004,9008831009,
3452,AI010,500139,41590520,377130147A,MNG244,1900-01-01,LSH002,LCD002,1,30147005,9008831004,
3453,AI010,100871,41590560,376160559A,MNG244,1900-01-01,LSH007,LCD002,1, ,3220621020,
3454,AI010,401361,41590585,377130283C,MNG244,2006-04-01,LSH022,LCD999,1, ,2803319003,
3455,AI010,300044,41590310,376160403A,MNG244,1900-01-01,LSH017,LCD002,1, ,1331313002,
3456,AI010,500329,41590520,377130178A,MNG244,1900-01-01,LSH000,LCD002,1,30178048,2400231003,
3457,AI010,401876,41590586,377130726A,MNG244,2006-04-01,LSH022,LCD999,1, ,2806719001,
3458,AI010,401878,41590586,377130726A,MNG244,2006-04-01,LSH022,LCD999,1, ,2806719001,
3459,AI010,200248,41590400,376161939B,MNG244,1900-01-01,LSH002,LCD002,1, ,1104312005,
3460,AI010,500406,41590520,377130178B,MNG244,1900-01-01,LSH000,LCD002,1,30179076,2802231001,
3461,AI010,200004,41590360,376160827D,MNG244,1900-01-01,LSH002,LCD002,1, ,2007812088,
3462,AI010,100529,41590410,376161047C,MNG244,1900-01-01,LSH007,LCD002,1, ,9006911005,
3463,AI010,1003,41590340, , ,2013-11-01, ,LCD002,1,가로등/올챙이형/원형/전주/6m/250번,90000441607,
3464,AI010,500744,41590530,377130199C,MNG244,1900-01-01,LSH002,LCD002,1,30609014,2706531003,
3465,AI010,820005,41590256,376161734C,MNG244,1900-01-01,LSH002,LCD002,1, ,1107733055,
3466,AI010,500605,41590520,377130187C,MNG244,1900-01-01,LSH002,LCD002,1,30197003,2706831003,
3467,AI010,200033,41590360,376161310B,MNG244,1900-01-01,LSH007,LCD002,1, ,2007812026,
3468,AI010,500750,41590530,377130198D,MNG244,1900-01-01,LSH002,LCD002,1,30609020,1100131047,
3469,AI010,100338,41590253,376160551C,MNG244,1900-01-01,LSH000,LCD002,1, ,2800321003,
3470,AI010,401481,41590587,377130262C,MNG244,2006-04-01,LSH022,LCD999,1, ,2700919001,
3471,AI010,500455,41590570,377130173D,MNG244,1900-01-01,LSH007,LCD002,1,30184004,1333831012,
3472,AI010,500771,41590570,377130611B,MNG244,1900-01-01,LSH002,LCD002,1,30612005,9012631003,
3473,AI010,820039,41590256,376161733D,MNG244,1900-01-01,LSH002,LCD002,1, ,1231333001,
3474,AI010,500429,41590570,377130171D,MNG244,1900-01-01,LSH007,LCD002,1,30182021,3330231003,
3475,AI010,100552,41590410,376161517A,MNG244,1996-01-01,LSH002,LCD002,1, ,3330311006,
3476,AI010,300039,41590310,376160406B,MNG244,1900-01-01,LSH007,LCD002,1, ,2802013002,
3477,AI010,401517,41590587,377130291D,MNG244,2006-04-01,LSH022,LCD999,1, ,2801819001,
3478,AI010,500638,41590520,377130187B,MNG244,2004-01-01,LSH002,LCD002,1,30198029,2704331001,
3479,AI010,100335,41590253,376160460D,MNG244,1900-01-01,LSH007,LCD002,1, ,3110121020,
3480,AI010,100385,41590560,376160545A,MNG244,1900-01-01,LSH007,LCD002,1, ,9008021001,
3481,AI010,100088,41590253,376160939C,MNG244,1900-01-01,LSH007,LCD002,1, ,9004211003,
3482,AI010,99920150003,41590320,376160320A,MNG244,1990-01-01,LSH000,LCD000,1, ,99920150149,
3483,AI010,99920150005,41590320,376160309D,MNG244,1990-01-01,LSH000,LCD000,1, ,99920150149,
3484,AI010,401523,41590587,377130291D,MNG244,2006-04-01,LSH022,LCD999,1, ,2801619001,
3485,AI010,401219,41590587,377130292A,MNG244,2006-04-01,LSH010,LCD999,1, ,2708319001,
3486,AI010,401218,41590587,377130292A,MNG244,2006-04-01,LSH010,LCD999,1, ,2708319001,
3487,AI010,401216,41590587,377130292A,MNG244,2006-04-01,LSH010,LCD999,1, ,2708319001,
3488,AI010,401280,41590587,377130701B,MNG244,2006-04-01,LSH022,LCD999,1, ,2802619003,
3489,AI010,1.22E+13,41590350,376150875B,MNG244,2015-06-01,LSH002,LCD004,1,서신 도시계획도로(소로1-7호선)개설공사 GIS DB 구축용역,1.22E+13,
3490,AI010,4.22E+13,41590570,377130611A,MNG244,2017-12-30,LSH023,LCD005,1,화산도시계획도로 소로1-23호선 개설공사 GIS DB 구축용역,4.22E+13,
3491,AI010,4.22E+13,41590570,377130611A,MNG244,2017-12-30,LSH023,LCD005,1,화산도시계획도로 소로1-23호선 개설공사 GIS DB 구축용역,4.22E+13,
3492,AI010,4.22E+13,41590570,377130611A,MNG244,2017-12-30,LSH023,LCD005,1,화산도시계획도로 소로1-23호선 개설공사 GIS DB 구축용역,4.22E+13,
3493,AI010,99920150119,41590588,377130801C,MNG244,1990-01-01,LSH000,LCD000,1, ,99920150002,
3494,AI010,401077,41590586,377130714C,MNG244,2006-04-01,LSH022,LCD999,1, ,2805619001,
3495,AI010,100732,41590560,376160550C,MNG244,1900-01-01,LSH007,LCD002,1, ,3330221012,
3496,AI010,200258,41590400,376161939D,MNG244,1900-01-01,LSH007,LCD002,1, ,1104312003,
3497,AI010,401879,41590586,377130726A,MNG244,2006-04-01,LSH022,LCD999,1, ,2806719001,
3498,AI010,8.22E+13,41590520,376150963D,MNG244,2017-12-31,LSH999,LCD003,1,백미-송교간 도로확포장공사 GIS DB 구축용역,8.22E+13,
3499,AI010,401708,41590585,377130255C,MNG244,2006-04-01,LSH021,LCD003,1, ,2705619001,
3500,AI010,401696,41590585,377130256A,MNG244,2006-04-01,LSH022,LCD999,1, ,2810119001,
3501,AI010,401677,41590585,377130256A,MNG244,2006-04-01,LSH022,LCD999,1, ,2810119001,
3502,AI010,401855,41590585,377130256A,MNG244,2006-04-01,LSH999,LCD999,1, ,2504119001,
3503,AI010,401695,41590585,377130256A,MNG244,2006-04-01,LSH022,LCD999,1, ,2810319001,
3504,AI010,401698,41590585,377130256A,MNG244,2006-04-01,LSH022,LCD999,1, ,2810319001,
3505,AI010,100104,41590253,376160957B,MNG244,2001-01-01,LSH002,LCD002,1, ,2006711012,
3506,AI010,100562,41590410,376161518C,MNG244,1900-01-01,LSH007,LCD002,1, ,9005811009,
3507,AI010,500759,41590520,377130610A,MNG244,1900-01-01,LSH999,LCD002,1,30610008,2007131016,
3508,AI010,500675,41590550,377130253B,MNG244,1900-01-01,LSH007,LCD002,1,30254001,1331531042,
3509,AI010,810030,41590262,376160274C,MNG244,1900-01-01,LSH007,LCD002,1, ,1107733334,
3510,AI010,402007,41590540,377130189B,MNG244,2006-06-20,LSH002,LCD002,1, ,9002844177,
3511,AI010,5.11E+11,41590600,377130739A,MNG244,2014-01-01,LSH999,LCD004,1,화성동탄 일반산업단지 조성공사 중 GIS구축,51130739034,
3512,AI010,5.11E+11,41590600,377130739A,MNG244,2014-01-01,LSH999,LCD004,1,화성동탄 일반산업단지 조성공사 중 GIS구축,51130739034,
3513,AI010,401659,41590585,377130266B,MNG244,2006-04-01,LSH999,LCD999,1, ,2400319001,
3514,AI010,500689,41590587,377130252D,MNG244,1900-01-01,LSH007,LCD002,1,30263002,1331531032,
3515,AI010,100347,41590253,376160512D,MNG244,1900-01-01,LSH007,LCD002,1, ,3220321012,
3516,AI010,810082,41590262,376160283D,MNG244,1900-01-01,LSH007,LCD002,1, ,2300133288,
3517,AI010,200122,41590259,376161534C,MNG244,1900-01-01,LSH002,LCD002,1, ,1208212015,
3518,AI010,500183,41590520,377130147B,MNG244,1900-01-01,LSH002,LCD002,1,30148006,9008831004,
3519,AI010,300136,41590340,376150578B,MNG244,1900-01-01,LSH007,LCD002,1, ,2700213002,
3520,AI010,500678,41590550,377130245C,MNG244,1900-01-01,LSH007,LCD002,1,30255002,1331831012,
3521,AI010,401413,41590585,377130273D,MNG244,2006-04-01,LSH022,LCD999,1, ,2701919003,
3522,AI010,401521,41590587,377130291D,MNG244,2006-04-01,LSH022,LCD999,1, ,2801619001,
3523,AI010,100007,41590253,376160985C,MNG244,1900-01-01,LSH007,LCD002,1, ,9003011004,
3524,AI010,100739,41590560,376160549D,MNG244,1900-01-01,LSH007,LCD002,1, ,9011921001,
3525,AI010,200238,41590400,376161929D,MNG244,1900-01-01,LSH002,LCD002,1, ,1104312007,
3526,AI010,100591,41590410,376161016B,MNG244,1900-01-01,LSH007,LCD002,1, ,9007211003,
3527,AI010,100858,41590253,376160576B,MNG244,1900-01-01,LSH007,LCD002,1, ,2501321016,
3528,AI010,100557,41590259,376161516D,MNG244,1996-01-01,LSH007,LCD002,1, ,3330311002,
3529,AI010,401793,41590585,377130274D,MNG244,2006-04-01,LSH022,LCD999,1, ,2702019001,
3530,AI010,2.12E+11,41590330,376160646D,MNG244,1900-01-01,LSH006,LCD002,1,견착,21160646001,
3531,AI010,2.12E+11,41590330,376160646D,MNG244,1900-01-01,LSH002,LCD002,1,견착,21160646002,
3532,AI010,100590,41590570,376161008B,MNG244,1900-01-01,LSH007,LCD002,1, ,9008311001,
3533,AI010,100762,41590560,376160559B,MNG244,1900-01-01,LSH007,LCD002,1, ,3220621015,
3534,AI010,401818,41590585,377130274C,MNG244,2006-04-01,LSH022,LCD999,1, ,2703319001,
3535,AI010,8.21E+13,41590140,376122245D,MNG409,2018-01-01,LSH017,LCD005,1, ,8.21E+13,
3536,AI010,8.21E+13,41590140,376122245B,MNG409,2018-01-01,LSH017,LCD005,1, ,8.21E+13,
3537,AI010,8.21E+13,41590140,376122235A,MNG409,2018-01-01,LSH017,LCD005,1, ,8.21E+13,
3538,AI010,8.21E+13,41590140,376122245A,MNG409,2018-01-01,LSH017,LCD005,1, ,8.21E+13,
3539,AI010,8.21E+13,41590140,376122245A,MNG409,2018-01-01,LSH017,LCD005,1, ,8.21E+13,
3540,AI010,8.21E+13,41590140,376122245A,MNG409,2018-01-01,LSH017,LCD005,1, ,8.21E+13,
3541,AI010,8.21E+13,41590140,376122245A,MNG409,2018-01-01,LSH017,LCD005,1, ,8.21E+13,
3542,AI010,8.21E+13,41590140,376122234B,MNG409,2018-01-01,LSH017,LCD005,1, ,8.21E+13,
3543,AI010,8.21E+13,41590140,376122234B,MNG409,2018-01-01,LSH017,LCD005,1, ,8.21E+13,
3544,AI010,8.21E+13,41590140,376122234B,MNG409,2018-01-01,LSH017,LCD005,1, ,8.21E+13,
3545,AI010,8.89E+11,41590259,376161482C,MNG244,2016-01-01,LSH030,LCD002,1,화성 향남 2지구 도로 및 지하시설물 DB 구축(20170831),614821692,
3546,AI010,9.00E+13,41590000,377130874C,MNG305,2016-01-01,LSH999,LCD999,1, ,9.00E+13,
3547,AI010,9.00E+13,41590000,377130874C,MNG305,2016-01-01,LSH999,LCD999,1, ,9.00E+13,
3548,AI010,9.00E+13,41590000,377130874C,MNG305,2016-01-01,LSH999,LCD999,1, ,9.00E+13,
3549,AI010,9.00E+13,41590000,377130873D,MNG305,2016-01-01,LSH999,LCD999,1, ,9.00E+13,
3550,AI010,4.22E+13,41590370,376161861D,MNG244,2018-06-01,LSH023,LCD005,1,장안면 포승장안로 외 1개소 보도설치공사 GIS DB 구축용역,4.22E+13,
3551,AI010,8.21E+13,41590140,376122233B,MNG244,2019-01-01,LSH017,LCD005,1, ,8.21E+13,
3552,AI010,8.21E+13,41590140,376122233B,MNG244,2019-01-01,LSH017,LCD005,1, ,8.21E+13,
3553,AI010,8.21E+13,41590140,376122234A,MNG244,2019-01-01,LSH017,LCD005,1, ,8.21E+13,
3554,AI010,8.21E+13,41590140,376122234A,MNG244,2019-01-01,LSH017,LCD005,1, ,8.21E+13,
3555,AI010,8.21E+13,41590140,376122234A,MNG244,2019-01-01,LSH017,LCD005,1, ,8.21E+13,
3556,AI010,8.21E+13,41590140,376122234A,MNG244,2019-01-01,LSH017,LCD005,1, ,8.21E+13,
3557,AI010,8.21E+13,41590140,376122234A,MNG244,2019-01-01,LSH017,LCD005,1, ,8.21E+13,
3558,AI010,8.21E+13,41590140,376122268B,MNG244,2020-01-01,LSH023,LCD005,1, ,8.21E+13,
3559,AI010,8.21E+13,41590140,376122268B,MNG244,2020-01-01,LSH023,LCD005,1, ,8.21E+13,
3560,AI010,8.21E+13,41590140,376122268B,MNG244,2020-01-01,LSH023,LCD005,1, ,8.21E+13,
3561,AI010,8.21E+13,41590140,376122268B,MNG244,2020-01-01,LSH023,LCD005,1, ,8.21E+13,
3562,AI010,8.21E+13,41590140,376122268B,MNG244,2020-01-01,LSH023,LCD005,1, ,8.21E+13,
3563,AI010,8.21E+13,41590140,376122268B,MNG244,2020-01-01,LSH023,LCD005,1, ,8.21E+13,
3564,AI010,8.21E+13,41590140,376122268B,MNG244,2020-01-01,LSH023,LCD005,1, ,8.21E+13,
3565,AI010,8.21E+13,41590140,376122258D,MNG244,2020-01-01,LSH023,LCD005,1, ,8.21E+13,
3566,AI010,2.13E+11,41590340,376150450B,MNG244,2016-01-01,LSH007,LCD004,1,송산면 마산리 보도설치공사 GIS DB 구축용역(20171220),21250450009,
3567,AI010,2.13E+11,41590340,376150450B,MNG244,2016-01-01,LSH007,LCD004,1,송산면 마산리 보도설치공사 GIS DB 구축용역(20171220),21250440006,
3568,AI010,8.21E+13,41590140,376122245A,MNG409,2018-01-01,LSH017,LCD005,1, ,8.21E+13,
3569,AI010,8.21E+13,41590140,376122245A,MNG409,2018-01-01,LSH017,LCD005,1, ,8.21E+13,
3570,AI010,8.21E+13,41590140,376122245A,MNG409,2018-01-01,LSH017,LCD005,1, ,8.21E+13,
3571,AI010,2.22E+13,41590570,377130184C,MNG417,2019-12-01,LSH999,LCD999,1,"화산도시계획도로 중로2-7,소로1-18호선 개설공사 GIS DB 구축용역",2.22E+13,
3572,AI010,2.22E+13,41590310,376122366D,MNG244,2019-02-01,LSH999,LCD999,1,시도78호선 야목교차로개선사업 GIS DB 구축용역,2.22E+13,
3573,AI010,8.21E+13,41590140,376122233B,MNG244,2019-01-01,LSH017,LCD005,1, ,8.21E+13,
3574,AI010,8.21E+13,41590140,376122233A,MNG244,2019-01-01,LSH017,LCD005,1, ,8.21E+13,
3575,AI010,8.21E+13,41590140,376122233A,MNG244,2019-01-01,LSH017,LCD005,1, ,8.21E+13,
3576,AI010,8.21E+13,41590140,376122224C,MNG244,2019-01-01,LSH017,LCD005,1, ,8.21E+13,
3577,AI010,8.21E+13,41590140,376122233B,MNG244,2019-01-01,LSH017,LCD005,1, ,8.21E+13,
3578,AI010,8.22E+13,41590259,376161901B,MNG305,2017-12-01,LSH002,LCD003,1,화성향남2 주변도로 건설사업 도로 및 지하시설물 GIS DB 구축용역,8.22E+13,
3579,AI010,8.22E+13,41590259,376161477C,MNG305,2017-12-01,LSH023,LCD005,1,화성향남2 주변도로 건설사업 도로 및 지하시설물 GIS DB 구축용역,8.22E+13,
3580,AI010,8.22E+13,41590259,376161477C,MNG305,2017-12-01,LSH023,LCD005,1,화성향남2 주변도로 건설사업 도로 및 지하시설물 GIS DB 구축용역,8.22E+13,
3581,AI010,8.22E+13,41590259,376161477C,MNG305,2017-12-01,LSH023,LCD005,1,화성향남2 주변도로 건설사업 도로 및 지하시설물 GIS DB 구축용역,8.22E+13,
3582,AI010,8.21E+13,41590140,376122245B,MNG409,2018-01-01,LSH017,LCD005,1, ,8.21E+13,
3583,AI010,8.21E+13,41590140,376122245B,MNG409,2018-01-01,LSH017,LCD005,1, ,8.21E+13,
3584,AI010,8.21E+13,41590140,376122225C,MNG409,2018-01-01,LSH017,LCD005,1, ,8.21E+13,
3585,AI010,8.21E+13,41590140,376122224D,MNG409,2018-01-01,LSH017,LCD005,1, ,8.21E+13,
3586,AI010,8.21E+13,41590140,376122224D,MNG409,2018-01-01,LSH017,LCD005,1, ,8.21E+13,
3587,AI010,8.21E+13,41590140,376122224D,MNG409,2018-01-01,LSH017,LCD005,1, ,8.21E+13,
3588,AI010,8.21E+13,41590140,376122225A,MNG409,2018-01-01,LSH017,LCD005,1, ,8.21E+13,
3589,AI010,8.21E+13,41590140,376122225A,MNG409,2018-01-01,LSH017,LCD005,1, ,8.21E+13,
3590,AI010,8.21E+13,41590140,376122225A,MNG409,2018-01-01,LSH017,LCD005,1, ,8.21E+13,
3591,AI010,8.30E+13,41590340,376160106B,MNG244,2019-12-21,LSH023,LCD005,1,송산그린시티 기반시설 건설공사 도로 및 지하매설물 GIS D/B 구축용역,8.30E+13,
3592,AI010,8.30E+13,41590340,376160106B,MNG244,2019-12-21,LSH023,LCD005,1,송산그린시티 기반시설 건설공사 도로 및 지하매설물 GIS D/B 구축용역,8.30E+13,
3593,AI010,8.30E+13,41590340,376160106B,MNG244,2019-12-21,LSH023,LCD005,1,송산그린시티 기반시설 건설공사 도로 및 지하매설물 GIS D/B 구축용역,8.30E+13,
3594,AI010,8.30E+13,41590340,376160106B,MNG244,2019-12-21,LSH023,LCD005,1,송산그린시티 기반시설 건설공사 도로 및 지하매설물 GIS D/B 구축용역,8.30E+13,
3595,AI010,8.30E+13,41590340,376160107B,MNG244,2019-12-21,LSH023,LCD005,1,송산그린시티 기반시설 건설공사 도로 및 지하매설물 GIS D/B 구축용역,8.30E+13,
3596,AI010,8.30E+13,41590340,376122196C,MNG244,2019-12-21,LSH023,LCD005,1,송산그린시티 기반시설 건설공사 도로 및 지하매설물 GIS D/B 구축용역,8.30E+13,
3597,AI010,8.30E+13,41590340,376122196C,MNG244,2019-12-21,LSH023,LCD005,1,송산그린시티 기반시설 건설공사 도로 및 지하매설물 GIS D/B 구축용역,8.30E+13,
3598,AI010,8.30E+13,41590340,376122196C,MNG244,2019-12-21,LSH023,LCD005,1,송산그린시티 기반시설 건설공사 도로 및 지하매설물 GIS D/B 구축용역,8.30E+13,
3599,AI010,8.30E+13,41590340,376122196C,MNG244,2019-12-21,LSH023,LCD005,1,송산그린시티 기반시설 건설공사 도로 및 지하매설물 GIS D/B 구축용역,8.30E+13,
3600,AI010,8.30E+13,41590340,376122196C,MNG244,2019-12-21,LSH023,LCD005,1,송산그린시티 기반시설 건설공사 도로 및 지하매설물 GIS D/B 구축용역,8.30E+13,
3601,AI010,8.30E+13,41590340,376122196C,MNG244,2019-12-21,LSH023,LCD005,1,송산그린시티 기반시설 건설공사 도로 및 지하매설물 GIS D/B 구축용역,8.30E+13,
3602,AI010,4.22E+13,41590253,376160551B,MNG244,2018-06-01,LSH007,LCD004,1,"봉담도시계획도로 소로3-17,19호선 개설공사 GIS DB 구축용역",4.22E+13,
3603,AI010,4.22E+13,41590253,376160551B,MNG244,2018-06-01,LSH023,LCD005,1,"봉담도시계획도로 소로3-17,19호선 개설공사 GIS DB 구축용역",4.22E+13,
3604,AI010,100391,41590253,376160544B,MNG244,1900-01-01,LSH007,LCD002,1, ,1208421017,
3605,AI010,2.12E+11,41590360,376160972A,MNG244,2013-01-01,LSH002,LCD004,1,팔탄 도시계획도로 (소 2-8호선) 개설공사 GIS DB구축 사업,21160972007,
3606,AI010,200138,41590259,376161544A,MNG244,1900-01-01,LSH007,LCD002,1, ,1208212017,
3607,AI010,100709,41590560,376160547B,MNG244,1900-01-01,LSH000,LCD002,1, ,9010921007,
3608,AI010,401723,41590585,377130245D,MNG244,2006-04-01,LSH021,LCD003,1, ,2504219001,
3609,AI010,401217,41590587,377130292A,MNG244,2006-04-01,LSH010,LCD999,1, ,2708319001,
3610,AI010,500136,41590520,377130136D,MNG244,1900-01-01,LSH002,LCD002,1,30147002,3220131003,
3611,AI010,8.30E+13,41590340,376160108B,MNG244,2019-12-21,LSH023,LCD005,1,송산그린시티 기반시설 건설공사 도로 및 지하매설물 GIS D/B 구축용역,8.30E+13,
3612,AI010,8.30E+13,41590340,376160108B,MNG244,2019-12-21,LSH023,LCD005,1,송산그린시티 기반시설 건설공사 도로 및 지하매설물 GIS D/B 구축용역,8.30E+13,
3613,AI010,8.30E+13,41590340,376160108B,MNG244,2019-12-21,LSH023,LCD005,1,송산그린시티 기반시설 건설공사 도로 및 지하매설물 GIS D/B 구축용역,8.30E+13,
3614,AI010,8.30E+13,41590340,376160108B,MNG244,2019-12-21,LSH023,LCD005,1,송산그린시티 기반시설 건설공사 도로 및 지하매설물 GIS D/B 구축용역,8.30E+13,
3615,AI010,8.21E+13,41590140,376122233D,MNG244,2019-01-01,LSH017,LCD005,1, ,8.21E+13,
3616,AI010,8.21E+13,41590140,376122244B,MNG244,2019-01-01,LSH017,LCD005,1, ,8.21E+13,
3617,AI010,8.21E+13,41590140,376122244B,MNG244,2019-01-01,LSH017,LCD005,1, ,8.21E+13,
3618,AI010,8.21E+13,41590140,376122235A,MNG409,2018-01-01,LSH017,LCD005,1, ,8.21E+13,
3619,AI010,8.21E+13,41590140,376122235A,MNG409,2018-01-01,LSH017,LCD005,1, ,8.21E+13,
3620,AI010,2.22E+13,41590310,376122366D,MNG244,2019-02-01,LSH999,LCD999,1,시도78호선 야목교차로개선사업 GIS DB 구축용역,2.22E+13,
3621,AI010,2.22E+13,41590310,376122367A,MNG244,2019-02-01,LSH999,LCD999,1,시도78호선 야목교차로개선사업 GIS DB 구축용역,2.22E+13,
3622,AI010,1.22E+13,41590259,376161531C,MNG244,2019-03-29,LSH023,LCD005,1,향남읍 관리 보도설치공사 GIS DB 구축용역,1.22E+13,
3623,AI010,1.22E+13,41590259,376161531C,MNG244,2019-03-29,LSH023,LCD005,1,향남읍 관리 보도설치공사 GIS DB 구축용역,1.22E+13,
3624,AI010,2.22E+13,41590262,376160275C,MNG409,2021-09-30,LSH999,LCD999,1,남양도시계획도로 소로2-15호선(잔여구간) 개설공사 GIS DB 구축용역,2.22E+13,
3625,AI010,4.22E+13,41590570,377130184A,MNG409,2019-12-31,LSH006,LCD004,1,"화산도시계획도로 2-1,2호선 개설공사 GIS DB 구축용역",4.22E+13,
3626,AI010,4.22E+13,41590570,377130184A,MNG409,2019-12-31,LSH999,LCD004,1,"화산도시계획도로 2-1,2호선 개설공사 GIS DB 구축용역",4.22E+13,
3627,AI010,4.22E+13,41590570,377130184A,MNG409,2019-12-31,LSH002,LCD004,1,"화산도시계획도로 2-1,2호선 개설공사 GIS DB 구축용역",4.22E+13,
3628,AI010,100833,41590570,376160587C,MNG244,1900-01-01,LSH000,LCD002,1,갓형,9003221002,
3629,AI010,8.21E+13,41590140,376122223B,MNG409,2018-01-01,LSH017,LCD005,1, ,8.21E+13,
3630,AI010,8.21E+13,41590140,376122223B,MNG409,2018-01-01,LSH017,LCD005,1, ,8.21E+13,
3631,AI010,8.21E+13,41590140,376122222B,MNG409,2018-01-01,LSH017,LCD005,1, ,8.21E+13,
3632,AI010,8.21E+13,41590140,376122222B,MNG409,2018-01-01,LSH017,LCD005,1, ,8.21E+13,
3633,AI010,8.21E+13,41590140,376122213D,MNG409,2018-01-01,LSH017,LCD005,1, ,8.21E+13,
3634,AI010,8.21E+13,41590140,376122213D,MNG409,2018-01-01,LSH017,LCD005,1, ,8.21E+13,
3635,AI010,8.21E+13,41590140,376122213D,MNG409,2018-01-01,LSH017,LCD005,1, ,8.21E+13,
3636,AI010,8.21E+13,41590140,376122213D,MNG409,2018-01-01,LSH017,LCD005,1, ,8.21E+13,
3637,AI010,8.21E+13,41590140,376122213D,MNG409,2018-01-01,LSH017,LCD005,1, ,8.21E+13,
3638,AI010,8.21E+13,41590140,376122213D,MNG409,2018-01-01,LSH017,LCD005,1, ,8.21E+13,
3639,AI010,8.21E+13,41590140,376122213D,MNG409,2018-01-01,LSH017,LCD005,1, ,8.21E+13,
3640,AI010,8.21E+13,41590140,376122213D,MNG409,2018-01-01,LSH017,LCD005,1, ,8.21E+13,
3641,AI010,8.21E+13,41590140,376122213D,MNG409,2018-01-01,LSH017,LCD005,1, ,8.21E+13,
3642,AI010,8.21E+13,41590140,376122213D,MNG409,2018-01-01,LSH017,LCD005,1, ,8.21E+13,
3643,AI010,8.21E+13,41590140,376122213D,MNG409,2018-01-01,LSH017,LCD005,1, ,8.21E+13,
3644,AI010,8.21E+13,41590140,376122213D,MNG409,2018-01-01,LSH017,LCD005,1, ,8.21E+13,
3645,AI010,8.21E+13,41590140,376122213D,MNG409,2018-01-01,LSH017,LCD005,1, ,8.21E+13,
3646,AI010,8.21E+13,41590140,376122213D,MNG409,2018-01-01,LSH017,LCD005,1, ,8.21E+13,
3647,AI010,8.21E+13,41590140,376122224D,MNG409,2018-01-01,LSH017,LCD005,1, ,8.21E+13,
3648,AI010,8.21E+13,41590140,376122224D,MNG409,2018-01-01,LSH017,LCD005,1, ,8.21E+13,
3649,AI010,4.22E+13,41590340,376150577B,MNG244,2016-01-01,LSH007,LCD004,1,송산도시계획도로(대3-1호선)개설공사(1공구) GIS DB구축 사업,4.22E+13,
3650,AI010,8.89E+11,41590259,376161491A,MNG244,2016-01-01,LSH999,LCD002,1,화성 향남 2지구 도로 및 지하시설물 DB 구축(20170831),614910074,
3651,AI010,1.22E+13,41590510,376160291A,MNG244,2016-01-01,LSH007,LCD003,1,향남IC앞 교차로외 7개소 교통혼잡지구 개선사업 GIS DB 구축용역,1.22E+13,
3652,AI010,200279,41590400,376162044D,MNG409,1900-01-01,LSH002,LCD002,1, ,4.22E+13,
3653,AI010,200280,41590400,376162044D,MNG409,1900-01-01,LSH007,LCD002,1, ,99920150324,
3654,AI010,200274,41590400,376162044B,MNG409,1900-01-01,LSH002,LCD002,1, ,4.22E+13,
3655,AI010,9.00E+13,41590000,377130851A,MNG305,2016-01-01,LSH999,LCD999,1, ,9.00E+13,
3656,AI010,9.00E+13,41590000,377130851A,MNG305,2016-01-01,LSH999,LCD999,1, ,9.00E+13,
3657,AI010,9.00E+13,41590000,377130851A,MNG305,2016-01-01,LSH999,LCD999,1, ,9.00E+13,
3658,AI010,9.00E+13,41590000,377130851A,MNG305,2016-01-01,LSH999,LCD999,1, ,9.00E+13,
3659,AI010,9.00E+13,41590000,377130851A,MNG305,2016-01-01,LSH999,LCD999,1, ,9.00E+13,
3660,AI010,9.00E+13,41590000,377130710A,MNG305,2016-01-01,LSH999,LCD999,1, ,9.00E+13,
3661,AI010,9.00E+13,41590000,377130710A,MNG305,2016-01-01,LSH999,LCD999,1, ,9.00E+13,
3662,AI010,9.00E+13,41590000,377130884C,MNG305,2016-01-01,LSH999,LCD002,1, ,9.00E+13,
3663,AI010,2.21E+13,41590550,377130242C,MNG000,2022-04-01,LSH999,LCD999,1,도시계획시설사업(소로3-141호) 개설공사 GIS DB 구축용역,2.21E+13,
3664,AI010,2.21E+13,41590550,377130242D,MNG000,2022-04-01,LSH999,LCD999,1,도시계획시설사업(소로3-141호) 개설공사 GIS DB 구축용역,2.21E+13,
3665,AI010,2.21E+13,41590550,377130242D,MNG000,2022-04-01,LSH999,LCD999,1,도시계획시설사업(소로3-141호) 개설공사 GIS DB 구축용역,2.21E+13,
3666,AI010,2.22E+13,41590570,377130184D,MNG417,2021-10-01,LSH999,LCD999,1,화산도시계획도로 소로2-21호선 외 2개소 개설공사 GIS DB 구축용역,2.22E+13,
3667,AI010,8.22E+13,41590259,376161588C,MNG305,2017-12-01,LSH002,LCD002,1,화성향남2 주변도로 건설사업 도로 및 지하시설물 GIS DB 구축용역,8.22E+13,
3668,AI010,8.22E+13,41590259,376161588D,MNG305,2017-12-01,LSH002,LCD002,1,화성향남2 주변도로 건설사업 도로 및 지하시설물 GIS DB 구축용역,8.22E+13,
3669,AI010,8.22E+13,41590259,376161588B,MNG305,2017-12-01,LSH002,LCD002,1,화성향남2 주변도로 건설사업 도로 및 지하시설물 GIS DB 구축용역,8.22E+13,
3670,AI010,8.22E+13,41590259,376161588B,MNG305,2017-12-01,LSH002,LCD002,1,화성향남2 주변도로 건설사업 도로 및 지하시설물 GIS DB 구축용역,8.22E+13,
3671,AI010,2.22E+13,41590262,376160275C,MNG409,2021-09-30,LSH999,LCD999,1,남양도시계획도로 소로2-15호선(잔여구간) 개설공사 GIS DB 구축용역,2.22E+13,
3672,AI010,2.22E+13,41590520,377130177B,MNG417,2021-12-01,LSH999,LCD999,1,진안도시계획도로 소로1-4호선 개설공사 GIS DB 구축용역,2.22E+13,
3673,AI010,2.22E+13,41590520,377130167D,MNG417,2021-12-01,LSH999,LCD999,1,진안도시계획도로 소로1-4호선 개설공사 GIS DB 구축용역,2.22E+13,
3674,AI010,2.22E+13,41590520,377130167D,MNG417,2021-12-01,LSH999,LCD999,1,진안도시계획도로 소로1-4호선 개설공사 GIS DB 구축용역,2.22E+13,
3675,AI010,1.21E+13,41590310,376122473D,MNG409,2020-06-01,LSH002,LCD004,1,함백산 메모리얼파크 건립공사 중 GIS 측량 용역,1.21E+13,
3676,AI010,2.22E+13,41590259,376161442B,MNG409,2021-01-01,LSH999,LCD999,1,향남 소로2-12호선 외1개소 개설공사 GIS DB 구축용역,2.22E+13,
3677,AI010,2.22E+13,41590259,376161442B,MNG409,2021-01-01,LSH999,LCD999,1,향남 소로2-12호선 외1개소 개설공사 GIS DB 구축용역,2.22E+13,
3678,AI010,2.22E+13,41590259,376161442B,MNG409,2021-01-01,LSH999,LCD999,1,향남 소로2-12호선 외1개소 개설공사 GIS DB 구축용역,2.22E+13,
3679,AI010,2.22E+13,41590259,376161442B,MNG409,2021-01-01,LSH999,LCD999,1,향남 소로2-12호선 외1개소 개설공사 GIS DB 구축용역,2.22E+13,
3680,AI010,8.30E+13,41590340,376122195C,MNG244,2019-12-21,LSH023,LCD005,1,송산그린시티 기반시설 건설공사 도로 및 지하매설물 GIS D/B 구축용역,8.30E+13,
3681,AI010,8.30E+13,41590340,376122195C,MNG244,2019-12-21,LSH023,LCD005,1,송산그린시티 기반시설 건설공사 도로 및 지하매설물 GIS D/B 구축용역,8.30E+13,
3682,AI010,8.30E+13,41590340,376122195C,MNG244,2019-12-21,LSH023,LCD005,1,송산그린시티 기반시설 건설공사 도로 및 지하매설물 GIS D/B 구축용역,8.30E+13,
3683,AI010,8.30E+13,41590340,376122195C,MNG244,2019-12-21,LSH023,LCD005,1,송산그린시티 기반시설 건설공사 도로 및 지하매설물 GIS D/B 구축용역,8.30E+13,
3684,AI010,8.30E+13,41590340,376122195C,MNG244,2019-12-21,LSH023,LCD005,1,송산그린시티 기반시설 건설공사 도로 및 지하매설물 GIS D/B 구축용역,8.30E+13,
3685,AI010,8.30E+13,41590340,376122195C,MNG244,2019-12-21,LSH023,LCD005,1,송산그린시티 기반시설 건설공사 도로 및 지하매설물 GIS D/B 구축용역,8.30E+13,
3686,AI010,8.30E+13,41590340,376160108A,MNG244,2019-12-21,LSH023,LCD005,1,송산그린시티 기반시설 건설공사 도로 및 지하매설물 GIS D/B 구축용역,8.30E+13,
3687,AI010,401835,41590587,377130701B,MNG244,2006-04-01,LSH022,LCD999,1, ,9010919001,
3688,AI010,500634,41590520,377130187D,MNG244,2004-01-01,LSH002,LCD002,1,30198025,2704331003,
3689,AI010,8.89E+11,41590259,376161473A,MNG244,2016-01-01,LSH030,LCD002,1,화성 향남 2지구 도로 및 지하시설물 DB 구축(20170831),614731698,
3690,AI010,1.21E+13,41590550,377130262A,MNG244,2017-12-01,LSH999,LCD999,1,"반월,기산지구 시가화예정구역 도로 및 하수관거 정비사업 GIS DB 구축용역",0,
3691,AI010,1.22E+13,41590340,376150567D,MNG409,2017-12-01,LSH999,LCD004,1,마도면 송정로 보도설치공사 외 2건 GIS DB 구축용역,1.22E+13,
3692,AI010,300154,41590340,376150579A,MNG244,1900-01-01,LSH007,LCD002,1, ,2300113007,
3693,AI010,2.22E+13,41590256,376161724C,MNG409,2020-04-01,LSH999,LCD999,1,우정도시계획도로 소로1-2호선 외 2개소 개설공사 GIS DB 구축용역,2.22E+13,
3694,AI010,2.22E+13,41590256,376161724D,MNG409,2020-04-01,LSH999,LCD999,1,우정도시계획도로 소로1-2호선 외 2개소 개설공사 GIS DB 구축용역,2.22E+13,
3695,AI010,1.30E+13,41590262,376160747D,MNG409,2020-01-01,LSH007,LCD004,1,시도15호선(안석~무송간) 도로확포장공사(1구간) GIS DB구축용역,1.30E+13,
3696,AI010,1.30E+13,41590262,376160747D,MNG409,2020-01-01,LSH007,LCD004,1,시도15호선(안석~무송간) 도로확포장공사(1구간) GIS DB구축용역,1.30E+13,
3697,AI010,1.30E+13,41590262,376160747D,MNG409,2020-01-01,LSH007,LCD004,1,시도15호선(안석~무송간) 도로확포장공사(1구간) GIS DB구축용역,1.30E+13,
3698,AI010,8.89E+11,41590259,376161810A,MNG244,2016-01-01,LSH030,LCD002,1,화성 향남 2지구 도로 및 지하시설물 DB 구축(20170831),618101705,
3699,AI010,1.21E+13,41590520,377130170A,MNG244,2019-06-01,LSH999,LCD004,1,반월도시계획도로(중로1류 1-2호선 외2) 개설공사 GIS DB 구축 사업,1.21E+13,
3700,AI010,2.12E+11,41590253,376160566A,MNG244,2015-06-01,LSH007,LCD004,1,태안도시계획도로(소1-99호선)개설공사 GIS DB구축 용역(20180219),21151101001,
3701,AI010,99920171001,41590510,376160235B,MNG244,2017-01-01,LSH002,LCD000,1,송산그린시티 기반시설 건설공사 도로 및 지하매설물 GIS D/B 구축용역(20171229),99920171025,
3702,AI010,401598,41590585,377130254D,MNG244,2006-04-01,LSH021,LCD003,1, ,2705419001,
3703,AI010,9.00E+13,41590000,377130851A,MNG305,2016-01-01,LSH999,LCD999,1, ,9.00E+13,
3704,AI010,9.00E+13,41590000,377130851A,MNG305,2016-01-01,LSH999,LCD999,1, ,9.00E+13,
3705,AI010,9.00E+13,41590000,377130851A,MNG305,2016-01-01,LSH999,LCD999,1, ,9.00E+13,
3706,AI010,8.30E+13,41590340,376122197C,MNG244,2019-12-21,LSH023,LCD005,1,송산그린시티 기반시설 건설공사 도로 및 지하매설물 GIS D/B 구축용역,8.30E+13,
3707,AI010,8.21E+13,41590140,376122258A,MNG244,2020-01-01,LSH023,LCD005,1, ,8.21E+13,
3708,AI010,8.21E+13,41590140,376122256A,MNG244,2020-01-01,LSH023,LCD005,1, ,8.21E+13,
3709,AI010,8.21E+13,41590140,376122256A,MNG244,2020-01-01,LSH023,LCD005,1, ,8.21E+13,
3710,AI010,8.21E+13,41590140,376122244A,MNG244,2020-01-01,LSH023,LCD005,1, ,8.21E+13,
3711,AI010,8.21E+13,41590140,376122244A,MNG244,2020-01-01,LSH023,LCD005,1, ,8.21E+13,
3712,AI010,8.22E+13,41590410,376161084C,MNG305,2020-01-01,LSH002,LCD002,1,화성향남2 주변도로 건설사업 도로 및 지하시설물 GIS DB 구축용역,8.22E+13,
3713,AI010,99920150077,41590370,376161736A,MNG244,1990-01-01,LSH000,LCD000,1, ,99920150721,
3714,AI010,99920150015,41590256,376162115C,MNG244,1990-01-01,LSH000,LCD000,1, ,99920150747,
3715,AI010,99920150021,41590256,376161689C,MNG244,1990-01-01,LSH000,LCD000,1, ,99920150747,
3716,AI010,99920150019,41590370,376161775A,MNG244,1990-01-01,LSH000,LCD000,1, ,99920150726,
3717,AI010,99920150012,41590370,376162228C,MNG244,1990-01-01,LSH000,LCD000,1, ,99920150733,
3718,AI010,99920150020,41590256,376161690C,MNG244,1990-01-01,LSH000,LCD000,1, ,99920150748,
3719,AI010,99920150092,41590360,376161377A,MNG244,1990-01-01,LSH000,LCD000,1, ,99920150675,
3720,AI010,100796,41590570,376160577A,MNG244,1900-01-01,LSH007,LCD002,1, ,9002721001,
3721,AI010,100639,41590410,376161077D,MNG244,1996-01-01,LSH007,LCD002,1, ,1331511012,
3722,AI010,100578,41590410,376161066D,MNG244,1900-01-01,LSH007,LCD002,1, ,1330911028,
3723,AI010,8.21E+13,41590140,376122223B,MNG409,2018-01-01,LSH017,LCD005,1, ,8.21E+13,
3724,AI010,8.21E+13,41590140,376122223B,MNG409,2018-01-01,LSH017,LCD005,1, ,8.21E+13,
3725,AI010,8.21E+13,41590140,376122224D,MNG409,2018-01-01,LSH017,LCD005,1, ,8.21E+13,
3726,AI010,8.21E+13,41590140,376122224D,MNG409,2018-01-01,LSH017,LCD005,1, ,8.21E+13,
3727,AI010,8.21E+13,41590140,376122224D,MNG409,2018-01-01,LSH017,LCD005,1, ,8.21E+13,
3728,AI010,8.21E+13,41590140,376122224B,MNG409,2018-01-01,LSH017,LCD005,1, ,8.21E+13,
3729,AI010,8.21E+13,41590140,376122224B,MNG409,2018-01-01,LSH017,LCD005,1, ,8.21E+13,
3730,AI010,8.21E+13,41590140,376122222A,MNG409,2018-01-01,LSH017,LCD005,1, ,8.21E+13,
3731,AI010,8.21E+13,41590140,376122222A,MNG409,2018-01-01,LSH017,LCD005,1, ,8.21E+13,
3732,AI010,8.21E+13,41590140,376122222A,MNG409,2018-01-01,LSH017,LCD005,1, ,8.21E+13,
3733,AI010,8.21E+13,41590140,376122222A,MNG409,2018-01-01,LSH017,LCD005,1, ,8.21E+13,
3734,AI010,8.30E+13,41590262,376122225A,MNG244,2019-12-21,LSH023,LCD005,1,송산그린시티 기반시설 건설공사 도로 및 지하매설물 GIS D/B 구축용역,8.30E+13,
3735,AI010,1.22E+13,41590310,376122367C,MNG409,2020-11-01,LSH023,LCD005,1,매송도시계획도로 소로 2-71호선 개설공사 GIS DB 구축용역,1.22E+13,
3736,AI010,1.22E+13,41590310,376122367C,MNG409,2020-11-01,LSH007,LCD004,1,매송도시계획도로 소로 2-71호선 개설공사 GIS DB 구축용역,1.22E+13,
3737,AI010,1.22E+13,41590310,376122367C,MNG409,2020-11-01,LSH023,LCD005,1,매송도시계획도로 소로 2-71호선 개설공사 GIS DB 구축용역,1.22E+13,
3738,AI010,1.22E+13,41590253,376160551B,MNG409,2020-11-01,LSH023,LCD005,1,봉담도시계획도로 소로3-19호선(잔여구간)개설공사 GIS DB구축 용역,1.22E+13,
3739,AI010,1.22E+13,41590253,376160551B,MNG409,2020-11-01,LSH023,LCD005,1,봉담도시계획도로 소로3-19호선(잔여구간)개설공사 GIS DB구축 용역,1.22E+13,
3740,AI010,1.22E+13,41590253,376160551B,MNG409,2020-11-01,LSH023,LCD005,1,봉담도시계획도로 소로3-19호선(잔여구간)개설공사 GIS DB구축 용역,1.22E+13,
3741,AI010,4.22E+13,41590253,376160976B,MNG409,2020-12-01,LSH023,LCD005,1,봉담읍 덕우리 지방도310호선 보도설치공사외 3건 GIS DB 구축용역,4.22E+13,
3742,AI010,4.22E+13,41590253,376160976B,MNG409,2020-12-01,LSH023,LCD005,1,봉담읍 덕우리 지방도310호선 보도설치공사외 3건 GIS DB 구축용역,4.22E+13,
3743,AI010,4.22E+13,41590253,376160976B,MNG409,2020-12-01,LSH023,LCD005,1,봉담읍 덕우리 지방도310호선 보도설치공사외 3건 GIS DB 구축용역,4.22E+13,
3744,AI010,2.22E+13,41590310,376122366D,MNG244,2019-02-01,LSH999,LCD999,1,시도78호선 야목교차로개선사업 GIS DB 구축용역,2.22E+13,
3745,AI010,2.22E+13,41590310,376122366D,MNG244,2019-02-01,LSH999,LCD999,1,시도78호선 야목교차로개선사업 GIS DB 구축용역,2.22E+13,
3746,AI010,8.89E+11,41590259,376161491A,MNG244,2016-01-01,LSH019,LCD002,1,화성 향남 2지구 도로 및 지하시설물 DB 구축(20170831),614910074,
3747,AI010,4.22E+13,41590320,376160325C,MNG244,2016-01-01,LSH007,LCD004,1,비봉 도시계획도로(중로2-3호선)개설공사 GIS DB구축 사업,4.22E+13,
3748,AI010,4.22E+13,41590320,376160325C,MNG244,2016-01-01,LSH002,LCD004,1,비봉 도시계획도로(중로2-3호선)개설공사 GIS DB구축 사업,4.22E+13,
3749,AI010,4.22E+13,41590320,376160325D,MNG244,2016-01-01,LSH002,LCD004,1,비봉 도시계획도로(중로2-3호선)개설공사 GIS DB구축 사업,2006913001,
3750,AI010,4.22E+13,41590320,376160325D,MNG244,2016-01-01,LSH002,LCD004,1,비봉 도시계획도로(중로2-3호선)개설공사 GIS DB구축 사업,4.22E+13,
3751,AI010,8.21E+13,41590140,376122233B,MNG244,2019-01-01,LSH017,LCD005,1, ,8.21E+13,
3752,AI010,8.21E+13,41590140,376122234A,MNG244,2019-01-01,LSH017,LCD005,1, ,8.21E+13,
3753,AI010,8.21E+13,41590140,376122257B,MNG244,2020-01-01,LSH023,LCD005,1, ,8.21E+13,
3754,AI010,8.21E+13,41590140,376122257B,MNG244,2020-01-01,LSH023,LCD005,1, ,8.21E+13,
3755,AI010,8.21E+13,41590140,376122257B,MNG244,2020-01-01,LSH023,LCD005,1, ,8.21E+13,
3756,AI010,8.21E+13,41590140,376122257B,MNG244,2020-01-01,LSH023,LCD005,1, ,8.21E+13,
3757,AI010,8.21E+13,41590140,376122257B,MNG244,2020-01-01,LSH023,LCD005,1, ,8.21E+13,
3758,AI010,8.21E+13,41590140,376122244A,MNG244,2020-01-01,LSH023,LCD005,1, ,8.21E+13,
3759,AI010,8.21E+13,41590140,376122223A,MNG244,2020-01-01,LSH023,LCD005,1, ,8.21E+13,
3760,AI010,8.21E+13,41590140,376122222A,MNG244,2020-01-01,LSH023,LCD005,1, ,8.21E+13,
3761,AI010,8.21E+13,41590140,376122222A,MNG244,2020-01-01,LSH023,LCD005,1, ,8.21E+13,
3762,AI010,8.21E+13,41590140,376122233A,MNG244,2019-01-01,LSH017,LCD005,1, ,8.21E+13,
3763,AI010,8.21E+13,41590140,376122223D,MNG244,2019-01-01,LSH017,LCD005,1, ,8.21E+13,
3764,AI010,8.21E+13,41590140,376122245A,MNG244,2019-01-01,LSH017,LCD005,1, ,8.21E+13,
3765,AI010,8.21E+13,41590140,376122245A,MNG244,2019-01-01,LSH017,LCD005,1, ,8.21E+13,
3766,AI010,8.21E+13,41590140,376122245A,MNG244,2019-01-01,LSH017,LCD005,1, ,8.21E+13,
3767,AI010,8.21E+13,41590140,376122245A,MNG244,2019-01-01,LSH017,LCD005,1, ,8.21E+13,
3768,AI010,8.21E+13,41590140,376122244B,MNG244,2019-01-01,LSH017,LCD005,1, ,8.21E+13,
3769,AI010,8.21E+13,41590140,376122234B,MNG244,2019-01-01,LSH017,LCD005,1, ,8.21E+13,
3770,AI010,8.21E+13,41590140,376122234B,MNG244,2019-01-01,LSH017,LCD005,1, ,8.21E+13,
3771,AI010,8.21E+13,41590140,376122234B,MNG244,2019-01-01,LSH017,LCD005,1, ,8.21E+13,
3772,AI010,8.21E+13,41590140,376122234B,MNG244,2019-01-01,LSH017,LCD005,1, ,8.21E+13,
3773,AI010,8.21E+13,41590140,376122234B,MNG244,2019-01-01,LSH017,LCD005,1, ,8.21E+13,
3774,AI010,8.21E+13,41590140,376122234A,MNG244,2019-01-01,LSH017,LCD005,1, ,8.21E+13,
3775,AI010,8.21E+13,41590140,376122245C,MNG244,2019-01-01,LSH017,LCD005,1, ,8.21E+13,
3776,AI010,8.21E+13,41590140,376122245A,MNG244,2019-01-01,LSH017,LCD005,1, ,8.21E+13,
3777,AI010,8.21E+13,41590140,376122245A,MNG244,2019-01-01,LSH017,LCD005,1, ,8.21E+13,
3778,AI010,8.21E+13,41590140,376122245C,MNG244,2019-01-01,LSH017,LCD005,1, ,8.21E+13,
3779,AI010,8.21E+13,41590140,376122233D,MNG244,2019-01-01,LSH017,LCD005,1, ,8.21E+13,
3780,AI010,8.21E+13,41590140,376122234C,MNG244,2019-01-01,LSH017,LCD005,1, ,8.21E+13,
3781,AI010,1.22E+13,41590340,376150437B,MNG244,2017-10-12,LSH007,LCD004,1,송산면 고포리 보도설치공사 GIS DB 구축용역,0,
3782,AI010,1.22E+13,41590340,376150437B,MNG244,2017-10-12,LSH007,LCD004,1,송산면 고포리 보도설치공사 GIS DB 구축용역,0,
3783,AI010,1.21E+13,41590520,377130170B,MNG244,2019-06-01,LSH006,LCD004,1,반월도시계획도로(중로1류 1-2호선 외2) 개설공사 GIS DB 구축 사업,1.21E+13,
3784,AI010,8.30E+13,41590256,376152530D,MNG244,2017-11-25,LSH002,LCD004,1,고온항 진입도로 개설공사 GIS DB 구축용역,8.30E+13,
3785,AI010,2.22E+13,41590350,376150974C,MNG409,2019-08-01,LSH999,LCD999,1,살곶이길(리도205호선) 확포장공사 GIS DB 구축용역,2.22E+13,
3786,AI010,2.22E+13,41590350,376150974C,MNG409,2019-08-01,LSH999,LCD999,1,살곶이길(리도205호선) 확포장공사 GIS DB 구축용역,2.22E+13,
3787,AI010,2.22E+13,41590350,376150973D,MNG409,2019-08-01,LSH999,LCD999,1,살곶이길(리도205호선) 확포장공사 GIS DB 구축용역,2.22E+13,
3788,AI010,2.22E+13,41590350,376150973D,MNG409,2019-08-01,LSH999,LCD999,1,살곶이길(리도205호선) 확포장공사 GIS DB 구축용역,2.22E+13,
3789,AI010,2.22E+13,41590350,376150973D,MNG409,2019-08-01,LSH999,LCD999,1,살곶이길(리도205호선) 확포장공사 GIS DB 구축용역,2.22E+13,
3790,AI010,2.22E+13,41590350,376150974C,MNG409,2019-08-01,LSH999,LCD999,1,살곶이길(리도205호선) 확포장공사 GIS DB 구축용역,2.22E+13,
3791,AI010,5.11E+11,41590600,377130739C,MNG244,2014-01-01,LSH999,LCD004,1,화성동탄 일반산업단지 조성공사 중 GIS구축,51130739015,
3792,AI010,8.21E+13,41590140,376122223B,MNG409,2018-01-01,LSH017,LCD005,1, ,8.21E+13,
3793,AI010,8.21E+13,41590140,376122223A,MNG409,2018-01-01,LSH017,LCD005,1, ,8.21E+13,
3794,AI010,8.21E+13,41590140,376122223A,MNG409,2018-01-01,LSH017,LCD005,1, ,8.21E+13,
3795,AI010,8.21E+13,41590140,376122223B,MNG409,2018-01-01,LSH017,LCD005,1, ,8.21E+13,
3796,AI010,8.21E+13,41590140,376122223B,MNG409,2018-01-01,LSH017,LCD005,1, ,8.21E+13,
3797,AI010,8.21E+13,41590140,376122244B,MNG244,2019-01-01,LSH017,LCD005,1, ,8.21E+13,
3798,AI010,8.21E+13,41590140,376122244B,MNG244,2019-01-01,LSH017,LCD005,1, ,8.21E+13,
3799,AI010,8.89E+11,41590259,376161472A,MNG244,2016-01-01,LSH030,LCD002,1,화성 향남 2지구 도로 및 지하시설물 DB 구축(20170831),614621699,
3800,AI010,1.22E+13,41590310,376122472D,MNG244,2017-12-01,LSH999,LCD004,1,매송도시계획도로 소로2-17호선 개설공사 GIS DB 구축용역,1.22E+13,
3801,AI010,1.22E+13,41590310,376122472D,MNG244,2017-12-01,LSH002,LCD004,1,매송도시계획도로 소로2-17호선 개설공사 GIS DB 구축용역,1.22E+13,
3802,AI010,1.22E+13,41590310,376122472D,MNG244,2017-12-01,LSH023,LCD005,1,매송도시계획도로 소로2-17호선 개설공사 GIS DB 구축용역,0,
3803,AI010,1.22E+13,41590310,376122472D,MNG244,2017-12-01,LSH023,LCD005,1,매송도시계획도로 소로2-17호선 개설공사 GIS DB 구축용역,1.22E+13,
3804,AI010,8.21E+13,41590140,376122256A,MNG409,2018-01-01,LSH017,LCD005,1, ,8.21E+13,
3805,AI010,8.21E+13,41590140,376122256A,MNG409,2018-01-01,LSH017,LCD005,1, ,8.21E+13,
3806,AI010,8.21E+13,41590140,376122256A,MNG409,2018-01-01,LSH017,LCD005,1, ,8.21E+13,
3807,AI010,8.21E+13,41590140,376122246C,MNG409,2018-01-01,LSH017,LCD005,1, ,8.21E+13,
3808,AI010,8.21E+13,41590140,376122246C,MNG409,2018-01-01,LSH017,LCD005,1, ,8.21E+13,
3809,AI010,8.21E+13,41590140,376122246C,MNG409,2018-01-01,LSH017,LCD005,1, ,8.21E+13,
3810,AI010,8.21E+13,41590140,376122246C,MNG409,2018-01-01,LSH017,LCD005,1, ,8.21E+13,
3811,AI010,8.21E+13,41590140,376122246C,MNG409,2018-01-01,LSH017,LCD005,1, ,8.21E+13,
3812,AI010,8.21E+13,41590140,376122246C,MNG409,2018-01-01,LSH017,LCD005,1, ,8.21E+13,
3813,AI010,8.21E+13,41590140,376122246C,MNG409,2018-01-01,LSH017,LCD005,1, ,8.21E+13,
3814,AI010,8.21E+13,41590140,376122246C,MNG409,2018-01-01,LSH017,LCD005,1, ,8.21E+13,
3815,AI010,8.21E+13,41590140,376122246C,MNG409,2018-01-01,LSH017,LCD005,1, ,8.21E+13,
3816,AI010,4.22E+13,41590570,377130611A,MNG244,2017-12-30,LSH002,LCD004,1,화산도시계획도로 소로1-23호선 개설공사 GIS DB 구축용역,0,
3817,AI010,8.89E+11,41590259,376161472A,MNG244,2016-01-01,LSH030,LCD002,1,화성 향남 2지구 도로 및 지하시설물 DB 구축(20170831),614621699,
3818,AI010,8.89E+11,41590259,376161463D,MNG244,2016-01-01,LSH030,LCD002,1,화성 향남 2지구 도로 및 지하시설물 DB 구축(20170831),614631679,
3819,AI010,8.89E+11,41590259,376161463D,MNG244,2016-01-01,LSH030,LCD002,1,화성 향남 2지구 도로 및 지하시설물 DB 구축(20170831),614631659,
3820,AI010,8.89E+11,41590259,376161463D,MNG244,2016-01-01,LSH030,LCD002,1,화성 향남 2지구 도로 및 지하시설물 DB 구축(20170831),614631659,
3821,AI010,8.89E+11,41590259,376161463D,MNG244,2016-01-01,LSH030,LCD002,1,화성 향남 2지구 도로 및 지하시설물 DB 구축(20170831),614631660,
3822,AI010,8.89E+11,41590259,376161463B,MNG244,2016-01-01,LSH030,LCD002,1,화성 향남 2지구 도로 및 지하시설물 DB 구축(20170831),614631678,
3823,AI010,8.89E+11,41590259,376161463B,MNG244,2016-01-01,LSH030,LCD002,1,화성 향남 2지구 도로 및 지하시설물 DB 구축(20170831),614631678,
3824,AI010,8.89E+11,41590259,376161463B,MNG244,2016-01-01,LSH030,LCD002,1,화성 향남 2지구 도로 및 지하시설물 DB 구축(20170831),614631678,
3825,AI010,8.89E+11,41590259,376161463B,MNG244,2016-01-01,LSH030,LCD002,1,화성 향남 2지구 도로 및 지하시설물 DB 구축(20170831),614631678,
3826,AI010,8.89E+11,41590259,376161463B,MNG244,2016-01-01,LSH030,LCD002,1,화성 향남 2지구 도로 및 지하시설물 DB 구축(20170831),614631659,
3827,AI010,401114,41590586,377130707C,MNG244,2006-04-01,LSH022,LCD999,1, ,2809019007,
3828,AI010,2.12E+11,41590256,376161166B,MNG244,2015-01-01,LSH002,LCD004,1,호곡~주곡간 도로확포장공사 GIS DB 구축용역(20170823)_재납품,21150726001,
3829,AI010,2.12E+11,41590256,376161163B,MNG244,2015-01-01,LSH002,LCD004,1,호곡~주곡간 도로확포장공사 GIS DB 구축용역(20170823)_재납품,21150726001,
3830,AI010,2.12E+11,41590256,376161173A,MNG244,2015-01-01,LSH006,LCD004,1,호곡~주곡간 도로확포장공사 GIS DB 구축용역(20170823)_재납품,21150726001,
3831,AI010,2.12E+11,41590256,376161163C,MNG244,2015-01-01,LSH999,LCD004,1,호곡~주곡간 도로확포장공사 GIS DB 구축용역(20170823)_재납품,21150726001,
3832,AI010,8.21E+13,41590140,376122245A,MNG409,2018-01-01,LSH017,LCD005,1, ,8.21E+13,
3833,AI010,8.21E+13,41590140,376122245A,MNG409,2018-01-01,LSH017,LCD005,1, ,8.21E+13,
3834,AI010,8.21E+13,41590140,376122245A,MNG409,2018-01-01,LSH017,LCD005,1, ,8.21E+13,
3835,AI010,4.22E+13,41590253,376160965D,MNG409,2020-12-01,LSH007,LCD004,1,봉담읍 덕우리 지방도310호선 보도설치공사외 3건 GIS DB 구축용역,4.22E+13,
3836,AI010,4.22E+13,41590253,376160975A,MNG409,2020-12-01,LSH023,LCD005,1,봉담읍 덕우리 지방도310호선 보도설치공사외 3건 GIS DB 구축용역,4.22E+13,
3837,AI010,8.30E+13,41590340,376160108A,MNG244,2019-12-21,LSH023,LCD005,1,송산그린시티 기반시설 건설공사 도로 및 지하매설물 GIS D/B 구축용역,8.30E+13,
3838,AI010,8.30E+13,41590340,376160108A,MNG244,2019-12-21,LSH023,LCD005,1,송산그린시티 기반시설 건설공사 도로 및 지하매설물 GIS D/B 구축용역,8.30E+13,
3839,AI010,8.30E+13,41590340,376160108A,MNG244,2019-12-21,LSH023,LCD005,1,송산그린시티 기반시설 건설공사 도로 및 지하매설물 GIS D/B 구축용역,8.30E+13,
3840,AI010,8.30E+13,41590340,376160108A,MNG244,2019-12-21,LSH023,LCD005,1,송산그린시티 기반시설 건설공사 도로 및 지하매설물 GIS D/B 구축용역,8.30E+13,
3841,AI010,8.30E+13,41590340,376160108A,MNG244,2019-12-21,LSH023,LCD005,1,송산그린시티 기반시설 건설공사 도로 및 지하매설물 GIS D/B 구축용역,8.30E+13,
3842,AI010,8.30E+13,41590340,376160108A,MNG244,2019-12-21,LSH023,LCD005,1,송산그린시티 기반시설 건설공사 도로 및 지하매설물 GIS D/B 구축용역,8.30E+13,
3843,AI010,8.30E+13,41590340,376160107A,MNG244,2019-12-21,LSH023,LCD005,1,송산그린시티 기반시설 건설공사 도로 및 지하매설물 GIS D/B 구축용역,8.30E+13,
3844,AI010,500092,41590410,377130676C,MNG409,1900-01-01,LSH002,LCD002,1,30686002,1.22E+13,
3845,AI010,8.30E+13,41590262,376160109B,MNG244,2019-12-21,LSH023,LCD005,1,송산그린시티 기반시설 건설공사 도로 및 지하매설물 GIS D/B 구축용역,8.30E+13,
3846,AI010,8.30E+13,41590262,376160109B,MNG244,2019-12-21,LSH023,LCD005,1,송산그린시티 기반시설 건설공사 도로 및 지하매설물 GIS D/B 구축용역,8.30E+13,
3847,AI010,1.22E+13,41590310,376122473C,MNG244,2017-12-01,LSH002,LCD004,1,매송도시계획도로 소로2-17호선 개설공사 GIS DB 구축용역,1.22E+13,
3848,AI010,1.22E+13,41590310,376122473C,MNG244,2017-12-01,LSH023,LCD005,1,매송도시계획도로 소로2-17호선 개설공사 GIS DB 구축용역,1.22E+13,
3849,AI010,1.22E+13,41590310,376122473C,MNG244,2017-12-01,LSH002,LCD004,1,매송도시계획도로 소로2-17호선 개설공사 GIS DB 구축용역,1.22E+13,
3850,AI010,1.21E+13,41590520,377130251C,MNG244,2019-06-01,LSH006,LCD004,1,반월도시계획도로(중로1류 1-2호선 외2) 개설공사 GIS DB 구축 사업,1.21E+13,
3851,AI010,500265,41590520,377130170A,MNG244,1900-01-01,LSH002,LCD002,1,30170006,1.21E+13,
3852,AI010,2.22E+13,41590520,377130187B,MNG417,2019-07-01,LSH999,LCD999,1,진안도시계획도로 소로2-22호선 개설공사 GIS DB구축 용역,2.22E+13,
3853,AI010,2.22E+13,41590520,377130187B,MNG417,2019-07-01,LSH999,LCD999,1,진안도시계획도로 소로2-22호선 개설공사 GIS DB구축 용역,2.22E+13,
3854,AI010,100332,41590253,376160551C,MNG244,1900-01-01,LSH002,LCD002,1, ,9005021001,
3855,AI010,2.12E+11,41590256,376161166A,MNG244,2015-01-01,LSH006,LCD004,1,호곡~주곡간 도로확포장공사 GIS DB 구축용역(20170823)_재납품,21150726001,
3856,AI010,2.22E+13,41590310,376122495D,MNG409,2020-01-01,LSH999,LCD999,1,매송도시계획도로 소로2-26호선 개설공사 GIS DB 구축용역,2.22E+13,
3857,AI010,2.22E+13,41590310,376122495D,MNG409,2020-01-01,LSH999,LCD999,1,매송도시계획도로 소로2-26호선 개설공사 GIS DB 구축용역,2.22E+13,
3858,AI010,1.22E+13,41590253,376160551B,MNG409,2019-12-01,LSH023,LCD005,1,봉담도시계획도로 소로3-14호선 개설공사 GIS DB 구축용역,1.22E+13,
3859,AI010,8.21E+13,41590140,376122234B,MNG409,2018-01-01,LSH017,LCD005,1, ,8.21E+13,
3860,AI010,8.30E+13,41590340,376150510A,MNG244,2019-12-21,LSH006,LCD005,1,송산그린시티 기반시설 건설공사 도로 및 지하매설물 GIS D/B 구축용역,8.30E+13,
3861,AI010,8.30E+13,41590262,376122225A,MNG244,2019-12-21,LSH023,LCD005,1,송산그린시티 기반시설 건설공사 도로 및 지하매설물 GIS D/B 구축용역,8.30E+13,
3862,AI010,8.30E+13,41590262,376122225A,MNG244,2019-12-21,LSH023,LCD005,1,송산그린시티 기반시설 건설공사 도로 및 지하매설물 GIS D/B 구축용역,8.30E+13,
3863,AI010,8.30E+13,41590262,376122225A,MNG244,2019-12-21,LSH023,LCD005,1,송산그린시티 기반시설 건설공사 도로 및 지하매설물 GIS D/B 구축용역,8.30E+13,
3864,AI010,2.13E+11,41590340,376150439C,MNG244,2016-01-01,LSH002,LCD004,1,송산면 마산리 보도설치공사 GIS DB 구축용역(20171220),21250439001,
3865,AI010,100451,41590253,376160582D,MNG244,1900-01-01,LSH000,LCD002,1, ,3220621033,
3866,AI010,100691,41590560,376160547A,MNG244,1900-01-01,LSH007,LCD002,1, ,9008321010,
3867,AI010,100864,41590253,376160577A,MNG244,1900-01-01,LSH000,LCD002,1, ,1208421036,
3868,AI010,100150,41590253,376160918B,MNG244,1900-01-01,LSH002,LCD002,1, ,1104311054,
3869,AI010,200117,41590259,376161432D,MNG244,1900-01-01,LSH002,LCD002,1, ,2801312006,
3870,AI010,1.22E+13,41590400,376162054A,MNG244,2017-07-01,LSH007,LCD003,1,용소리 도로확포장공사 GIS DB 구축용역,1.22E+13,
3871,AI010,1.22E+13,41590400,376162054C,MNG244,2017-07-01,LSH023,LCD005,1,용소리 도로확포장공사 GIS DB 구축용역,1.22E+13,
3872,AI010,1.22E+13,41590400,376162054D,MNG244,2017-07-01,LSH007,LCD003,1,용소리 도로확포장공사 GIS DB 구축용역,1.22E+13,
3873,AI010,1.22E+13,41590400,376162054D,MNG244,2017-07-01,LSH023,LCD005,1,용소리 도로확포장공사 GIS DB 구축용역,1.22E+13,
3874,AI010,1.22E+13,41590400,376162044D,MNG244,2017-07-01,LSH002,LCD003,1,용소리 도로확포장공사 GIS DB 구축용역,1.22E+13,
3875,AI010,200196,41590400,376161585C,MNG409,1900-01-01,LSH002,LCD002,1, ,2005712014,
3876,AI010,200199,41590400,376161585D,MNG409,1900-01-01,LSH002,LCD002,1, ,2005712014,
3877,AI010,200262,41590400,376161940C,MNG409,1900-01-01,LSH007,LCD002,1, ,1330612009,
3878,AI010,8.30E+13,41590340,376122197C,MNG244,2019-12-21,LSH023,LCD005,1,송산그린시티 기반시설 건설공사 도로 및 지하매설물 GIS D/B 구축용역,8.30E+13,
3879,AI010,100633,41590410,376161048B,MNG244,2004-01-01,LSH002,LCD002,1, ,1331511020,
3880,AI010,401928,41590587,377130701A,MNG244,2006-04-01,LSH022,LCD999,1, ,2802519001,
3881,AI010,1.22E+13,41590350,376150866C,MNG244,2015-06-01,LSH002,LCD004,1,서신 도시계획도로(소로1-7호선)개설공사 GIS DB 구축용역,1.22E+13,
3882,AI010,1.22E+13,41590350,376150866C,MNG244,2015-06-01,LSH002,LCD004,1,서신 도시계획도로(소로1-7호선)개설공사 GIS DB 구축용역,1.22E+13,
3883,AI010,1.22E+13,41590350,376150866A,MNG244,2015-06-01,LSH007,LCD004,1,서신 도시계획도로(소로1-7호선)개설공사 GIS DB 구축용역,1.22E+13,
3884,AI010,1.22E+13,41590350,376150866A,MNG244,2015-06-01,LSH002,LCD004,1,서신 도시계획도로(소로1-7호선)개설공사 GIS DB 구축용역,1.22E+13,
3885,AI010,500566,41590520,377130179A,MNG244,1900-01-01,LSH000,LCD002,1,30189046,2703531002,
3886,AI010,8.21E+13,41590140,376122244B,MNG244,2019-01-01,LSH017,LCD005,1, ,8.21E+13,
3887,AI010,8.21E+13,41590140,376122244B,MNG244,2019-01-01,LSH017,LCD005,1, ,8.21E+13,
3888,AI010,8.21E+13,41590140,376122244B,MNG244,2019-01-01,LSH017,LCD005,1, ,8.21E+13,
3889,AI010,8.21E+13,41590140,376122244B,MNG244,2019-01-01,LSH017,LCD005,1, ,8.21E+13,
3890,AI010,8.21E+13,41590140,376122244B,MNG244,2019-01-01,LSH017,LCD005,1, ,8.21E+13,
3891,AI010,1.22E+13,41590570,377130193A,MNG409,2020-11-01,LSH007,LCD004,1,화산도시계획도로 소로2-14호선 외 2개소 개설공사 GIS DB구축용역,0,
3892,AI010,8.30E+13,41590262,376160109B,MNG244,2019-12-21,LSH023,LCD005,1,송산그린시티 기반시설 건설공사 도로 및 지하매설물 GIS D/B 구축용역,8.30E+13,
3893,AI010,8.30E+13,41590262,376160109B,MNG244,2019-12-21,LSH023,LCD005,1,송산그린시티 기반시설 건설공사 도로 및 지하매설물 GIS D/B 구축용역,8.30E+13,
3894,AI010,8.30E+13,41590262,376160109A,MNG244,2019-12-21,LSH023,LCD005,1,송산그린시티 기반시설 건설공사 도로 및 지하매설물 GIS D/B 구축용역,8.30E+13,
3895,AI010,8.30E+13,41590262,376160109A,MNG244,2019-12-21,LSH023,LCD005,1,송산그린시티 기반시설 건설공사 도로 및 지하매설물 GIS D/B 구축용역,8.30E+13,
3896,AI010,8.30E+13,41590262,376160109A,MNG244,2019-12-21,LSH023,LCD005,1,송산그린시티 기반시설 건설공사 도로 및 지하매설물 GIS D/B 구축용역,8.30E+13,
3897,AI010,8.30E+13,41590262,376160109A,MNG244,2019-12-21,LSH023,LCD005,1,송산그린시티 기반시설 건설공사 도로 및 지하매설물 GIS D/B 구축용역,8.30E+13,
3898,AI010,8.30E+13,41590262,376160109A,MNG244,2019-12-21,LSH023,LCD005,1,송산그린시티 기반시설 건설공사 도로 및 지하매설물 GIS D/B 구축용역,8.30E+13,
3899,AI010,8.30E+13,41590262,376160109A,MNG244,2019-12-21,LSH023,LCD005,1,송산그린시티 기반시설 건설공사 도로 및 지하매설물 GIS D/B 구축용역,8.30E+13,
3900,AI010,8.30E+13,41590262,376160109A,MNG244,2019-12-21,LSH023,LCD005,1,송산그린시티 기반시설 건설공사 도로 및 지하매설물 GIS D/B 구축용역,8.30E+13,
3901,AI010,8.30E+13,41590262,376160109A,MNG244,2019-12-21,LSH023,LCD005,1,송산그린시티 기반시설 건설공사 도로 및 지하매설물 GIS D/B 구축용역,8.30E+13,
3902,AI010,4.22E+13,41590370,376161851C,MNG244,2018-06-01,LSH023,LCD005,1,장안면 포승장안로 외 1개소 보도설치공사 GIS DB 구축용역,4.22E+13,
3903,AI010,2.12E+11,41590370,376161726C,MNG244,2015-01-01,LSH007,LCD004,1,조암지구도시개발사업 주변도로(대로3-1호선) 개설공사 GIS DB구축 사업,21150804009,
3904,AI010,2.12E+11,41590370,376161726D,MNG244,2015-01-01,LSH007,LCD004,1,조암지구도시개발사업 주변도로(대로3-1호선) 개설공사 GIS DB구축 사업,21150804014,
3905,AI010,2.12E+11,41590370,376161726C,MNG244,2015-01-01,LSH002,LCD004,1,조암지구도시개발사업 주변도로(대로3-1호선) 개설공사 GIS DB구축 사업,21150804014,
3906,AI010,9.99E+11,41590330,376160656B,MNG244,1900-01-01,LSH999,LCD000,1,경기화성바이오밸리,99916121993,
3907,AI010,8.21E+13,41590140,376122225C,MNG409,2018-01-01,LSH017,LCD005,1, ,8.21E+13,
3908,AI010,8.21E+13,41590140,376122225C,MNG409,2018-01-01,LSH017,LCD005,1, ,8.21E+13,
3909,AI010,8.21E+13,41590140,376122234B,MNG409,2018-01-01,LSH017,LCD005,1, ,8.21E+13,
3910,AI010,8.21E+13,41590140,376122234B,MNG409,2018-01-01,LSH017,LCD005,1, ,8.21E+13,
3911,AI010,8.22E+13,41590410,376161093D,MNG305,2020-01-01,LSH007,LCD002,1,화성향남2 주변도로 건설사업 도로 및 지하시설물 GIS DB 구축용역,8.22E+13,
3912,AI010,8.22E+13,41590259,376161522A,MNG305,2020-01-01,LSH007,LCD002,1,화성향남2 주변도로 건설사업 도로 및 지하시설물 GIS DB 구축용역,8.22E+13,
3913,AI010,8.22E+13,41590410,376161064D,MNG305,2020-01-01,LSH007,LCD002,1,화성향남2 주변도로 건설사업 도로 및 지하시설물 GIS DB 구축용역,8.22E+13,
3914,AI010,8.22E+13,41590410,376161064D,MNG305,2020-01-01,LSH002,LCD002,1,화성향남2 주변도로 건설사업 도로 및 지하시설물 GIS DB 구축용역,8.22E+13,
3915,AI010,8.22E+13,41590410,376161093D,MNG305,2020-01-01,LSH002,LCD002,1,화성향남2 주변도로 건설사업 도로 및 지하시설물 GIS DB 구축용역,8.22E+13,
3916,AI010,99920150044,41590259,376161487D,MNG244,1990-01-01,LSH000,LCD000,1, ,8.22E+13,
3917,AI010,99920150043,41590259,376161487D,MNG244,1990-01-01,LSH000,LCD000,1, ,8.22E+13,
3918,AI010,2.22E+13,41590400,376161578D,MNG244,2018-08-01,LSH002,LCD002,1,양감면 정문송산로 보도설치공사 GIS DB 구축용역,8.22E+13,
3919,AI010,2.22E+13,41590400,376161578D,MNG244,2018-08-01,LSH002,LCD002,1,양감면 정문송산로 보도설치공사 GIS DB 구축용역,8.22E+13,
3920,AI010,2.22E+13,41590400,376161569C,MNG244,2018-08-01,LSH002,LCD002,1,양감면 정문송산로 보도설치공사 GIS DB 구축용역,8.22E+13,
3921,AI010,8.21E+13,41590140,376122223A,MNG409,2018-01-01,LSH017,LCD005,1, ,8.21E+13,
3922,AI010,9.00E+13,41590340,376150541C,MNG244,2020-10-30,LSH999,LCD999,1,화성 송산테크노파크 일반산업단지,9.00E+13,
3923,AI010,9.00E+13,41590340,376150541A,MNG244,2020-10-30,LSH999,LCD999,1,화성 송산테크노파크 일반산업단지,9.00E+13,
3924,AI010,2.13E+11,41590340,376150440C,MNG244,2016-01-01,LSH007,LCD004,1,송산면 마산리 보도설치공사 GIS DB 구축용역(20171220),21250440006,
3925,AI010,4.22E+13,41590530,377130188C,MNG244,2017-12-23,LSH002,LCD004,1,병점도시계획도로 소로1-6호선 개설공사 GIS DB구축 용역,21130188003,
3926,AI010,8.89E+11,41590259,376161491C,MNG244,2016-01-01,LSH999,LCD002,1,화성 향남 2지구 도로 및 지하시설물 DB 구축(20170831),614910061,
3927,AI010,9.00E+13,41590000,377130884C,MNG305,2016-01-01,LSH999,LCD002,1, ,9.00E+13,
3928,AI010,9.00E+13,41590000,377130884D,MNG305,2016-01-01,LSH999,LCD002,1, ,9.00E+13,
3929,AI010,8.89E+11,41590259,376161390D,MNG244,2016-01-01,LSH030,LCD002,1,화성 향남 2지구 도로 및 지하시설물 DB 구축(20170831),613901696,
3930,AI010,8.89E+11,41590259,376161491A,MNG244,2016-01-01,LSH999,LCD002,1,화성 향남 2지구 도로 및 지하시설물 DB 구축(20170831),614911694,
3931,AI010,8.89E+11,41590259,376161491A,MNG244,2016-01-01,LSH999,LCD002,1,화성 향남 2지구 도로 및 지하시설물 DB 구축(20170831),614911694,
3932,AI010,8.89E+11,41590259,376161481C,MNG244,2016-01-01,LSH999,LCD002,1,화성 향남 2지구 도로 및 지하시설물 DB 구축(20170831),614811669,
3933,AI010,1.22E+13,41590570,377130193A,MNG409,2020-11-01,LSH999,LCD004,1,화산도시계획도로 소로2-14호선 외 2개소 개설공사 GIS DB구축용역,0,
3934,AI010,1.22E+13,41590570,377130193B,MNG409,2020-11-01,LSH002,LCD004,1,화산도시계획도로 소로2-14호선 외 2개소 개설공사 GIS DB구축용역,0,
3935,AI010,1.22E+13,41590570,377130193B,MNG409,2020-11-01,LSH007,LCD004,1,화산도시계획도로 소로2-14호선 외 2개소 개설공사 GIS DB구축용역,0,
3936,AI010,1.22E+13,41590570,377130193B,MNG409,2020-11-01,LSH007,LCD004,1,화산도시계획도로 소로2-14호선 외 2개소 개설공사 GIS DB구축용역,0,
3937,AI010,8.21E+13,41590140,376122244B,MNG244,2019-01-01,LSH017,LCD005,1, ,8.21E+13,
3938,AI010,8.21E+13,41590140,376122244B,MNG244,2019-01-01,LSH017,LCD005,1, ,8.21E+13,
3939,AI010,8.21E+13,41590140,376122234D,MNG244,2019-01-01,LSH017,LCD005,1, ,8.21E+13,
3940,AI010,8.21E+13,41590140,376122244B,MNG244,2019-01-01,LSH017,LCD005,1, ,8.21E+13,
3941,AI010,8.21E+13,41590140,376122225A,MNG409,2018-01-01,LSH017,LCD005,1, ,8.21E+13,
3942,AI010,8.21E+13,41590140,376122224B,MNG409,2018-01-01,LSH017,LCD005,1, ,8.21E+13,
3943,AI010,8.21E+13,41590140,376122224B,MNG409,2018-01-01,LSH017,LCD005,1, ,8.21E+13,
3944,AI010,8.21E+13,41590140,376122222B,MNG409,2018-01-01,LSH017,LCD005,1, ,8.21E+13,
3945,AI010,8.21E+13,41590140,376122222B,MNG409,2018-01-01,LSH017,LCD005,1, ,8.21E+13,
3946,AI010,8.21E+13,41590140,376122222B,MNG409,2018-01-01,LSH017,LCD005,1, ,8.21E+13,
3947,AI010,8.21E+13,41590140,376122213C,MNG409,2018-01-01,LSH017,LCD005,1, ,8.21E+13,
3948,AI010,8.21E+13,41590140,376122213C,MNG409,2018-01-01,LSH017,LCD005,1, ,8.21E+13,
3949,AI010,8.21E+13,41590140,376122213C,MNG409,2018-01-01,LSH017,LCD005,1, ,8.21E+13,
3950,AI010,4.22E+13,41590340,376150577A,MNG244,2016-01-01,LSH002,LCD004,1,송산도시계획도로(대3-1호선)개설공사(1공구) GIS DB구축 사업,4.22E+13,
3951,AI010,4.22E+13,41590340,376150577A,MNG244,2016-01-01,LSH002,LCD004,1,송산도시계획도로(대3-1호선)개설공사(1공구) GIS DB구축 사업,4.22E+13,
3952,AI010,8.30E+13,41590262,376122199C,MNG244,2019-12-21,LSH023,LCD005,1,송산그린시티 기반시설 건설공사 도로 및 지하매설물 GIS D/B 구축용역,8.30E+13,
3953,AI010,8.30E+13,41590262,376122199C,MNG244,2019-12-21,LSH023,LCD005,1,송산그린시티 기반시설 건설공사 도로 및 지하매설물 GIS D/B 구축용역,8.30E+13,
3954,AI010,8.30E+13,41590262,376122199C,MNG244,2019-12-21,LSH023,LCD005,1,송산그린시티 기반시설 건설공사 도로 및 지하매설물 GIS D/B 구축용역,8.30E+13,
3955,AI010,8.30E+13,41590262,376122199C,MNG244,2019-12-21,LSH023,LCD005,1,송산그린시티 기반시설 건설공사 도로 및 지하매설물 GIS D/B 구축용역,8.30E+13,
3956,AI010,8.30E+13,41590262,376122199C,MNG244,2019-12-21,LSH023,LCD005,1,송산그린시티 기반시설 건설공사 도로 및 지하매설물 GIS D/B 구축용역,8.30E+13,
3957,AI010,200264,41590400,376162031C,MNG244,1900-01-01,LSH002,LCD002,1, ,3110212003,
3958,AI010,9.99E+11,41590330,376160644D,MNG244,1900-01-01,LSH002,LCD000,1,경기화성바이오밸리,99916122037,
3959,AI010,9.99E+11,41590330,376160632C,MNG244,1900-01-01,LSH999,LCD000,1,경기화성바이오밸리,99916122052,
3960,AI010,9.99E+11,41590330,376160632C,MNG244,1900-01-01,LSH002,LCD000,1,경기화성바이오밸리,99916122054,
3961,AI010,2.12E+11,41590253,376160566A,MNG244,2015-06-01,LSH007,LCD004,1,태안도시계획도로(소1-99호선)개설공사 GIS DB구축 용역(20180219),21151101001,
3962,AI010,4.22E+13,41590259,376161941A,MNG409,2019-12-01,LSH007,LCD004,1,향남도시계획도로 소로1-34호선 개설공사 GIS DB 구축용역,4.22E+13,
3963,AI010,4.22E+13,41590259,376161941A,MNG409,2019-12-01,LSH007,LCD004,1,향남도시계획도로 소로1-34호선 개설공사 GIS DB 구축용역,4.22E+13,
3964,AI010,4.22E+13,41590259,376161941A,MNG409,2019-12-01,LSH007,LCD004,1,향남도시계획도로 소로1-34호선 개설공사 GIS DB 구축용역,4.22E+13,
3965,AI010,4.22E+13,41590259,376161941A,MNG409,2019-12-01,LSH007,LCD004,1,향남도시계획도로 소로1-34호선 개설공사 GIS DB 구축용역,4.22E+13,
3966,AI010,1.22E+13,41590570,377130193B,MNG409,2020-11-01,LSH007,LCD004,1,화산도시계획도로 소로2-18호선 개설공사 GIS DB구축용역,0,
3967,AI010,1.22E+13,41590570,377130193B,MNG409,2020-11-01,LSH007,LCD004,1,화산도시계획도로 소로2-18호선 개설공사 GIS DB구축용역,0,
3968,AI010,1.22E+13,41590570,377130193B,MNG409,2020-11-01,LSH023,LCD005,1,화산도시계획도로 소로2-18호선 개설공사 GIS DB구축용역,0,
3969,AI010,8.21E+13,41590140,376122223B,MNG409,2018-01-01,LSH017,LCD005,1, ,8.21E+13,
3970,AI010,8.21E+13,41590140,376122222B,MNG409,2018-01-01,LSH017,LCD005,1, ,8.21E+13,
3971,AI010,2.22E+13,41590410,376161075C,MNG406,2022-07-01,LSH999,LCD999,1,정남행정복지센터 앞 사거리 회전교차로 설치공사 GIS DB 구축용역,2.22E+13,
3972,AI010,2.22E+13,41590410,376161075C,MNG406,2022-07-01,LSH999,LCD999,1,정남행정복지센터 앞 사거리 회전교차로 설치공사 GIS DB 구축용역,2.22E+13,
3973,AI010,2.22E+13,41590410,376161075C,MNG406,2022-07-01,LSH999,LCD999,1,정남행정복지센터 앞 사거리 회전교차로 설치공사 GIS DB 구축용역,2.22E+13,
3974,AI010,2.22E+13,41590410,376161075C,MNG406,2022-07-01,LSH999,LCD999,1,정남행정복지센터 앞 사거리 회전교차로 설치공사 GIS DB 구축용역,2.22E+13,
3975,AI010,2.22E+13,41590410,376161075C,MNG406,2022-07-01,LSH999,LCD999,1,정남행정복지센터 앞 사거리 회전교차로 설치공사 GIS DB 구축용역,2.22E+13,
3976,AI010,8.89E+11,41590259,376161481C,MNG244,2016-01-01,LSH999,LCD002,1,화성 향남 2지구 도로 및 지하시설물 DB 구축(20170831),614811668,
3977,AI010,2.22E+13,41590262,376160275C,MNG244,2017-09-01,LSH999,LCD002,1,"남양도시계획도로(소로2-14,2-15호선) 개설공사 GIS DB 구축용역",22161811159,
3978,AI010,2.22E+13,41590262,376160275C,MNG244,2017-09-01,LSH999,LCD002,1,"남양도시계획도로(소로2-14,2-15호선) 개설공사 GIS DB 구축용역",22161811159,
3979,AI010,2.22E+13,41590262,376160275D,MNG244,2017-09-01,LSH999,LCD002,1,"남양도시계획도로(소로2-14,2-15호선) 개설공사 GIS DB 구축용역",22161811159,
3980,AI010,2.22E+13,41590262,376160275C,MNG244,2017-09-01,LSH999,LCD002,1,"남양도시계획도로(소로2-14,2-15호선) 개설공사 GIS DB 구축용역",22161811159,
3981,AI010,8.89E+11,41590259,376161481C,MNG244,2016-01-01,LSH999,LCD002,1,화성 향남 2지구 도로 및 지하시설물 DB 구축(20170831),614811667,
3982,AI010,8.89E+11,41590259,376161492B,MNG244,2016-01-01,LSH030,LCD002,1,화성 향남 2지구 도로 및 지하시설물 DB 구축(20170831),614921688,
3983,AI010,8.89E+11,41590259,376161473A,MNG244,2016-01-01,LSH030,LCD002,1,화성 향남 2지구 도로 및 지하시설물 DB 구축(20170831),614731698,
3984,AI010,9.00E+13,41590000,377130873D,MNG305,2016-01-01,LSH999,LCD999,1, ,9.00E+13,
3985,AI010,9.00E+13,41590000,377130883B,MNG305,2016-01-01,LSH999,LCD999,1, ,9.00E+13,
3986,AI010,9.00E+13,41590000,377130874D,MNG305,2016-01-01,LSH999,LCD999,1, ,9.00E+13,
3987,AI010,8.30E+13,41590340,376160108A,MNG244,2019-12-21,LSH023,LCD005,1,송산그린시티 기반시설 건설공사 도로 및 지하매설물 GIS D/B 구축용역,8.30E+13,
3988,AI010,8.30E+13,41590340,376160108A,MNG244,2019-12-21,LSH023,LCD005,1,송산그린시티 기반시설 건설공사 도로 및 지하매설물 GIS D/B 구축용역,8.30E+13,
3989,AI010,8.89E+11,41590259,376161809B,MNG244,2016-01-01,LSH030,LCD002,1,화성 향남 2지구 도로 및 지하시설물 DB 구축(20170831),618101705,
3990,AI010,2.12E+11,41590256,376161734B,MNG244,2015-06-01,LSH023,LCD005,1,조암도시계획도로 소로2-5 개설공사 GIS DB구축 용역(20180219),21151102002,
3991,AI010,2.12E+11,41590256,376161734B,MNG244,2015-06-01,LSH023,LCD005,1,조암도시계획도로 소로2-5 개설공사 GIS DB구축 용역(20180219),21151102002,
3992,AI010,2.12E+11,41590256,376161734B,MNG244,2015-06-01,LSH023,LCD005,1,조암도시계획도로 소로2-5 개설공사 GIS DB구축 용역(20180219),21151102002,
3993,AI010,8.30E+13,41590262,376122199C,MNG244,2019-12-21,LSH023,LCD005,1,송산그린시티 기반시설 건설공사 도로 및 지하매설물 GIS D/B 구축용역,8.30E+13,
3994,AI010,8.30E+13,41590262,376122199C,MNG244,2019-12-21,LSH023,LCD005,1,송산그린시티 기반시설 건설공사 도로 및 지하매설물 GIS D/B 구축용역,8.30E+13,
3995,AI010,8.30E+13,41590262,376122199C,MNG244,2019-12-21,LSH023,LCD005,1,송산그린시티 기반시설 건설공사 도로 및 지하매설물 GIS D/B 구축용역,8.30E+13,
3996,AI010,8.30E+13,41590262,376122198D,MNG244,2019-12-21,LSH023,LCD005,1,송산그린시티 기반시설 건설공사 도로 및 지하매설물 GIS D/B 구축용역,8.30E+13,
3997,AI010,8.30E+13,41590340,376160106A,MNG244,2019-12-21,LSH023,LCD005,1,송산그린시티 기반시설 건설공사 도로 및 지하매설물 GIS D/B 구축용역,8.30E+13,
3998,AI010,8.30E+13,41590340,376160105B,MNG244,2019-12-21,LSH023,LCD005,1,송산그린시티 기반시설 건설공사 도로 및 지하매설물 GIS D/B 구축용역,8.30E+13,
3999,AI010,8.30E+13,41590340,376160105B,MNG244,2019-12-21,LSH023,LCD005,1,송산그린시티 기반시설 건설공사 도로 및 지하매설물 GIS D/B 구축용역,8.30E+13,
4000,AI010,8.30E+13,41590340,376160105B,MNG244,2019-12-21,LSH023,LCD005,1,송산그린시티 기반시설 건설공사 도로 및 지하매설물 GIS D/B 구축용역,8.30E+13,
4001,AI010,8.30E+13,41590340,376160105B,MNG244,2019-12-21,LSH023,LCD005,1,송산그린시티 기반시설 건설공사 도로 및 지하매설물 GIS D/B 구축용역,8.30E+13,
4002,AI010,8.21E+13,41590140,376122256B,MNG409,2018-01-01,LSH017,LCD005,1, ,8.21E+13,
4003,AI010,8.21E+13,41590140,376122256B,MNG409,2018-01-01,LSH017,LCD005,1, ,8.21E+13,
4004,AI010,8.21E+13,41590140,376122256B,MNG409,2018-01-01,LSH017,LCD005,1, ,8.21E+13,
4005,AI010,8.21E+13,41590140,376122256B,MNG409,2018-01-01,LSH017,LCD005,1, ,8.21E+13,
4006,AI010,8.21E+13,41590140,376122256B,MNG409,2018-01-01,LSH017,LCD005,1, ,8.21E+13,
4007,AI010,8.21E+13,41590140,376122256B,MNG409,2018-01-01,LSH017,LCD005,1, ,8.21E+13,
4008,AI010,8.21E+13,41590140,376122256B,MNG409,2018-01-01,LSH017,LCD005,1, ,8.21E+13,
4009,AI010,8.21E+13,41590140,376122256B,MNG409,2018-01-01,LSH017,LCD005,1, ,8.21E+13,
4010,AI010,8.21E+13,41590140,376122256B,MNG409,2018-01-01,LSH017,LCD005,1, ,8.21E+13,
4011,AI010,8.21E+13,41590140,376122256B,MNG409,2018-01-01,LSH017,LCD005,1, ,8.21E+13,
4012,AI010,8.21E+13,41590140,376122256B,MNG409,2018-01-01,LSH017,LCD005,1, ,8.21E+13,
4013,AI010,8.21E+13,41590140,376122256A,MNG409,2018-01-01,LSH017,LCD005,1, ,8.21E+13,
4014,AI010,9.00E+13,41590000,377130883C,MNG305,2016-01-01,LSH999,LCD999,1, ,9.00E+13,
4015,AI010,300015,41590310,376122493D,MNG244,1900-01-01,LSH002,LCD002,1, ,1208413006,
4016,AI010,401174,41590586,377130706A,MNG244,2006-04-01,LSH022,LCD999,1, ,2808519001,
4017,AI010,4.22E+13,41590570,377130611A,MNG244,2017-12-30,LSH023,LCD005,1,화산도시계획도로 소로1-23호선 개설공사 GIS DB 구축용역,4.22E+13,
4018,AI010,8.89E+11,41590259,376161462D,MNG244,2016-01-01,LSH030,LCD002,1,화성 향남 2지구 도로 및 지하시설물 DB 구축(20170831),614621699,
4019,AI010,2.22E+13,41590410,376161075C,MNG406,2022-07-01,LSH999,LCD999,1,정남행정복지센터 앞 사거리 회전교차로 설치공사 GIS DB 구축용역,2.22E+13,
4020,AI010,2.22E+13,41590410,376161075C,MNG406,2022-07-01,LSH999,LCD999,1,정남행정복지센터 앞 사거리 회전교차로 설치공사 GIS DB 구축용역,2.22E+13,
4021,AI010,2.22E+13,41590410,376161075C,MNG406,2022-07-01,LSH999,LCD999,1,정남행정복지센터 앞 사거리 회전교차로 설치공사 GIS DB 구축용역,2.22E+13,
4022,AI010,2.22E+13,41590410,376161075C,MNG406,2022-07-01,LSH999,LCD999,1,정남행정복지센터 앞 사거리 회전교차로 설치공사 GIS DB 구축용역,2.22E+13,
4023,AI010,2.22E+13,41590410,376161075C,MNG406,2022-07-01,LSH999,LCD999,1,정남행정복지센터 앞 사거리 회전교차로 설치공사 GIS DB 구축용역,2.22E+13,
4024,AI010,2.22E+13,41590410,376161075C,MNG406,2022-07-01,LSH999,LCD999,1,정남행정복지센터 앞 사거리 회전교차로 설치공사 GIS DB 구축용역,2.22E+13,
4025,AI010,2.22E+13,41590410,376161075C,MNG406,2022-07-01,LSH999,LCD999,1,정남행정복지센터 앞 사거리 회전교차로 설치공사 GIS DB 구축용역,2.22E+13,
4026,AI010,2.22E+13,41590410,376161074D,MNG406,2022-07-01,LSH999,LCD999,1,정남행정복지센터 앞 사거리 회전교차로 설치공사 GIS DB 구축용역,2.22E+13,
4027,AI010,2.22E+13,41590410,376161074D,MNG406,2022-07-01,LSH999,LCD999,1,정남행정복지센터 앞 사거리 회전교차로 설치공사 GIS DB 구축용역,2.22E+13,
4028,AI010,8.89E+11,41590259,376161462C,MNG244,2016-01-01,LSH030,LCD002,1,화성 향남 2지구 도로 및 지하시설물 DB 구축(20170831),614621699,
4029,AI010,1.22E+13,41590350,376150856D,MNG244,2015-06-01,LSH002,LCD004,1,서신 도시계획도로(소로1-7호선)개설공사 GIS DB 구축용역,1.22E+13,
4030,AI010,1.22E+13,41590350,376150856D,MNG244,2015-06-01,LSH002,LCD004,1,서신 도시계획도로(소로1-7호선)개설공사 GIS DB 구축용역,1.22E+13,
4031,AI010,1.22E+13,41590350,376150856D,MNG244,2015-06-01,LSH002,LCD004,1,서신 도시계획도로(소로1-7호선)개설공사 GIS DB 구축용역,1.22E+13,
4032,AI010,1.22E+13,41590350,376150856D,MNG244,2015-06-01,LSH002,LCD004,1,서신 도시계획도로(소로1-7호선)개설공사 GIS DB 구축용역,1.22E+13,
4033,AI010,1.22E+13,41590350,376150856B,MNG244,2015-06-01,LSH002,LCD004,1,서신 도시계획도로(소로1-7호선)개설공사 GIS DB 구축용역,1.22E+13,
4034,AI010,1.22E+13,41590350,376150857A,MNG244,2015-06-01,LSH002,LCD004,1,서신 도시계획도로(소로1-7호선)개설공사 GIS DB 구축용역,1.22E+13,
4035,AI010,1.22E+13,41590350,376150857A,MNG244,2015-06-01,LSH002,LCD004,1,서신 도시계획도로(소로1-7호선)개설공사 GIS DB 구축용역,1.22E+13,
4036,AI010,8.30E+13,41590340,376122197D,MNG244,2019-12-21,LSH023,LCD005,1,송산그린시티 기반시설 건설공사 도로 및 지하매설물 GIS D/B 구축용역,8.30E+13,
4037,AI010,8.30E+13,41590340,376122197C,MNG244,2019-12-21,LSH023,LCD005,1,송산그린시티 기반시설 건설공사 도로 및 지하매설물 GIS D/B 구축용역,8.30E+13,
4038,AI010,8.30E+13,41590340,376122197C,MNG244,2019-12-21,LSH023,LCD005,1,송산그린시티 기반시설 건설공사 도로 및 지하매설물 GIS D/B 구축용역,8.30E+13,
4039,AI010,2.12E+11,41590256,376161725C,MNG244,2011-06-01,LSH999,LCD004,1,조암도시계획도로 (중로 1-2호선) 개설공사 GIS DB구축 사업,21161724003,
4040,AI010,401866,41590586,377130725A,MNG244,2006-04-01,LSH022,LCD999,1, ,2809519001,
4041,AI010,820001,41590256,376161734A,MNG244,1900-01-01,LSH018,LCD002,1, ,2800333018,
4042,AI010,402023,41590540,377130180B,MNG244,2006-06-20,LSH999,LCD002,1, ,2900644325,
4043,AI010,5.11E+11,41590600,377130738B,MNG244,2014-01-01,LSH999,LCD004,1,화성동탄 일반산업단지 조성공사 중 GIS구축,51130738036,
4044,AI010,500370,41590520,377130178B,MNG244,1900-01-01,LSH000,LCD002,1,30179040,2701731004,
4045,AI010,500481,41590520,377130176D,MNG244,1900-01-01,LSH002,LCD002,1,30187015,2706731001,
4046,AI010,200007,41590360,376160827D,MNG244,1900-01-01,LSH002,LCD002,1, ,2007812087,
4047,AI010,5.11E+11,41590600,377130768C,MNG244,2014-01-01,LSH007,LCD004,1,화성동탄 일반산업단지 조성공사 중 GIS구축,51130778057,
4048,AI010,9.00E+13,41590000,377130853B,MNG305,2016-01-01,LSH999,LCD999,1, ,9.00E+13,
4049,AI010,9.00E+13,41590000,377130841A,MNG305,2016-01-01,LSH999,LCD002,1, ,9.00E+13,
4050,AI010,1.22E+13,41590259,376161443C,MNG409,2019-12-31,LSH023,LCD005,1,향남읍 행정리 보도설치공사외 1건 GIS DB 구축용역,1.22E+13,
4051,AI010,1.22E+13,41590259,376161443C,MNG409,2019-12-31,LSH023,LCD005,1,향남읍 행정리 보도설치공사외 1건 GIS DB 구축용역,1.22E+13,
4052,AI010,1.22E+13,41590259,376161443C,MNG409,2019-12-31,LSH023,LCD005,1,향남읍 행정리 보도설치공사외 1건 GIS DB 구축용역,1.22E+13,
4053,AI010,8.30E+13,41590340,376160106A,MNG244,2019-12-21,LSH023,LCD005,1,송산그린시티 기반시설 건설공사 도로 및 지하매설물 GIS D/B 구축용역,8.30E+13,
4054,AI010,2.22E+13,41590550,377130241D,MNG409,2019-12-01,LSH999,LCD999,1,반월지구 접속도로 개설공사 GIS DB 구축용역,2.22E+13,
4055,AI010,2.22E+13,41590550,377130241B,MNG409,2019-12-01,LSH999,LCD999,1,반월지구 접속도로 개설공사 GIS DB 구축용역,2.22E+13,
4056,AI010,1.22E+13,41590370,376161754C,MNG409,2019-06-01,LSH023,LCD005,1,장안면 노진초등학교 보도설치공사 외2건 GIS DB 구축용역,1.22E+13,
4057,AI010,1.22E+13,41590370,376161754C,MNG409,2019-06-01,LSH023,LCD005,1,장안면 노진초등학교 보도설치공사 외2건 GIS DB 구축용역,1.22E+13,
4058,AI010,1.22E+13,41590370,376161754C,MNG409,2019-06-01,LSH023,LCD005,1,장안면 노진초등학교 보도설치공사 외2건 GIS DB 구축용역,1.22E+13,
4059,AI010,1.22E+13,41590370,376161754C,MNG409,2019-06-01,LSH023,LCD005,1,장안면 노진초등학교 보도설치공사 외2건 GIS DB 구축용역,1.22E+13,
4060,AI010,1.22E+13,41590330,376160186A,MNG409,2017-12-01,LSH023,LCD005,1,마도면 송정로 보도설치공사 외 2건 GIS DB 구축용역,1.22E+13,
4061,AI010,1.22E+13,41590340,376150567D,MNG409,2017-12-01,LSH023,LCD005,1,마도면 송정로 보도설치공사 외 2건 GIS DB 구축용역,1.22E+13,
4062,AI010,1.22E+13,41590340,376150567D,MNG409,2017-12-01,LSH023,LCD005,1,마도면 송정로 보도설치공사 외 2건 GIS DB 구축용역,1.22E+13,
4063,AI010,9.00E+13,41590000,377130884C,MNG305,2016-01-01,LSH999,LCD999,1, ,9.00E+13,
4064,AI010,9.00E+13,41590000,377130884C,MNG305,2016-01-01,LSH999,LCD999,1, ,9.00E+13,
4065,AI010,8.89E+11,41590259,376161491C,MNG244,2016-01-01,LSH031,LCD002,1,화성 향남 2지구 도로 및 지하시설물 DB 구축(20170831),614910063,
4066,AI010,8.21E+13,41590140,376122235C,MNG409,2018-01-01,LSH017,LCD005,1, ,8.21E+13,
4067,AI010,8.21E+13,41590140,376122234B,MNG409,2018-01-01,LSH017,LCD005,1, ,8.21E+13,
4068,AI010,8.21E+13,41590140,376122234B,MNG409,2018-01-01,LSH017,LCD005,1, ,8.21E+13,
4069,AI010,8.21E+13,41590140,376122234B,MNG409,2018-01-01,LSH017,LCD005,1, ,8.21E+13,
4070,AI010,8.21E+13,41590140,376122234B,MNG409,2018-01-01,LSH017,LCD005,1, ,8.21E+13,
4071,AI010,8.21E+13,41590140,376122234B,MNG409,2018-01-01,LSH017,LCD005,1, ,8.21E+13,
4072,AI010,8.21E+13,41590140,376122222B,MNG409,2018-01-01,LSH017,LCD005,1, ,8.21E+13,
4073,AI010,1.22E+13,41590400,376162018A,MNG409,2018-12-31,LSH002,LCD004,1,우정읍 운평리 보도설치공사 외 2건 GIS DB 구축용역,1.22E+13,
4074,AI010,1.22E+13,41590400,376162018A,MNG409,2018-12-31,LSH002,LCD004,1,우정읍 운평리 보도설치공사 외 2건 GIS DB 구축용역,1.22E+13,
4075,AI010,8.21E+13,41590140,376122224B,MNG409,2018-01-01,LSH017,LCD005,1, ,8.21E+13,
4076,AI010,8.21E+13,41590140,376122224B,MNG409,2018-01-01,LSH017,LCD005,1, ,8.21E+13,
4077,AI010,8.21E+13,41590140,376122224A,MNG409,2018-01-01,LSH017,LCD005,1, ,8.21E+13,
4078,AI010,8.21E+13,41590140,376122224A,MNG409,2018-01-01,LSH017,LCD005,1, ,8.21E+13,
4079,AI010,8.21E+13,41590140,376122224C,MNG409,2018-01-01,LSH017,LCD005,1, ,8.21E+13,
4080,AI010,8.21E+13,41590140,376122224C,MNG409,2018-01-01,LSH017,LCD005,1, ,8.21E+13,
4081,AI010,8.21E+13,41590140,376122224C,MNG409,2018-01-01,LSH017,LCD005,1, ,8.21E+13,
4082,AI010,4.22E+13,41590262,376160284B,MNG244,2017-12-31,LSH023,LCD005,1,남양도시계획도로 소로3-8호선 개설공사 GIS DB 구축용역,0,
4083,AI010,4.22E+13,41590570,377130611B,MNG244,2017-12-30,LSH002,LCD004,1,화산도시계획도로 소로1-23호선 개설공사 GIS DB 구축용역,0,
4084,AI010,4.22E+13,41590570,377130611B,MNG244,2017-12-30,LSH023,LCD005,1,화산도시계획도로 소로1-23호선 개설공사 GIS DB 구축용역,0,
4085,AI010,8.30E+13,41590262,376122199C,MNG244,2019-12-21,LSH023,LCD005,1,송산그린시티 기반시설 건설공사 도로 및 지하매설물 GIS D/B 구축용역,8.30E+13,
4086,AI010,8.30E+13,41590262,376122199C,MNG244,2019-12-21,LSH023,LCD005,1,송산그린시티 기반시설 건설공사 도로 및 지하매설물 GIS D/B 구축용역,8.30E+13,
4087,AI010,8.30E+13,41590262,376122199C,MNG244,2019-12-21,LSH023,LCD005,1,송산그린시티 기반시설 건설공사 도로 및 지하매설물 GIS D/B 구축용역,8.30E+13,
4088,AI010,8.30E+13,41590262,376122198D,MNG244,2019-12-21,LSH023,LCD005,1,송산그린시티 기반시설 건설공사 도로 및 지하매설물 GIS D/B 구축용역,8.30E+13,
4089,AI010,8.30E+13,41590262,376122199D,MNG244,2019-12-21,LSH023,LCD005,1,송산그린시티 기반시설 건설공사 도로 및 지하매설물 GIS D/B 구축용역,8.30E+13,
4090,AI010,8.30E+13,41590262,376122199D,MNG244,2019-12-21,LSH023,LCD005,1,송산그린시티 기반시설 건설공사 도로 및 지하매설물 GIS D/B 구축용역,8.30E+13,
4091,AI010,8.21E+13,41590140,376122257B,MNG244,2020-01-01,LSH023,LCD005,1, ,8.21E+13,
4092,AI010,8.21E+13,41590140,376122257B,MNG244,2020-01-01,LSH023,LCD005,1, ,8.21E+13,
4093,AI010,8.21E+13,41590140,376122257B,MNG244,2020-01-01,LSH023,LCD005,1, ,8.21E+13,
4094,AI010,1.22E+13,41590340,376150437B,MNG244,2017-10-12,LSH002,LCD004,1,송산면 고포리 보도설치공사 GIS DB 구축용역,1.22E+13,
4095,AI010,1.22E+13,41590340,376150426D,MNG244,2017-10-12,LSH007,LCD004,1,송산면 고포리 보도설치공사 GIS DB 구축용역,0,
4096,AI010,8.30E+13,41590340,376160105A,MNG244,2019-12-21,LSH023,LCD005,1,송산그린시티 기반시설 건설공사 도로 및 지하매설물 GIS D/B 구축용역,8.30E+13,
4097,AI010,8.30E+13,41590340,376160105A,MNG244,2019-12-21,LSH023,LCD005,1,송산그린시티 기반시설 건설공사 도로 및 지하매설물 GIS D/B 구축용역,8.30E+13,
4098,AI010,8.30E+13,41590340,376160105A,MNG244,2019-12-21,LSH023,LCD005,1,송산그린시티 기반시설 건설공사 도로 및 지하매설물 GIS D/B 구축용역,8.30E+13,
4099,AI010,8.30E+13,41590340,376122196C,MNG244,2019-12-21,LSH023,LCD005,1,송산그린시티 기반시설 건설공사 도로 및 지하매설물 GIS D/B 구축용역,8.30E+13,
4100,AI010,4.22E+13,41590520,377130178A,MNG409,2020-06-01,LSH023,LCD005,1,진안도시계획도로 소로1-15호선외 2개소 개설공사 GIS DB 구축용역,4.22E+13,
4101,AI010,4.22E+13,41590520,377130178A,MNG409,2020-06-01,LSH023,LCD005,1,진안도시계획도로 소로1-15호선외 2개소 개설공사 GIS DB 구축용역,4.22E+13,
4102,AI010,4.22E+13,41590520,377130178A,MNG409,2020-06-01,LSH023,LCD005,1,진안도시계획도로 소로1-15호선외 2개소 개설공사 GIS DB 구축용역,4.22E+13,
4103,AI010,4.22E+13,41590520,377130178A,MNG409,2020-06-01,LSH023,LCD005,1,진안도시계획도로 소로1-15호선외 2개소 개설공사 GIS DB 구축용역,4.22E+13,
4104,AI010,4.22E+13,41590520,377130178A,MNG409,2020-06-01,LSH023,LCD005,1,진안도시계획도로 소로1-15호선외 2개소 개설공사 GIS DB 구축용역,4.22E+13,
4105,AI010,1.22E+13,41590570,377130193A,MNG409,2020-11-01,LSH023,LCD005,1,화산도시계획도로 소로2-14호선 외 2개소 개설공사 GIS DB구축용역,0,
4106,AI010,200297,41590259,376161432C,MNG244,1900-01-01,LSH002,LCD002,1, ,2600112013,
4107,AI010,401312,41590587,377130273A,MNG244,2006-04-01,LSH022,LCD999,1, ,2800319001,
4108,AI010,500318,41590520,377130168A,MNG244,1900-01-01,LSH000,LCD002,1,30178033,2701031003,
4109,AI010,2.21E+13,41590262,376160246D,MNG000,2017-12-01,LSH999,LCD005,1,화성남양뉴타운 지방도313호선 확장 및 남양IC 개량공사 중 남양뉴타운~국도77호선 연결도로 신설 GIS DB 구축용역,2.21E+13,
4110,AI010,2.22E+13,41590256,376161734C,MNG409,2020-01-01,LSH999,LCD999,1,"우정도시계획도로 소로2-1,3-1호선 개설공사 GIS DB 구축용역",2.22E+13,
4111,AI010,8.89E+11,41590259,376161390D,MNG244,2016-01-01,LSH999,LCD002,1,화성 향남 2지구 도로 및 지하시설물 DB 구축(20170831),613901695,
4112,AI010,8.89E+11,41590259,376161390D,MNG244,2016-01-01,LSH999,LCD002,1,화성 향남 2지구 도로 및 지하시설물 DB 구축(20170831),613901695,
4113,AI010,8.89E+11,41590259,376161390D,MNG244,2016-01-01,LSH030,LCD002,1,화성 향남 2지구 도로 및 지하시설물 DB 구축(20170831),613901697,
4114,AI010,8.21E+13,41590140,376122234B,MNG409,2018-01-01,LSH017,LCD005,1, ,8.21E+13,
4115,AI010,8.21E+13,41590140,376122244B,MNG244,2019-01-01,LSH017,LCD005,1, ,8.21E+13,
4116,AI010,8.21E+13,41590140,376122244B,MNG244,2019-01-01,LSH017,LCD005,1, ,8.21E+13,
4117,AI010,8.21E+13,41590140,376122244B,MNG244,2019-01-01,LSH017,LCD005,1, ,8.21E+13,
4118,AI010,8.21E+13,41590140,376122244B,MNG244,2019-01-01,LSH017,LCD005,1, ,8.21E+13,
4119,AI010,8.21E+13,41590140,376122244B,MNG244,2019-01-01,LSH017,LCD005,1, ,8.21E+13,
4120,AI010,8.21E+13,41590140,376122244A,MNG244,2019-01-01,LSH017,LCD005,1, ,8.21E+13,
4121,AI010,8.21E+13,41590140,376122234D,MNG244,2019-01-01,LSH017,LCD005,1, ,8.21E+13,
4122,AI010,8.21E+13,41590140,376122244A,MNG244,2019-01-01,LSH017,LCD005,1, ,8.21E+13,
4123,AI010,8.21E+13,41590140,376122244A,MNG244,2019-01-01,LSH017,LCD005,1, ,8.21E+13,
4124,AI010,8.21E+13,41590140,376122244A,MNG244,2019-01-01,LSH017,LCD005,1, ,8.21E+13,
4125,AI010,8.21E+13,41590140,376122233D,MNG244,2019-01-01,LSH017,LCD005,1, ,8.21E+13,
4126,AI010,8.21E+13,41590140,376122234C,MNG244,2019-01-01,LSH017,LCD005,1, ,8.21E+13,
4127,AI010,8.21E+13,41590140,376122223A,MNG409,2018-01-01,LSH017,LCD005,1, ,8.21E+13,
4128,AI010,8.21E+13,41590140,376122223A,MNG409,2018-01-01,LSH017,LCD005,1, ,8.21E+13,
4129,AI010,8.30E+13,41590256,376152530B,MNG244,2017-11-25,LSH002,LCD004,1,고온항 진입도로 개설공사 GIS DB 구축용역,8.30E+13,
4130,AI010,8.30E+13,41590256,376152530B,MNG244,2017-11-25,LSH002,LCD004,1,고온항 진입도로 개설공사 GIS DB 구축용역,8.30E+13,
4131,AI010,401376,41590587,377130262C,MNG244,2006-04-01,LSH022,LCD999,1, ,2700919001,
4132,AI010,100060,41590253,376160918A,MNG244,1900-01-01,LSH007,LCD002,1, ,9001111004,
4133,AI010,2.21E+13,41590550,377130243D,MNG244,2018-05-01,LSH002,LCD002,1,화성 반월동 아파트 신축공사 GIS DB 구축용역,22111805229,
4134,AI010,2.12E+11,41590256,376161734B,MNG244,2015-06-01,LSH023,LCD005,1,조암도시계획도로 소로2-5 개설공사 GIS DB구축 용역(20180219),21151102002,
4135,AI010,1.22E+13,41590400,376162018A,MNG409,2019-01-01,LSH002,LCD004,1,우정읍 운평리 보도설치공사 외 2건 GIS DB 구축용역,1.22E+13,
4136,AI010,1.22E+13,41590400,376162018A,MNG409,2019-01-01,LSH002,LCD004,1,우정읍 운평리 보도설치공사 외 2건 GIS DB 구축용역,1.22E+13,
4137,AI010,4.22E+13,41590340,376150577B,MNG244,2016-01-01,LSH007,LCD004,1,송산도시계획도로(대3-1호선)개설공사(1공구) GIS DB구축 사업,4.22E+13,
4138,AI010,4.22E+13,41590340,376150577B,MNG244,2016-01-01,LSH002,LCD004,1,송산도시계획도로(대3-1호선)개설공사(1공구) GIS DB구축 사업,4.22E+13,
4139,AI010,8.21E+13,41590140,376122257B,MNG244,2020-01-01,LSH023,LCD005,1, ,8.21E+13,
4140,AI010,8.21E+13,41590140,376122257B,MNG244,2020-01-01,LSH023,LCD005,1, ,8.21E+13,
4141,AI010,8.21E+13,41590140,376122257B,MNG244,2020-01-01,LSH023,LCD005,1, ,8.21E+13,
4142,AI010,8.21E+13,41590140,376122256B,MNG244,2020-01-01,LSH023,LCD005,1, ,8.21E+13,
4143,AI010,8.21E+13,41590140,376122256B,MNG244,2020-01-01,LSH023,LCD005,1, ,8.21E+13,
4144,AI010,8.21E+13,41590140,376122256B,MNG244,2020-01-01,LSH023,LCD005,1, ,8.21E+13,
4145,AI010,8.21E+13,41590140,376122255B,MNG244,2020-01-01,LSH023,LCD005,1, ,8.21E+13,
4146,AI010,8.21E+13,41590140,376122255B,MNG244,2020-01-01,LSH023,LCD005,1, ,8.21E+13,
4147,AI010,3.22E+13,41590350,376151061B,MNG305,2020-01-01,LSH007,LCD002,1,서신도시계획도로 소로1-2호선 외 5개소 개설공사 GIS DB 구축용역,3.22E+13,
4148,AI010,3.22E+13,41590350,376151061B,MNG305,2020-01-01,LSH020,LCD005,1,서신도시계획도로 소로1-2호선 외 5개소 개설공사 GIS DB 구축용역,3.22E+13,
4149,AI010,3.22E+13,41590350,376151061B,MNG305,2020-01-01,LSH007,LCD002,1,서신도시계획도로 소로1-2호선 외 5개소 개설공사 GIS DB 구축용역,3.22E+13,
4150,AI010,3.22E+13,41590350,376151061B,MNG305,2020-01-01,LSH007,LCD002,1,서신도시계획도로 소로1-2호선 외 5개소 개설공사 GIS DB 구축용역,3.22E+13,
4151,AI010,300184,41590350,376151061A,MNG244,1900-01-01,LSH002,LCD002,1, ,3.22E+13,
4152,AI010,300181,41590350,376151062A,MNG244,1900-01-01,LSH007,LCD002,1, ,3.22E+13,
4153,AI010,8.22E+13,41590253,376160460D,MNG305,2020-01-01,LSH007,LCD005,1,화성봉담2 공공주택지구 도로 및 지하시설물 GIS DB 구축용역,8.22E+13,
4154,AI010,9.00E+13,41590000,377130730D,MNG305,2016-01-01,LSH999,LCD999,1, ,9.00E+13,
4155,AI010,8.89E+11,41590259,376161491C,MNG244,2016-01-01,LSH999,LCD002,1,화성 향남 2지구 도로 및 지하시설물 DB 구축(20170831),614910064,
4156,AI010,2.16E+11,41590570,377130153B,MNG244,2017-08-03,LSH002,LCD004,1,화산도시계획도로 소로1-24호선(구태안소1-124)개설공사 GIS DB 구축용역(20170927),21670628007,
4157,AI010,2.16E+11,41590570,377130153B,MNG244,2017-08-03,LSH002,LCD004,1,화산도시계획도로 소로1-24호선(구태안소1-124)개설공사 GIS DB 구축용역(20170927),21670628002,
4158,AI010,8.21E+13,41590140,376122224C,MNG409,2018-01-01,LSH017,LCD005,1, ,8.21E+13,
4159,AI010,8.21E+13,41590140,376122224C,MNG409,2018-01-01,LSH017,LCD005,1, ,8.21E+13,
4160,AI010,8.21E+13,41590140,376122224C,MNG409,2018-01-01,LSH017,LCD005,1, ,8.21E+13,
4161,AI010,500466,41590520,377130187A,MNG244,1900-01-01,LSH002,LCD002,1,30187025,1208431036,
4162,AI010,8.30E+13,41590340,376122198C,MNG244,2019-12-21,LSH023,LCD005,1,송산그린시티 기반시설 건설공사 도로 및 지하매설물 GIS D/B 구축용역,8.30E+13,
4163,AI010,8.30E+13,41590340,376122198C,MNG244,2019-12-21,LSH023,LCD005,1,송산그린시티 기반시설 건설공사 도로 및 지하매설물 GIS D/B 구축용역,8.30E+13,
4164,AI010,8.30E+13,41590340,376122198C,MNG244,2019-12-21,LSH023,LCD005,1,송산그린시티 기반시설 건설공사 도로 및 지하매설물 GIS D/B 구축용역,8.30E+13,
4165,AI010,8.30E+13,41590340,376122198C,MNG244,2019-12-21,LSH023,LCD005,1,송산그린시티 기반시설 건설공사 도로 및 지하매설물 GIS D/B 구축용역,8.30E+13,
4166,AI010,8.30E+13,41590340,376122198C,MNG244,2019-12-21,LSH023,LCD005,1,송산그린시티 기반시설 건설공사 도로 및 지하매설물 GIS D/B 구축용역,8.30E+13,
4167,AI010,8.21E+13,41590140,376122234A,MNG244,2019-01-01,LSH017,LCD005,1, ,8.21E+13,
4168,AI010,8.21E+13,41590140,376122234A,MNG244,2019-01-01,LSH017,LCD005,1, ,8.21E+13,
4169,AI010,8.21E+13,41590140,376122234A,MNG244,2019-01-01,LSH017,LCD005,1, ,8.21E+13,
4170,AI010,8.21E+13,41590140,376122234A,MNG244,2019-01-01,LSH017,LCD005,1, ,8.21E+13,
4171,AI010,8.21E+13,41590140,376122234A,MNG244,2019-01-01,LSH017,LCD005,1, ,8.21E+13,
4172,AI010,8.21E+13,41590140,376122234A,MNG244,2019-01-01,LSH017,LCD005,1, ,8.21E+13,
4173,AI010,8.21E+13,41590140,376122233B,MNG244,2019-01-01,LSH017,LCD005,1, ,8.21E+13,
4174,AI010,8.21E+13,41590140,376122233B,MNG244,2019-01-01,LSH017,LCD005,1, ,8.21E+13,
4175,AI010,8.21E+13,41590140,376122233B,MNG244,2019-01-01,LSH017,LCD005,1, ,8.21E+13,
4176,AI010,1.21E+13,41590570,377130192A,MNG244,2017-10-30,LSH002,LCD004,1,화성 안녕동 우방아이유쉘 아파트 신축공사 중 GIS DB 구축용역,1.21E+13,
4177,AI010,9.00E+13,41590000,377130843C,MNG305,2016-01-01,LSH999,LCD999,1, ,9.00E+13,
4178,AI010,9.00E+13,41590000,377130843C,MNG305,2016-01-01,LSH999,LCD999,1, ,9.00E+13,
4179,AI010,9.00E+13,41590000,377130843C,MNG305,2016-01-01,LSH999,LCD999,1, ,9.00E+13,
4180,AI010,9.00E+13,41590000,377130843C,MNG305,2016-01-01,LSH999,LCD999,1, ,9.00E+13,
4181,AI010,9.00E+13,41590000,377130843B,MNG305,2016-01-01,LSH999,LCD999,1, ,9.00E+13,
4182,AI010,9.00E+13,41590000,377130843B,MNG305,2016-01-01,LSH999,LCD999,1, ,9.00E+13,
4183,AI010,9.00E+13,41590000,377130843B,MNG305,2016-01-01,LSH999,LCD999,1, ,9.00E+13,
4184,AI010,9.00E+13,41590000,377130843D,MNG305,2016-01-01,LSH999,LCD999,1, ,9.00E+13,
4185,AI010,9.00E+13,41590000,377130853B,MNG305,2016-01-01,LSH999,LCD999,1, ,9.00E+13,
4186,AI010,9.00E+13,41590000,377130853B,MNG305,2016-01-01,LSH999,LCD999,1, ,9.00E+13,
4187,AI010,8.21E+13,41590140,376122234D,MNG409,2018-01-01,LSH017,LCD005,1, ,8.21E+13,
4188,AI010,8.21E+13,41590140,376122234D,MNG409,2018-01-01,LSH017,LCD005,1, ,8.21E+13,
4189,AI010,8.21E+13,41590140,376122234D,MNG409,2018-01-01,LSH017,LCD005,1, ,8.21E+13,
4190,AI010,2.22E+13,41590320,376160323D,MNG409,2020-12-01,LSH999,LCD999,1,비봉도시계획도로 소로2-41호선(잔여구간) 개설공사 GIS DB 구축용역,2.22E+13,
4191,AI010,2.22E+13,41590320,376160323D,MNG409,2020-12-01,LSH999,LCD999,1,비봉도시계획도로 소로2-41호선(잔여구간) 개설공사 GIS DB 구축용역,2.22E+13,
4192,AI010,2.22E+13,41590320,376160323D,MNG409,2020-12-01,LSH999,LCD999,1,비봉도시계획도로 소로2-41호선(잔여구간) 개설공사 GIS DB 구축용역,2.22E+13,
4193,AI010,2.22E+13,41590320,376160323D,MNG409,2020-12-01,LSH999,LCD999,1,비봉도시계획도로 소로2-41호선(잔여구간) 개설공사 GIS DB 구축용역,2.22E+13,
4194,AI010,2.22E+13,41590320,376160324C,MNG409,2020-12-01,LSH999,LCD999,1,비봉도시계획도로 소로2-41호선(잔여구간) 개설공사 GIS DB 구축용역,2.22E+13,
4195,AI010,2.22E+13,41590256,376161733B,MNG409,2020-03-01,LSH999,LCD999,1,우정도시계획도로 중로3-3호선 개설공사 GIS DB 구축용역,2.22E+13,
4196,AI010,2.22E+13,41590256,376161733B,MNG409,2020-03-01,LSH999,LCD999,1,우정도시계획도로 중로3-3호선 개설공사 GIS DB 구축용역,2.22E+13,
4197,AI010,1.21E+13,41590520,377130100C,MNG244,2017-12-01,LSH007,LCD004,1,화성시 능동지구 도시계획도로 개설공사 GIS DB 구축사업,1.21E+13,
4198,AI010,200195,41590400,376161585D,MNG409,1900-01-01,LSH002,LCD002,1, ,2005712014,
4199,AI010,200197,41590400,376161585C,MNG409,1900-01-01,LSH002,LCD002,1, ,2005712014,
4200,AI010,200201,41590400,376161585C,MNG409,1900-01-01,LSH002,LCD002,1, ,1.22E+13,
4201,AI010,1.22E+13,41590370,376161764A,MNG409,2019-06-01,LSH023,LCD005,1,장안면 노진초등학교 보도설치공사 외2건 GIS DB 구축용역,1.22E+13,
4202,AI010,1.22E+13,41590256,376161679B,MNG244,2017-12-31,LSH002,LCD004,1,도로 및 지하매설물 GIS DB 용역(화산리),1.22E+13,
4203,AI010,2.12E+11,41590370,376161854A,MNG244,2011-06-01,LSH999,LCD004,1,장안면 독정리 247-2번지 원인자 공사,21161854008,
4204,AI010,2.12E+11,41590370,376161854A,MNG244,2011-06-01,LSH999,LCD004,1,장안면 독정리 247-2번지 원인자 공사,21161854008,
4205,AI010,9.00E+13,41590420,377130861D,MNG244,,LSH999,LCD005,1,동탄(2)택지개발사업 부지공사(1단계)GIS DB구축용역,9.00E+13,
4206,AI010,8.21E+13,41590140,376122224C,MNG409,2018-01-01,LSH017,LCD005,1, ,8.21E+13,
4207,AI010,8.21E+13,41590140,376122224C,MNG409,2018-01-01,LSH017,LCD005,1, ,8.21E+13,
4208,AI010,8.21E+13,41590140,376122256A,MNG409,2018-01-01,LSH017,LCD005,1, ,8.21E+13,
4209,AI010,8.21E+13,41590140,376122256A,MNG409,2018-01-01,LSH017,LCD005,1, ,8.21E+13,
4210,AI010,8.21E+13,41590140,376122256A,MNG409,2018-01-01,LSH017,LCD005,1, ,8.21E+13,
4211,AI010,1.22E+13,41590400,376162054C,MNG244,2017-07-01,LSH023,LCD005,1,용소리 도로확포장공사 GIS DB 구축용역,1.22E+13,
4212,AI010,1.22E+13,41590400,376162054C,MNG244,2017-07-01,LSH023,LCD005,1,용소리 도로확포장공사 GIS DB 구축용역,1.22E+13,
4213,AI010,8.30E+13,41590340,376160107A,MNG244,2019-12-21,LSH023,LCD005,1,송산그린시티 기반시설 건설공사 도로 및 지하매설물 GIS D/B 구축용역,8.30E+13,
4214,AI010,8.30E+13,41590340,376160107A,MNG244,2019-12-21,LSH023,LCD005,1,송산그린시티 기반시설 건설공사 도로 및 지하매설물 GIS D/B 구축용역,8.30E+13,
4215,AI010,8.30E+13,41590340,376160107A,MNG244,2019-12-21,LSH023,LCD005,1,송산그린시티 기반시설 건설공사 도로 및 지하매설물 GIS D/B 구축용역,8.30E+13,
4216,AI010,8.30E+13,41590340,376160107A,MNG244,2019-12-21,LSH023,LCD005,1,송산그린시티 기반시설 건설공사 도로 및 지하매설물 GIS D/B 구축용역,8.30E+13,
4217,AI010,8.30E+13,41590340,376160107A,MNG244,2019-12-21,LSH023,LCD005,1,송산그린시티 기반시설 건설공사 도로 및 지하매설물 GIS D/B 구축용역,8.30E+13,
4218,AI010,8.30E+13,41590340,376160107A,MNG244,2019-12-21,LSH023,LCD005,1,송산그린시티 기반시설 건설공사 도로 및 지하매설물 GIS D/B 구축용역,8.30E+13,
4219,AI010,8.30E+13,41590340,376160106B,MNG244,2019-12-21,LSH023,LCD005,1,송산그린시티 기반시설 건설공사 도로 및 지하매설물 GIS D/B 구축용역,8.30E+13,
4220,AI010,8.30E+13,41590340,376160106B,MNG244,2019-12-21,LSH023,LCD005,1,송산그린시티 기반시설 건설공사 도로 및 지하매설물 GIS D/B 구축용역,8.30E+13,
4221,AI010,8.30E+13,41590340,376160106B,MNG244,2019-12-21,LSH023,LCD005,1,송산그린시티 기반시설 건설공사 도로 및 지하매설물 GIS D/B 구축용역,8.30E+13,
4222,AI010,8.30E+13,41590340,376122196D,MNG244,2019-12-21,LSH023,LCD005,1,송산그린시티 기반시설 건설공사 도로 및 지하매설물 GIS D/B 구축용역,8.30E+13,
4223,AI010,8.30E+13,41590340,376122196D,MNG244,2019-12-21,LSH023,LCD005,1,송산그린시티 기반시설 건설공사 도로 및 지하매설물 GIS D/B 구축용역,8.30E+13,
4224,AI010,8.30E+13,41590340,376122196D,MNG244,2019-12-21,LSH023,LCD005,1,송산그린시티 기반시설 건설공사 도로 및 지하매설물 GIS D/B 구축용역,8.30E+13,
4225,AI010,8.30E+13,41590340,376122197D,MNG244,2019-12-21,LSH023,LCD005,1,송산그린시티 기반시설 건설공사 도로 및 지하매설물 GIS D/B 구축용역,8.30E+13,
4226,AI010,8.30E+13,41590340,376122198C,MNG244,2019-12-21,LSH023,LCD005,1,송산그린시티 기반시설 건설공사 도로 및 지하매설물 GIS D/B 구축용역,8.30E+13,
4227,AI010,8.30E+13,41590340,376122198C,MNG244,2019-12-21,LSH023,LCD005,1,송산그린시티 기반시설 건설공사 도로 및 지하매설물 GIS D/B 구축용역,8.30E+13,
4228,AI010,8.30E+13,41590340,376122198D,MNG244,2019-12-21,LSH023,LCD005,1,송산그린시티 기반시설 건설공사 도로 및 지하매설물 GIS D/B 구축용역,8.30E+13,
4229,AI010,8.30E+13,41590340,376122198D,MNG244,2019-12-21,LSH023,LCD005,1,송산그린시티 기반시설 건설공사 도로 및 지하매설물 GIS D/B 구축용역,8.30E+13,
4230,AI010,8.30E+13,41590340,376122198C,MNG244,2019-12-21,LSH023,LCD005,1,송산그린시티 기반시설 건설공사 도로 및 지하매설물 GIS D/B 구축용역,8.30E+13,
4231,AI010,1.22E+13,41590370,376161217B,MNG409,2019-06-01,LSH023,LCD005,1,장안면 노진초등학교 보도설치공사 외2건 GIS DB 구축용역,1.22E+13,
4232,AI010,99920150013,41590256,376162201D,MNG409,1990-01-01,LSH000,LCD000,1, ,99920150736,
4233,AI010,99920150018,41590370,376161792D,MNG409,1990-01-01,LSH000,LCD000,1, ,1.22E+13,
4234,AI010,1.22E+13,41590400,376162018A,MNG409,2018-12-31,LSH002,LCD004,1,우정읍 운평리 보도설치공사 외 2건 GIS DB 구축용역,1.22E+13,
4235,AI010,8.89E+11,41590259,376161462D,MNG244,2016-01-01,LSH030,LCD002,1,화성 향남 2지구 도로 및 지하시설물 DB 구축(20170831),614621699,
4236,AI010,9.00E+13,41590340,376150460B,MNG244,2020-10-30,LSH999,LCD999,1,화성 송산테크노파크 일반산업단지,9.00E+13,
4237,AI010,9.00E+13,41590340,376150460B,MNG244,2020-10-30,LSH999,LCD005,1,화성 송산테크노파크 일반산업단지,9.00E+13,
4238,AI010,9.00E+13,41590340,376150541C,MNG244,2020-10-30,LSH999,LCD005,1,화성 송산테크노파크 일반산업단지,9.00E+13,
4239,AI010,9.00E+13,41590000,377130884C,MNG305,2016-01-01,LSH999,LCD999,1, ,9.00E+13,
4240,AI010,8.21E+13,41590140,376122234B,MNG409,2018-01-01,LSH017,LCD005,1, ,8.21E+13,
4241,AI010,9.00E+13,41590000,377130821C,MNG305,2016-01-01,LSH999,LCD999,1, ,9.00E+13,
4242,AI010,9.00E+13,41590000,377130821C,MNG305,2016-01-01,LSH999,LCD999,1, ,9.00E+13,
4243,AI010,1.22E+13,41590253,376160551B,MNG409,2019-12-01,LSH023,LCD005,1,봉담도시계획도로 소로3-14호선 개설공사 GIS DB 구축용역,1.22E+13,
4244,AI010,9.00E+13,41590000,377130874D,MNG305,2016-01-01,LSH999,LCD999,1, ,9.00E+13,
4245,AI010,9.00E+13,41590000,377130874D,MNG305,2016-01-01,LSH999,LCD999,1, ,9.00E+13,
4246,AI010,9.00E+13,41590000,377130874D,MNG305,2016-01-01,LSH999,LCD999,1, ,9.00E+13,
4247,AI010,9.00E+13,41590000,377130874D,MNG305,2016-01-01,LSH999,LCD999,1, ,9.00E+13,
4248,AI010,4.22E+13,41590570,377130184A,MNG409,2019-12-31,LSH007,LCD004,1,"화산도시계획도로 2-1,2호선 개설공사 GIS DB 구축용역",4.22E+13,
4249,AI010,4.22E+13,41590570,377130184A,MNG409,2019-12-31,LSH002,LCD004,1,"화산도시계획도로 2-1,2호선 개설공사 GIS DB 구축용역",4.22E+13,
4250,AI010,8.21E+13,41590140,376122233B,MNG244,2019-01-01,LSH017,LCD005,1, ,8.21E+13,
4251,AI010,8.21E+13,41590140,376122233B,MNG244,2019-01-01,LSH017,LCD005,1, ,8.21E+13,
4252,AI010,8.21E+13,41590140,376122233B,MNG244,2019-01-01,LSH017,LCD005,1, ,8.21E+13,
4253,AI010,2.12E+11,41590256,376161164A,MNG244,2015-01-01,LSH007,LCD004,1,호곡~주곡간 도로확포장공사 GIS DB 구축용역(20170823)_재납품,21150726001,
4254,AI010,2.12E+11,41590256,376161164A,MNG244,2015-01-01,LSH006,LCD004,1,호곡~주곡간 도로확포장공사 GIS DB 구축용역(20170823)_재납품,21150726001,
4255,AI010,2.12E+11,41590256,376161155C,MNG244,2015-01-01,LSH002,LCD004,1,호곡~주곡간 도로확포장공사 GIS DB 구축용역(20170823)_재납품,21150726001,
4256,AI010,2.12E+11,41590256,376161155D,MNG244,2015-01-01,LSH002,LCD004,1,호곡~주곡간 도로확포장공사 GIS DB 구축용역(20170823)_재납품,21150726001,
4257,AI010,2.12E+11,41590256,376161155D,MNG244,2015-01-01,LSH002,LCD004,1,호곡~주곡간 도로확포장공사 GIS DB 구축용역(20170823)_재납품,21150726001,
4258,AI010,2.12E+11,41590256,376161166B,MNG244,2015-01-01,LSH002,LCD004,1,호곡~주곡간 도로확포장공사 GIS DB 구축용역(20170823)_재납품,21150726002,
4259,AI010,2.12E+11,41590256,376161157D,MNG244,2015-01-01,LSH002,LCD004,1,호곡~주곡간 도로확포장공사 GIS DB 구축용역(20170823)_재납품,21150726003,
4260,AI010,8.89E+11,41590259,376161463D,MNG244,2016-01-01,LSH030,LCD002,1,화성 향남 2지구 도로 및 지하시설물 DB 구축(20170831),614631659,
4261,AI010,8.89E+11,41590259,376161810A,MNG244,2016-01-01,LSH030,LCD002,1,화성 향남 2지구 도로 및 지하시설물 DB 구축(20170831),618101705,
4262,AI010,8.89E+11,41590259,376161463C,MNG244,2016-01-01,LSH999,LCD002,1,화성 향남 2지구 도로 및 지하시설물 DB 구축(20170831),614631702,
4263,AI010,2.16E+11,41590570,377130154A,MNG244,2017-08-03,LSH006,LCD004,1,화산도시계획도로 소로1-24호선(구태안소1-124)개설공사 GIS DB 구축용역(20170927),21670628007,
4264,AI010,1.22E+13,41590350,376150874D,MNG244,2015-06-01,LSH002,LCD004,1,서신 도시계획도로(소로1-7호선)개설공사 GIS DB 구축용역,1.22E+13,
4265,AI010,1.22E+13,41590350,376150874D,MNG244,2015-06-01,LSH002,LCD004,1,서신 도시계획도로(소로1-7호선)개설공사 GIS DB 구축용역,1.22E+13,
4266,AI010,8.30E+13,41590340,376122198D,MNG244,2019-12-21,LSH023,LCD005,1,송산그린시티 기반시설 건설공사 도로 및 지하매설물 GIS D/B 구축용역,8.30E+13,
4267,AI010,8.30E+13,41590262,376122198D,MNG244,2019-12-21,LSH023,LCD005,1,송산그린시티 기반시설 건설공사 도로 및 지하매설물 GIS D/B 구축용역,8.30E+13,
4268,AI010,8.21E+13,41590140,376122222A,MNG409,2018-01-01,LSH017,LCD005,1, ,8.21E+13,
4269,AI010,8.21E+13,41590140,376122222A,MNG409,2018-01-01,LSH017,LCD005,1, ,8.21E+13,
4270,AI010,8.21E+13,41590140,376122222A,MNG409,2018-01-01,LSH017,LCD005,1, ,8.21E+13,
4271,AI010,8.21E+13,41590140,376122222A,MNG409,2018-01-01,LSH017,LCD005,1, ,8.21E+13,
4272,AI010,8.21E+13,41590140,376122222A,MNG409,2018-01-01,LSH017,LCD005,1, ,8.21E+13,
4273,AI010,8.21E+13,41590140,376122245D,MNG409,2018-01-01,LSH017,LCD005,1, ,8.21E+13,
4274,AI010,8.21E+13,41590140,376122245D,MNG409,2018-01-01,LSH017,LCD005,1, ,8.21E+13,
4275,AI010,8.21E+13,41590140,376122245D,MNG409,2018-01-01,LSH017,LCD005,1, ,8.21E+13,
4276,AI010,8.21E+13,41590140,376122245D,MNG409,2018-01-01,LSH017,LCD005,1, ,8.21E+13,
4277,AI010,8.21E+13,41590140,376122245D,MNG409,2018-01-01,LSH017,LCD005,1, ,8.21E+13,
4278,AI010,8.21E+13,41590140,376122245D,MNG409,2018-01-01,LSH017,LCD005,1, ,8.21E+13,
4279,AI010,8.21E+13,41590140,376122245D,MNG409,2018-01-01,LSH017,LCD005,1, ,8.21E+13,
4280,AI010,8.30E+13,41590340,376160105B,MNG244,2019-12-21,LSH023,LCD005,1,송산그린시티 기반시설 건설공사 도로 및 지하매설물 GIS D/B 구축용역,8.30E+13,
4281,AI010,8.21E+13,41590140,376122234D,MNG409,2018-01-01,LSH017,LCD005,1, ,8.21E+13,
4282,AI010,8.21E+13,41590140,376122234D,MNG409,2018-01-01,LSH017,LCD005,1, ,8.21E+13,
4283,AI010,8.21E+13,41590140,376122234D,MNG409,2018-01-01,LSH017,LCD005,1, ,8.21E+13,
4284,AI010,8.21E+13,41590140,376122234D,MNG409,2018-01-01,LSH017,LCD005,1, ,8.21E+13,
4285,AI010,8.21E+13,41590140,376122234D,MNG409,2018-01-01,LSH017,LCD005,1, ,8.21E+13,
4286,AI010,8.21E+13,41590140,376122234D,MNG409,2018-01-01,LSH017,LCD005,1, ,8.21E+13,
4287,AI010,8.21E+13,41590140,376122234D,MNG409,2018-01-01,LSH017,LCD005,1, ,8.21E+13,
4288,AI010,8.21E+13,41590140,376122234D,MNG409,2018-01-01,LSH017,LCD005,1, ,8.21E+13,
4289,AI010,8.30E+13,41590262,376122199D,MNG244,2019-12-21,LSH023,LCD005,1,송산그린시티 기반시설 건설공사 도로 및 지하매설물 GIS D/B 구축용역,8.30E+13,
4290,AI010,8.30E+13,41590262,376122199D,MNG244,2019-12-21,LSH023,LCD005,1,송산그린시티 기반시설 건설공사 도로 및 지하매설물 GIS D/B 구축용역,8.30E+13,
4291,AI010,8.21E+13,41590140,376122234A,MNG244,2019-01-01,LSH017,LCD005,1, ,8.21E+13,
4292,AI010,9.00E+13,41590000,377130874D,MNG305,2016-01-01,LSH999,LCD999,1, ,9.00E+13,
4293,AI010,1.22E+13,41590370,376161754C,MNG409,2019-06-01,LSH023,LCD005,1,장안면 노진초등학교 보도설치공사 외2건 GIS DB 구축용역,1.22E+13,
4294,AI010,1.22E+13,41590370,376161754C,MNG409,2019-06-01,LSH023,LCD005,1,장안면 노진초등학교 보도설치공사 외2건 GIS DB 구축용역,1.22E+13,
4295,AI010,1.22E+13,41590370,376161754C,MNG409,2019-06-01,LSH023,LCD005,1,장안면 노진초등학교 보도설치공사 외2건 GIS DB 구축용역,1.22E+13,
4296,AI010,1.22E+13,41590370,376161754C,MNG409,2019-06-01,LSH023,LCD005,1,장안면 노진초등학교 보도설치공사 외2건 GIS DB 구축용역,1.22E+13,
4297,AI010,1.22E+13,41590370,376161754A,MNG409,2019-06-01,LSH023,LCD005,1,장안면 노진초등학교 보도설치공사 외2건 GIS DB 구축용역,1.22E+13,
4298,AI010,1.22E+13,41590370,376161754C,MNG409,2019-06-01,LSH023,LCD005,1,장안면 노진초등학교 보도설치공사 외2건 GIS DB 구축용역,1.22E+13,
4299,AI010,1.22E+13,41590370,376161792D,MNG409,2019-06-01,LSH007,LCD004,1,장안면 노진초등학교 보도설치공사 외2건 GIS DB 구축용역,1.22E+13,
4300,AI010,1.22E+13,41590370,376161764A,MNG409,2019-06-01,LSH023,LCD005,1,장안면 노진초등학교 보도설치공사 외2건 GIS DB 구축용역,1.22E+13,
4301,AI010,1.22E+13,41590370,376161754A,MNG409,2019-06-01,LSH023,LCD005,1,장안면 노진초등학교 보도설치공사 외2건 GIS DB 구축용역,1.22E+13,
4302,AI010,1.22E+13,41590370,376161216B,MNG409,2019-06-01,LSH007,LCD004,1,장안면 노진초등학교 보도설치공사 외2건 GIS DB 구축용역,1.22E+13,
4303,AI010,1.22E+13,41590370,376161216A,MNG409,2019-06-01,LSH007,LCD004,1,장안면 노진초등학교 보도설치공사 외2건 GIS DB 구축용역,1.22E+13,
4304,AI010,8.21E+13,41590140,376122212D,MNG409,2018-01-01,LSH017,LCD005,1, ,8.21E+13,
4305,AI010,8.21E+13,41590140,376122212D,MNG409,2018-01-01,LSH017,LCD005,1, ,8.21E+13,
4306,AI010,8.21E+13,41590140,376122212D,MNG409,2018-01-01,LSH017,LCD005,1, ,8.21E+13,
4307,AI010,8.21E+13,41590140,376122222A,MNG409,2018-01-01,LSH017,LCD005,1, ,8.21E+13,
4308,AI010,8.21E+13,41590140,376122222A,MNG409,2018-01-01,LSH017,LCD005,1, ,8.21E+13,
4309,AI010,8.30E+13,41590340,376122198D,MNG244,2019-12-21,LSH023,LCD005,1,송산그린시티 기반시설 건설공사 도로 및 지하매설물 GIS D/B 구축용역,8.30E+13,
4310,AI010,8.30E+13,41590340,376122198D,MNG244,2019-12-21,LSH023,LCD005,1,송산그린시티 기반시설 건설공사 도로 및 지하매설물 GIS D/B 구축용역,8.30E+13,
4311,AI010,8.30E+13,41590340,376122198D,MNG244,2019-12-21,LSH023,LCD005,1,송산그린시티 기반시설 건설공사 도로 및 지하매설물 GIS D/B 구축용역,8.30E+13,
4312,AI010,8.30E+13,41590340,376122198D,MNG244,2019-12-21,LSH023,LCD005,1,송산그린시티 기반시설 건설공사 도로 및 지하매설물 GIS D/B 구축용역,8.30E+13,
4313,AI010,8.30E+13,41590340,376122195D,MNG244,2019-12-21,LSH023,LCD005,1,송산그린시티 기반시설 건설공사 도로 및 지하매설물 GIS D/B 구축용역,8.30E+13,
4314,AI010,8.30E+13,41590340,376122195D,MNG244,2019-12-21,LSH023,LCD005,1,송산그린시티 기반시설 건설공사 도로 및 지하매설물 GIS D/B 구축용역,8.30E+13,
4315,AI010,8.30E+13,41590340,376122195D,MNG244,2019-12-21,LSH023,LCD005,1,송산그린시티 기반시설 건설공사 도로 및 지하매설물 GIS D/B 구축용역,8.30E+13,
4316,AI010,8.30E+13,41590340,376122195D,MNG244,2019-12-21,LSH023,LCD005,1,송산그린시티 기반시설 건설공사 도로 및 지하매설물 GIS D/B 구축용역,8.30E+13,
4317,AI010,8.30E+13,41590340,376122195D,MNG244,2019-12-21,LSH023,LCD005,1,송산그린시티 기반시설 건설공사 도로 및 지하매설물 GIS D/B 구축용역,8.30E+13,
4318,AI010,8.30E+13,41590340,376122195D,MNG244,2019-12-21,LSH023,LCD005,1,송산그린시티 기반시설 건설공사 도로 및 지하매설물 GIS D/B 구축용역,8.30E+13,
4319,AI010,8.21E+13,41590140,376122255B,MNG244,2020-01-01,LSH023,LCD005,1, ,8.21E+13,
4320,AI010,8.21E+13,41590140,376122244B,MNG244,2020-01-01,LSH023,LCD005,1, ,8.21E+13,
4321,AI010,8.21E+13,41590140,376122244B,MNG244,2020-01-01,LSH023,LCD005,1, ,8.21E+13,
4322,AI010,8.21E+13,41590140,376122258A,MNG244,2020-01-01,LSH023,LCD005,1, ,8.21E+13,
4323,AI010,8.21E+13,41590140,376122258A,MNG244,2020-01-01,LSH023,LCD005,1, ,8.21E+13,
4324,AI010,8.21E+13,41590140,376122223A,MNG409,2018-01-01,LSH017,LCD005,1, ,8.21E+13,
4325,AI010,8.21E+13,41590140,376122223A,MNG409,2018-01-01,LSH017,LCD005,1, ,8.21E+13,
4326,AI010,8.21E+13,41590140,376122224C,MNG409,2018-01-01,LSH017,LCD005,1, ,8.21E+13,
4327,AI010,8.21E+13,41590140,376122224A,MNG409,2018-01-01,LSH017,LCD005,1, ,8.21E+13,
4328,AI010,8.21E+13,41590140,376122234B,MNG409,2018-01-01,LSH017,LCD005,1, ,8.21E+13,
4329,AI010,8.21E+13,41590140,376122234B,MNG409,2018-01-01,LSH017,LCD005,1, ,8.21E+13,
4330,AI010,8.21E+13,41590140,376122234B,MNG409,2018-01-01,LSH017,LCD005,1, ,8.21E+13,
4331,AI010,8.21E+13,41590140,376122234B,MNG409,2018-01-01,LSH017,LCD005,1, ,8.21E+13,
4332,AI010,8.21E+13,41590140,376122234B,MNG409,2018-01-01,LSH017,LCD005,1, ,8.21E+13,
4333,AI010,8.21E+13,41590140,376122234B,MNG409,2018-01-01,LSH017,LCD005,1, ,8.21E+13,
4334,AI010,8.21E+13,41590140,376122234B,MNG409,2018-01-01,LSH017,LCD005,1, ,8.21E+13,
4335,AI010,9.00E+13,41590420,377130861D,MNG244,,LSH999,LCD005,1,동탄(2)택지개발사업 부지공사(1단계)GIS DB구축용역,9.00E+13,
4336,AI010,8.21E+13,41590140,376122224C,MNG409,2018-01-01,LSH017,LCD005,1, ,8.21E+13,
4337,AI010,8.21E+13,41590140,376122224C,MNG409,2018-01-01,LSH017,LCD005,1, ,8.21E+13,
4338,AI010,8.21E+13,41590140,376122224C,MNG409,2018-01-01,LSH017,LCD005,1, ,8.21E+13,
4339,AI010,8.21E+13,41590140,376122224C,MNG409,2018-01-01,LSH017,LCD005,1, ,8.21E+13,
4340,AI010,8.21E+13,41590140,376122224C,MNG409,2018-01-01,LSH017,LCD005,1, ,8.21E+13,
4341,AI010,99920150009,41590370,376162303B,MNG244,1990-01-01,LSH000,LCD000,1, ,99920150712,
4342,AI010,99920150010,41590370,376162303B,MNG244,1990-01-01,LSH000,LCD000,1, ,99920150712,
4343,AI010,99920150011,41590370,376162303A,MNG244,1990-01-01,LSH000,LCD000,1, ,99920150712,
4344,AI010,8.21E+13,41590140,376122269C,MNG244,2020-01-01,LSH023,LCD005,1, ,8.21E+13,
4345,AI010,8.21E+13,41590140,376122269C,MNG244,2020-01-01,LSH023,LCD005,1, ,8.21E+13,
4346,AI010,8.21E+13,41590140,376122269C,MNG244,2020-01-01,LSH023,LCD005,1, ,8.21E+13,
4347,AI010,8.21E+13,41590140,376122269A,MNG244,2020-01-01,LSH023,LCD005,1, ,8.21E+13,
4348,AI010,8.21E+13,41590140,376122269A,MNG244,2020-01-01,LSH023,LCD005,1, ,8.21E+13,
4349,AI010,8.21E+13,41590140,376122269A,MNG244,2020-01-01,LSH023,LCD005,1, ,8.21E+13,
4350,AI010,8.21E+13,41590140,376122268B,MNG244,2020-01-01,LSH023,LCD005,1, ,8.21E+13,
4351,AI010,1.22E+13,41590400,376161949B,MNG409,2019-12-31,LSH023,LCD005,1,양감면 사창리 보도설치공사 외 3건 GIS DB 구축용역,1.22E+13,
4352,AI010,1.22E+13,41590400,376161949A,MNG409,2019-12-31,LSH002,LCD004,1,양감면 사창리 보도설치공사 외 3건 GIS DB 구축용역,1.22E+13,
4353,AI010,1.22E+13,41590400,376161949A,MNG409,2019-12-31,LSH023,LCD005,1,양감면 사창리 보도설치공사 외 3건 GIS DB 구축용역,1.22E+13,
4354,AI010,200265,41590400,376161939D,MNG409,1900-01-01,LSH002,LCD002,1, ,1.22E+13,
4355,AI010,99920150064,41590259,376161329D,MNG409,1990-01-01,LSH000,LCD000,1, ,1.22E+13,
4356,AI010,200198,41590400,376161585D,MNG409,1900-01-01,LSH002,LCD002,1, ,2005712014,
4357,AI010,1.30E+13,41590262,376160749A,MNG409,2020-01-01,LSH023,LCD005,1,시도15호선(안석~무송간) 도로확포장공사(1구간) GIS DB구축용역,1.30E+13,
4358,AI010,8.30E+13,41590340,376122196C,MNG244,2019-12-21,LSH023,LCD005,1,송산그린시티 기반시설 건설공사 도로 및 지하매설물 GIS D/B 구축용역,8.30E+13,
4359,AI010,8.30E+13,41590340,376122197D,MNG244,2019-12-21,LSH023,LCD005,1,송산그린시티 기반시설 건설공사 도로 및 지하매설물 GIS D/B 구축용역,8.30E+13,
4360,AI010,500022,41590410,377131134C,MNG244,1900-01-01,LSH019,LCD002,1,31144006,9001831105,
4361,AI010,100593,41590410,376161006D,MNG244,1900-01-01,LSH002,LCD002,1, ,9007311001,
4362,AI010,8.21E+13,41590140,376122224A,MNG409,2018-01-01,LSH017,LCD005,1, ,8.21E+13,
4363,AI010,8.21E+13,41590140,376122214C,MNG409,2018-01-01,LSH017,LCD005,1, ,8.21E+13,
4364,AI010,8.21E+13,41590140,376122213C,MNG409,2018-01-01,LSH017,LCD005,1, ,8.21E+13,
4365,AI010,8.21E+13,41590140,376122222B,MNG409,2018-01-01,LSH017,LCD005,1, ,8.21E+13,
4366,AI010,8.21E+13,41590140,376122245A,MNG409,2018-01-01,LSH017,LCD005,1, ,8.21E+13,
4367,AI010,8.21E+13,41590140,376122245A,MNG409,2018-01-01,LSH017,LCD005,1, ,8.21E+13,
4368,AI010,8.21E+13,41590140,376122245A,MNG409,2018-01-01,LSH017,LCD005,1, ,8.21E+13,
4369,AI010,8.21E+13,41590140,376122245A,MNG409,2018-01-01,LSH017,LCD005,1, ,8.21E+13,
4370,AI010,8.21E+13,41590140,376122245A,MNG409,2018-01-01,LSH017,LCD005,1, ,8.21E+13,
4371,AI010,8.21E+13,41590140,376122245A,MNG409,2018-01-01,LSH017,LCD005,1, ,8.21E+13,
4372,AI010,8.21E+13,41590140,376122245A,MNG409,2018-01-01,LSH017,LCD005,1, ,8.21E+13,
4373,AI010,8.21E+13,41590140,376122245A,MNG409,2018-01-01,LSH017,LCD005,1, ,8.21E+13,
4374,AI010,8.30E+13,41590340,376122197C,MNG244,2019-12-21,LSH023,LCD005,1,송산그린시티 기반시설 건설공사 도로 및 지하매설물 GIS D/B 구축용역,8.30E+13,
4375,AI010,1.22E+13,41590350,376150874D,MNG244,2015-06-01,LSH002,LCD004,1,서신 도시계획도로(소로1-7호선)개설공사 GIS DB 구축용역,1.22E+13,
4376,AI010,4.22E+13,41590259,376161442A,MNG244,2017-12-01,LSH999,LCD004,1,"발안도시계획도로 중로3-1,소로1-6,-7호선 개설공사 GIS DB 구축용역",4.22E+13,
4377,AI010,4.22E+13,41590259,376161442A,MNG244,2017-12-01,LSH002,LCD004,1,"발안도시계획도로 중로3-1,소로1-6,-7호선 개설공사 GIS DB 구축용역",0,
4378,AI010,4.22E+13,41590259,376161432C,MNG244,2017-12-01,LSH999,LCD004,1,"발안도시계획도로 중로3-1,소로1-6,-7호선 개설공사 GIS DB 구축용역",4.22E+13,
4379,AI010,4.22E+13,41590259,376161432C,MNG244,2017-12-01,LSH023,LCD005,1,"발안도시계획도로 중로3-1,소로1-6,-7호선 개설공사 GIS DB 구축용역",4.22E+13,
4380,AI010,4.22E+13,41590259,376161431D,MNG244,2017-12-01,LSH023,LCD005,1,"발안도시계획도로 중로3-1,소로1-6,-7호선 개설공사 GIS DB 구축용역",0,
4381,AI010,4.22E+13,41590259,376161432C,MNG244,2017-12-01,LSH023,LCD005,1,"발안도시계획도로 중로3-1,소로1-6,-7호선 개설공사 GIS DB 구축용역",4.22E+13,
4382,AI010,8.21E+13,41590140,376122234B,MNG409,2018-01-01,LSH017,LCD005,1, ,8.21E+13,
4383,AI010,8.21E+13,41590140,376122224D,MNG409,2018-01-01,LSH017,LCD005,1, ,8.21E+13,
4384,AI010,8.21E+13,41590140,376122224D,MNG409,2018-01-01,LSH017,LCD005,1, ,8.21E+13,
4385,AI010,8.21E+13,41590140,376122224D,MNG409,2018-01-01,LSH017,LCD005,1, ,8.21E+13,
4386,AI010,8.21E+13,41590140,376122224D,MNG409,2018-01-01,LSH017,LCD005,1, ,8.21E+13,
4387,AI010,8.30E+13,41590340,376160107A,MNG244,2019-12-21,LSH023,LCD005,1,송산그린시티 기반시설 건설공사 도로 및 지하매설물 GIS D/B 구축용역,8.30E+13,
4388,AI010,99920150225,41590340,376150521A,MNG244,1990-01-01,LSH000,LCD000,1, ,99920150621,
4389,AI010,100178,41590410,376161015A,MNG244,1900-01-01,LSH007,LCD002,1, ,9007111007,
4390,AI010,500563,41590520,377130179C,MNG244,1900-01-01,LSH000,LCD002,1,30189043,2803431001,
4391,AI010,5.11E+11,41590600,377130738D,MNG244,2014-01-01,LSH999,LCD004,1,화성동탄 일반산업단지 조성공사 중 GIS구축,51130738007,
4392,AI010,5.11E+11,41590600,377130738D,MNG244,2014-01-01,LSH999,LCD004,1,화성동탄 일반산업단지 조성공사 중 GIS구축,51130738007,
4393,AI010,401398,41590585,377130283C,MNG244,2006-04-01,LSH022,LCD999,1, ,2803319001,
4394,AI010,2.12E+11,41590320,376160365A,MNG244,2014-06-01,LSH999,LCD004,1,화성시 지구단위계획구역부지 조성공사 GIS DB구축 사업(20170718)_재납품,21160364002,
4395,AI010,300068,41590320,376160326A,MNG244,1900-01-01,LSH023,LCD005,1, ,99920150078,
4396,AI010,1.21E+13,41590520,377130291A,MNG244,2017-12-01,LSH007,LCD004,1,화성시 능동지구 도시계획도로 개설공사 GIS DB 구축사업,0,
4397,AI010,1.21E+13,41590520,377130291C,MNG244,2017-12-31,LSH002,LCD004,1,화성시 능동지구 도시계획도로 개설공사 GIS DB 구축사업,1.21E+13,
4398,AI010,401048,41590586,377130725A,MNG244,2006-04-01,LSH022,LCD999,1, ,2809519001,
4399,AI010,500151,41590520,377130137A,MNG244,1900-01-01,LSH000,LCD002,1,30137001,9009231003,
4400,AI010,100355,41590253,376160521D,MNG244,1900-01-01,LSH007,LCD002,1, ,9006521001,
4401,AI010,100524,41590410,376161037D,MNG244,1900-01-01,LSH007,LCD002,1, ,9006911011,
4402,AI010,200015,41590360,376160952A,MNG244,2001-01-01,LSH999,LCD002,1, ,2006712009,
4403,AI010,500570,41590520,377130179D,MNG244,1900-01-01,LSH000,LCD002,1,30190001,2703531004,
4404,AI010,100173,41590410,376161004D,MNG244,1900-01-01,LSH007,LCD002,1, ,9007111004,
4405,AI010,200272,41590400,376161949A,MNG409,1900-01-01,LSH007,LCD002,1, ,1330612004,
4406,AI010,9.00E+13,41590000,377130841A,MNG305,2016-01-01,LSH999,LCD002,1, ,9.00E+13,
4407,AI010,9.00E+13,41590000,377130720C,MNG305,2016-01-01,LSH999,LCD999,1, ,9.00E+13,
4408,AI010,9.00E+13,41590000,377130720C,MNG305,2016-01-01,LSH999,LCD999,1, ,9.00E+13,
4409,AI010,1.22E+13,41590259,376161443C,MNG409,2019-12-31,LSH023,LCD005,1,향남읍 행정리 보도설치공사외 1건 GIS DB 구축용역,1.22E+13,
4410,AI010,100519,41590410,376161028D,MNG244,1900-01-01,LSH007,LCD002,1, ,9006811008,
4411,AI010,500196,41590520,377130147B,MNG244,1900-01-01,LSH002,LCD002,1,30148020,9008831005,
4412,AI010,2.13E+11,41590340,376150440C,MNG244,2016-01-01,LSH007,LCD004,1,송산면 마산리 보도설치공사 GIS DB 구축용역(20171220),21250440007,
4413,AI010,99920150211,41590340,376150566C,MNG244,1990-01-01,LSH000,LCD000,1, ,99920171201,
4414,AI010,99920150212,41590340,376150565D,MNG244,1990-01-01,LSH000,LCD000,1, ,99920171201,
4415,AI010,99920150215,41590340,376150564D,MNG244,1990-01-01,LSH000,LCD000,1, ,99920171201,
4416,AI010,99920150216,41590340,376150564D,MNG244,1990-01-01,LSH000,LCD000,1, ,99920171201,
4417,AI010,99920150213,41590340,376150564A,MNG244,1990-01-01,LSH000,LCD000,1, ,99920171201,
4418,AI010,99920150214,41590340,376150564A,MNG244,1990-01-01,LSH000,LCD000,1, ,99920171201,
4419,AI010,500641,41590550,377130233B,MNG244,1900-01-01,LSH007,LCD002,1,30233001,9004131001,
4420,AI010,1.22E+13,41590350,376150866C,MNG244,2015-06-01,LSH002,LCD004,1,서신 도시계획도로(소로1-7호선)개설공사 GIS DB 구축용역,1.22E+13,
4421,AI010,8.89E+11,41590259,376161810A,MNG244,2016-01-01,LSH030,LCD002,1,화성 향남 2지구 도로 및 지하시설물 DB 구축(20170831),618101705,
4422,AI010,8.89E+11,41590259,376161810A,MNG244,2016-01-01,LSH030,LCD002,1,화성 향남 2지구 도로 및 지하시설물 DB 구축(20170831),618101705,
4423,AI010,100669,41590570,376160588C,MNG244,1900-01-01,LSH000,LCD002,1,일반형,9002821002,
4424,AI010,401464,41590587,377130273B,MNG244,2006-04-01,LSH022,LCD999,1, ,2800719001,
4425,AI010,9.00E+13,41590340,376150541C,MNG244,2020-10-30,LSH999,LCD999,1,화성 송산테크노파크 일반산업단지,9.00E+13,
4426,AI010,8.21E+13,41590140,376122258D,MNG244,2020-01-01,LSH023,LCD005,1, ,8.21E+13,
4427,AI010,8.21E+13,41590140,376122223D,MNG409,2018-01-01,LSH017,LCD005,1, ,8.21E+13,
4428,AI010,8.21E+13,41590140,376122223B,MNG409,2018-01-01,LSH017,LCD005,1, ,8.21E+13,
4429,AI010,8.21E+13,41590140,376122223B,MNG409,2018-01-01,LSH017,LCD005,1, ,8.21E+13,
4430,AI010,8.21E+13,41590140,376122223B,MNG409,2018-01-01,LSH017,LCD005,1, ,8.21E+13,
4431,AI010,8.21E+13,41590140,376122223A,MNG409,2018-01-01,LSH017,LCD005,1, ,8.21E+13,
4432,AI010,8.21E+13,41590140,376122223A,MNG409,2018-01-01,LSH017,LCD005,1, ,8.21E+13,
4433,AI010,8.21E+13,41590140,376122223A,MNG409,2018-01-01,LSH017,LCD005,1, ,8.21E+13,
4434,AI010,8.21E+13,41590140,376122234A,MNG244,2019-01-01,LSH017,LCD005,1, ,8.21E+13,
4435,AI010,8.21E+13,41590140,376122234A,MNG244,2019-01-01,LSH017,LCD005,1, ,8.21E+13,
4436,AI010,8.21E+13,41590140,376122234A,MNG244,2019-01-01,LSH017,LCD005,1, ,8.21E+13,
4437,AI010,8.21E+13,41590140,376122233A,MNG244,2019-01-01,LSH017,LCD005,1, ,8.21E+13,
4438,AI010,8.21E+13,41590140,376122233A,MNG244,2019-01-01,LSH017,LCD005,1, ,8.21E+13,
4439,AI010,8.21E+13,41590140,376122233A,MNG244,2019-01-01,LSH017,LCD005,1, ,8.21E+13,
4440,AI010,8.21E+13,41590140,376122233B,MNG244,2019-01-01,LSH017,LCD005,1, ,8.21E+13,
4441,AI010,8.21E+13,41590140,376122235D,MNG409,2018-01-01,LSH017,LCD005,1, ,8.21E+13,
4442,AI010,8.21E+13,41590140,376122245B,MNG409,2018-01-01,LSH017,LCD005,1, ,8.21E+13,
4443,AI010,8.21E+13,41590140,376122245B,MNG409,2018-01-01,LSH017,LCD005,1, ,8.21E+13,
4444,AI010,8.21E+13,41590140,376122225D,MNG409,2018-01-01,LSH017,LCD005,1, ,8.21E+13,
4445,AI010,8.21E+13,41590140,376122225D,MNG409,2018-01-01,LSH017,LCD005,1, ,8.21E+13,
4446,AI010,8.21E+13,41590140,376122225D,MNG409,2018-01-01,LSH017,LCD005,1, ,8.21E+13,
4447,AI010,8.21E+13,41590140,376122225C,MNG409,2018-01-01,LSH017,LCD005,1, ,8.21E+13,
4448,AI010,8.21E+13,41590140,376122225C,MNG409,2018-01-01,LSH017,LCD005,1, ,8.21E+13,
4449,AI010,4.22E+13,41590370,376161861B,MNG244,2018-06-01,LSH002,LCD004,1,장안면 포승장안로 외 1개소 보도설치공사 GIS DB 구축용역,4.22E+13,
4450,AI010,4.22E+13,41590570,377130611A,MNG244,2017-12-30,LSH023,LCD005,1,화산도시계획도로 소로1-23호선 개설공사 GIS DB 구축용역,4.22E+13,
4451,AI010,4.22E+13,41590570,377130611A,MNG244,2017-12-30,LSH023,LCD005,1,화산도시계획도로 소로1-23호선 개설공사 GIS DB 구축용역,4.22E+13,
4452,AI010,1.22E+13,41590350,376150874D,MNG244,2015-06-01,LSH002,LCD004,1,서신 도시계획도로(소로1-7호선)개설공사 GIS DB 구축용역,1.22E+13,
4453,AI010,8.21E+13,41590140,376122289B,MNG244,2020-01-01,LSH023,LCD005,1, ,8.21E+13,
4454,AI010,8.21E+13,41590140,376122280A,MNG244,2020-01-01,LSH023,LCD005,1, ,8.21E+13,
4455,AI010,8.21E+13,41590140,376122280A,MNG244,2020-01-01,LSH023,LCD005,1, ,8.21E+13,
4456,AI010,8.21E+13,41590140,376122280A,MNG244,2020-01-01,LSH023,LCD005,1, ,8.21E+13,
4457,AI010,8.21E+13,41590140,376122279B,MNG244,2020-01-01,LSH023,LCD005,1, ,8.21E+13,
4458,AI010,8.21E+13,41590140,376122279B,MNG244,2020-01-01,LSH023,LCD005,1, ,8.21E+13,
4459,AI010,8.21E+13,41590140,376122279B,MNG244,2020-01-01,LSH023,LCD005,1, ,8.21E+13,
4460,AI010,4.22E+13,41590520,377130177B,MNG409,2019-12-01,LSH999,LCD004,1,진안도시계획도로 소로1-13호선 개설공사 GIS DB 구축용역,4.22E+13,
4461,AI010,2.22E+13,41590520,377130178D,MNG417,2019-12-01,LSH999,LCD999,1,"진안도시계획도로 중로2-3,소로1-28호선 개설공사 GIS DB 구축용역",2.22E+13,
4462,AI010,2.22E+13,41590520,377130178C,MNG417,2019-12-01,LSH999,LCD999,1,"진안도시계획도로 중로2-3,소로1-28호선 개설공사 GIS DB 구축용역",2.22E+13,
4463,AI010,2.22E+13,41590520,377130178C,MNG417,2019-12-01,LSH999,LCD999,1,"진안도시계획도로 중로2-3,소로1-28호선 개설공사 GIS DB 구축용역",2.22E+13,
4464,AI010,2.22E+13,41590520,377130178C,MNG417,2019-12-01,LSH999,LCD999,1,"진안도시계획도로 중로2-3,소로1-28호선 개설공사 GIS DB 구축용역",2.22E+13,
4465,AI010,2.22E+13,41590570,377130173C,MNG417,2019-12-01,LSH999,LCD999,1,화산도시계획도로 (중로2-1호선) 2구간 개설공사 GIS DB 구축용역,2.22E+13,
4466,AI010,1.30E+13,41590262,376160749A,MNG409,2020-01-01,LSH007,LCD004,1,시도15호선(안석~무송간) 도로확포장공사(1구간) GIS DB구축용역,1.30E+13,
4467,AI010,1.30E+13,41590262,376160749A,MNG409,2020-01-01,LSH007,LCD004,1,시도15호선(안석~무송간) 도로확포장공사(1구간) GIS DB구축용역,1.30E+13,
4468,AI010,9.00E+13,41590000,377130853B,MNG305,2016-01-01,LSH999,LCD999,1, ,9.00E+13,
4469,AI010,8.30E+13,41590340,376160105B,MNG244,2019-12-21,LSH023,LCD005,1,송산그린시티 기반시설 건설공사 도로 및 지하매설물 GIS D/B 구축용역,8.30E+13,
4470,AI010,8.30E+13,41590340,376160105B,MNG244,2019-12-21,LSH023,LCD005,1,송산그린시티 기반시설 건설공사 도로 및 지하매설물 GIS D/B 구축용역,8.30E+13,
4471,AI010,8.30E+13,41590340,376160105A,MNG244,2019-12-21,LSH023,LCD005,1,송산그린시티 기반시설 건설공사 도로 및 지하매설물 GIS D/B 구축용역,8.30E+13,
4472,AI010,8.30E+13,41590340,376160105A,MNG244,2019-12-21,LSH023,LCD005,1,송산그린시티 기반시설 건설공사 도로 및 지하매설물 GIS D/B 구축용역,8.30E+13,
4473,AI010,8.30E+13,41590340,376160105A,MNG244,2019-12-21,LSH023,LCD005,1,송산그린시티 기반시설 건설공사 도로 및 지하매설물 GIS D/B 구축용역,8.30E+13,
4474,AI010,1.22E+13,41590350,376150866B,MNG244,2015-06-01,LSH002,LCD004,1,서신 도시계획도로(소로1-7호선)개설공사 GIS DB 구축용역,1.22E+13,
4475,AI010,1.22E+13,41590350,376150866B,MNG244,2015-06-01,LSH002,LCD004,1,서신 도시계획도로(소로1-7호선)개설공사 GIS DB 구축용역,1.22E+13,
4476,AI010,9.00E+13,41590420,377130865A,MNG244,,LSH999,LCD005,1,동탄(2)택지개발사업 부지공사(1단계)GIS DB구축용역,9.00E+13,
4477,AI010,9.00E+13,41590420,377130865A,MNG244,,LSH999,LCD005,1,동탄(2)택지개발사업 부지공사(1단계)GIS DB구축용역,9.00E+13,
4478,AI010,8.21E+13,41590140,376122223A,MNG409,2018-01-01,LSH017,LCD005,1, ,8.21E+13,
4479,AI010,8.21E+13,41590140,376122223A,MNG409,2018-01-01,LSH017,LCD005,1, ,8.21E+13,
4480,AI010,8.21E+13,41590140,376122222B,MNG409,2018-01-01,LSH017,LCD005,1, ,8.21E+13,
4481,AI010,8.21E+13,41590140,376122222B,MNG409,2018-01-01,LSH017,LCD005,1, ,8.21E+13,
4482,AI010,8.21E+13,41590140,376122222B,MNG409,2018-01-01,LSH017,LCD005,1, ,8.21E+13,
4483,AI010,8.30E+13,41590340,376160108B,MNG244,2019-12-21,LSH023,LCD005,1,송산그린시티 기반시설 건설공사 도로 및 지하매설물 GIS D/B 구축용역,8.30E+13,
4484,AI010,8.30E+13,41590262,376160108B,MNG244,2019-12-21,LSH023,LCD005,1,송산그린시티 기반시설 건설공사 도로 및 지하매설물 GIS D/B 구축용역,8.30E+13,
4485,AI010,8.30E+13,41590340,376160107B,MNG244,2019-12-21,LSH023,LCD005,1,송산그린시티 기반시설 건설공사 도로 및 지하매설물 GIS D/B 구축용역,8.30E+13,
4486,AI010,8.30E+13,41590340,376160107B,MNG244,2019-12-21,LSH023,LCD005,1,송산그린시티 기반시설 건설공사 도로 및 지하매설물 GIS D/B 구축용역,8.30E+13,
4487,AI010,401468,41590587,377130263A,MNG244,2006-04-01,LSH021,LCD003,1, ,2700419001,
4488,AI010,401469,41590587,377130263C,MNG244,2006-04-01,LSH021,LCD003,1, ,2700419001,
4489,AI010,500156,41590520,377130138B,MNG244,1900-01-01,LSH002,LCD002,1,30138001,3220131003,
4490,AI010,8.21E+13,41590140,376122224D,MNG409,2018-01-01,LSH017,LCD005,1, ,8.21E+13,
4491,AI010,8.21E+13,41590140,376122245B,MNG409,2018-01-01,LSH017,LCD005,1, ,8.21E+13,
4492,AI010,8.21E+13,41590140,376122245B,MNG409,2018-01-01,LSH017,LCD005,1, ,8.21E+13,
4493,AI010,8.21E+13,41590140,376122225C,MNG409,2018-01-01,LSH017,LCD005,1, ,8.21E+13,
4494,AI010,8.21E+13,41590140,376122225C,MNG409,2018-01-01,LSH017,LCD005,1, ,8.21E+13,
4495,AI010,8.21E+13,41590140,376122224C,MNG409,2018-01-01,LSH017,LCD005,1, ,8.21E+13,
4496,AI010,8.21E+13,41590140,376122224C,MNG409,2018-01-01,LSH017,LCD005,1, ,8.21E+13,
4497,AI010,3.22E+13,41590510,376160268A,MNG409,2018-01-01,LSH002,LCD003,1,화성남양뉴타운 도로 및 지하시설물 GIS DB 구축 용역,3.22E+13,
4498,AI010,3.22E+13,41590510,376160276A,MNG409,2018-01-01,LSH017,LCD005,1,화성남양뉴타운 도로 및 지하시설물 GIS DB 구축 용역,3.22E+13,
4499,AI010,2.22E+13,41590550,377130251B,MNG409,2019-12-01,LSH999,LCD999,1,반월지구 접속도로 개설공사 GIS DB 구축용역,2.22E+13,
4500,AI010,2.22E+13,41590550,377130231D,MNG409,2019-12-01,LSH999,LCD999,1,반월지구 접속도로 개설공사 GIS DB 구축용역,2.22E+13,
4501,AI010,8.30E+13,41590262,376122225A,MNG244,2019-12-21,LSH023,LCD005,1,송산그린시티 기반시설 건설공사 도로 및 지하매설물 GIS D/B 구축용역,8.30E+13,
4502,AI010,8.30E+13,41590262,376122225A,MNG244,2019-12-21,LSH023,LCD005,1,송산그린시티 기반시설 건설공사 도로 및 지하매설물 GIS D/B 구축용역,8.30E+13,
4503,AI010,8.30E+13,41590262,376122225B,MNG244,2019-12-21,LSH023,LCD005,1,송산그린시티 기반시설 건설공사 도로 및 지하매설물 GIS D/B 구축용역,8.30E+13,
4504,AI010,8.30E+13,41590262,376122225A,MNG244,2019-12-21,LSH023,LCD005,1,송산그린시티 기반시설 건설공사 도로 및 지하매설물 GIS D/B 구축용역,8.30E+13,
4505,AI010,8.30E+13,41590262,376122225A,MNG244,2019-12-21,LSH023,LCD005,1,송산그린시티 기반시설 건설공사 도로 및 지하매설물 GIS D/B 구축용역,8.30E+13,
4506,AI010,8.30E+13,41590262,376122225A,MNG244,2019-12-21,LSH023,LCD005,1,송산그린시티 기반시설 건설공사 도로 및 지하매설물 GIS D/B 구축용역,8.30E+13,
4507,AI010,8.30E+13,41590262,376122225A,MNG244,2019-12-21,LSH023,LCD005,1,송산그린시티 기반시설 건설공사 도로 및 지하매설물 GIS D/B 구축용역,8.30E+13,
4508,AI010,4.22E+13,41590310,376160410C,MNG409,2020-06-01,LSH023,LCD005,1,매송도시계획도로 소로2-13호선 개설공사 GIS DB 구축용역,4.22E+13,
4509,AI010,2.22E+13,41590520,377130177B,MNG417,2020-06-01,LSH999,LCD999,1,진안도시계획도로 소로1-5호선 개설공사 GIS DB 구축용역,2.22E+13,
4510,AI010,2.22E+13,41590520,377130177B,MNG417,2020-06-01,LSH999,LCD999,1,진안도시계획도로 소로1-5호선 개설공사 GIS DB 구축용역,2.22E+13,
4511,AI010,2.22E+13,41590550,377130241D,MNG409,2019-12-01,LSH999,LCD999,1,반월지구 접속도로 개설공사 GIS DB 구축용역,2.22E+13,
4512,AI010,2.22E+13,41590550,377130241D,MNG409,2019-12-01,LSH999,LCD999,1,반월지구 접속도로 개설공사 GIS DB 구축용역,2.22E+13,
4513,AI010,2.22E+13,41590550,377130241D,MNG409,2019-12-01,LSH999,LCD999,1,반월지구 접속도로 개설공사 GIS DB 구축용역,2.22E+13,
4514,AI010,8.30E+13,41590262,376160109A,MNG244,2019-12-21,LSH023,LCD005,1,송산그린시티 기반시설 건설공사 도로 및 지하매설물 GIS D/B 구축용역,8.30E+13,
4515,AI010,8.21E+13,41590140,376122256D,MNG244,2020-01-01,LSH023,LCD005,1, ,8.21E+13,
4516,AI010,8.21E+13,41590140,376122247D,MNG244,2020-01-01,LSH023,LCD005,1, ,8.21E+13,
4517,AI010,8.21E+13,41590140,376122247D,MNG244,2020-01-01,LSH023,LCD005,1, ,8.21E+13,
4518,AI010,8.21E+13,41590140,376122247D,MNG244,2020-01-01,LSH023,LCD005,1, ,8.21E+13,
4519,AI010,8.21E+13,41590140,376122245D,MNG244,2020-01-01,LSH023,LCD005,1, ,8.21E+13,
4520,AI010,8.21E+13,41590140,376122245D,MNG244,2020-01-01,LSH023,LCD005,1, ,8.21E+13,
4521,AI010,8.21E+13,41590140,376122244D,MNG244,2020-01-01,LSH023,LCD005,1, ,8.21E+13,
4522,AI010,401748,41590585,377130284A,MNG244,2006-04-01,LSH022,LCD999,1, ,2704319001,
4523,AI010,500360,41590520,377130178B,MNG244,1900-01-01,LSH000,LCD002,1,30179030,2701931002,
4524,AI010,8.30E+13,41590340,376122198C,MNG244,2019-12-21,LSH023,LCD005,1,송산그린시티 기반시설 건설공사 도로 및 지하매설물 GIS D/B 구축용역,8.30E+13,
4525,AI010,8.30E+13,41590340,376122198C,MNG244,2019-12-21,LSH023,LCD005,1,송산그린시티 기반시설 건설공사 도로 및 지하매설물 GIS D/B 구축용역,8.30E+13,
4526,AI010,100312,41590253,376160551B,MNG244,1900-01-01,LSH007,LCD002,1, ,1104321008,
4527,AI010,500623,41590520,377130187D,MNG244,1900-01-01,LSH002,LCD002,1,30198014,2706831006,
4528,AI010,500644,41590550,377130243B,MNG244,1900-01-01,LSH000,LCD002,1,30243001,9004631001,
4529,AI010,100641,41590410,376161039C,MNG244,2004-01-01,LSH002,LCD002,1, ,1331511024,
4530,AI010,401956,41590259,376161431D,MNG244,2004-07-31,LSH017,LCD002,1, ,2700191001,
4531,AI010,401467,41590587,377130263A,MNG244,2006-04-01,LSH021,LCD003,1, ,2700419001,
4532,AI010,9.00E+13,41590000,377130874B,MNG305,2016-01-01,LSH999,LCD999,1, ,9.00E+13,
4533,AI010,9.00E+13,41590000,377130874B,MNG305,2016-01-01,LSH999,LCD999,1, ,9.00E+13,
4534,AI010,100692,41590560,376160557A,MNG244,1900-01-01,LSH000,LCD002,1, ,9010321003,
4535,AI010,1.22E+13,41590400,376161585B,MNG409,2019-12-01,LSH007,LCD004,1,"양감면 사창2,3리 보도설치공사 외1건 GIS DB 구축용역",1.22E+13,
4536,AI010,1.22E+13,41590330,376160158D,MNG409,2019-12-01,LSH007,LCD004,1,"양감면 사창2,3리 보도설치공사 외1건 GIS DB 구축용역",1.22E+13,
4537,AI010,1.22E+13,41590400,376161585B,MNG409,2019-12-01,LSH007,LCD004,1,"양감면 사창2,3리 보도설치공사 외1건 GIS DB 구축용역",1.22E+13,
4538,AI010,200195,41590400,376161585D,MNG409,1900-01-01,LSH002,LCD002,1, ,1.22E+13,
4539,AI010,200194,41590400,376161585B,MNG409,1900-01-01,LSH002,LCD002,1, ,1.22E+13,
4540,AI010,200187,41590400,376161576A,MNG409,1900-01-01,LSH002,LCD002,1, ,2005712019,
4541,AI010,200188,41590400,376161576A,MNG409,1900-01-01,LSH007,LCD002,1, ,2005712018,
4542,AI010,1.22E+13,41590259,376161340A,MNG409,2019-12-31,LSH023,LCD005,1,양감면 사창리 보도설치공사 외 3건 GIS DB 구축용역,1.22E+13,
4543,AI010,1.22E+13,41590259,376161340A,MNG409,2019-12-31,LSH023,LCD005,1,양감면 사창리 보도설치공사 외 3건 GIS DB 구축용역,1.22E+13,
4544,AI010,1.22E+13,41590259,376161340A,MNG409,2019-12-31,LSH023,LCD005,1,양감면 사창리 보도설치공사 외 3건 GIS DB 구축용역,1.22E+13,
4545,AI010,1.22E+13,41590259,376161340A,MNG409,2019-12-31,LSH023,LCD005,1,양감면 사창리 보도설치공사 외 3건 GIS DB 구축용역,1.22E+13,
4546,AI010,2.22E+13,41590520,377130187B,MNG417,2019-07-01,LSH999,LCD999,1,진안도시계획도로 소로2-22호선 개설공사 GIS DB구축 용역,2.22E+13,
4547,AI010,2.22E+13,41590310,376122367A,MNG244,2019-02-01,LSH999,LCD999,1,시도78호선 야목교차로개선사업 GIS DB 구축용역,2.22E+13,
4548,AI010,1.22E+13,41590262,376122271C,MNG409,2019-07-01,LSH007,LCD004,1,남양도시계획도로 소로1-38호선 외2개소 개설공사 GIS DB 구축용역,1.22E+13,
4549,AI010,1.22E+13,41590330,376160186A,MNG409,2017-12-01,LSH999,LCD004,1,마도면 송정로 보도설치공사 외 2건 GIS DB 구축용역,1.22E+13,
4550,AI010,1.22E+13,41590330,376160186A,MNG409,2017-12-01,LSH999,LCD004,1,마도면 송정로 보도설치공사 외 2건 GIS DB 구축용역,1.22E+13,
4551,AI010,4.22E+13,41590253,376160552A,MNG244,2018-06-01,LSH023,LCD005,1,"봉담도시계획도로 소로3-17,19호선 개설공사 GIS DB 구축용역",4.22E+13,
4552,AI010,9.00E+13,41590000,377130832A,MNG305,2016-01-01,LSH999,LCD999,1, ,9.00E+13,
4553,AI010,9.00E+13,41590000,377130843D,MNG305,2016-01-01,LSH999,LCD999,1, ,9.00E+13,
4554,AI010,2.22E+13,41590570,377130183D,MNG417,2019-12-01,LSH999,LCD999,1,"화산도시계획도로 중로2-7,소로1-18호선 개설공사 GIS DB 구축용역",2.22E+13,
4555,AI010,2.22E+13,41590570,377130183D,MNG417,2019-12-01,LSH999,LCD999,1,"화산도시계획도로 중로2-7,소로1-18호선 개설공사 GIS DB 구축용역",2.22E+13,
4556,AI010,2.22E+13,41590320,376160324C,MNG409,2020-12-01,LSH999,LCD999,1,비봉도시계획도로 소로2-41호선(잔여구간) 개설공사 GIS DB 구축용역,2.22E+13,
4557,AI010,2.22E+13,41590320,376160324C,MNG409,2020-12-01,LSH999,LCD999,1,비봉도시계획도로 소로2-41호선(잔여구간) 개설공사 GIS DB 구축용역,2.22E+13,
4558,AI010,8.30E+13,41590340,376122197C,MNG244,2019-12-21,LSH023,LCD005,1,송산그린시티 기반시설 건설공사 도로 및 지하매설물 GIS D/B 구축용역,8.30E+13,
4559,AI010,8.30E+13,41590340,376122197C,MNG244,2019-12-21,LSH023,LCD005,1,송산그린시티 기반시설 건설공사 도로 및 지하매설물 GIS D/B 구축용역,8.30E+13,
4560,AI010,8.30E+13,41590340,376122197C,MNG244,2019-12-21,LSH023,LCD005,1,송산그린시티 기반시설 건설공사 도로 및 지하매설물 GIS D/B 구축용역,8.30E+13,
4561,AI010,100199,41590410,376161073B,MNG244,1900-01-01,LSH007,LCD002,1, ,8.22E+13,
4562,AI010,8.21E+13,41590140,376122234A,MNG244,2019-01-01,LSH017,LCD005,1, ,8.21E+13,
4563,AI010,8.21E+13,41590140,376122234A,MNG244,2019-01-01,LSH017,LCD005,1, ,8.21E+13,
4564,AI010,8.21E+13,41590140,376122234A,MNG244,2019-01-01,LSH017,LCD005,1, ,8.21E+13,
4565,AI010,8.21E+13,41590140,376122257A,MNG244,2019-01-01,LSH017,LCD005,1, ,8.21E+13,
4566,AI010,8.21E+13,41590140,376122257A,MNG244,2019-01-01,LSH017,LCD005,1, ,8.21E+13,
4567,AI010,8.21E+13,41590140,376122244D,MNG244,2020-01-01,LSH023,LCD005,1, ,8.21E+13,
4568,AI010,8.21E+13,41590140,376122244D,MNG244,2020-01-01,LSH023,LCD005,1, ,8.21E+13,
4569,AI010,8.21E+13,41590140,376122244D,MNG244,2020-01-01,LSH023,LCD005,1, ,8.21E+13,
4570,AI010,8.21E+13,41590140,376122244D,MNG244,2020-01-01,LSH023,LCD005,1, ,8.21E+13,
4571,AI010,8.21E+13,41590140,376122256C,MNG244,2020-01-01,LSH023,LCD005,1, ,8.21E+13,
4572,AI010,8.21E+13,41590140,376122245C,MNG244,2020-01-01,LSH023,LCD005,1, ,8.21E+13,
4573,AI010,8.21E+13,41590140,376122245C,MNG244,2020-01-01,LSH023,LCD005,1, ,8.21E+13,
4574,AI010,8.21E+13,41590140,376122245C,MNG244,2020-01-01,LSH023,LCD005,1, ,8.21E+13,
4575,AI010,8.21E+13,41590140,376122245C,MNG244,2020-01-01,LSH023,LCD005,1, ,8.21E+13,
4576,AI010,8.21E+13,41590140,376122257B,MNG244,2020-01-01,LSH023,LCD005,1, ,8.21E+13,
4577,AI010,8.21E+13,41590140,376122257B,MNG244,2020-01-01,LSH023,LCD005,1, ,8.21E+13,
4578,AI010,8.21E+13,41590140,376122257B,MNG244,2020-01-01,LSH023,LCD005,1, ,8.21E+13,
4579,AI010,8.21E+13,41590140,376122257B,MNG244,2020-01-01,LSH023,LCD005,1, ,8.21E+13,
4580,AI010,1.21E+13,41590520,377130170A,MNG244,2019-06-01,LSH999,LCD004,1,반월도시계획도로(중로1류 1-2호선 외2) 개설공사 GIS DB 구축 사업,1.21E+13,
4581,AI010,1.21E+13,41590520,377130170A,MNG244,2019-06-01,LSH006,LCD004,1,반월도시계획도로(중로1류 1-2호선 외2) 개설공사 GIS DB 구축 사업,1.21E+13,
4582,AI010,1.22E+13,41590400,376162018A,MNG409,2019-01-01,LSH002,LCD004,1,우정읍 운평리 보도설치공사 외 2건 GIS DB 구축용역,1.22E+13,
4583,AI010,2.22E+13,41590360,376160971C,MNG409,2021-07-09,LSH999,LCD999,1,팔탄도시계획도로 소로2-1호선 개설공사 GIS DB 구축용역,2.22E+13,
4584,AI010,2.22E+13,41590360,376160971D,MNG409,2021-07-09,LSH999,LCD999,1,팔탄도시계획도로 소로2-1호선 개설공사 GIS DB 구축용역,2.22E+13,
4585,AI010,2.22E+13,41590360,376160971D,MNG409,2021-07-09,LSH999,LCD999,1,팔탄도시계획도로 소로2-1호선 개설공사 GIS DB 구축용역,2.22E+13,
4586,AI010,2.22E+13,41590360,376160971C,MNG409,2021-07-09,LSH999,LCD999,1,팔탄도시계획도로 소로2-1호선 개설공사 GIS DB 구축용역,2.22E+13,
4587,AI010,8.22E+13,41590259,376161431D,MNG409,2020-11-01,LSH023,LCD005,1,"향남도시계획도로 소로2-3, 3-2호선 개설공사 GIS DB 구축용역",8.22E+13,
4588,AI010,8.22E+13,41590259,376161431D,MNG409,2020-11-01,LSH023,LCD005,1,"향남도시계획도로 소로2-3, 3-2호선 개설공사 GIS DB 구축용역",8.22E+13,
4589,AI010,8.22E+13,41590259,376161431D,MNG409,2020-11-01,LSH007,LCD004,1,"향남도시계획도로 소로2-3, 3-2호선 개설공사 GIS DB 구축용역",8.22E+13,
4590,AI010,1.21E+13,41590520,377130261D,MNG244,2017-06-01,LSH023,LCD005,1,"기산2지구 도시계획도로(중로2-42호,소로1-136호,소로3-31호) GIS DB 구축용역",0,
4591,AI010,1.21E+13,41590520,377130261C,MNG244,2017-06-01,LSH999,LCD999,1,"기산2지구 도시계획도로(중로2-42호,소로1-136호,소로3-31호) GIS DB 구축용역",1.21E+13,
4592,AI010,8.89E+11,41590259,376161810A,MNG244,2016-01-01,LSH030,LCD002,1,화성 향남 2지구 도로 및 지하시설물 DB 구축(20170831),618101705,
4593,AI010,100093,41590253,376160958A,MNG244,1900-01-01,LSH010,LCD002,1, ,9004011002,
4594,AI010,401853,41590585,377130256A,MNG244,2006-04-01,LSH999,LCD999,1, ,2504119001,
4595,AI010,500454,41590570,377130183B,MNG244,1900-01-01,LSH002,LCD002,1,30184003,9017331008,
4596,AI010,500751,41590530,377130199C,MNG244,1900-01-01,LSH002,LCD002,1,30609021,1100131042,
4597,AI010,2.12E+11,41590310,376160409C,MNG244,2013-06-01,LSH002,LCD004,1,서원말 취락지구 도로 개설공사 GISDB구축,21160409003,
4598,AI010,500492,41590530,377130188A,MNG244,2005-01-01,LSH007,LCD002,1,30188002,2500231007,
4599,AI010,500350,41590520,377130178B,MNG244,1900-01-01,LSH000,LCD002,1,30179020,2802331001,
4600,AI010,2.12E+11,41590330,376160634C,MNG244,1900-01-01,LSH002,LCD002,1,견착,21160634002,
4601,AI010,500359,41590520,377130178B,MNG244,1900-01-01,LSH000,LCD002,1,30179029,2701931002,
4602,AI010,100756,41590560,376160559C,MNG244,1900-01-01,LSH007,LCD002,1, ,3220621009,
4603,AI010,401030,41590586,377130725D,MNG244,2006-04-01,LSH022,LCD999,1, ,2809819001,
4604,AI010,1.22E+13,41590256,376161680A,MNG244,2017-12-31,LSH002,LCD004,1,도로 및 지하매설물 GIS DB 용역(화산리),1.22E+13,
4605,AI010,300020,41590310,376122494D,MNG244,1900-01-01,LSH007,LCD002,1, ,1208413012,
4606,AI010,100094,41590253,376160948C,MNG244,1900-01-01,LSH007,LCD002,1, ,9004011006,
4607,AI010,500020,41590410,377131133D,MNG244,1900-01-01,LSH007,LCD002,1,31144008,9002031103,
4608,AI010,8.30E+13,41590262,376160109A,MNG244,2019-12-21,LSH023,LCD005,1,송산그린시티 기반시설 건설공사 도로 및 지하매설물 GIS D/B 구축용역,8.30E+13,
4609,AI010,8.30E+13,41590262,376160109A,MNG244,2019-12-21,LSH023,LCD005,1,송산그린시티 기반시설 건설공사 도로 및 지하매설물 GIS D/B 구축용역,8.30E+13,
4610,AI010,8.30E+13,41590262,376160108B,MNG244,2019-12-21,LSH023,LCD005,1,송산그린시티 기반시설 건설공사 도로 및 지하매설물 GIS D/B 구축용역,8.30E+13,
4611,AI010,8.30E+13,41590340,376160108A,MNG244,2019-12-21,LSH023,LCD005,1,송산그린시티 기반시설 건설공사 도로 및 지하매설물 GIS D/B 구축용역,8.30E+13,
4612,AI010,8.30E+13,41590340,376160108A,MNG244,2019-12-21,LSH023,LCD005,1,송산그린시티 기반시설 건설공사 도로 및 지하매설물 GIS D/B 구축용역,8.30E+13,
4613,AI010,8.30E+13,41590340,376122197D,MNG244,2019-12-21,LSH023,LCD005,1,송산그린시티 기반시설 건설공사 도로 및 지하매설물 GIS D/B 구축용역,8.30E+13,
4614,AI010,8.30E+13,41590340,376122197D,MNG244,2019-12-21,LSH023,LCD005,1,송산그린시티 기반시설 건설공사 도로 및 지하매설물 GIS D/B 구축용역,8.30E+13,
4615,AI010,8.30E+13,41590340,376122197D,MNG244,2019-12-21,LSH023,LCD005,1,송산그린시티 기반시설 건설공사 도로 및 지하매설물 GIS D/B 구축용역,8.30E+13,
4616,AI010,8.30E+13,41590340,376122197D,MNG244,2019-12-21,LSH023,LCD005,1,송산그린시티 기반시설 건설공사 도로 및 지하매설물 GIS D/B 구축용역,8.30E+13,
4617,AI010,8.22E+13,41590410,376161093B,MNG305,2020-01-01,LSH002,LCD002,1,화성향남2 주변도로 건설사업 도로 및 지하시설물 GIS DB 구축용역,8.22E+13,
4618,AI010,8.22E+13,41590410,376161093C,MNG305,2020-01-01,LSH021,LCD002,1,화성향남2 주변도로 건설사업 도로 및 지하시설물 GIS DB 구축용역,8.22E+13,
4619,AI010,8.22E+13,41590410,376161093D,MNG305,2020-01-01,LSH021,LCD002,1,화성향남2 주변도로 건설사업 도로 및 지하시설물 GIS DB 구축용역,8.22E+13,
4620,AI010,8.21E+13,41590140,376122245D,MNG409,2018-01-01,LSH017,LCD005,1, ,8.21E+13,
4621,AI010,8.21E+13,41590140,376122245D,MNG409,2018-01-01,LSH017,LCD005,1, ,8.21E+13,
4622,AI010,8.21E+13,41590140,376122245D,MNG409,2018-01-01,LSH017,LCD005,1, ,8.21E+13,
4623,AI010,8.21E+13,41590140,376122235C,MNG409,2018-01-01,LSH017,LCD005,1, ,8.21E+13,
4624,AI010,8.21E+13,41590140,376122234D,MNG409,2018-01-01,LSH017,LCD005,1, ,8.21E+13,
4625,AI010,8.21E+13,41590140,376122234D,MNG409,2018-01-01,LSH017,LCD005,1, ,8.21E+13,
4626,AI010,8.21E+13,41590140,376122234D,MNG409,2018-01-01,LSH017,LCD005,1, ,8.21E+13,
4627,AI010,8.21E+13,41590140,376122234D,MNG409,2018-01-01,LSH017,LCD005,1, ,8.21E+13,
4628,AI010,8.21E+13,41590140,376122234D,MNG409,2018-01-01,LSH017,LCD005,1, ,8.21E+13,
4629,AI010,8.21E+13,41590140,376122234D,MNG409,2018-01-01,LSH017,LCD005,1, ,8.21E+13,
4630,AI010,8.21E+13,41590140,376122234D,MNG409,2018-01-01,LSH017,LCD005,1, ,8.21E+13,
4631,AI010,8.21E+13,41590140,376122245A,MNG409,2018-01-01,LSH017,LCD005,1, ,8.21E+13,
4632,AI010,8.30E+13,41590256,376162121A,MNG244,2017-11-25,LSH002,LCD004,1,고온항 진입도로 개설공사 GIS DB 구축용역,8.30E+13,
4633,AI010,1.21E+13,41590520,377130100C,MNG244,2017-12-01,LSH002,LCD004,1,화성시 능동지구 도시계획도로 개설공사 GIS DB 구축사업,1.21E+13,
4634,AI010,1.22E+13,41590340,376150427C,MNG244,2017-10-12,LSH007,LCD004,1,송산면 고포리 보도설치공사 GIS DB 구축용역,1.22E+13,
4635,AI010,1.22E+13,41590340,376150427C,MNG244,2017-10-12,LSH007,LCD004,1,송산면 고포리 보도설치공사 GIS DB 구축용역,0,
4636,AI010,1.22E+13,41590340,376150427C,MNG244,2017-10-12,LSH023,LCD005,1,송산면 고포리 보도설치공사 GIS DB 구축용역,1.22E+13,
4637,AI010,1.22E+13,41590340,376150426B,MNG244,2017-10-12,LSH007,LCD004,1,송산면 고포리 보도설치공사 GIS DB 구축용역,1.22E+13,
4638,AI010,1.22E+13,41590340,376150438D,MNG244,2017-10-12,LSH002,LCD004,1,송산면 고포리 보도설치공사 GIS DB 구축용역,1.22E+13,
4639,AI010,1.22E+13,41590340,376150438D,MNG244,2017-10-12,LSH007,LCD004,1,송산면 고포리 보도설치공사 GIS DB 구축용역,1.22E+13,
4640,AI010,2.22E+13,41590400,376162043C,MNG244,2018-03-01,LSH999,LCD002,1,솔안고개 도로확포장공사 GIS DB 구축용역,2.22E+13,
4641,AI010,2.22E+13,41590400,376162043C,MNG244,2018-03-01,LSH999,LCD002,1,솔안고개 도로확포장공사 GIS DB 구축용역,2.22E+13,
4642,AI010,2.22E+13,41590320,376160333B,MNG244,2017-10-20,LSH002,LCD004,1,시도69호선 도로확포장공사 GIS DB 구축용역,2.22E+13,
4643,AI010,2.22E+13,41590320,376160311A,MNG244,2017-10-20,LSH999,LCD999,1,시도69호선 도로확포장공사 GIS DB 구축용역,2.22E+13,
4644,AI010,2.22E+13,41590320,376160311A,MNG244,2017-10-20,LSH999,LCD999,1,시도69호선 도로확포장공사 GIS DB 구축용역,2.22E+13,
4645,AI010,1.22E+13,41590256,376162150C,MNG244,2017-09-10,LSH002,LCD004,1,시도79호선 도로확포장공사 GIS DB 구축용역,1.22E+13,
4646,AI010,9.00E+13,41590000,377130853B,MNG305,2016-01-01,LSH999,LCD999,1, ,9.00E+13,
4647,AI010,9.00E+13,41590000,377130853B,MNG305,2016-01-01,LSH999,LCD999,1, ,9.00E+13,
4648,AI010,9.00E+13,41590000,377130833C,MNG305,2016-01-01,LSH999,LCD002,1, ,9.00E+13,
4649,AI010,4.22E+13,41590340,376150577B,MNG244,2016-01-01,LSH002,LCD004,1,송산도시계획도로(대3-1호선)개설공사(1공구) GIS DB구축 사업,4.22E+13,
4650,AI010,1.21E+13,41590570,377130192D,MNG244,2017-10-30,LSH002,LCD004,1,화성 안녕동 우방아이유쉘 아파트 신축공사 중 GIS DB 구축용역,1.21E+13,
4651,AI010,1.22E+13,41590350,376150875B,MNG244,2015-06-01,LSH002,LCD004,1,서신 도시계획도로(소로1-7호선)개설공사 GIS DB 구축용역,1.22E+13,
4652,AI010,1.22E+13,41590350,376150875A,MNG244,2015-06-01,LSH002,LCD004,1,서신 도시계획도로(소로1-7호선)개설공사 GIS DB 구축용역,1.22E+13,
4653,AI010,1.22E+13,41590350,376150875A,MNG244,2015-06-01,LSH002,LCD004,1,서신 도시계획도로(소로1-7호선)개설공사 GIS DB 구축용역,1.22E+13,
4654,AI010,1.22E+13,41590350,376150875A,MNG244,2015-06-01,LSH002,LCD004,1,서신 도시계획도로(소로1-7호선)개설공사 GIS DB 구축용역,1.22E+13,
4655,AI010,8.21E+13,41590140,376122257A,MNG244,2019-01-01,LSH017,LCD005,1, ,8.21E+13,
4656,AI010,8.30E+13,41590340,376160108B,MNG244,2019-12-21,LSH023,LCD005,1,송산그린시티 기반시설 건설공사 도로 및 지하매설물 GIS D/B 구축용역,8.30E+13,
4657,AI010,8.30E+13,41590340,376160108B,MNG244,2019-12-21,LSH023,LCD005,1,송산그린시티 기반시설 건설공사 도로 및 지하매설물 GIS D/B 구축용역,8.30E+13,
4658,AI010,4.22E+13,41590370,376161861A,MNG244,2018-06-01,LSH002,LCD004,1,장안면 포승장안로 외 1개소 보도설치공사 GIS DB 구축용역,4.22E+13,
4659,AI010,4.22E+13,41590370,376161861A,MNG244,2018-06-01,LSH023,LCD005,1,장안면 포승장안로 외 1개소 보도설치공사 GIS DB 구축용역,4.22E+13,
4660,AI010,1.22E+13,41590350,376150865D,MNG244,2015-06-01,LSH002,LCD004,1,서신 도시계획도로(소로1-7호선)개설공사 GIS DB 구축용역,1.22E+13,
4661,AI010,1.22E+13,41590350,376150865D,MNG244,2015-06-01,LSH018,LCD004,1,서신 도시계획도로(소로1-7호선)개설공사 GIS DB 구축용역,1.22E+13,
4662,AI010,1.22E+13,41590350,376150865D,MNG244,2015-06-01,LSH002,LCD004,1,서신 도시계획도로(소로1-7호선)개설공사 GIS DB 구축용역,1.22E+13,
4663,AI010,1.22E+13,41590350,376150865D,MNG244,2015-06-01,LSH018,LCD004,1,서신 도시계획도로(소로1-7호선)개설공사 GIS DB 구축용역,1.22E+13,
4664,AI010,1.22E+13,41590340,376150438A,MNG244,2017-10-12,LSH023,LCD005,1,송산면 고포리 보도설치공사 GIS DB 구축용역,0,
4665,AI010,4.22E+13,41590400,376161954C,MNG244,2018-06-01,LSH007,LCD004,1,장안면 포승장안로 외 1개소 보도설치공사 GIS DB 구축용역,4.22E+13,
4666,AI010,4.22E+13,41590400,376161954C,MNG244,2018-06-01,LSH002,LCD004,1,장안면 포승장안로 외 1개소 보도설치공사 GIS DB 구축용역,0,
4667,AI010,4.22E+13,41590400,376161954C,MNG244,2018-06-01,LSH006,LCD004,1,장안면 포승장안로 외 1개소 보도설치공사 GIS DB 구축용역,0,
4668,AI010,4.22E+13,41590400,376161954C,MNG244,2018-06-01,LSH007,LCD004,1,장안면 포승장안로 외 1개소 보도설치공사 GIS DB 구축용역,0,
4669,AI010,4.22E+13,41590400,376161954C,MNG244,2018-06-01,LSH999,LCD004,1,장안면 포승장안로 외 1개소 보도설치공사 GIS DB 구축용역,0,
4670,AI010,4.22E+13,41590400,376161954D,MNG244,2018-06-01,LSH007,LCD004,1,장안면 포승장안로 외 1개소 보도설치공사 GIS DB 구축용역,4.22E+13,
4671,AI010,4.22E+13,41590259,376161432C,MNG244,2017-12-01,LSH023,LCD005,1,"발안도시계획도로 중로3-1,소로1-6,-7호선 개설공사 GIS DB 구축용역",4.22E+13,
4672,AI010,8.22E+13,41590520,376150963D,MNG244,2017-12-31,LSH999,LCD003,1,백미-송교간 도로확포장공사 GIS DB 구축용역,8.22E+13,
4673,AI010,8.21E+13,41590140,376122223A,MNG409,2018-01-01,LSH017,LCD005,1, ,8.21E+13,
4674,AI010,8.21E+13,41590140,376122223A,MNG409,2018-01-01,LSH017,LCD005,1, ,8.21E+13,
4675,AI010,8.21E+13,41590140,376122223A,MNG409,2018-01-01,LSH017,LCD005,1, ,8.21E+13,
4676,AI010,8.21E+13,41590140,376122223A,MNG409,2018-01-01,LSH017,LCD005,1, ,8.21E+13,
4677,AI010,8.21E+13,41590140,376122223A,MNG409,2018-01-01,LSH017,LCD005,1, ,8.21E+13,
4678,AI010,8.21E+13,41590140,376122245A,MNG409,2018-01-01,LSH017,LCD005,1, ,8.21E+13,
4679,AI010,1.30E+13,41590262,376160748B,MNG409,2020-01-01,LSH007,LCD004,1,시도15호선(안석~무송간) 도로확포장공사(1구간) GIS DB구축용역,1.30E+13,
4680,AI010,1.30E+13,41590262,376160748B,MNG409,2020-01-01,LSH007,LCD004,1,시도15호선(안석~무송간) 도로확포장공사(1구간) GIS DB구축용역,1.30E+13,
4681,AI010,1.21E+13,41590520,377130170B,MNG244,2019-06-01,LSH006,LCD004,1,반월도시계획도로(중로1류 1-2호선 외2) 개설공사 GIS DB 구축 사업,1.21E+13,
4682,AI010,1.21E+13,41590520,377130170B,MNG244,2019-06-01,LSH006,LCD004,1,반월도시계획도로(중로1류 1-2호선 외2) 개설공사 GIS DB 구축 사업,1.21E+13,
4683,AI010,1.21E+13,41590520,377130170B,MNG244,2019-06-01,LSH006,LCD004,1,반월도시계획도로(중로1류 1-2호선 외2) 개설공사 GIS DB 구축 사업,1.21E+13,
4684,AI010,8.30E+13,41590262,376122215C,MNG244,2019-12-21,LSH023,LCD005,1,송산그린시티 기반시설 건설공사 도로 및 지하매설물 GIS D/B 구축용역,8.30E+13,
4685,AI010,1.22E+13,41590340,376150438A,MNG244,2017-10-12,LSH007,LCD004,1,송산면 고포리 보도설치공사 GIS DB 구축용역,1.22E+13,
4686,AI010,1.30E+13,41590262,376160749A,MNG409,2020-01-01,LSH023,LCD005,1,시도15호선(안석~무송간) 도로확포장공사(1구간) GIS DB구축용역,1.30E+13,
4687,AI010,4.22E+13,41590253,376160566D,MNG409,2019-01-01,LSH002,LCD004,1,봉담도시계획도로 소로1-22호선 외1개소 개설공사 GIS DB구축용역,4.22E+13,
4688,AI010,300035,41590310,376160406B,MNG244,1900-01-01,LSH002,LCD002,1, ,9000413001,
4689,AI010,5.11E+11,41590600,377130739C,MNG244,2014-01-01,LSH999,LCD004,1,화성동탄 일반산업단지 조성공사 중 GIS구축,51130739012,
4690,AI010,99920150203,41590340,376150586C,MNG244,1990-01-01,LSH000,LCD000,1, ,99920150649,
4691,AI010,500444,41590570,377130182B,MNG244,1900-01-01,LSH999,LCD002,1,30183013,2500731002,
4692,AI010,200244,41590400,376161929D,MNG244,1900-01-01,LSH002,LCD002,1, ,1104312006,
4693,AI010,8.89E+11,41590259,376161481D,MNG244,2016-01-01,LSH999,LCD002,1,화성 향남 2지구 도로 및 지하시설물 DB 구축(20170831),614811664,
4694,AI010,8.89E+11,41590259,376161482D,MNG244,2016-01-01,LSH030,LCD002,1,화성 향남 2지구 도로 및 지하시설물 DB 구축(20170831),614821691,
4695,AI010,8.89E+11,41590259,376161471C,MNG244,2016-01-01,LSH030,LCD002,1,화성 향남 2지구 도로 및 지하시설물 DB 구축(20170831),614711700,
4696,AI010,8.89E+11,41590259,376161464C,MNG244,2016-01-01,LSH030,LCD002,1,화성 향남 2지구 도로 및 지하시설물 DB 구축(20170831),614641671,
4697,AI010,8.89E+11,41590259,376161300B,MNG244,2016-01-01,LSH030,LCD002,1,화성 향남 2지구 도로 및 지하시설물 DB 구축(20170831),613001707,
4698,AI010,8.21E+13,41590140,376122257A,MNG244,2019-01-01,LSH017,LCD005,1, ,8.21E+13,
4699,AI010,8.21E+13,41590140,376122257A,MNG244,2019-01-01,LSH017,LCD005,1, ,8.21E+13,
4700,AI010,8.21E+13,41590140,376122257A,MNG244,2019-01-01,LSH017,LCD005,1, ,8.21E+13,
4701,AI010,8.21E+13,41590140,376122257A,MNG244,2019-01-01,LSH017,LCD005,1, ,8.21E+13,
4702,AI010,8.21E+13,41590140,376122257A,MNG244,2019-01-01,LSH017,LCD005,1, ,8.21E+13,
4703,AI010,8.21E+13,41590140,376122257A,MNG244,2019-01-01,LSH017,LCD005,1, ,8.21E+13,
4704,AI010,8.21E+13,41590140,376122257A,MNG244,2019-01-01,LSH017,LCD005,1, ,8.21E+13,
4705,AI010,8.21E+13,41590140,376122257A,MNG244,2019-01-01,LSH017,LCD005,1, ,8.21E+13,
4706,AI010,8.21E+13,41590140,376122257A,MNG244,2019-01-01,LSH017,LCD005,1, ,8.21E+13,
4707,AI010,8.21E+13,41590140,376122257A,MNG244,2019-01-01,LSH017,LCD005,1, ,8.21E+13,
4708,AI010,8.21E+13,41590140,376122257A,MNG244,2019-01-01,LSH017,LCD005,1, ,8.21E+13,
4709,AI010,8.21E+13,41590140,376122257A,MNG244,2019-01-01,LSH017,LCD005,1, ,8.21E+13,
4710,AI010,8.21E+13,41590140,376122233C,MNG244,2019-01-01,LSH017,LCD005,1, ,8.21E+13,
4711,AI010,8.21E+13,41590140,376122233C,MNG244,2019-01-01,LSH017,LCD005,1, ,8.21E+13,
4712,AI010,8.21E+13,41590140,376122224C,MNG244,2019-01-01,LSH017,LCD005,1, ,8.21E+13,
4713,AI010,8.21E+13,41590140,376122224C,MNG244,2019-01-01,LSH017,LCD005,1, ,8.21E+13,
4714,AI010,8.21E+13,41590140,376122224C,MNG244,2019-01-01,LSH017,LCD005,1, ,8.21E+13,
4715,AI010,8.21E+13,41590140,376122233B,MNG244,2019-01-01,LSH017,LCD005,1, ,8.21E+13,
4716,AI010,8.21E+13,41590140,376122233B,MNG244,2019-01-01,LSH017,LCD005,1, ,8.21E+13,
4717,AI010,100677,41590570,376160598A,MNG244,1900-01-01,LSH002,LCD002,1, ,9001621001,
4718,AI010,8.30E+13,41590340,376160107B,MNG244,2019-12-21,LSH023,LCD005,1,송산그린시티 기반시설 건설공사 도로 및 지하매설물 GIS D/B 구축용역,8.30E+13,
4719,AI010,100175,41590410,376161004D,MNG244,1900-01-01,LSH007,LCD002,1, ,9007111005,
4720,AI010,100068,41590253,376160918C,MNG244,1900-01-01,LSH007,LCD002,1, ,9001111004,
4721,AI010,200079,41590259,376161340B,MNG244,1991-01-01,LSH002,LCD002,1, ,2300412007,
4722,AI010,1.22E+13,41590340,376150426D,MNG244,2017-10-12,LSH007,LCD004,1,송산면 고포리 보도설치공사 GIS DB 구축용역,1.22E+13,
4723,AI010,1.22E+13,41590340,376150427C,MNG244,2017-10-12,LSH002,LCD004,1,송산면 고포리 보도설치공사 GIS DB 구축용역,0,
4724,AI010,100761,41590560,376160559D,MNG244,1900-01-01,LSH000,LCD002,1,갓형,3220621014,
4725,AI010,99920150076,41590370,376161833C,MNG244,1990-01-01,LSH000,LCD000,1, ,99920150706,
4726,AI010,99920150008,41590370,376162304A,MNG244,1990-01-01,LSH000,LCD000,1, ,99920150712,
4727,AI010,8.21E+13,41590140,376122279B,MNG244,2020-01-01,LSH023,LCD005,1, ,8.21E+13,
4728,AI010,8.21E+13,41590140,376122279B,MNG244,2020-01-01,LSH023,LCD005,1, ,8.21E+13,
4729,AI010,8.21E+13,41590140,376122279B,MNG244,2020-01-01,LSH023,LCD005,1, ,8.21E+13,
4730,AI010,8.21E+13,41590140,376122279B,MNG244,2020-01-01,LSH023,LCD005,1, ,8.21E+13,
4731,AI010,8.21E+13,41590140,376122279B,MNG244,2020-01-01,LSH023,LCD005,1, ,8.21E+13,
4732,AI010,8.21E+13,41590140,376122279B,MNG244,2020-01-01,LSH023,LCD005,1, ,8.21E+13,
4733,AI010,8.21E+13,41590140,376122269D,MNG244,2020-01-01,LSH023,LCD005,1, ,8.21E+13,
4734,AI010,8.21E+13,41590140,376122269D,MNG244,2020-01-01,LSH023,LCD005,1, ,8.21E+13,
4735,AI010,8.21E+13,41590140,376122222B,MNG409,2018-01-01,LSH017,LCD005,1, ,8.21E+13,
4736,AI010,8.21E+13,41590140,376122222B,MNG409,2018-01-01,LSH017,LCD005,1, ,8.21E+13,
4737,AI010,8.21E+13,41590140,376122233B,MNG244,2019-01-01,LSH017,LCD005,1, ,8.21E+13,
4738,AI010,2.22E+13,41590320,376160324C,MNG409,2020-12-01,LSH999,LCD999,1,비봉도시계획도로 소로2-41호선(잔여구간) 개설공사 GIS DB 구축용역,2.22E+13,
4739,AI010,2.22E+13,41590320,376160324D,MNG409,2020-12-01,LSH999,LCD999,1,비봉도시계획도로 소로2-41호선(잔여구간) 개설공사 GIS DB 구축용역,2.22E+13,
4740,AI010,2.22E+13,41590320,376160324D,MNG409,2020-12-01,LSH999,LCD999,1,비봉도시계획도로 소로2-41호선(잔여구간) 개설공사 GIS DB 구축용역,2.22E+13,
4741,AI010,3.22E+13,41590350,376151062A,MNG305,2020-01-01,LSH020,LCD005,1,서신도시계획도로 소로1-2호선 외 5개소 개설공사 GIS DB 구축용역,3.22E+13,
4742,AI010,3.22E+13,41590350,376151062A,MNG305,2020-01-01,LSH020,LCD005,1,서신도시계획도로 소로1-2호선 외 5개소 개설공사 GIS DB 구축용역,3.22E+13,
4743,AI010,3.22E+13,41590350,376151061B,MNG305,2020-01-01,LSH007,LCD002,1,서신도시계획도로 소로1-2호선 외 5개소 개설공사 GIS DB 구축용역,3.22E+13,
4744,AI010,3.22E+13,41590350,376151061B,MNG305,2020-01-01,LSH007,LCD002,1,서신도시계획도로 소로1-2호선 외 5개소 개설공사 GIS DB 구축용역,3.22E+13,
4745,AI010,8.21E+13,41590140,376122245D,MNG409,2018-01-01,LSH017,LCD005,1, ,8.21E+13,
4746,AI010,1.22E+13,41590350,376150866B,MNG244,2015-06-01,LSH002,LCD004,1,서신 도시계획도로(소로1-7호선)개설공사 GIS DB 구축용역,1.22E+13,
4747,AI010,2.13E+11,41590340,376150552A,MNG244,2016-01-01,LSH002,LCD004,1,송산면 마산리 보도설치공사 GIS DB 구축용역(20171220),21250552021,
4748,AI010,4.22E+13,41590400,376161954D,MNG244,2018-06-01,LSH002,LCD004,1,장안면 포승장안로 외 1개소 보도설치공사 GIS DB 구축용역,4.22E+13,
4749,AI010,99920150016,41590370,376161882A,MNG244,1990-01-01,LSH000,LCD000,1, ,4.22E+13,
4750,AI010,99920150017,41590370,376161871D,MNG244,1990-01-01,LSH000,LCD000,1, ,4.22E+13,
4751,AI010,8.30E+13,41590340,376160106A,MNG244,2019-12-21,LSH023,LCD005,1,송산그린시티 기반시설 건설공사 도로 및 지하매설물 GIS D/B 구축용역,8.30E+13,
4752,AI010,1.22E+13,41590350,376150857A,MNG244,2015-06-01,LSH999,LCD004,1,서신 도시계획도로(소로1-7호선)개설공사 GIS DB 구축용역,1.22E+13,
4753,AI010,1.22E+13,41590350,376150856D,MNG244,2015-06-01,LSH002,LCD004,1,서신 도시계획도로(소로1-7호선)개설공사 GIS DB 구축용역,1.22E+13,
4754,AI010,2.12E+11,41590256,376161167A,MNG244,2015-01-01,LSH002,LCD004,1,호곡~주곡간 도로확포장공사 GIS DB 구축용역(20170823)_재납품,21150726003,
4755,AI010,2.12E+11,41590256,376161157C,MNG244,2015-01-01,LSH007,LCD004,1,호곡~주곡간 도로확포장공사 GIS DB 구축용역(20170823)_재납품,21150726003,
4756,AI010,2.12E+11,41590256,376161168A,MNG244,2015-01-01,LSH002,LCD004,1,호곡~주곡간 도로확포장공사 GIS DB 구축용역(20170823)_재납품,21150726005,
4757,AI010,2.11E+11,41590570,377130183A,MNG244,2015-01-01,LSH007,LCD004,1,태안도시계획도로(중로 1-22호선) 개설공사 GIS DB 구축용역(20170823)_재납품,21150812001,
4758,AI010,8.89E+11,41590259,376161462D,MNG244,2016-01-01,LSH030,LCD002,1,화성 향남 2지구 도로 및 지하시설물 DB 구축(20170831),614621699,
4759,AI010,1.00E+12,41590256,376161726A,MNG244,2010-01-01,LSH007,LCD002,1, ,99617260013,
4760,AI010,4.22E+13,41590370,376161861D,MNG244,2018-06-01,LSH002,LCD004,1,장안면 포승장안로 외 1개소 보도설치공사 GIS DB 구축용역,4.22E+13,
4761,AI010,2.13E+11,41590340,376150551B,MNG244,2016-01-01,LSH007,LCD004,1,송산면 마산리 보도설치공사 GIS DB 구축용역(20171220),21250552023,
4762,AI010,2.13E+11,41590340,376150450B,MNG244,2016-01-01,LSH007,LCD004,1,송산면 마산리 보도설치공사 GIS DB 구축용역(20171220),21250450009,
4763,AI010,2.13E+11,41590340,376150450B,MNG244,2016-01-01,LSH007,LCD004,1,송산면 마산리 보도설치공사 GIS DB 구축용역(20171220),21250450008,
4764,AI010,1.30E+13,41590262,376160749A,MNG409,2020-01-01,LSH023,LCD005,1,시도15호선(안석~무송간) 도로확포장공사(1구간) GIS DB구축용역,1.30E+13,
4765,AI010,1.30E+13,41590262,376160748B,MNG409,2020-01-01,LSH007,LCD004,1,시도15호선(안석~무송간) 도로확포장공사(1구간) GIS DB구축용역,1.30E+13,
4766,AI010,8.30E+13,41590256,376162121A,MNG244,2017-11-25,LSH002,LCD004,1,고온항 진입도로 개설공사 GIS DB 구축용역,8.30E+13,
4767,AI010,8.21E+13,41590140,376122224D,MNG409,2018-01-01,LSH017,LCD005,1, ,8.21E+13,
4768,AI010,8.21E+13,41590140,376122224C,MNG409,2018-01-01,LSH017,LCD005,1, ,8.21E+13,
4769,AI010,8.21E+13,41590140,376122224C,MNG409,2018-01-01,LSH017,LCD005,1, ,8.21E+13,
4770,AI010,8.21E+13,41590140,376122256B,MNG409,2018-01-01,LSH017,LCD005,1, ,8.21E+13,
4771,AI010,8.21E+13,41590140,376122256B,MNG409,2018-01-01,LSH017,LCD005,1, ,8.21E+13,
4772,AI010,8.21E+13,41590140,376122234B,MNG409,2018-01-01,LSH017,LCD005,1, ,8.21E+13,
4773,AI010,8.21E+13,41590140,376122234B,MNG409,2018-01-01,LSH017,LCD005,1, ,8.21E+13,
4774,AI010,8.21E+13,41590140,376122235A,MNG409,2018-01-01,LSH017,LCD005,1, ,8.21E+13,
4775,AI010,8.21E+13,41590140,376122235A,MNG409,2018-01-01,LSH017,LCD005,1, ,8.21E+13,
4776,AI010,8.21E+13,41590140,376122225C,MNG409,2018-01-01,LSH017,LCD005,1, ,8.21E+13,
4777,AI010,8.21E+13,41590140,376122225C,MNG409,2018-01-01,LSH017,LCD005,1, ,8.21E+13,
4778,AI010,8.21E+13,41590140,376122225C,MNG409,2018-01-01,LSH017,LCD005,1, ,8.21E+13,
4779,AI010,8.21E+13,41590140,376122225C,MNG409,2018-01-01,LSH017,LCD005,1, ,8.21E+13,
4780,AI010,8.21E+13,41590140,376122225C,MNG409,2018-01-01,LSH017,LCD005,1, ,8.21E+13,
4781,AI010,8.21E+13,41590140,376122235A,MNG409,2018-01-01,LSH017,LCD005,1, ,8.21E+13,
4782,AI010,1.22E+13,41590256,376161680A,MNG244,2017-12-31,LSH023,LCD005,1,도로 및 지하매설물 GIS DB 용역(화산리),1.22E+13,
4783,AI010,1.22E+13,41590256,376161679B,MNG244,2017-12-31,LSH002,LCD004,1,도로 및 지하매설물 GIS DB 용역(화산리),0,
4784,AI010,8.89E+11,41590259,376161463B,MNG244,2016-01-01,LSH030,LCD002,1,화성 향남 2지구 도로 및 지하시설물 DB 구축(20170831),614631676,
4785,AI010,8.21E+13,41590140,376122269D,MNG244,2020-01-01,LSH023,LCD005,1, ,8.21E+13,
4786,AI010,8.21E+13,41590140,376122269C,MNG244,2020-01-01,LSH023,LCD005,1, ,8.21E+13,
4787,AI010,8.21E+13,41590140,376122269C,MNG244,2020-01-01,LSH023,LCD005,1, ,8.21E+13,
4788,AI010,8.21E+13,41590140,376122269C,MNG244,2020-01-01,LSH023,LCD005,1, ,8.21E+13,
4789,AI010,8.21E+13,41590140,376122269C,MNG244,2020-01-01,LSH023,LCD005,1, ,8.21E+13,
4790,AI010,8.21E+13,41590140,376122269C,MNG244,2020-01-01,LSH023,LCD005,1, ,8.21E+13,
4791,AI010,1.22E+13,41590350,376150875C,MNG244,2015-06-01,LSH002,LCD004,1,서신 도시계획도로(소로1-7호선)개설공사 GIS DB 구축용역,1.22E+13,
4792,AI010,1.22E+13,41590350,376150875C,MNG244,2015-06-01,LSH002,LCD004,1,서신 도시계획도로(소로1-7호선)개설공사 GIS DB 구축용역,1.22E+13,
4793,AI010,1.22E+13,41590350,376150875C,MNG244,2015-06-01,LSH002,LCD004,1,서신 도시계획도로(소로1-7호선)개설공사 GIS DB 구축용역,1.22E+13,
4794,AI010,1.22E+13,41590350,376150866C,MNG244,2015-06-01,LSH002,LCD004,1,서신 도시계획도로(소로1-7호선)개설공사 GIS DB 구축용역,1.22E+13,
4795,AI010,8.89E+11,41590259,376161300B,MNG244,2016-01-01,LSH999,LCD002,1,화성 향남 2지구 도로 및 지하시설물 DB 구축(20170831),613901695,
4796,AI010,4.22E+13,41590340,376150577B,MNG244,2016-01-01,LSH007,LCD004,1,송산도시계획도로(대3-1호선)개설공사(1공구) GIS DB구축 사업,4.22E+13,
4797,AI010,9.00E+13,41590000,377130873C,MNG305,2016-01-01,LSH999,LCD999,1, ,9.00E+13,
4798,AI010,9.00E+13,41590000,377130873C,MNG305,2016-01-01,LSH999,LCD999,1, ,9.00E+13,
4799,AI010,9.00E+13,41590000,377130874C,MNG305,2016-01-01,LSH999,LCD999,1, ,9.00E+13,
4800,AI010,9.00E+13,41590000,377130874C,MNG305,2016-01-01,LSH999,LCD999,1, ,9.00E+13,
4801,AI010,8.30E+13,41590340,376122196D,MNG244,2019-12-21,LSH023,LCD005,1,송산그린시티 기반시설 건설공사 도로 및 지하매설물 GIS D/B 구축용역,8.30E+13,
4802,AI010,8.30E+13,41590340,376122196D,MNG244,2019-12-21,LSH023,LCD005,1,송산그린시티 기반시설 건설공사 도로 및 지하매설물 GIS D/B 구축용역,8.30E+13,
4803,AI010,8.30E+13,41590340,376122196D,MNG244,2019-12-21,LSH023,LCD005,1,송산그린시티 기반시설 건설공사 도로 및 지하매설물 GIS D/B 구축용역,8.30E+13,
4804,AI010,8.30E+13,41590340,376122196D,MNG244,2019-12-21,LSH023,LCD005,1,송산그린시티 기반시설 건설공사 도로 및 지하매설물 GIS D/B 구축용역,8.30E+13,
4805,AI010,8.21E+13,41590140,376122246C,MNG409,2018-01-01,LSH017,LCD005,1, ,8.21E+13,
4806,AI010,8.21E+13,41590140,376122245D,MNG409,2018-01-01,LSH017,LCD005,1, ,8.21E+13,
4807,AI010,8.21E+13,41590140,376122245D,MNG409,2018-01-01,LSH017,LCD005,1, ,8.21E+13,
4808,AI010,8.30E+13,41590340,376160106A,MNG244,2019-12-21,LSH023,LCD005,1,송산그린시티 기반시설 건설공사 도로 및 지하매설물 GIS D/B 구축용역,8.30E+13,
4809,AI010,8.30E+13,41590340,376160106A,MNG244,2019-12-21,LSH023,LCD005,1,송산그린시티 기반시설 건설공사 도로 및 지하매설물 GIS D/B 구축용역,8.30E+13,
4810,AI010,8.30E+13,41590340,376160106A,MNG244,2019-12-21,LSH023,LCD005,1,송산그린시티 기반시설 건설공사 도로 및 지하매설물 GIS D/B 구축용역,8.30E+13,
4811,AI010,8.30E+13,41590340,376160106A,MNG244,2019-12-21,LSH023,LCD005,1,송산그린시티 기반시설 건설공사 도로 및 지하매설물 GIS D/B 구축용역,8.30E+13,
4812,AI010,8.22E+13,41590520,376150963C,MNG244,2017-12-31,LSH999,LCD003,1,백미-송교간 도로확포장공사 GIS DB 구축용역,8.22E+13,
4813,AI010,8.22E+13,41590520,376150962D,MNG244,2017-12-31,LSH999,LCD003,1,백미-송교간 도로확포장공사 GIS DB 구축용역,8.22E+13,
4814,AI010,8.22E+13,41590520,376150962B,MNG244,2017-12-31,LSH999,LCD003,1,백미-송교간 도로확포장공사 GIS DB 구축용역,8.22E+13,
4815,AI010,8.22E+13,41590520,376150962B,MNG244,2017-12-31,LSH999,LCD003,1,백미-송교간 도로확포장공사 GIS DB 구축용역,8.22E+13,
4816,AI010,99920150158,41590262,376160753B,MNG244,1990-01-01,LSH000,LCD000,1, ,99920150597,
4817,AI010,500764,41590520,377130199D,MNG244,1900-01-01,LSH007,LCD002,1,30610013,9015431005,
4818,AI010,1.22E+13,41590510,376160274C,MNG244,2016-01-01,LSH007,LCD004,1,남양도시계획도로 (소2-12호) 개설공사 GIS DB 구축용역,1.22E+13,
4819,AI010,99920150132,41590590,377130398B,MNG244,1990-01-01,LSH000,LCD000,1, ,99920150045,
4820,AI010,2.13E+11,41590340,376150440C,MNG244,2016-01-01,LSH007,LCD004,1,송산면 마산리 보도설치공사 GIS DB 구축용역(20171220),21250440006,
4821,AI010,2.22E+13,41590570,377130172D,MNG417,2019-12-01,LSH999,LCD999,1,화산도시계획도로 (중로2-1호선) 2구간 개설공사 GIS DB 구축용역,2.22E+13,
4822,AI010,8.30E+13,41590340,376160107B,MNG244,2019-12-21,LSH023,LCD005,1,송산그린시티 기반시설 건설공사 도로 및 지하매설물 GIS D/B 구축용역,8.30E+13,
4823,AI010,8.30E+13,41590340,376160107B,MNG244,2019-12-21,LSH023,LCD005,1,송산그린시티 기반시설 건설공사 도로 및 지하매설물 GIS D/B 구축용역,8.30E+13,
4824,AI010,1.22E+13,41590256,376162150A,MNG244,2017-09-10,LSH002,LCD004,1,시도79호선 도로확포장공사 GIS DB 구축용역,1.22E+13,
4825,AI010,1.22E+13,41590256,376162140D,MNG244,2017-09-10,LSH002,LCD004,1,시도79호선 도로확포장공사 GIS DB 구축용역,1.22E+13,
4826,AI010,1.22E+13,41590256,376162140D,MNG244,2017-09-10,LSH023,LCD005,1,시도79호선 도로확포장공사 GIS DB 구축용역,1.22E+13,
4827,AI010,100200,41590410,376161074A,MNG244,1900-01-01,LSH007,LCD002,1, ,8.22E+13,
4828,AI010,100201,41590410,376161074A,MNG244,1900-01-01,LSH007,LCD002,1, ,8.22E+13,
4829,AI010,100202,41590410,376161074A,MNG244,1900-01-01,LSH007,LCD002,1, ,8.22E+13,
4830,AI010,100198,41590410,376161073B,MNG244,1900-01-01,LSH007,LCD002,1, ,8.22E+13,
4831,AI010,4.22E+13,41590570,377130184A,MNG409,2019-12-31,LSH007,LCD004,1,"화산도시계획도로 2-1,2호선 개설공사 GIS DB 구축용역",4.22E+13,
4832,AI010,4.22E+13,41590570,377130184A,MNG409,2019-12-31,LSH002,LCD004,1,"화산도시계획도로 2-1,2호선 개설공사 GIS DB 구축용역",4.22E+13,
4833,AI010,4.22E+13,41590570,377130184A,MNG409,2019-12-31,LSH007,LCD004,1,"화산도시계획도로 2-1,2호선 개설공사 GIS DB 구축용역",4.22E+13,
4834,AI010,8.21E+13,41590140,376122269C,MNG244,2020-01-01,LSH023,LCD005,1, ,8.21E+13,
4835,AI010,8.21E+13,41590140,376122234B,MNG409,2018-01-01,LSH017,LCD005,1, ,8.21E+13,
4836,AI010,8.21E+13,41590140,376122234B,MNG409,2018-01-01,LSH017,LCD005,1, ,8.21E+13,
4837,AI010,8.21E+13,41590140,376122234B,MNG409,2018-01-01,LSH017,LCD005,1, ,8.21E+13,
4838,AI010,8.21E+13,41590140,376122224D,MNG409,2018-01-01,LSH017,LCD005,1, ,8.21E+13,
4839,AI010,8.21E+13,41590140,376122224B,MNG409,2018-01-01,LSH017,LCD005,1, ,8.21E+13,
4840,AI010,8.21E+13,41590140,376122213D,MNG409,2018-01-01,LSH017,LCD005,1, ,8.21E+13,
4841,AI010,8.21E+13,41590140,376122213D,MNG409,2018-01-01,LSH017,LCD005,1, ,8.21E+13,
4842,AI010,8.21E+13,41590140,376122213D,MNG409,2018-01-01,LSH017,LCD005,1, ,8.21E+13,
4843,AI010,8.21E+13,41590140,376122223B,MNG409,2018-01-01,LSH017,LCD005,1, ,8.21E+13,
4844,AI010,8.21E+13,41590140,376122222B,MNG409,2018-01-01,LSH017,LCD005,1, ,8.21E+13,
4845,AI010,8.21E+13,41590140,376122222A,MNG409,2018-01-01,LSH017,LCD005,1, ,8.21E+13,
4846,AI010,8.21E+13,41590140,376122222A,MNG409,2018-01-01,LSH017,LCD005,1, ,8.21E+13,
4847,AI010,8.21E+13,41590140,376122222A,MNG409,2018-01-01,LSH017,LCD005,1, ,8.21E+13,
4848,AI010,8.21E+13,41590140,376122222A,MNG409,2018-01-01,LSH017,LCD005,1, ,8.21E+13,
4849,AI010,8.21E+13,41590140,376122222A,MNG409,2018-01-01,LSH017,LCD005,1, ,8.21E+13,
4850,AI010,8.21E+13,41590140,376122222B,MNG409,2018-01-01,LSH017,LCD005,1, ,8.21E+13,
4851,AI010,8.21E+13,41590140,376122222B,MNG409,2018-01-01,LSH017,LCD005,1, ,8.21E+13,
4852,AI010,8.21E+13,41590140,376122222A,MNG409,2018-01-01,LSH017,LCD005,1, ,8.21E+13,
4853,AI010,8.21E+13,41590140,376122222A,MNG409,2018-01-01,LSH017,LCD005,1, ,8.21E+13,
4854,AI010,8.21E+13,41590140,376122224C,MNG409,2018-01-01,LSH017,LCD005,1, ,8.21E+13,
4855,AI010,1.71E+11,41590253,376160575B,MNG244,2017-07-01,LSH002,LCD002,1,봉담도시계획도로 중로2-7호선 선형개선공사 GIS DB 구축용역(20170831),2017070657,
4856,AI010,1.71E+11,41590253,376160575D,MNG244,2017-07-01,LSH002,LCD002,1,봉담도시계획도로 중로2-7호선 선형개선공사 GIS DB 구축용역(20170831),2017070657,
4857,AI010,2.12E+11,41590256,376161166A,MNG244,2015-01-01,LSH002,LCD004,1,호곡~주곡간 도로확포장공사 GIS DB 구축용역(20170823)_재납품,21150726001,
4858,AI010,2.12E+11,41590256,376161166B,MNG244,2015-01-01,LSH002,LCD004,1,호곡~주곡간 도로확포장공사 GIS DB 구축용역(20170823)_재납품,21150726001,
4859,AI010,100036,41590253,376160977C,MNG244,1900-01-01,LSH002,LCD002,1, ,1104311002,
4860,AI010,500324,41590520,377130168C,MNG244,1900-01-01,LSH000,LCD002,1,30178039,2700831001,
4861,AI010,100625,41590253,376160597D,MNG244,1900-01-01,LSH007,LCD002,1, ,3110211009,
4862,AI010,9.00E+13,41590000,377130874D,MNG305,2016-01-01,LSH999,LCD999,1, ,9.00E+13,
4863,AI010,9.00E+13,41590000,377130873C,MNG305,2016-01-01,LSH999,LCD999,1, ,9.00E+13,
4864,AI010,9.00E+13,41590000,377130873C,MNG305,2016-01-01,LSH999,LCD999,1, ,9.00E+13,
4865,AI010,401393,41590587,377130271B,MNG244,2006-04-01,LSH022,LCD999,1, ,2700619003,
4866,AI010,401921,41590587,377130262C,MNG244,2006-04-01,LSH022,LCD999,1, ,2700619001,
4867,AI010,200182,41590400,376161568C,MNG244,1900-01-01,LSH002,LCD002,1, ,2005712023,
4868,AI010,8.89E+11,41590259,376161464A,MNG244,2016-01-01,LSH030,LCD002,1,화성 향남 2지구 도로 및 지하시설물 DB 구축(20170831),614641673,
4869,AI010,8.89E+11,41590259,376161491B,MNG244,2016-01-01,LSH030,LCD002,1,화성 향남 2지구 도로 및 지하시설물 DB 구축(20170831),614911706,
4870,AI010,8.89E+11,41590259,376161810A,MNG244,2016-01-01,LSH030,LCD002,1,화성 향남 2지구 도로 및 지하시설물 DB 구축(20170831),618101705,
4871,AI010,8.89E+11,41590259,376161390D,MNG244,2016-01-01,LSH999,LCD002,1,화성 향남 2지구 도로 및 지하시설물 DB 구축(20170831),613901695,
4872,AI010,8.89E+11,41590259,376161300C,MNG244,2016-01-01,LSH030,LCD002,1,화성 향남 2지구 도로 및 지하시설물 DB 구축(20170831),613991685,
4873,AI010,8.89E+11,41590259,376161300C,MNG244,2016-01-01,LSH030,LCD002,1,화성 향남 2지구 도로 및 지하시설물 DB 구축(20170831),613991685,
4874,AI010,8.89E+11,41590259,376161481D,MNG244,2016-01-01,LSH030,LCD002,1,화성 향남 2지구 도로 및 지하시설물 DB 구축(20170831),614811687,
4875,AI010,2.22E+13,41590310,376122366D,MNG244,2019-02-01,LSH999,LCD999,1,시도78호선 야목교차로개선사업 GIS DB 구축용역,2.22E+13,
4876,AI010,1.22E+13,41590256,376161679B,MNG244,2017-12-31,LSH002,LCD004,1,도로 및 지하매설물 GIS DB 용역(화산리),1.22E+13,
4877,AI010,1.22E+13,41590256,376161679B,MNG244,2017-12-31,LSH002,LCD004,1,도로 및 지하매설물 GIS DB 용역(화산리),1.22E+13,
4878,AI010,8.21E+13,41590140,376122245D,MNG409,2018-01-01,LSH017,LCD005,1, ,8.21E+13,
4879,AI010,8.21E+13,41590140,376122245D,MNG409,2018-01-01,LSH017,LCD005,1, ,8.21E+13,
4880,AI010,8.21E+13,41590140,376122245D,MNG409,2018-01-01,LSH017,LCD005,1, ,8.21E+13,
4881,AI010,8.21E+13,41590140,376122245B,MNG409,2018-01-01,LSH017,LCD005,1, ,8.21E+13,
4882,AI010,2.22E+13,41590570,377130183C,MNG417,2022-07-01,LHS999,LCD999,1,화산도시계획도로 소로2-9호선 외 2개소 개설공사 GIS DB 구축용역,2.22E+13,
4883,AI010,2.22E+13,41590570,377130183D,MNG417,2022-07-01,LHS999,LCD999,1,화산도시계획도로 소로2-9호선 외 2개소 개설공사 GIS DB 구축용역,2.22E+13,
4884,AI010,2.22E+13,41590570,377130183C,MNG417,2022-07-01,LHS999,LCD999,1,화산도시계획도로 소로2-9호선 외 2개소 개설공사 GIS DB 구축용역,2.22E+13,
4885,AI010,2.22E+13,41590570,377130183C,MNG417,2022-07-01,LHS999,LCD999,1,화산도시계획도로 소로2-9호선 외 2개소 개설공사 GIS DB 구축용역,2.22E+13,
4886,AI010,2.21E+13,41590560,376160556D,MNG000,2022-08-01,LHS999,LCD999,1,화성 기안 도시계획시설공사 GIS DB 구축용역,2.21E+13,
4887,AI010,2.21E+13,41590560,376160556D,MNG000,2022-08-01,LHS999,LCD999,1,화성 기안 도시계획시설공사 GIS DB 구축용역,2.21E+13,
4888,AI010,2.21E+13,41590560,376160556D,MNG000,2022-08-01,LHS999,LCD999,1,화성 기안 도시계획시설공사 GIS DB 구축용역,2.21E+13,
4889,AI010,2.21E+13,41590560,376160556C,MNG000,2022-08-01,LHS999,LCD999,1,화성 기안 도시계획시설공사 GIS DB 구축용역,2.21E+13,
4890,AI010,2.21E+13,41590560,376160556C,MNG000,2022-08-01,LHS999,LCD999,1,화성 기안 도시계획시설공사 GIS DB 구축용역,2.21E+13,
4891,AI010,2.21E+13,41590560,376160556C,MNG000,2022-08-01,LHS999,LCD999,1,화성 기안 도시계획시설공사 GIS DB 구축용역,2.21E+13,
4892,AI010,2.21E+13,41590560,376160556C,MNG000,2022-08-01,LHS999,LCD999,1,화성 기안 도시계획시설공사 GIS DB 구축용역,2.21E+13,
4893,AI010,2.21E+13,41590560,376160556C,MNG000,2022-08-01,LHS999,LCD999,1,화성 기안 도시계획시설공사 GIS DB 구축용역,2.21E+13,
4894,AI010,2.21E+13,41590560,376160556C,MNG000,2022-08-01,LHS999,LCD999,1,화성 기안 도시계획시설공사 GIS DB 구축용역,2.21E+13,
4895,AI010,2.21E+13,41590560,376160566B,MNG000,2022-08-01,LHS999,LCD999,1,화성 기안 도시계획시설공사 GIS DB 구축용역,2.21E+13,
4896,AI010,2.21E+13,41590560,376160566B,MNG000,2022-08-01,LHS999,LCD999,1,화성 기안 도시계획시설공사 GIS DB 구축용역,2.21E+13,
