도형번호,지형지물부호,분전함관리번호,분전함번호,관리기관,도엽번호,대장초기화여부,행정읍면동,비고,설치일자,도로구간번호,납품업체,로딩일자
1,AE908,1.21117E+13,30842,MNG244,377130261A,1,41590520,"반월,기산지구 시가화예정구역 도로 및 하수관거 정비사업 GIS DB 구축용역",2017-12-01,1.21117E+13,㈜진성이엔씨,2018-05-25
2,AE908,1.21117E+13, ,MNG244,377130261A,1,41590520,"반월,기산지구 시가화예정구역 도로 및 하수관거 정비사업 GIS DB 구축용역",2017-12-01,1.21117E+13,㈜진성이엔씨,2018-05-25
3,AE910,900276,봉담LP84-18,MNG244,376160566B,1,41590253, ,1900-01-01,0, , 
4,AE908,99920171004,29-25-0034575-1702,MNG244,376122221B,1,41590340,송산그린시티 기반시설 건설공사 도로 및 지하매설물 GIS D/B 구축용역(20171229),2017-01-01,99920171049, ,2017-12-29
5,AE910,900386,우정LP207-5,MNG244,376161734C,1,41590256, ,1900-01-01,2600233031, , 
6,AE910,900385,우정LP77-4,MNG244,376161734B,1,41590256, ,1900-01-01,1107733065, , 
7,AE910,900384,우정LP77-3,MNG244,376161735A,1,41590256, ,1900-01-01,2600233038, , 
8,AE910,900383,우정LP207-2,MNG244,376161724D,1,41590256, ,1900-01-01,1107733081, , 
9,AE910,9.99161E+11, ,MNG244,376160666B,1,41590330,경기화성바이오밸리,2016-11-01,99916121931, , 
10,AE910,9.99161E+11, ,MNG244,376160666A,1,41590330,경기화성바이오밸리,2016-11-01,99916121932, , 
11,AE910,9.99161E+11, ,MNG244,376160666A,1,41590330,경기화성바이오밸리,2016-11-01,99916121932, , 
12,AE910,8.99919E+13, ,MNG244,377130864B,1,41590420,동탄(2)택지개발사업 부지공사(1단계)GIS DB구축용역, ,8.99919E+13, ,2019-12-04
13,AE910,8.99919E+13, ,MNG244,377130863C,1,41590420,동탄(2)택지개발사업 부지공사(1단계)GIS DB구축용역, ,8.99919E+13, ,2019-12-04
14,AE910,8.99919E+13, ,MNG244,377130863C,1,41590420,동탄(2)택지개발사업 부지공사(1단계)GIS DB구축용역, ,8.99919E+13, ,2019-12-04
15,AE910,8.88615E+11,LP-,MNG135,376161492B,1,41590259,화성 향남 2지구 도로 및 지하시설물 DB 구축(20170831),2016-01-01,614920038, ,2017-08-31
16,AE910,8.88615E+11,LP2-23,MNG135,376161482D,1,41590259,화성 향남 2지구 도로 및 지하시설물 DB 구축(20170831),2016-01-01,614820159, ,2017-08-31
17,AE910,8.99919E+13, ,MNG244,377130872A,1,41590420,동탄(2)택지개발사업 부지공사(1단계)GIS DB구축용역, ,8.99919E+13, ,2019-12-04
18,AE910,9.99161E+11, ,MNG244,376160664D,1,41590330,경기화성바이오밸리,2016-11-01,99916121919, , 
19,AE910,9.99161E+11, ,MNG244,376160664D,1,41590330,경기화성바이오밸리,2016-11-01,99916121911, , 
20,AE910,9.99161E+11, ,MNG244,376160664B,1,41590330,경기화성바이오밸리,2016-11-01,99916121922, , 
21,AE910,9.99161E+11, ,MNG244,376160664B,1,41590330,경기화성바이오밸리,2016-11-01,99916121919, , 
22,AE910,9.99161E+11, ,MNG244,376160664A,1,41590330,경기화성바이오밸리,2016-11-01,99916121925, , 
23,AE910,8.21118E+13,LP-27,MNG409,376122245D,1,41590000, ,2018-01-01,8.21117E+13,(주)지아이에스21,2021-03-23
24,AE910,8.21118E+13,LP-21,MNG409,376122245A,1,41590000, ,2018-01-01,8.21117E+13,(주)지아이에스21,2021-03-23
25,AE910,8.21118E+13,LP-22,MNG409,376122245A,1,41590000, ,2018-01-01,8.21117E+13,(주)지아이에스21,2021-03-23
26,AE910,8.21118E+13,LP-14,MNG409,376122234B,1,41590000, ,2018-01-01,8.21117E+13,(주)지아이에스21,2021-03-23
27,AE910,8.21118E+13,LP-15,MNG409,376122234B,1,41590000, ,2018-01-01,8.21117E+13,(주)지아이에스21,2021-03-23
28,AE910,8.21118E+13,LP-20,MNG409,376122235C,1,41590000, ,2018-01-01,8.21117E+13,(주)지아이에스21,2021-03-23
29,AE910,8.21118E+13, ,MNG409,376122225A,1,41590000, ,2018-01-01,8.21117E+13,(주)지아이에스21,2021-03-23
30,AE910,8.21118E+13,LP-10,MNG409,376122224C,1,41590000, ,2018-01-01,8.21117E+13,(주)지아이에스21,2021-03-23
31,AE910,8.21118E+13,LP-13,MNG409,376122224B,1,41590000, ,2018-01-01,8.21117E+13,(주)지아이에스21,2021-03-23
32,AE910,8.21118E+13,LP-12,MNG409,376122224B,1,41590000, ,2018-01-01,8.21117E+13,(주)지아이에스21,2021-03-23
33,AE908,8.21618E+13,KSC8324,MNG244,376150963C,1,41590350,백미-송교간 도로확포장공사 GIS DB 구축용역,2017-12-31,8.21618E+13,(주)우주공간정보,2018-11-02
34,AE908,2.15304E+11,LP1B-6NP-01,MNG244,377130394A,1,41590590, ,2014-01-01,21530394166, , 
35,AE910,8.2992E+13, ,MNG244,376122225A,1,41590262,송산그린시티 기반시설 건설공사 도로 및 지하매설물 GIS D/B 구축용역,2019-12-21,8.2992E+13,제일항업(주),2020-10-21
36,AE910,2.2162E+13, ,MNG417,377130177B,1,41590520,진안도시계획도로 소로1-5호선 개설공사 GIS DB 구축용역,2020-06-01,2.2162E+13,(주)성원공간정보,2020-08-12
37,AE910,9.99617E+11,LP-2B,MNG244,376161723D,1,41590256, ,2010-01-08,99617230019, , 
38,AE910,9.99617E+11,LP-2A,MNG244,376161733B,1,41590256, ,2010-01-08,99617330018, , 
39,AE910,411108,LP-104,MNG244,377130255B,1,41590585, ,2007-05-01,2200119001, , 
40,AE910,411142,-,MNG244,377130282A,1,41590587, ,2007-05-01,2708219001, , 
41,AE910,426001,TH141566830,MNG244,376160573A,1,41590253, ,2008-07-24,1019042013, , 
42,AE910,426002,TH141568876,MNG244,376160565A,1,41590253, ,2008-07-24,1019042016, , 
43,AE910,426003,TH141566210,MNG244,376160565A,1,41590253, ,2008-07-24,1019042016, , 
44,AE910,8.99919E+13, ,MNG244,377130862A,1,41590420,동탄(2)택지개발사업 부지공사(1단계)GIS DB구축용역, ,8.99919E+13, ,2019-12-04
45,AE908,1.21612E+13,2150036953,MNG244,376122290A,1,41590320,시도4호선(비봉인공습지 진입로)도로 확포장공사 GIS DB구축사업,2011-06-01,1.21612E+13,㈜진성이엔씨,2018-09-05
46,AE908,8.99916E+13,-,MNG305,377130843D,1,41590000, ,2016-01-01,8.99916E+13,새한항업,2019-01-05
47,AE908,8.99916E+13,LP-3A-19,MNG305,377130843D,1,41590000, ,2016-01-01,8.99916E+13,새한항업,2019-01-05
48,AE908,8.99916E+13,3A-3A-17,MNG305,377130843C,1,41590000, ,2016-01-01,8.99916E+13,새한항업,2019-01-05
49,AE910,411136,-,MNG244,377130284B,1,41590585, ,2007-05-01,2708619001, , 
50,AE910,411119,LP-50,MNG244,377130284C,1,41590585, ,2007-05-01,0, , 
51,AE910,411081,LP-51,MNG244,377130283D,1,41590585, ,2007-05-01,0, , 
52,AE910,411128,LP-42,MNG244,377130285D,1,41590585, ,2007-05-01,2400619007, , 
53,AE910,411135,LP-59,MNG244,377130284B,1,41590585, ,2007-05-01,2708619002, , 
54,AE908,5.31509E+11,01-25-1190985-1501,MNG244,376150913C,1,41590350,전곡해양산업단지 도로 및 지하시설물 GIS DB구축 용역(20171207),2015-01-01,53150608056, ,2017-12-07
55,AE908,5.31509E+11,01-25-1187843-1501,MNG244,376150912B,1,41590350,전곡해양산업단지 도로 및 지하시설물 GIS DB구축 용역(20171207),2015-01-01,53150608052, ,2017-12-07
56,AE908,5.31509E+11,01-25-1187842-1501,MNG244,376150936D,1,41590350,전곡해양산업단지 도로 및 지하시설물 GIS DB구축 용역(20171207),2015-01-01,53150608010, ,2017-12-07
57,AE908,5.31509E+11,06-25-0015030-1411,MNG244,376150935A,1,41590350,전곡해양산업단지 도로 및 지하시설물 GIS DB구축 용역(20171207),2015-01-01,53150608016, ,2017-12-07
58,AE910,900194,매송LP313-4,MNG244,376160403A,1,41590310, ,1900-01-01,1331313003, , 
59,AE910,99920150026, ,MNG244,376161405A,1,41590360, ,1900-01-01,99920150374, , 
60,AE910,900275,봉담LP84-17,MNG244,376160555A,1,41590253, ,1900-01-01,0, , 
61,AE910,8.2112E+13, ,MNG244,376122279D,1,41590140, ,2020-01-01,8.2112E+13,(주)지아이에스21,2021-03-23
62,AE910,8.2112E+13, ,MNG244,376122269C,1,41590140, ,2020-01-01,8.2112E+13,(주)지아이에스21,2021-03-23
63,AE910,8.2112E+13, ,MNG244,376122256D,1,41590140, ,2020-01-01,8.2112E+13,(주)지아이에스21,2021-03-23
64,AE910,8.2112E+13, ,MNG244,376122244D,1,41590140, ,2020-01-01,8.2112E+13,(주)지아이에스21,2021-03-23
65,AE910,8.2112E+13, ,MNG244,376122222D,1,41590140, ,2020-01-01,8.2112E+13,(주)지아이에스21,2021-03-23
66,AE910,8.2112E+13, ,MNG244,376122222C,1,41590140, ,2020-01-01,8.2112E+13,(주)지아이에스21,2021-03-23
67,AE910,8.2112E+13, ,MNG244,376122257B,1,41590140, ,2020-01-01,8.2112E+13,(주)지아이에스21,2021-03-23
68,AE910,8.2112E+13, ,MNG244,376122255B,1,41590140, ,2020-01-01,8.2112E+13,(주)지아이에스21,2021-03-23
69,AE910,8.2112E+13, ,MNG244,376122258A,1,41590140, ,2020-01-01,8.2112E+13,(주)지아이에스21,2021-03-23
70,AE910,8.2112E+13, ,MNG244,376122256A,1,41590140, ,2020-01-01,8.2112E+13,(주)지아이에스21,2021-03-23
71,AE910,8.2112E+13, ,MNG244,376122257A,1,41590140, ,2019-01-01,8.2112E+13,(주)지아이에스21,2021-03-23
72,AE910,8.2112E+13, ,MNG244,376122245A,1,41590140, ,2019-01-01,8.2112E+13,(주)지아이에스21,2021-03-23
73,AE910,8.2112E+13, ,MNG244,376122244B,1,41590140, ,2019-01-01,8.2112E+13,(주)지아이에스21,2021-03-23
74,AE910,8.2112E+13, ,MNG244,376122234A,1,41590140, ,2019-01-01,8.2112E+13,(주)지아이에스21,2021-03-23
75,AE910,8.2112E+13, ,MNG244,376122234A,1,41590140, ,2019-01-01,8.2112E+13,(주)지아이에스21,2021-03-23
76,AE910,8.2112E+13, ,MNG244,376122244B,1,41590140, ,2019-01-01,8.2112E+13,(주)지아이에스21,2021-03-23
77,AE910,8.2112E+13, ,MNG244,376122233D,1,41590140, ,2019-01-01,8.2112E+13,(주)지아이에스21,2021-03-23
78,AE910,8.2112E+13, ,MNG244,376122233D,1,41590140, ,2019-01-01,8.2112E+13,(주)지아이에스21,2021-03-23
79,AE910,8.2112E+13, ,MNG244,376122233D,1,41590140, ,2019-01-01,8.2112E+13,(주)지아이에스21,2021-03-23
80,AE910,8.2112E+13, ,MNG244,376122223D,1,41590140, ,2019-01-01,8.2112E+13,(주)지아이에스21,2021-03-23
81,AE910,8.21118E+13,LP-28,MNG409,376122246C,1,41590000, ,2018-01-01,8.21117E+13,(주)지아이에스21,2021-03-23
82,AE908,2.11604E+11,29140183807,MNG244,376160364B,1,41590320,화성시 지구단위계획구역부지 조성공사 GIS DB구축 사업(20170718)_재납품,2014-06-01,21160364002, ,2017-07-18
83,AE908,8.21618E+13,KSC8324,MNG244,376150975A,1,41590350,백미-송교간 도로확포장공사 GIS DB 구축용역,2017-12-31,8.21618E+13,(주)우주공간정보,2018-11-02
84,AE908,8.21618E+13,KSC8324,MNG244,376150975A,1,41590350,백미-송교간 도로확포장공사 GIS DB 구축용역,2017-12-31,8.21618E+13,(주)우주공간정보,2018-11-02
85,AE908,8.21618E+13,KSC8324,MNG244,376150977D,1,41590350,백미-송교간 도로확포장공사 GIS DB 구축용역,2017-12-31,8.21618E+13,(주)우주공간정보,2018-11-02
86,AE908,8.21618E+13,KSC8324,MNG244,376150977D,1,41590350,백미-송교간 도로확포장공사 GIS DB 구축용역,2017-12-31,8.21618E+13,(주)우주공간정보,2018-11-02
87,AE908,8.21618E+13,KSC8324,MNG244,376150900C,1,41590350,백미-송교간 도로확포장공사 GIS DB 구축용역,2017-12-31,8.21618E+13,(주)우주공간정보,2018-11-02
88,AE908,8.21618E+13,KSC8324,MNG244,376150900D,1,41590350,백미-송교간 도로확포장공사 GIS DB 구축용역,2017-12-31,8.21618E+13,(주)우주공간정보,2018-11-02
89,AE910,900352,서신LP301-13,MNG244,376150952D,1,41590350, ,1900-01-01,8.21618E+13,(주)우주공간정보,2018-11-02
90,AE910,900210,매송LP309-20,MNG244,376160511A,1,41590310, ,1900-01-01,0, , 
91,AE910,900202,매송LP98-12,MNG244,376160418B,1,41590310, ,1900-01-01,0, , 
92,AE910,900205,매송LP98-15,MNG244,376160420A,1,41590310, ,1900-01-01,0, , 
93,AE910,900282,봉담LP-24,MNG244,376160566C,1,41590253, ,1900-01-01,0, , 
94,AE910,900281,봉담LP84-23,MNG244,376160566D,1,41590253, ,1900-01-01,0, , 
95,AE910,900280,봉담LP84-22,MNG244,376160566D,1,41590253, ,1900-01-01,1208421034, , 
96,AE910,900279,봉담LP84-21,MNG244,376160576B,1,41590253, ,1900-01-01,1208421035, , 
97,AE910,900278,봉담LP84-20,MNG244,376160577A,1,41590253, ,1900-01-01,1208421035, , 
98,AE908,5.11308E+11,LS150610173,MNG244,377130768B,1,41590600,화성동탄 일반산업단지 조성공사 중 GIS구축,2014-01-01,51130768079, , 
99,AE908,5.11308E+11,LS150610187,MNG244,377130768B,1,41590600,화성동탄 일반산업단지 조성공사 중 GIS구축,2014-01-01,51130768079, , 
100,AE910,411103,LP-36,MNG244,377130286D,1,41590585, ,2007-05-01,2502119001, , 
101,AE910,411042,LP-73,MNG244,377130283D,1,41590585, ,2007-05-01,0, , 
102,AE910,99920150073, ,MNG244,376151048A,1,41590330, ,1900-01-01,99920150637, , 
103,AE910,411031,LP-8,MNG244,377130724B,1,41590586, ,2007-05-01,0, , 
104,AE910,411018,-,MNG244,377130716C,1,41590586, ,2007-05-01,0, , 
105,AE910,411148,-,MNG244,377130716D,1,41590586, ,2007-05-01,0, , 
106,AE910,1.2162E+13, ,MNG409,377130167D,1,41590520,진안도시계획도로 중로3-4호선 개설공사 GIS DB구축,2020-05-01,1.2162E+13,(주)진성이엔씨,2020-07-30
107,AE908,99920171019,29-25-0034604-1702,MNG244,376160225C,1,41590510,송산그린시티 기반시설 건설공사 도로 및 지하매설물 GIS D/B 구축용역(20171229),2017-01-01,99920171040, ,2017-12-29
108,AE908,99920171016,29-25-0034603-1702,MNG244,376122293D,1,41590510,송산그린시티 기반시설 건설공사 도로 및 지하매설물 GIS D/B 구축용역(20171229),2017-01-01,99920171042, ,2017-12-29
109,AE908,99920171015,29-25-0034588-1702,MNG244,376122293D,1,41590510,송산그린시티 기반시설 건설공사 도로 및 지하매설물 GIS D/B 구축용역(20171229),2017-01-01,99920171042, ,2017-12-29
110,AE908,5.31509E+11,01-25-1190984-1501,MNG244,376150925A,1,41590350,전곡해양산업단지 도로 및 지하시설물 GIS DB구축 용역(20171207),2015-01-01,53150608044, ,2017-12-07
111,AE908,5.31509E+11,01-25-1187759-1501,MNG244,376150926A,1,41590350,전곡해양산업단지 도로 및 지하시설물 GIS DB구축 용역(20171207),2015-01-01,53150608040, ,2017-12-07
112,AE908,1.21117E+13,분전함번호;37-25-0061403,MNG244,377130858C,1,41590600,"동탄물류단지 도로 및 상,하수도 GIS DB구축 사업",2017-12-30,1.21117E+13,(주)진성이엔씨,2018-09-17
113,AE910,900272,봉담LP64-14,MNG244,376161006B,1,41590253, ,1900-01-01,0, , 
114,AE910,900271,봉담LP64-13,MNG244,376161004A,1,41590253, ,1900-01-01,0, , 
115,AE910,900270,봉담LP64-12,MNG244,376160583C,1,41590253, ,1900-01-01,0, , 
116,AE908,1.21118E+13,39170894902,MNG244,377130100D,1,41590520,화성시 능동지구 도시계획도로 개설공사 GIS DB 구축사업,2017-12-31,0,㈜진성이엔씨,2018-09-17
117,AE910,8.2992E+13, ,MNG244,376160104A,1,41590340,송산그린시티 기반시설 건설공사 도로 및 지하매설물 GIS D/B 구축용역,2019-12-21,8.2992E+13,제일항업(주),2020-10-21
118,AE910,8.2992E+13, ,MNG244,376160101A,1,41590340,송산그린시티 기반시설 건설공사 도로 및 지하매설물 GIS D/B 구축용역,2019-12-21,8.2992E+13,제일항업(주),2020-10-21
119,AE910,900273,봉담LP102-15,MNG244,376161007B,1,41590253, ,1900-01-01,0, , 
120,AE910,900269,봉담LP64-11,MNG244,376160593B,1,41590253, ,1900-01-01,0, , 
121,AE910,900268,봉담LP-9,MNG244,376160511D,1,41590253, ,1900-01-01,0, , 
122,AE910,900267,봉담LP-8,MNG244,376160511D,1,41590253, ,1900-01-01,0, , 
123,AE910,900266,봉담LP-6,MNG244,376160551A,1,41590253, ,1900-01-01,0, , 
124,AE908,1.21117E+13,분전함번호;07170222165,MNG244,377130857C,1,41590600,"동탄물류단지 도로 및 상,하수도 GIS DB구축 사업",2017-12-30,1.21117E+13,(주)진성이엔씨,2018-09-17
125,AE910,900164,남양LP322-16,MNG244,376160257D,1,41590262, ,1900-01-01,0, , 
126,AE910,900165,남양LP322-17,MNG244,376160257D,1,41590262, ,1900-01-01,0, , 
127,AE910,900162,남양LP322-14,MNG244,376160274A,1,41590262, ,1900-01-01,0, , 
128,AE910,900161,남양LP322-13,MNG244,376160273D,1,41590262, ,1900-01-01,0, , 
129,AE910,900158,남양LP-10,MNG244,376160283C,1,41590262, ,1900-01-01,0, , 
130,AE910,900157,남양LP77-9,MNG244,376160273D,1,41590262, ,1900-01-01,2900633331, , 
131,AE910,900156,남양LP-8,MNG244,376160283B,1,41590262, ,1900-01-01,0, , 
132,AE910,900155,남양LP-7,MNG244,376160283B,1,41590262, ,1900-01-01,0, , 
133,AE910,900316,정남LP101-9-1,MNG244,376161017C,1,41590410, ,1900-01-01,3110111106, , 
134,AE910,900314,정남LP309-7-1,MNG244,376161046D,1,41590410, ,1900-01-01,0, , 
135,AE910,900312,정남LP-5-1,MNG244,376161067B,1,41590410, ,1900-01-01,0, , 
136,AE910,900311,정남LP-4-1,MNG244,376161067B,1,41590410, ,1900-01-01,9009111006, , 
137,AE910,900310,정남LP-3-1,MNG244,376161067B,1,41590410, ,1900-01-01,9009111006, , 
138,AE910,900308,정남LP309-1-1,MNG244,376161067B,1,41590410, ,1900-01-01,1330911029, , 
139,AE910,8.88615E+11,LP1-22,MNG135,376161464C,1,41590259,화성 향남 2지구 도로 및 지하시설물 DB 구축(20170831),2016-01-01,614641671, ,2017-08-31
140,AE910,8.88615E+11,LP1-21,MNG135,376161464C,1,41590259,화성 향남 2지구 도로 및 지하시설물 DB 구축(20170831),2016-01-01,614640475, ,2017-08-31
141,AE910,8.88615E+11,LP1-4,MNG135,376161464A,1,41590259,화성 향남 2지구 도로 및 지하시설물 DB 구축(20170831),2016-01-01,614640496, ,2017-08-31
142,AE910,8.88615E+11,LP1-7,MNG135,376161464B,1,41590259,화성 향남 2지구 도로 및 지하시설물 DB 구축(20170831),2016-01-01,614640645, ,2017-08-31
143,AE910,8.88615E+11,LP1-6,MNG135,376161464B,1,41590259,화성 향남 2지구 도로 및 지하시설물 DB 구축(20170831),2016-01-01,614640641, ,2017-08-31
144,AE908,1.21117E+13,26829,MNG244,377130261B,1,41590520,"반월,기산지구 시가화예정구역 도로 및 하수관거 정비사업 GIS DB 구축용역",2017-12-01,1.21117E+13,㈜진성이엔씨,2018-05-25
145,AE910,900364,동부LP-116,MNG244,377130170C,1,41590540, ,1900-01-01,1208431056, ,
146,AE910,411105,LP-37,MNG244,377130286C,1,41590585, ,2007-05-01,2100219037, , 
147,AE908,2.21618E+13,분전함번호;05170689858,MNG244,376160210C,1,41590320,시도69호선 도로확포장공사 GIS DB 구축용역,2017-10-20,2.21618E+13,(주)성원공간정보,2018-08-31
148,AE910,8.88615E+11,LM2-I,MNG135,376161492B,1,41590259,화성 향남 2지구 도로 및 지하시설물 DB 구축(20170831),2016-01-01,614920038, ,2017-08-31
149,AE910,8.88615E+11,LP-31,MNG135,376161491C,1,41590259,화성 향남 2지구 도로 및 지하시설물 DB 구축(20170831),2016-01-01,614910062, ,2017-08-31
150,AE910,8.88615E+11,LP-,MNG135,376161471D,1,41590259,화성 향남 2지구 도로 및 지하시설물 DB 구축(20170831),2016-01-01,614710384, ,2017-08-31
151,AE910,900029,송산LP305-4,MNG244,376150577A,1,41590340, ,1900-01-01,0, , 
152,AE910,900028,송산LP-3,MNG244,376150568C,1,41590340, ,1900-01-01,0, , 
153,AE910,900027,송산LP-2,MNG244,376150568C,1,41590340, ,1900-01-01,0, , 
154,AE910,900026,송산LP-1,MNG244,376150568C,1,41590340, ,1900-01-01,0, , 
155,AE910,9.99161E+11, ,MNG244,376160654C,1,41590330,경기화성바이오밸리,2016-11-01,99916121972, , 
156,AE910,9.99161E+11, ,MNG244,376160654C,1,41590330,경기화성바이오밸리,2016-11-01,99916121972, , 
157,AE910,9.99161E+11, ,MNG244,376160654B,1,41590330,경기화성바이오밸리,2016-11-01,99916121982, , 
158,AE910,9.99161E+11, ,MNG244,376160654B,1,41590330,경기화성바이오밸리,2016-11-01,99916122014, , 
159,AE910,9.99161E+11, ,MNG244,376160654A,1,41590330,경기화성바이오밸리,2016-11-01,99916122015, , 
160,AE910,900241, ,MNG244,376160365A,1,41590320, ,1900-01-01,99920150078, , 
161,AE910,8.88619E+11,LM2-R,MNG135,376161901A,1,41590259,화성 향남 2지구 도로 및 지하시설물 DB 구축(20170831),2016-01-01,619010020, ,2017-08-31
162,AE910,8.2992E+13, ,MNG244,376160102B,1,41590340,송산그린시티 기반시설 건설공사 도로 및 지하매설물 GIS D/B 구축용역,2019-12-21,8.2992E+13,제일항업(주),2020-10-21
163,AE910,8.2992E+13, ,MNG244,376160107A,1,41590340,송산그린시티 기반시설 건설공사 도로 및 지하매설물 GIS D/B 구축용역,2019-12-21,8.2992E+13,제일항업(주),2020-10-21
164,AE910,8.2992E+13, ,MNG244,376160105B,1,41590340,송산그린시티 기반시설 건설공사 도로 및 지하매설물 GIS D/B 구축용역,2019-12-21,8.2992E+13,제일항업(주),2020-10-21
165,AE910,8.2992E+13, ,MNG244,376122197C,1,41590340,송산그린시티 기반시설 건설공사 도로 및 지하매설물 GIS D/B 구축용역,2019-12-21,8.2992E+13,제일항업(주),2020-10-21
166,AE910,8.2992E+13, ,MNG244,376122195D,1,41590340,송산그린시티 기반시설 건설공사 도로 및 지하매설물 GIS D/B 구축용역,2019-12-21,8.2992E+13,제일항업(주),2020-10-21
167,AE910,8.2992E+13,29-25-0066105-1704,MNG244,376160108B,1,41590262,송산그린시티 기반시설 건설공사 도로 및 지하매설물 GIS D/B 구축용역,2019-12-21,8.2992E+13,제일항업(주),2020-10-21
168,AE910,8.2992E+13,29-25-0066107-1704,MNG244,376122198D,1,41590262,송산그린시티 기반시설 건설공사 도로 및 지하매설물 GIS D/B 구축용역,2019-12-21,8.2992E+13,제일항업(주),2020-10-21
169,AE910,8.2992E+13,79194,MNG244,376160209A,1,41590320,송산그린시티 기반시설 건설공사 도로 및 지하매설물 GIS D/B 구축용역,2019-12-21,8.2992E+13,제일항업(주),2020-10-21
170,AE910,8.2992E+13,25170087049,MNG244,376160208B,1,41590320,송산그린시티 기반시설 건설공사 도로 및 지하매설물 GIS D/B 구축용역,2019-12-21,8.2992E+13,제일항업(주),2020-10-21
171,AE910,8.2992E+13,25170086911,MNG244,376160208B,1,41590320,송산그린시티 기반시설 건설공사 도로 및 지하매설물 GIS D/B 구축용역,2019-12-21,8.2992E+13,제일항업(주),2020-10-21
172,AE910,9.99161E+11, ,MNG244,376160665A,1,41590330,경기화성바이오밸리,2016-11-01,99916121940, , 
173,AE908,2.21618E+13,분전함번호;01171861378,MNG244,376160311A,1,41590320,시도69호선 도로확포장공사 GIS DB 구축용역,2017-10-20,2.21618E+13,(주)성원공간정보,2018-08-31
174,AE908,2.21618E+13,분전함번호;05170684321,MNG244,376160220B,1,41590320,시도69호선 도로확포장공사 GIS DB 구축용역,2017-10-20,2.21618E+13,(주)성원공간정보,2018-08-31
175,AE910,8.88614E+11,NJ115003983,MNG244,376161436B,1,41590259, ,2009-01-01,88614360003, , 
176,AE910,8.88614E+11,PS150056186,MNG244,376161425D,1,41590259, ,2009-01-01,88614250004, , 
177,AE908,5.31509E+11,01-25-1187783-1501,MNG244,376150946B,1,41590350,전곡해양산업단지 도로 및 지하시설물 GIS DB구축 용역(20171207),2015-01-01,53150608012, ,2017-12-07
178,AE908,8.99916E+13,LP3C-CH9-01,MNG305,377130874D,1,41590000, ,2016-01-01,8.99916E+13,새한항업,2019-01-05
179,AE908,8.99916E+13,LP3C-G29-03,MNG305,377130884A,1,41590000, ,2016-01-01,8.99916E+13,새한항업,2019-01-05
180,AE908,8.99916E+13,LP-3C-06,MNG305,377130884A,1,41590000, ,2016-01-01,8.99916E+13,새한항업,2019-01-05
181,AE908,8.99916E+13,LP-3C-07,MNG305,377130883B,1,41590000, ,2016-01-01,8.99916E+13,새한항업,2019-01-05
182,AE908,8.99916E+13,LP3C-G29-02,MNG305,377130874C,1,41590000, ,2016-01-01,8.99916E+13,새한항업,2019-01-05
183,AE908,8.99916E+13,LP-3C-03,MNG305,377130874C,1,41590000, ,2016-01-01,8.99916E+13,새한항업,2019-01-05
184,AE908,8.99916E+13,LP3C-PH-01,MNG305,377130873C,1,41590000, ,2016-01-01,8.99916E+13,새한항업,2019-01-05
185,AE908,8.99916E+13,-,MNG305,377130873C,1,41590000, ,2016-01-01,8.99916E+13,새한항업,2019-01-05
186,AE908,8.99916E+13,LP-3C-08,MNG305,377130883C,1,41590000, ,2016-01-01,8.99916E+13,새한항업,2019-01-05
187,AE908,8.99916E+13,LP-3C-11,MNG305,377130884C,1,41590000, ,2016-01-01,8.99916E+13,새한항업,2019-01-05
188,AE908,2.06307E+11,LP-1B-01,MNG244,377130729C,1,41590000, ,2016-01-01,26307290038,새한항업,2019-04-05
189,AE908,2.06307E+11, ,MNG244,377130719A,1,41590000, ,2016-01-01,26307180098,새한항업,2019-04-05
190,AE908,2.06303E+11,LP-1B-23,MNG244,377130298D,1,41590000, ,2016-01-01,26302980022,새한항업,2019-04-05
191,AE908,2.06303E+11, ,MNG244,377130298B,1,41590000, ,2016-01-01,26302980183,새한항업,2019-04-05
192,AE908,2.06307E+11, ,MNG244,377130728C,1,41590000, ,2016-01-01,26307280242,새한항업,2019-04-05
193,AE908,2.06307E+11, ,MNG244,377130728A,1,41590000, ,2016-01-01,26307180612,새한항업,2019-04-05
194,AE908,2.06307E+11,LP-1B-10,MNG244,377130718D,1,41590000, ,2016-01-01,26307180380,새한항업,2019-04-05
195,AE908,8.99919E+13,남양9,MNG409,376160286A,1,41590262,화성 남양 뉴타운 도로 및 지하시설물 GIS 구축 용역(2차), ,8.99919E+13,㈜한양지에스티,2020-05-20
196,AE908,8.99919E+13,남양9,MNG409,376160286A,1,41590262,화성 남양 뉴타운 도로 및 지하시설물 GIS 구축 용역(2차), ,8.99919E+13,㈜한양지에스티,2020-05-20
197,AE908,8.99919E+13, ,MNG409,376160275D,1,41590262,화성 남양 뉴타운 도로 및 지하시설물 GIS 구축 용역(2차), ,8.99919E+13,㈜한양지에스티,2020-05-20
198,AE908,8.99919E+13, ,MNG409,376160275D,1,41590262,화성 남양 뉴타운 도로 및 지하시설물 GIS 구축 용역(2차), ,8.99919E+13,㈜한양지에스티,2020-05-20
199,AE908,8.99919E+13,남양8,MNG409,376160276A,1,41590262,화성 남양 뉴타운 도로 및 지하시설물 GIS 구축 용역(2차), ,0,㈜한양지에스티,2020-05-20
200,AE908,8.99919E+13, ,MNG409,376160287A,1,41590262,화성 남양 뉴타운 도로 및 지하시설물 GIS 구축 용역(2차), ,8.99919E+13,㈜한양지에스티,2020-05-20
201,AE908,8.99919E+13, ,MNG409,376160277C,1,41590262,화성 남양 뉴타운 도로 및 지하시설물 GIS 구축 용역(2차), ,8.99919E+13,㈜한양지에스티,2020-05-20
202,AE908,8.99919E+13,남양9,MNG409,376160277C,1,41590262,화성 남양 뉴타운 도로 및 지하시설물 GIS 구축 용역(2차), ,8.99919E+13,㈜한양지에스티,2020-05-20
203,AE908,3.21618E+13, ,MNG409,376160298A,1,41590510,화성남양뉴타운 도로 및 지하시설물 GIS DB 구축 용역,2018-01-01,0,지오스,2020-05-20
204,AE908,3.21618E+13, ,MNG409,376160298A,1,41590510,화성남양뉴타운 도로 및 지하시설물 GIS DB 구축 용역,2018-01-01,0,지오스,2020-05-20
205,AE908,3.21618E+13, ,MNG409,376160298A,1,41590510,화성남양뉴타운 도로 및 지하시설물 GIS DB 구축 용역,2018-01-01,0,지오스,2020-05-20
206,AE908,3.21618E+13,남양72,MNG409,376160299C,1,41590510,화성남양뉴타운 도로 및 지하시설물 GIS DB 구축 용역,2018-01-01,3.21618E+13,지오스,2020-05-20
207,AE908,3.21618E+13,남양73,MNG409,376160297B,1,41590510,화성남양뉴타운 도로 및 지하시설물 GIS DB 구축 용역,2018-01-01,3.21618E+13,지오스,2020-05-20
208,AE908,3.21618E+13, ,MNG409,376160298B,1,41590510,화성남양뉴타운 도로 및 지하시설물 GIS DB 구축 용역,2018-01-01,3.21618E+13,지오스,2020-05-20
209,AE910,8.2992E+13, ,MNG244,376150510A,1,41590340,송산그린시티 기반시설 건설공사 도로 및 지하매설물 GIS D/B 구축용역,2019-12-21,8.2992E+13,제일항업(주),2020-10-21
210,AE910,8.2992E+13, ,MNG244,376150510A,1,41590340,송산그린시티 기반시설 건설공사 도로 및 지하매설물 GIS D/B 구축용역,2019-12-21,8.2992E+13,제일항업(주),2020-10-21
211,AE910,900254,동부LP318-64,MNG244,377130262A,1,41590550, ,1900-01-01,0, , 
212,AE910,900252,동부LP318-66,MNG244,377130252D,1,41590550, ,1900-01-01,0, , 
213,AE910,900250,동부LP318-68,MNG244,377130253A,1,41590550, ,1900-01-01,1331531039, , 
214,AE910,9.99161E+11, ,MNG244,376160663B,1,41590330,경기화성바이오밸리,2016-11-01,99916121950, , 
215,AE908,5.11308E+11,48150037336,MNG244,377130778A,1,41590600,화성동탄 일반산업단지 조성공사 중 GIS구축,2014-01-01,51130778061, , 
216,AE908,5.11308E+11,LS150610188,MNG244,377130778B,1,41590600,화성동탄 일반산업단지 조성공사 중 GIS구축,2014-01-01,51130778064, , 
217,AE908,99920171003,29-25-0034750-1702,MNG244,376122221B,1,41590340,송산그린시티 기반시설 건설공사 도로 및 지하매설물 GIS D/B 구축용역(20171229),2017-01-01,99920171049, ,2017-12-29
218,AE908,2.11605E+11, ,MNG244,376160533A,1,41590253,봉담읍 수영리 교차로 개선사업 GIS DB구축,2011-06-01,21160523027, , 
219,AE908,2.11613E+11, ,MNG244,376161266D,1,41590370,장안 첨단지방산업단지 (2단지) 조성사업 진입도로개설 공사,2010-01-01,21161267008, , 
220,AE908,2.11613E+11, ,MNG244,376161266D,1,41590370,장안 첨단지방산업단지 (2단지) 조성사업 진입도로개설 공사,2010-01-01,21161267008, , 
221,AE908,2.11613E+11, ,MNG244,376161268D,1,41590370,장안 첨단지방산업단지 (2단지) 조성사업 진입도로개설 공사,2010-01-01,21161267008, , 
222,AE908,2.11613E+11, ,MNG244,376161268D,1,41590370,장안 첨단지방산업단지 (2단지) 조성사업 진입도로개설 공사,2010-01-01,21161267008, , 
223,AE908,2.11617E+11,0,MNG244,376161720B,1,41590370,도시계획도로 소로1-2호선 개설공사 GIS DB구축,2011-06-01,21161720008, , 
224,AE908,2.11617E+11,0,MNG244,376161710C,1,41590370,도시계획도로 소로1-2호선 개설공사 GIS DB구축,2011-06-01,21161720008, , 
225,AE910,99920150049, ,MNG244,376160406C,1,41590310, ,1900-01-01,99920150170, , 
226,AE910,99920150048, ,MNG244,376160415B,1,41590310, ,1900-01-01,99920150162, , 
227,AE910,99920150007, ,MNG244,376162015D,1,41590400, ,1900-01-01,99920150305, , 
228,AE910,99920150041, ,MNG244,377130777D,1,41590600, ,1900-01-01,99920150021, , 
229,AE910,99920150042, ,MNG244,377130777D,1,41590600, ,1900-01-01,99920150021, , 
230,AE910,99920150001, ,MNG244,376161943B,1,41590400, ,1900-01-01,99920150302, , 
231,AE910,426023,TH141570942,MNG244,376160563C,1,41590253, ,2008-07-24,0, , 
232,AE910,426024,TH141568874,MNG244,376160563C,1,41590253, ,2008-07-24,0, , 
233,AE910,426025,TH141568843,MNG244,376160561B,1,41590253, ,2008-07-24,0, , 
234,AE910,8.88614E+11,PS150056219,MNG244,376161424D,1,41590259, ,2009-01-01,88614240002, , 
235,AE910,8.88614E+11,PS150056215,MNG244,376161423D,1,41590259, ,2009-01-01,88614230003, , 
236,AE908,2.11617E+11, ,MNG244,376161724D,1,41590256,조암도시계획도로 (중로 1-2호선) 개설공사 GIS DB구축 사업,2011-06-01,21161724003, , 
237,AE910,900361,서신LP104-17,MNG244,376150854B,1,41590350, ,1900-01-01,0, , 
238,AE910,900362,서신LP-18,MNG244,376150845A,1,41590350, ,1900-01-01,0, , 
239,AE910,411038,LP-69,MNG244,377130292C,1,41590587, ,2007-05-01,2601019001, , 
240,AE910,411008,LP-27,MNG244,377130295D,1,41590585, ,2007-05-01,2502819001, , 
241,AE910,411006,LP-31,MNG244,377130294C,1,41590585, ,2007-05-01,0, , 
242,AE910,411143,-,MNG244,377130292C,1,41590587, ,2007-05-01,2708319003, , 
243,AE910,411040,LP-68,MNG244,377130292C,1,41590587, ,2007-05-01,2501419003, , 
244,AE910,411055,-,MNG244,377130292D,1,41590587, ,2007-05-01,2501419001, , 
245,AE910,411123,LP-26,MNG244,377130295D,1,41590585, ,2007-05-01,2502619001, , 
246,AE910,411124,LP-24,MNG244,377130295D,1,41590585, ,2007-05-01,2100119007, , 
247,AE910,411125,LP-30,MNG244,377130295C,1,41590585, ,2007-05-01,2300319001, , 
248,AE910,411114,-,MNG244,377130277C,1,41590585, ,2007-05-01,0, , 
249,AE910,411141,-,MNG244,377130272D,1,41590587, ,2007-05-01,2708119004, , 
250,AE910,411061,LP-63,MNG244,377130273D,1,41590587, ,2007-05-01,0, , 
251,AE910,411112,LP-90,MNG244,377130276B,1,41590585, ,2007-05-01,0, , 
252,AE910,411073,LP-80,MNG244,377130273C,1,41590587, ,2007-05-01,2500619001, , 
253,AE910,411047,LP-95,MNG244,377130272A,1,41590587, ,2007-05-01,2600219002, , 
254,AE910,411039,LP-81,MNG244,377130272D,1,41590587, ,2007-05-01,2600219002, , 
255,AE910,411067,LP-S4,MNG244,377130273A,1,41590587, ,2007-05-01,2500519001, , 
256,AE910,411058,LP-93,MNG244,377130273A,1,41590587, ,2007-05-01,2100219011, , 
257,AE910,411072,LP-94,MNG244,377130272B,1,41590587, ,2007-05-01,2500419001, , 
258,AE910,411005,LP-S15,MNG244,377130262C,1,41590587, ,2007-05-01,0, , 
259,AE908,5.11308E+11,DR140333250,MNG244,377130768D,1,41590600,화성동탄 일반산업단지 조성공사 중 GIS구축,2014-01-01,51130768069, , 
260,AE910,99920150028, ,MNG244,376160995C,1,41590360, ,1900-01-01,99920150374, , 
261,AE910,99920150031, ,MNG244,376161744A,1,41590370, ,1900-01-01,99920150473, , 
262,AE910,99920150019, ,MNG244,376161441C,1,41590259, ,1900-01-01,99920150402, , 
263,AE910,99920150027, ,MNG244,376161350D,1,41590259, ,1900-01-01,99920150402, , 
264,AE910,99920150035, ,MNG244,376161289B,1,41590370, ,1900-01-01,99920150478, , 
265,AE910,99920150069, ,MNG244,376160185C,1,41590330, ,1900-01-01,99920150570, , 
266,AE910,99920150071, ,MNG244,376160183B,1,41590330, ,1900-01-01,99920150570, , 
267,AE910,99920150072, ,MNG244,376160183A,1,41590330, ,1900-01-01,99920150570, , 
268,AE910,99920150066, ,MNG244,376122337D,1,41590310, ,1900-01-01,99920150558, , 
269,AE910,99920150045, ,MNG244,376161010C,1,41590570, ,1900-01-01,99920150561, , 
270,AE910,99920150033, ,MNG244,376161736D,1,41590370, ,1900-01-01,99920150721, , 
271,AE910,99920150036, ,MNG244,376161288A,1,41590370, ,1900-01-01,99920150739, , 
272,AE910,99920150034, ,MNG244,376161733C,1,41590256, ,1900-01-01,99920150760, , 
273,AE910,99920150062, ,MNG244,376160210D,1,41590320, ,1900-01-01,99920150532, , 
274,AE910,99920150064, ,MNG244,376122371C,1,41590320, ,1900-01-01,99920150532, , 
275,AE910,99920150051, ,MNG244,376160739D,1,41590262, ,1900-01-01,99920150589, , 
276,AE910,900355,서신LP-22,MNG244,376150921D,1,41590350, ,1900-01-01,0, , 
277,AE908,1.21615E+13, ,MNG244,376150856D,1,41590350,서신 도시계획도로(소로1-7호선)개설공사 GIS DB 구축용역,2015-06-01,1.21615E+13,㈜진성이엔씨,2018-04-12
278,AE908,1.21615E+13,TH151214221,MNG244,376150856D,1,41590350,서신 도시계획도로(소로1-7호선)개설공사 GIS DB 구축용역,2015-06-01,1.21615E+13,㈜진성이엔씨,2018-04-12
279,AE910,900206,매송LP98-16,MNG244,376160511A,1,41590310, ,1900-01-01,0, , 
280,AE910,900144,동부LP-28,MNG244,377130178D,1,41590530, ,1900-01-01,2400231007, , 
281,AE910,900168,남양LP-20,MNG244,376160267B,1,41590262, ,1900-01-01,0, , 
282,AE910,900068,장안LP203-12,MNG244,376161288A,1,41590370, ,1900-01-01,0, , 
283,AE910,411096,LP-85,MNG244,377130278A,1,41590585, ,2007-05-01,2200519006, , 
284,AE910,426015,TH141568824,MNG244,376160573A,1,41590253, ,2008-07-24,1019042013, , 
285,AE910,900233,비봉LP-18,MNG244,376160357A,1,41590320, ,1900-01-01,0, , 
286,AE910,900084,동부LP318-78,MNG244,377130232C,1,41590550, ,1900-01-01,9002931005, , 
287,AE910,900244,동부LP318-75,MNG244,377130233B,1,41590550, ,1900-01-01,17101211007, , 
288,AE910,900243,동부LP318-73,MNG244,377130234C,1,41590550, ,1900-01-01,17101211004, , 
289,AE910,2.21619E+13, ,MNG375,376151467C,1,41590350,서신면 궁평리 궁평항로 확장공사 GIS DB 구축용역,2019-05-01,2.21619E+13,(주)성원공간정보,2019-07-24
290,AE910,900069,장안LP203-14,MNG244,376161278B,1,41590370, ,1900-01-01,0, , 
291,AE910,900067,장안LP203-11,MNG244,376161279C,1,41590370, ,1900-01-01,0, , 
292,AE908,8.99916E+13,LP-3A-16,MNG305,377130842D,1,41590000, ,2016-01-01,8.99916E+13,새한항업,2019-01-05
293,AE908,8.99916E+13,LP-3A-15,MNG305,377130842C,1,41590000, ,2016-01-01,8.99916E+13,새한항업,2019-01-05
294,AE910,1.21121E+13, ,MNG409,376122452A,1,41590310,함백산 메모리얼파크 건립공사 중 GIS 측량 용역,2020-06-01,1.21121E+13,(주)진성이엔씨,2022-04-14
295,AE910,1.21121E+13, ,MNG409,376122452B,1,41590310,함백산 메모리얼파크 건립공사 중 GIS 측량 용역,2020-06-01,1.21121E+13,(주)진성이엔씨,2022-04-14
296,AE910,1.21121E+13, ,MNG409,376122484A,1,41590310,함백산 메모리얼파크 건립공사 중 GIS 측량 용역,2020-06-01,1.21121E+13,(주)진성이엔씨,2022-04-14
297,AE910,1.21121E+13, ,MNG409,376122484A,1,41590310,함백산 메모리얼파크 건립공사 중 GIS 측량 용역,2020-06-01,1.21121E+13,(주)진성이엔씨,2022-04-14
298,AE910,4.21621E+13, ,MNG409,377130183A,1,41590570,화산도시계획도로 소로1-4호선 외 2개소 개설공사 GIS DB구축용역,2021-06-01,4.21621E+13,(주)선진이엔씨,2022-01-28
299,AE910,900200,매송LP73-10,MNG244,376160406C,1,41590310, ,1900-01-01,0, , 
300,AE910,900197,매송LP84-7,MNG244,376122495C,1,41590310, ,1900-01-01,0, , 
301,AE910,900196,매송LP-6,MNG244,376122495C,1,41590310, ,1900-01-01,0, , 
302,AE910,900198,매송LP84-8,MNG244,376122495D,1,41590310, ,1900-01-01,0, , 
303,AE908,2.21618E+13,분전함번호;05170682132,MNG244,376160210C,1,41590320,시도69호선 도로확포장공사 GIS DB 구축용역,2017-10-20,2.21618E+13,(주)성원공간정보,2018-08-31
304,AE910,1.21622E+13, ,MNG409,376152530C,1,41590256,우정도시계획도로 소로1-12호선 개설공사 GIS DB 구축용역,2019-06-01,1.21622E+13,(주)진성이엔씨,2022-06-24
305,AE910,1.21622E+13, ,MNG409,376152520C,1,41590256,우정도시계획도로 소로1-12호선 개설공사 GIS DB 구축용역,2019-06-01,1.21622E+13,(주)진성이엔씨,2022-06-24
306,AE910,2.21622E+13, ,MNG417,377130184D,1,41590570,화산도시계획도로 소로2-21호선 외 2개소 개설공사 GIS DB 구축용역,2021-10-01,2.21622E+13,(주)성원공간정보,2022-05-13
307,AE910,411086,LP-33,MNG244,377130298A,1,41590585, ,2007-05-01,2100219044, , 
308,AE910,411106,LP-34,MNG244,377130297A,1,41590585, ,2007-05-01,2100219041, , 
309,AE910,411041,LP-S12,MNG244,377130292A,1,41590587, ,2007-05-01,2704919001, , 
310,AE910,411077,-,MNG244,377130292A,1,41590587, ,2007-05-01,0, , 
311,AE910,9.99161E+11, ,MNG244,376160665D,1,41590330,경기화성바이오밸리,2016-11-01,99916121912, , 
312,AE910,9.99161E+11, ,MNG244,376160665D,1,41590330,경기화성바이오밸리,2016-11-01,99916121912, , 
313,AE910,99920150037, ,MNG244,376161279D,1,41590370, ,1900-01-01,99920150478, , 
314,AE910,99920150038, ,MNG244,376161279D,1,41590370, ,1900-01-01,99920150478, , 
315,AE910,99920150039, ,MNG244,376160779B,1,41590262, ,1900-01-01,99920150257, , 
316,AE910,99920150050, ,MNG244,376160309C,1,41590320, ,1900-01-01,99920150072, , 
317,AE910,900024,마도LP-24,MNG244,376160648D,1,41590330, ,1900-01-01,0, , 
318,AE910,900023,마도LP-23,MNG244,376160648A,1,41590330, ,1900-01-01,0, , 
319,AE910,8.21118E+13,LP-07,MNG409,376122222B,1,41590000, ,2018-01-01,8.21117E+13,(주)지아이에스21,2021-03-23
320,AE910,8.21118E+13,LP-05,MNG409,376122222A,1,41590000, ,2018-01-01,8.21117E+13,(주)지아이에스21,2021-03-23
321,AE908,2.15303E+11,LP-1B-27,MNG244,377130290C,1,41590590, ,2014-01-01,21530290534, , 
322,AE908,8.99919E+13, ,MNG409,376160276B,1,41590262,화성 남양 뉴타운 도로 및 지하시설물 GIS 구축 용역(2차), ,8.99919E+13,㈜한양지에스티,2020-05-20
323,AE908,8.99919E+13,남양1,MNG409,376160285A,1,41590262,화성 남양 뉴타운 도로 및 지하시설물 GIS 구축 용역(2차), ,8.99919E+13,㈜한양지에스티,2020-05-20
324,AE908,8.99919E+13, ,MNG409,376160285A,1,41590262,화성 남양 뉴타운 도로 및 지하시설물 GIS 구축 용역(2차), ,0,㈜한양지에스티,2020-05-20
325,AE910,900240,비봉LP69-25,MNG244,376122371C,1,41590320, ,1900-01-01,0, , 
326,AE910,8.99919E+13, ,MNG244,377130871C,1,41590420,동탄(2)택지개발사업 부지공사(1단계)GIS DB구축용역, ,8.99919E+13, ,2019-12-04
327,AE910,8.99919E+13, ,MNG244,377130853D,1,41590420,동탄(2)택지개발사업 부지공사(1단계)GIS DB구축용역, ,8.99919E+13, ,2019-12-04
328,AE910,8.99919E+13, ,MNG244,377130853B,1,41590420,동탄(2)택지개발사업 부지공사(1단계)GIS DB구축용역, ,8.99919E+13, ,2019-12-04
329,AE910,8.99919E+13, ,MNG244,377130864A,1,41590420,동탄(2)택지개발사업 부지공사(1단계)GIS DB구축용역, ,8.99919E+13, ,2019-12-04
330,AE910,8.99919E+13, ,MNG244,377130854C,1,41590420,동탄(2)택지개발사업 부지공사(1단계)GIS DB구축용역, ,8.99919E+13, ,2019-12-04
331,AE910,8.99919E+13, ,MNG244,377130769B,1,41590420,동탄(2)택지개발사업 부지공사(1단계)GIS DB구축용역, ,8.99919E+13, ,2019-12-04
332,AE910,8.99919E+13, ,MNG244,377130780C,1,41590420,동탄(2)택지개발사업 부지공사(1단계)GIS DB구축용역, ,8.99919E+13, ,2019-12-04
333,AE910,8.99919E+13, ,MNG244,377130770C,1,41590420,동탄(2)택지개발사업 부지공사(1단계)GIS DB구축용역, ,8.99919E+13, ,2019-12-04
334,AE910,8.99919E+13, ,MNG244,377130770C,1,41590420,동탄(2)택지개발사업 부지공사(1단계)GIS DB구축용역, ,8.99919E+13, ,2019-12-04
335,AE910,8.99919E+13, ,MNG244,377130769D,1,41590420,동탄(2)택지개발사업 부지공사(1단계)GIS DB구축용역, ,8.99919E+13, ,2019-12-04
336,AE910,8.99919E+13, ,MNG244,377130760C,1,41590420,동탄(2)택지개발사업 부지공사(1단계)GIS DB구축용역, ,8.99919E+13, ,2019-12-04
337,AE910,8.99919E+13, ,MNG244,377130779D,1,41590420,동탄(2)택지개발사업 부지공사(1단계)GIS DB구축용역, ,8.99919E+13, ,2019-12-04
338,AE910,8.99919E+13, ,MNG244,377130770C,1,41590420,동탄(2)택지개발사업 부지공사(1단계)GIS DB구축용역, ,8.99919E+13, ,2019-12-04
339,AE910,8.99919E+13, ,MNG244,377130770C,1,41590420,동탄(2)택지개발사업 부지공사(1단계)GIS DB구축용역, ,8.99919E+13, ,2019-12-04
340,AE910,8.99919E+13, ,MNG244,377130769B,1,41590420,동탄(2)택지개발사업 부지공사(1단계)GIS DB구축용역, ,8.99919E+13, ,2019-12-04
341,AE910,8.99919E+13, ,MNG244,377130779D,1,41590420,동탄(2)택지개발사업 부지공사(1단계)GIS DB구축용역, ,8.99919E+13, ,2019-12-04
342,AE910,8.99919E+13, ,MNG244,377130779B,1,41590420,동탄(2)택지개발사업 부지공사(1단계)GIS DB구축용역, ,8.99919E+13, ,2019-12-04
343,AE910,8.99919E+13, ,MNG244,377130851B,1,41590420,동탄(2)택지개발사업 부지공사(1단계)GIS DB구축용역, ,8.99919E+13, ,2019-12-04
344,AE910,8.99919E+13, ,MNG244,377130851D,1,41590420,동탄(2)택지개발사업 부지공사(1단계)GIS DB구축용역, ,8.99919E+13, ,2019-12-04
345,AE910,411043,-,MNG244,377130283C,1,41590585, ,2007-05-01,0, , 
346,AE910,411004,-,MNG244,377130283B,1,41590585, ,2007-05-01,0, , 
347,AE910,900053,동부LP-98,MNG244,377130182B,1,41590570, ,1900-01-01,0, , 
348,AE910,900052,동부LP-94,MNG244,377130183D,1,41590570, ,1900-01-01,2500931004, , 
349,AE910,900063,동부LP64-102,MNG244,376161010C,1,41590570, ,1900-01-01,0, , 
350,AE908,1.21616E+13, ,MNG244,377130178C,1,41590520,태안도시계획도로(소1-24호선) 개설공사 GIS DB 구축용역,2016-01-01,1.21616E+13,㈜진성이엔씨,2018-05-02
351,AE908,1.21616E+13,1350403928,MNG244,377130187B,1,41590520,태안도시계획도로(소1-24호선) 개설공사 GIS DB 구축용역,2016-01-01,1100131023,㈜진성이엔씨,2018-05-02
352,AE910,426004,TH151692338,MNG244,376160563C,1,41590253, ,2008-07-24,0, , 
353,AE910,426006,PS150054675,MNG244,376160561C,1,41590253, ,2008-07-24,1012442001, , 
354,AE910,426007,LG15028839,MNG244,376160561C,1,41590253, ,2008-07-24,1019042002, , 
355,AE910,426008,TH151040760,MNG244,376160572A,1,41590253, ,2008-07-24,1019042054, , 
356,AE910,426009,TH141565205,MNG244,376160572A,1,41590253, ,2008-07-24,1019042054, , 
357,AE910,426010,PS150055169,MNG244,376160582B,1,41590253, ,2008-07-24,1019042014, , 
358,AE910,426011,TH141571719,MNG244,376160573A,1,41590253, ,2008-07-24,0, , 
359,AE910,426012,TH141566011,MNG244,376160573C,1,41590253, ,2008-07-24,0, , 
360,AE910,426013,TH151692339,MNG244,376160573C,1,41590253, ,2008-07-24,1019042014, , 
361,AE910,426014,TH141564988,MNG244,376160572B,1,41590253, ,2008-07-24,1019042054, , 
362,AE910,426016,TH151692329,MNG244,376160562D,1,41590253, ,2008-07-24,0, , 
363,AE910,426017,TH141568865,MNG244,376160562D,1,41590253, ,2008-07-24,0, , 
364,AE910,8.88615E+11,LP2-18,MNG135,376161481D,1,41590259,화성 향남 2지구 도로 및 지하시설물 DB 구축(20170831),2016-01-01,614810208, ,2017-08-31
365,AE910,8.88615E+11,LP1-8,MNG135,376161462C,1,41590259,화성 향남 2지구 도로 및 지하시설물 DB 구축(20170831),2016-01-01,614620507, ,2017-08-31
366,AE910,8.88615E+11,LM1-3,MNG135,376161464A,1,41590259,화성 향남 2지구 도로 및 지하시설물 DB 구축(20170831),2016-01-01,614641674, ,2017-08-31
367,AE910,900201,매송LP73-11,MNG244,376160415B,1,41590310, ,1900-01-01,0, , 
368,AE910,900211, ,MNG244,376160418B,1,41590310, ,1900-01-01,0, , 
369,AE910,8.9992E+13,송산-미부착,MNG244,376150460B,1,41590340,화성 송산테크노파크 일반산업단지,2020-10-30,8.9992E+13,(주)충청에스엔지기술사사무소,2021-03-31
370,AE910,8.9992E+13,송산-27,MNG244,376150480B,1,41590340,화성 송산테크노파크 일반산업단지,2020-10-30,8.9992E+13,(주)충청에스엔지기술사사무소,2021-03-31
371,AE910,8.9992E+13,송산-31,MNG244,376150470B,1,41590340,화성 송산테크노파크 일반산업단지,2020-10-30,8.9992E+13,(주)충청에스엔지기술사사무소,2021-03-31
372,AE910,8.9992E+13,송산-22,MNG244,376150469B,1,41590340,화성 송산테크노파크 일반산업단지,2020-10-30,8.9992E+13,(주)충청에스엔지기술사사무소,2021-03-31
373,AE910,8.9992E+13,송산-30,MNG244,376150460D,1,41590340,화성 송산테크노파크 일반산업단지,2020-10-30,8.9992E+13,(주)충청에스엔지기술사사무소,2021-03-31
374,AE910,8.9992E+13,송산-29,MNG244,376150470B,1,41590340,화성 송산테크노파크 일반산업단지,2020-10-30,8.9992E+13,(주)충청에스엔지기술사사무소,2021-03-31
375,AE910,8.9992E+13,송산-23,MNG244,376150469B,1,41590340,화성 송산테크노파크 일반산업단지,2020-10-30,8.9992E+13,(주)충청에스엔지기술사사무소,2021-03-31
376,AE910,8.9992E+13,송산-28,MNG244,376150470B,1,41590340,화성 송산테크노파크 일반산업단지,2020-10-30,8.9992E+13,(주)충청에스엔지기술사사무소,2021-03-31
377,AE910,8.9992E+13,송산-미부착,MNG244,376150470C,1,41590340,화성 송산테크노파크 일반산업단지,2020-10-30,8.9992E+13,(주)충청에스엔지기술사사무소,2021-03-31
378,AE910,8.9992E+13,송산-25,MNG244,376150470C,1,41590340,화성 송산테크노파크 일반산업단지,2020-10-30,8.9992E+13,(주)충청에스엔지기술사사무소,2021-03-31
379,AE910,8.9992E+13,송산-24,MNG244,376150469B,1,41590340,화성 송산테크노파크 일반산업단지,2020-10-30,8.9992E+13,(주)충청에스엔지기술사사무소,2021-03-31
380,AE910,8.9992E+13,송산-미부착,MNG244,376150460B,1,41590340,화성 송산테크노파크 일반산업단지,2020-10-30,8.9992E+13,(주)충청에스엔지기술사사무소,2021-03-31
381,AE910,900328,동부LP84-60,MNG244,377130150A,1,41590550, ,1900-01-01,0, , 
382,AE910,900366,동부LP-45,MNG244,377130180D,1,41590540, ,1900-01-01,2400944155, , 
383,AE910,900365,동부LP-44,MNG244,377130180A,1,41590540, ,1900-01-01,2500844091, , 
384,AE910,900367,동부LP-19,MNG244,377130168B,1,41590520, ,1900-01-01,9001244048, , 
385,AE910,900368,동부LP-10,MNG244,377130168C,1,41590520, ,1900-01-01,2700931005, , 
386,AE910,900369,동부LP-11,MNG244,377130178A,1,41590520, ,1900-01-01,0, , 
387,AE910,900370,동부LP-15,MNG244,377130168C,1,41590520, ,1900-01-01,0, , 
388,AE910,900207,매송LP98-17,MNG244,376160511B,1,41590253, ,1900-01-01,0, , 
389,AE910,900204,매송LP98-14,MNG244,376160419B,1,41590310, ,1900-01-01,0, , 
390,AE910,900203,매송LP84-13,MNG244,376160419B,1,41590310, ,1900-01-01,0, , 
391,AE910,8.99919E+13, ,MNG244,377130864A,1,41590420,동탄(2)택지개발사업 부지공사(1단계)GIS DB구축용역, ,8.99919E+13, ,2019-12-04
392,AE910,8.99919E+13, ,MNG244,377130779A,1,41590420,동탄(2)택지개발사업 부지공사(1단계)GIS DB구축용역, ,8.99919E+13, ,2019-12-04
393,AE910,900066,장안LP61-2,MNG244,376161736A,1,41590370, ,1900-01-01,0, , 
394,AE910,900071,장안LP106-1,MNG244,376161736D,1,41590370, ,1900-01-01,0, , 
395,AE910,900306,양감LP306-8,MNG244,376162015D,1,41590400, ,1900-01-01,0, , 
396,AE910,900305,양감LP39-7,MNG244,376161943A,1,41590259, ,1900-01-01,0, , 
397,AE910,900304,양감LP39-6,MNG244,376161943B,1,41590400, ,1900-01-01,0, , 
398,AE910,900303,양감LP306-5,MNG244,376161949C,1,41590400, ,1900-01-01,0, , 
399,AE910,8.88614E+11,PS150056199,MNG244,376161427D,1,41590259, ,2009-01-01,88614370003, , 
400,AE910,8.88614E+11,PS150056201,MNG244,376161437B,1,41590259, ,2009-01-01,88614370003, , 
401,AE908,1.21118E+13,10030819,MNG244,377130261C,1,41590520,"기산2지구 도시계획도로(중로2-42호,소로1-136호,소로3-31호) GIS DB 구축용역",2017-06-01,1.21118E+13,㈜진성이엔씨,2018-07-18
402,AE908,8.29917E+13,37-19-0038198,MNG244,376152530B,1,41590256,고온항 진입도로 개설공사 GIS DB 구축용역,2017-11-25,8.29917E+13,(주)대광지오텍,2018-08-27
403,AE908,4.21618E+13, ,MNG244,376160498C,1,41590253,자안입구삼거리외 1개소 교통혼잡지구 개선공사 GIS DB 구축용역,2017-12-01,4.21618E+13,(주)선진이엔씨,2018-08-31
404,AE910,8.88615E+11,LP1-31,MNG135,376161474C,1,41590259,화성 향남 2지구 도로 및 지하시설물 DB 구축(20170831),2016-01-01,614740691, ,2017-08-31
405,AE910,8.88615E+11,LP2-25,MNG135,376161493A,1,41590259,화성 향남 2지구 도로 및 지하시설물 DB 구축(20170831),2016-01-01,614830096, ,2017-08-31
406,AE910,8.88615E+11,LP2-24,MNG135,376161493A,1,41590259,화성 향남 2지구 도로 및 지하시설물 DB 구축(20170831),2016-01-01,614830096, ,2017-08-31
407,AE910,8.88615E+11,LP2-37,MNG135,376161492B,1,41590259,화성 향남 2지구 도로 및 지하시설물 DB 구축(20170831),2016-01-01,614920038, ,2017-08-31
408,AE910,8.88618E+11,LP2-38,MNG135,376161810D,1,41590259,화성 향남 2지구 도로 및 지하시설물 DB 구축(20170831),2016-01-01,618100025, ,2017-08-31
409,AE910,8.88615E+11,LP2-32,MNG135,376161491C,1,41590259,화성 향남 2지구 도로 및 지하시설물 DB 구축(20170831),2016-01-01,614910061, ,2017-08-31
410,AE910,8.88615E+11,LM2-D,MNG135,376161471A,1,41590259,화성 향남 2지구 도로 및 지하시설물 DB 구축(20170831),2016-01-01,614710413, ,2017-08-31
411,AE910,8.88615E+11,LP2-22,MNG135,376161482D,1,41590259,화성 향남 2지구 도로 및 지하시설물 DB 구축(20170831),2016-01-01,614820120, ,2017-08-31
412,AE910,8.88615E+11,LP2-21,MNG135,376161492A,1,41590259,화성 향남 2지구 도로 및 지하시설물 DB 구축(20170831),2016-01-01,614920136, ,2017-08-31
413,AE910,8.88615E+11,LP2-19,MNG135,376161481B,1,41590259,화성 향남 2지구 도로 및 지하시설물 DB 구축(20170831),2016-01-01,614810261, ,2017-08-31
414,AE910,8.88615E+11,LP2-17,MNG135,376161481B,1,41590259,화성 향남 2지구 도로 및 지하시설물 DB 구축(20170831),2016-01-01,614810261, ,2017-08-31
415,AE910,8.88615E+11,LP-1산책1교,MNG135,376161471D,1,41590259,화성 향남 2지구 도로 및 지하시설물 DB 구축(20170831),2016-01-01,614710353, ,2017-08-31
416,AE910,8.88615E+11,LP2-5,MNG135,376161482B,1,41590259,화성 향남 2지구 도로 및 지하시설물 DB 구축(20170831),2016-01-01,614820179, ,2017-08-31
417,AE910,8.88615E+11,LP-1오음1교,MNG135,376161472D,1,41590259,화성 향남 2지구 도로 및 지하시설물 DB 구축(20170831),2016-01-01,614720328, ,2017-08-31
418,AE908,5.31509E+11,01-25-1187861-1501,MNG244,376150935B,1,41590350,전곡해양산업단지 도로 및 지하시설물 GIS DB구축 용역(20171207),2015-01-01,53150608013, ,2017-12-07
419,AE908,5.31509E+11,01-25-1187913-1501,MNG244,376150936A,1,41590350,전곡해양산업단지 도로 및 지하시설물 GIS DB구축 용역(20171207),2015-01-01,53150608012, ,2017-12-07
420,AE908,5.31509E+11,6170196153,MNG244,376150936A,1,41590350,전곡해양산업단지 도로 및 지하시설물 GIS DB구축 용역(20171207),2015-01-01,0, ,2017-12-07
421,AE910,8.88615E+11,LM1-D,MNG135,376161454C,1,41590259,화성 향남 2지구 도로 및 지하시설물 DB 구축(20170831),2016-01-01,614640524, ,2017-08-31
422,AE910,8.88615E+11,LP-1산책4교,MNG135,376161481D,1,41590259,화성 향남 2지구 도로 및 지하시설물 DB 구축(20170831),2016-01-01,614810696, ,2017-08-31
423,AE910,8.2992E+13,36170550576,MNG244,376122291D,1,41590262,송산그린시티 기반시설 건설공사 도로 및 지하매설물 GIS D/B 구축용역,2019-12-21,8.2992E+13,제일항업(주),2020-10-21
424,AE910,8.2992E+13,29-25-0066108-1704,MNG244,376122100C,1,41590262,송산그린시티 기반시설 건설공사 도로 및 지하매설물 GIS D/B 구축용역,2019-12-21,8.2992E+13,제일항업(주),2020-10-21
425,AE910,8.2992E+13,29-25-0066111-1704,MNG244,376122100C,1,41590262,송산그린시티 기반시설 건설공사 도로 및 지하매설물 GIS D/B 구축용역,2019-12-21,8.2992E+13,제일항업(주),2020-10-21
426,AE908,8.99919E+13,남양8,MNG409,376160276D,1,41590262,화성 남양 뉴타운 도로 및 지하시설물 GIS 구축 용역(2차), ,8.99919E+13,㈜한양지에스티,2020-05-20
427,AE910,411014,LP-18,MNG244,377130716A,1,41590586, ,2007-05-01,0, , 
428,AE910,411012,-,MNG244,377130706D,1,41590586, ,2007-05-01,2709519006, , 
429,AE910,411013,LP-15,MNG244,377130706D,1,41590586, ,2007-05-01,0, , 
430,AE910,411025,LP-23,MNG244,377130704C,1,41590586, ,2007-05-01,2300219020, , 
431,AE910,411147,-,MNG244,377130705C,1,41590586, ,2007-05-01,2709219003, , 
432,AE910,411010,-,MNG244,377130705C,1,41590586, ,2007-05-01,0, , 
433,AE910,99920150058, ,MNG244,376160282C,1,41590262, ,1900-01-01,99920150570, , 
434,AE910,99920150060, ,MNG244,376160273D,1,41590262, ,1900-01-01,99920150570, , 
435,AE910,900357,서신LP-7,MNG244,376151467D,1,41590350, ,1900-01-01,0, , 
436,AE910,900356,서신LP-23,MNG244,376150922A,1,41590350, ,1900-01-01,0, , 
437,AE908,4.21616E+13,분전함번호;SC142534263,MNG244,376160324D,1,41590320,비봉 도시계획도로(중로2-3호선)개설공사 GIS DB구축 사업,2016-01-01,4.21616E+13,(주)선진이엔씨,2018-04-18
438,AE910,411054,LP-67,MNG244,377130292D,1,41590587, ,2007-05-01,0, , 
439,AE910,8.99919E+13, ,MNG244,377130865B,1,41590420,동탄(2)택지개발사업 부지공사(1단계)GIS DB구축용역, ,8.99919E+13, ,2019-12-04
440,AE908,2.11604E+11,2140077417,MNG244,376160354C,1,41590320,화성시 지구단위계획구역부지 조성공사 GIS DB구축 사업(20170718)_재납품,2014-06-01,21160364001, ,2017-07-18
441,AE910,8.88615E+11,LP2-3,MNG135,376161471D,1,41590259,화성 향남 2지구 도로 및 지하시설물 DB 구축(20170831),2016-01-01,614720354, ,2017-08-31
442,AE910,8.88615E+11,LP-2-4,MNG135,376161471D,1,41590259,화성 향남 2지구 도로 및 지하시설물 DB 구축(20170831),2016-01-01,614720354, ,2017-08-31
443,AE910,8.88615E+11,LP2-6,MNG135,376161482B,1,41590259,화성 향남 2지구 도로 및 지하시설물 DB 구축(20170831),2016-01-01,614820179, ,2017-08-31
444,AE910,8.88615E+11,LP-,MNG135,376161462A,1,41590259,화성 향남 2지구 도로 및 지하시설물 DB 구축(20170831),2016-01-01,614620513, ,2017-08-31
445,AE910,8.88615E+11,LM1-C,MNG135,376161474A,1,41590259,화성 향남 2지구 도로 및 지하시설물 DB 구축(20170831),2016-01-01,614740319, ,2017-08-31
446,AE910,8.88615E+11,LP1-27,MNG135,376161465C,1,41590259,화성 향남 2지구 도로 및 지하시설물 DB 구축(20170831),2016-01-01,614650416, ,2017-08-31
447,AE910,8.88615E+11,LM2-S,MNG135,376161471C,1,41590259,화성 향남 2지구 도로 및 지하시설물 DB 구축(20170831),2016-01-01,614710386, ,2017-08-31
448,AE910,8.88615E+11,LP2-2,MNG135,376161471D,1,41590259,화성 향남 2지구 도로 및 지하시설물 DB 구축(20170831),2016-01-01,614710367, ,2017-08-31
449,AE910,8.88615E+11,LP-,MNG135,376161471C,1,41590259,화성 향남 2지구 도로 및 지하시설물 DB 구축(20170831),2016-01-01,614710402, ,2017-08-31
450,AE910,8.88615E+11,LP1-39,MNG135,376161464D,1,41590259,화성 향남 2지구 도로 및 지하시설물 DB 구축(20170831),2016-01-01,614640424, ,2017-08-31
451,AE910,8.88615E+11,LP1-40,MNG135,376161475A,1,41590259,화성 향남 2지구 도로 및 지하시설물 DB 구축(20170831),2016-01-01,614750298, ,2017-08-31
452,AE910,8.88615E+11,LM1-K,MNG135,376161474D,1,41590259,화성 향남 2지구 도로 및 지하시설물 DB 구축(20170831),2016-01-01,614740684, ,2017-08-31
453,AE910,8.88615E+11,LP1-33,MNG135,376161474A,1,41590259,화성 향남 2지구 도로 및 지하시설물 DB 구축(20170831),2016-01-01,614740693, ,2017-08-31
454,AE910,8.88615E+11,LM1-J,MNG135,376161472A,1,41590259,화성 향남 2지구 도로 및 지하시설물 DB 구축(20170831),2016-01-01,614621699, ,2017-08-31
455,AE908,3.21618E+13,남양67,MNG409,376160266D,1,41590510,화성남양뉴타운 도로 및 지하시설물 GIS DB 구축 용역,2018-01-01,3.21618E+13,지오스,2020-05-20
456,AE910,2.2162E+13, ,MNG409,377130241D,1,41590550,반월지구 접속도로 개설공사 GIS DB 구축용역,2019-12-01,2.2162E+13,(주)성원공간정보,2020-03-06
457,AE910,1.2992E+13, ,MNG409,376160739D,1,41590262,시도15호선(안석~무송간) 도로확포장공사(1구간) GIS DB구축용역,2020-01-01,1.2992E+13,㈜진성이엔씨,2020-04-08
458,AE910,1.2992E+13, ,MNG409,376160747D,1,41590262,시도15호선(안석~무송간) 도로확포장공사(1구간) GIS DB구축용역,2020-01-01,1.2992E+13,㈜진성이엔씨,2020-04-08
459,AE910,2.2162E+13, ,MNG417,377130178C,1,41590520,"진안도시계획도로 중로2-3,소로1-28호선 개설공사 GIS DB 구축용역",2019-12-01,2.2162E+13,(주)성원공간정보,2020-03-11
460,AE910,2.2162E+13, ,MNG417,377130173C,1,41590570,화산도시계획도로 (중로2-1호선) 2구간 개설공사 GIS DB 구축용역,2019-12-01,2.2162E+13,(주)성원공간정보,2020-03-20
461,AE908,2.11614E+11,48150048941,MNG244,376161414B,1,41590360,발안도시계획도로(2-1호선) 지하매설물 GIS DB 구축 용역,2014-06-01,21161414009, , 
462,AE910,900393,9000501,MNG244,376160296D,1,41590262,0.55x1.2x0.35,2009-10-01,9000533244, , 
463,AE908,2.15304E+11, ,MNG244,377130383C,1,41590590, ,2014-01-01,21530383188, , 
464,AE908,2.15304E+11,LP1B-PS-07,MNG244,377130383C,1,41590590, ,2014-01-01,21530383159, , 
465,AE908,2.15304E+11,LP-1B-01,MNG244,377130383B,1,41590590, ,2014-01-01,21530383245, , 
466,AE908,2.15304E+11,LP-1B-24,MNG244,377130383D,1,41590590, ,2014-01-01,21530383137, , 
467,AE910,8.2162E+13, ,MNG409,377130184A,1,41590570,화산도시계획도로 소로1-15호선 개설공사 GIS DB 구축,2019-12-01,8.2162E+13,(주)대광지오텍,2021-01-13
468,AE910,8.2162E+13, ,MNG409,377130184B,1,41590570,화산도시계획도로 중로 2-4호선 개설공사 GIS DB구축,2019-12-01,8.2162E+13,(주)대광지오텍,2021-01-12
469,AE910,900191,매송LP313-1,MNG244,376122493D,1,41590310, ,1900-01-01,0, , 
470,AE910,900192,매송LP84-2,MNG244,376122494C,1,41590310, ,1900-01-01,0, , 
471,AE910,900193,매송LP313-3,MNG244,376122493D,1,41590310, ,1900-01-01,0, , 
472,AE910,900237,비봉LP69-22,MNG244,376160210D,1,41590320, ,1900-01-01,0, , 
473,AE910,900163,남양LP322-15,MNG244,376160282C,1,41590262, ,1900-01-01,0, , 
474,AE910,900160,남양LP5-12,MNG244,376160620A,1,41590262, ,1900-01-01,0, , 
475,AE910,900376,동부LP84-112,MNG244,376160556A,1,41590560, ,1900-01-01,9008521001, , 
476,AE910,900337,동부LP82-88,MNG244,377130138C,1,41590520, ,1900-01-01,0, , 
477,AE910,900331,동부LP-90,MNG244,377130185D,1,41590570, ,1900-01-01,0, , 
478,AE910,900332,동부LP-95,MNG244,377130184C,1,41590570, ,1900-01-01,0, , 
479,AE910,8.88615E+11,LM1-6,MNG135,376161473B,1,41590259,화성 향남 2지구 도로 및 지하시설물 DB 구축(20170831),2016-01-01,614730335, ,2017-08-31
480,AE910,8.88615E+11,LM1-5,MNG135,376161463D,1,41590259,화성 향남 2지구 도로 및 지하시설물 DB 구축(20170831),2016-01-01,614630478, ,2017-08-31
481,AE910,8.88613E+11,LM2-L,MNG135,376161300C,1,41590259,화성 향남 2지구 도로 및 지하시설물 DB 구축(20170831),2016-01-01,613991685, ,2017-08-31
482,AE910,8.88613E+11,LP2-9,MNG135,376161300B,1,41590259,화성 향남 2지구 도로 및 지하시설물 DB 구축(20170831),2016-01-01,613000593, ,2017-08-31
483,AE910,8.88615E+11,LP-1언덕마을교,MNG135,376161491C,1,41590259,화성 향남 2지구 도로 및 지하시설물 DB 구축(20170831),2016-01-01,614910061, ,2017-08-31
484,AE910,8.88618E+11,LP-1언덕풀잎교,MNG135,376161810A,1,41590259,화성 향남 2지구 도로 및 지하시설물 DB 구축(20170831),2016-01-01,618100681, ,2017-08-31
485,AE910,8.88613E+11,LP2-26,MNG135,376161300C,1,41590259,화성 향남 2지구 도로 및 지하시설물 DB 구축(20170831),2016-01-01,613000683, ,2017-08-31
486,AE908,8.88617E+11, ,MNG244,376161725C,1,41590256, ,2010-01-01,88617250039, , 
487,AE908,8.88617E+11, ,MNG244,376161725C,1,41590256, ,2010-01-01,88617250064, , 
488,AE910,9.99161E+11, ,MNG244,376160666A,1,41590330,경기화성바이오밸리,2016-11-01,99916121932, , 
489,AE908,2.11617E+11,36170196470,MNG244,376161725D,1,41590370,조암지구도시개발사업 주변도로(대로3-1호선) 개설공사 GIS DB구축 사업,2015-01-01,21150804004, , 
490,AE910,99920150084, ,MNG244,376150579D,1,41590340, ,1900-01-01,99920150649, , 
491,AE910,411078,LP-77,MNG244,377130291B,1,41590587, ,2007-05-01,2401519003, , 
492,AE910,9.99161E+11, ,MNG244,376160665B,1,41590330,경기화성바이오밸리,2016-11-01,99916121935, , 
493,AE910,411115,-,MNG244,377130287C,1,41590585, ,2007-05-01,0, , 
494,AE910,8.99919E+13, ,MNG244,377130865C,1,41590420,동탄(2)택지개발사업 부지공사(1단계)GIS DB구축용역, ,8.99919E+13, ,2019-12-04
495,AE910,900022,마도LP-22,MNG244,376160648A,1,41590330, ,1900-01-01,0, , 
496,AE910,900239,비봉LP209-24,MNG244,376160218A,1,41590320, ,1900-01-01,0, , 
497,AE910,900238,비봉LP101-23,MNG244,376160209A,1,41590320, ,1900-01-01,0, , 
498,AE910,900235,비봉LP207-20,MNG244,376160387A,1,41590320, ,1900-01-01,0, , 
499,AE910,900371,동부LP-9,MNG244,377130178A,1,41590520, ,1900-01-01,2500131003, , 
500,AE910,900372,동부LP84-8,MNG244,377130178B,1,41590520, ,1900-01-01,1208431048, , 
501,AE910,900381,동부LP43-18,MNG244,377130168A,1,41590520, ,1900-01-01,0, , 
502,AE910,900373,동부LP-113,MNG244,376160556B,1,41590560, ,1900-01-01,9008421004, , 
503,AE910,900375,동부LP70-110,MNG244,376160557A,1,41590560, ,1900-01-01,9008321001, , 
504,AE910,900377, ,MNG244,376160557B,1,41590560, ,1900-01-01,9010721003, , 
505,AE910,900379,동부LP80-107,MNG244,376160568C,1,41590560, ,1900-01-01,3220621001, , 
506,AE910,900380,동부LP80-106,MNG244,376160568B,1,41590560, ,1900-01-01,3220621002, , 
507,AE910,411068,LP-S3,MNG244,377130262C,1,41590587, ,2007-05-01,0, , 
508,AE910,411062,LP-108,MNG244,377130262A,1,41590587, ,2007-05-01,2100219005, , 
509,AE908,2.16302E+11, ,MNG244,377130155A,1,41590570,화산도시계획도로 소로1-24호선(구태안소1-124)개설공사 GIS DB 구축용역(20170927),2017-08-03,21670628006, ,2017-09-27
510,AE910,411145,-,MNG244,377130262C,1,41590587, ,2007-05-01,0, , 
511,AE910,411098,LP-86,MNG244,377130268D,1,41590585, ,2007-05-01,2200519006, , 
512,AE910,411071,LP-97,MNG244,377130262D,1,41590587, ,2007-05-01,0, , 
513,AE910,411070,LP-96,MNG244,377130262C,1,41590587, ,2007-05-01,2401419001, , 
514,AE910,411100,LP-87,MNG244,377130267C,1,41590585, ,2007-05-01,2201019007, , 
515,AE910,411099,LP-98,MNG244,377130267B,1,41590585, ,2007-05-01,2201019009, , 
516,AE910,411104,LP-88,MNG244,377130266D,1,41590585, ,2007-05-01,2600519001, , 
517,AE910,411065,LP-107,MNG244,377130262B,1,41590587, ,2007-05-01,2503619001, , 
518,AE910,411101,LP-99,MNG244,377130267A,1,41590585, ,2007-05-01,2502019001, , 
519,AE910,411066,LP-106,MNG244,377130263A,1,41590587, ,2007-05-01,2500219001, , 
520,AE910,900033,송산LP-8,MNG244,376150580C,1,41590340, ,1900-01-01,0,(주)진성이엔씨,2020-02-28
521,AE908,2.11614E+11,P5150056083,MNG244,376161414B,1,41590360,발안도시계획도로(2-1호선) 지하매설물 GIS DB 구축 용역,2014-06-01,21161414009, , 
522,AE908,8.99919E+13, ,MNG409,376160706C,1,41590262,화성 남양 뉴타운 도로 및 지하시설물 GIS 구축 용역(2차), ,8.99919E+13,㈜한양지에스티,2020-05-20
523,AE908,8.99919E+13, ,MNG409,376160705A,1,41590262,화성 남양 뉴타운 도로 및 지하시설물 GIS 구축 용역(2차), ,8.99919E+13,㈜한양지에스티,2020-05-20
524,AE908,8.99919E+13, ,MNG409,376160706A,1,41590262,화성 남양 뉴타운 도로 및 지하시설물 GIS 구축 용역(2차), ,8.99919E+13,㈜한양지에스티,2020-05-20
525,AE908,8.99919E+13, ,MNG409,376160706A,1,41590262,화성 남양 뉴타운 도로 및 지하시설물 GIS 구축 용역(2차), ,8.99919E+13,㈜한양지에스티,2020-05-20
526,AE908,8.99919E+13, ,MNG409,376160706A,1,41590262,화성 남양 뉴타운 도로 및 지하시설물 GIS 구축 용역(2차), ,8.99919E+13,㈜한양지에스티,2020-05-20
527,AE908,8.99919E+13, ,MNG409,376160706A,1,41590262,화성 남양 뉴타운 도로 및 지하시설물 GIS 구축 용역(2차), ,0,㈜한양지에스티,2020-05-20
528,AE908,8.99919E+13, ,MNG409,376160706A,1,41590262,화성 남양 뉴타운 도로 및 지하시설물 GIS 구축 용역(2차), ,0,㈜한양지에스티,2020-05-20
529,AE908,8.99919E+13, ,MNG409,376160295C,1,41590262,화성 남양 뉴타운 도로 및 지하시설물 GIS 구축 용역(2차), ,8.99919E+13,㈜한양지에스티,2020-05-20
530,AE908,8.99919E+13, ,MNG409,376160295C,1,41590262,화성 남양 뉴타운 도로 및 지하시설물 GIS 구축 용역(2차), ,8.99919E+13,㈜한양지에스티,2020-05-20
531,AE908,8.99919E+13, ,MNG409,376160295C,1,41590262,화성 남양 뉴타운 도로 및 지하시설물 GIS 구축 용역(2차), ,0,㈜한양지에스티,2020-05-20
532,AE908,8.99919E+13, ,MNG409,376160295C,1,41590262,화성 남양 뉴타운 도로 및 지하시설물 GIS 구축 용역(2차), ,0,㈜한양지에스티,2020-05-20
533,AE908,8.99919E+13, ,MNG409,376160296C,1,41590262,화성 남양 뉴타운 도로 및 지하시설물 GIS 구축 용역(2차), ,8.99919E+13,㈜한양지에스티,2020-05-20
534,AE910,8.21618E+13, ,MNG305,376161492C,1,41590259,화성향남2 주변도로 건설사업 도로 및 지하시설물 GIS DB 구축용역,2017-12-01,8.21618E+13,(주)한라지리정보,2021-04-16
535,AE908,1.21118E+13,4.819E+14,MNG244,377130192A,1,41590570,화성 안녕동 우방아이유쉘 아파트 신축공사 중 GIS DB 구축용역,2017-01-03,1.21118E+13,㈜진성이엔씨,2018-06-29
536,AE910,9.99302E+11, ,MNG244,377130223D,1,41590550, ,2009-01-01,99302230001, , 
537,AE908,5.31509E+11,01-25-1190990-1501,MNG244,376150925C,1,41590350,전곡해양산업단지 도로 및 지하시설물 GIS DB구축 용역(20171207),2015-01-01,53150608044, ,2017-12-07
538,AE908,5.11307E+11,48150004235,MNG244,377130739D,1,41590600,화성동탄 일반산업단지 조성공사 중 GIS구축,2014-01-01,51130739021, , 
539,AE908,5.11307E+11, ,MNG244,377130738D,1,41590600,화성동탄 일반산업단지 조성공사 중 GIS구축,2014-01-01,51130738008, , 
540,AE908,5.11307E+11, ,MNG244,377130738B,1,41590600,화성동탄 일반산업단지 조성공사 중 GIS구축,2014-01-01,51130738036, , 
541,AE908,5.11308E+11,5144222337,MNG244,377130777B,1,41590600,화성동탄 일반산업단지 조성공사 중 GIS구축,2014-01-01,51130777055, , 
542,AE908,5.11308E+11, ,MNG244,377130777C,1,41590600,화성동탄 일반산업단지 조성공사 중 GIS구축,2014-01-01,51130777045, , 
543,AE908,5.11308E+11, ,MNG244,377130767B,1,41590600,화성동탄 일반산업단지 조성공사 중 GIS구축,2014-01-01,51130767074, , 
544,AE908,5.11308E+11, ,MNG244,377130777A,1,41590600,화성동탄 일반산업단지 조성공사 중 GIS구축,2014-01-01,51130767067, , 
545,AE910,900159,남양LP5-11,MNG244,376160100D,1,41590262, ,1900-01-01,0, , 
546,AE910,900178,남양LP20-30,MNG244,376160821D,1,41590262, ,1900-01-01,0, , 
547,AE910,900080,팔탄LP318-3,MNG244,376160971D,1,41590360, ,1900-01-01,1331812012, , 
548,AE910,9.99161E+11, ,MNG244,376160656C,1,41590330,경기화성바이오밸리,2016-11-01,99916121970, , 
549,AE910,9.99161E+11, ,MNG244,376160656B,1,41590330,경기화성바이오밸리,2016-11-01,99916122022, , 
550,AE910,9.99161E+11, ,MNG244,376160655D,1,41590330,경기화성바이오밸리,2016-11-01,99916121970, , 
551,AE908,1.21618E+13, ,MNG244,376160557B,1,41590560,향남IC앞 교차로외 7개소 교통혼잡지구 개선사업 GIS DB 구축용역,2015-01-01,1.21618E+13,(주)진성이엔씨,2018-10-12
552,AE908,1.21618E+13, ,MNG244,376160317C,1,41590320,향남IC앞 교차로외 7개소 교통혼잡지구 개선사업 GIS DB 구축용역,2015-01-01,1.21618E+13,(주)진성이엔씨,2018-10-12
553,AE910,900226,비봉LP313-11,MNG244,376160327A,1,41590320, ,1900-01-01,1.21618E+13,(주)진성이엔씨,2018-10-12
554,AE908,1.21618E+13, ,MNG244,376160281D,1,41590510,향남IC앞 교차로외 7개소 교통혼잡지구 개선사업 GIS DB 구축용역,2015-01-01,0,(주)진성이엔씨,2018-10-12
555,AE910,900307,양감LP82-9,MNG244,376161559B,1,41590259, ,1900-01-01,2005712035,(주)진성이엔씨,2018-10-12
556,AE908,1.21618E+13, ,MNG244,376161077B,1,41590410,향남IC앞 교차로외 7개소 교통혼잡지구 개선사업 GIS DB 구축용역,2015-01-01,1331511015,(주)진성이엔씨,2018-10-12
557,AE908,1.21118E+13, ,MNG244,377130100D,1,41590520,화성시 능동지구 도시계획도로 개설공사 GIS DB 구축사업,2017-12-01,1.21118E+13,㈜진성이엔씨,2018-09-17
558,AE908,1.21118E+13,39170894902,MNG244,377130291C,1,41590520,화성시 능동지구 도시계획도로 개설공사 GIS DB 구축사업,2017-12-31,1.21118E+13,㈜진성이엔씨,2018-09-17
559,AE908,4.21616E+13,39170658129,MNG244,376150577A,1,41590340,송산도시계획도로(대3-1호선)개설공사(1공구) GIS DB구축 사업,2016-01-01,4.21616E+13,㈜선진이엔씨,2018-04-18
560,AE908,4.21616E+13,6170194869,MNG244,376150577B,1,41590340,송산도시계획도로(대3-1호선)개설공사(1공구) GIS DB구축 사업,2016-01-01,4.21616E+13,㈜선진이엔씨,2018-04-18
561,AE910,411121,LP-32,MNG244,377130703B,1,41590585, ,2007-05-01,2200819002, , 
562,AE910,411007,LP-29,MNG244,377130705A,1,41590585, ,2007-05-01,2401319004, , 
563,AE910,411052,LP-66,MNG244,377130702B,1,41590585, ,2007-05-01,0, , 
564,AE910,9.99302E+11, ,MNG244,377130234A,1,41590550, ,2009-01-01,99302340008, , 
565,AE908,1.21117E+13,분전함번호;37-25-0061505,MNG244,377130856D,1,41590600,"동탄물류단지 도로 및 상,하수도 GIS DB구축 사업",2017-12-30,1.21117E+13,(주)진성이엔씨,2018-09-17
566,AE908,1.21117E+13,분전함번호;68-27-0007026,MNG244,377130866B,1,41590600,"동탄물류단지 도로 및 상,하수도 GIS DB구축 사업",2017-12-30,1.21117E+13,(주)진성이엔씨,2018-09-17
567,AE908,1.21117E+13,분전함번호;07170222330,MNG244,377130867A,1,41590600,"동탄물류단지 도로 및 상,하수도 GIS DB구축 사업",2017-12-30,1.21117E+13,(주)진성이엔씨,2018-09-17
568,AE910,8.99919E+13, ,MNG244,377130864B,1,41590420,동탄(2)택지개발사업 부지공사(1단계)GIS DB구축용역, ,8.99919E+13, ,2019-12-04
569,AE910,8.99919E+13, ,MNG244,377130872A,1,41590420,동탄(2)택지개발사업 부지공사(1단계)GIS DB구축용역, ,8.99919E+13, ,2019-12-04
570,AE910,9.99161E+11, ,MNG244,376160654A,1,41590330,경기화성바이오밸리,2016-11-01,99916121983, , 
571,AE910,9.99161E+11, ,MNG244,376160653D,1,41590330,경기화성바이오밸리,2016-11-01,99916121950, , 
572,AE910,9.99161E+11, ,MNG244,376160653B,1,41590330,경기화성바이오밸리,2016-11-01,99916121991, , 
573,AE910,9.99161E+11, ,MNG244,376160642B,1,41590330,경기화성바이오밸리,2016-11-01,99916122049, , 
574,AE910,9.99161E+11, ,MNG244,376160632C,1,41590330,경기화성바이오밸리,2016-11-01,99916122054, , 
575,AE910,9.99161E+11, ,MNG244,376160632C,1,41590330,경기화성바이오밸리,2016-11-01,99916122055, , 
576,AE910,8.99919E+13, ,MNG244,377130780C,1,41590420,동탄(2)택지개발사업 부지공사(1단계)GIS DB구축용역, ,8.99919E+13, ,2019-12-04
577,AE910,900251,동부LP318-67,MNG244,377130253C,1,41590550, ,1900-01-01,0, , 
578,AE910,900253,동부LP318-65,MNG244,377130262B,1,41590550, ,1900-01-01,0, , 
579,AE910,900255,동부LP318-63,MNG244,377130262A,1,41590550, ,1900-01-01,0, , 
580,AE910,900258,동부LP84-50,MNG244,377130262C,1,41590520, ,1900-01-01,0, , 
581,AE910,900257,동부LP84-51,MNG244,377130262C,1,41590587, ,1900-01-01,0, , 
582,AE910,900259,동부LP84-49,MNG244,377130262C,1,41590520, ,1900-01-01,0, , 
583,AE910,900260,동부LP84-48,MNG244,377130262C,1,41590520, ,1900-01-01,0, , 
584,AE910,900256,동부LP84-52,MNG244,377130262A,1,41590587, ,1900-01-01,0, , 
585,AE910,900247,동부LP318-71,MNG244,377130253C,1,41590550, ,1900-01-01,0, , 
586,AE910,900083,동부LP-77,MNG244,377130233C,1,41590550, ,1900-01-01,0, , 
587,AE910,900363,서신LP-19,MNG244,376150845A,1,41590350, ,1900-01-01,0, , 
588,AE910,411036,LP-14,MNG244,377130717A,1,41590586, ,2007-05-01,2200719009, , 
589,AE910,411022,LP-20,MNG244,377130715A,1,41590586, ,2007-05-01,0, , 
590,AE908,1.21118E+13,39170894902,MNG244,377130291C,1,41590520,화성시 능동지구 도시계획도로 개설공사 GIS DB 구축사업,2017-12-31,1.21118E+13,㈜진성이엔씨,2018-09-17
591,AE908,1.21118E+13,39170894902,MNG244,377130291C,1,41590520,화성시 능동지구 도시계획도로 개설공사 GIS DB 구축사업,2017-12-31,1.21118E+13,㈜진성이엔씨,2018-09-17
592,AE908,1.21118E+13,39170894902,MNG244,377130199D,1,41590520,화성시 능동지구 도시계획도로 개설공사 GIS DB 구축사업,2017-12-31,1.21118E+13,㈜진성이엔씨,2018-09-17
593,AE910,99920150083, ,MNG244,376150579D,1,41590340, ,1900-01-01,99920150649, , 
594,AE908,8.99916E+13,LP3A-G14-05,MNG305,377130831D,1,41590000, ,2016-01-01,8.99916E+13,새한항업,2019-01-05
595,AE908,8.99916E+13,LP3A-PS-04,MNG305,377130831A,1,41590000, ,2016-01-01,8.99916E+13,새한항업,2019-01-05
596,AE910,8.88615E+11,LP1-25,MNG135,376161475A,1,41590259,화성 향남 2지구 도로 및 지하시설물 DB 구축(20170831),2016-01-01,614750305, ,2017-08-31
597,AE910,8.2992E+13, ,MNG244,376160101A,1,41590340,송산그린시티 기반시설 건설공사 도로 및 지하매설물 GIS D/B 구축용역,2019-12-21,8.2992E+13,제일항업(주),2020-10-21
598,AE910,411083,-,MNG244,377130265A,1,41590585, ,2007-05-01,0, , 
599,AE910,411110,LP-100,MNG244,377130266A,1,41590585, ,2007-05-01,0, , 
600,AE910,411102,LP-101,MNG244,377130266B,1,41590585, ,2007-05-01,2400319001, , 
601,AE910,411095,LP-S1,MNG244,377130254D,1,41590585, ,2007-05-01,2501919003, , 
602,AE910,411092,LP-105,MNG244,377130255C,1,41590585, ,2007-05-01,2501919003, , 
603,AE910,411093,LP-103,MNG244,377130255D,1,41590585, ,2007-05-01,2501819001, , 
604,AE910,411107,LP-S13,MNG244,377130255B,1,41590585, ,2007-05-01,0, , 
605,AE910,411109,LP-102,MNG244,377130256C,1,41590585, ,2007-05-01,2200119003, , 
606,AE910,411149,-,MNG244,377130256A,1,41590585, ,2007-05-01,0, , 
607,AE910,411084,-,MNG244,377130255A,1,41590585, ,2007-05-01,0, , 
608,AE910,411094,LP-S2,MNG244,377130255B,1,41590585, ,2007-05-01,2504319001, , 
609,AE910,8.88615E+11,LP-1비익교,MNG135,376161474A,1,41590259,화성 향남 2지구 도로 및 지하시설물 DB 구축(20170831),2016-01-01,614740700, ,2017-08-31
610,AE910,8.88615E+11,LP1-26,MNG135,376161474B,1,41590259,화성 향남 2지구 도로 및 지하시설물 DB 구축(20170831),2016-01-01,614740311, ,2017-08-31
611,AE910,8.88615E+11,LP1-24,MNG135,376161465C,1,41590259,화성 향남 2지구 도로 및 지하시설물 DB 구축(20170831),2016-01-01,614650423, ,2017-08-31
612,AE910,8.88615E+11,LP1-38,MNG135,376161475A,1,41590259,화성 향남 2지구 도로 및 지하시설물 DB 구축(20170831),2016-01-01,614750295, ,2017-08-31
613,AE910,8.88619E+11,LP2-29,MNG135,376161901A,1,41590259,화성 향남 2지구 도로 및 지하시설물 DB 구축(20170831),2016-01-01,619010047, ,2017-08-31
614,AE910,8.88619E+11,LP2-33,MNG135,376161901A,1,41590259,화성 향남 2지구 도로 및 지하시설물 DB 구축(20170831),2016-01-01,619010013, ,2017-08-31
615,AE910,8.88619E+11,LP2-28,MNG135,376161901A,1,41590259,화성 향남 2지구 도로 및 지하시설물 DB 구축(20170831),2016-01-01,618100564, ,2017-08-31
616,AE910,900073,장안LP61-4,MNG244,376161744C,1,41590370, ,1900-01-01,0, , 
617,AE910,900072,장안LP61-3,MNG244,376161736A,1,41590370, ,1900-01-01,0, , 
618,AE910,900070,장안LP203-13,MNG244,376161279B,1,41590370, ,1900-01-01,0, , 
619,AE908,8.99916E+13,LP-3A-0.9,MNG305,377130831D,1,41590000, ,2016-01-01,8.99916E+13,새한항업,2019-01-05
620,AE908,8.99916E+13,LP-3A-10,MNG305,377130832A,1,41590000, ,2016-01-01,8.99916E+13,새한항업,2019-01-05
621,AE908,8.99916E+13,LP-3A-11,MNG305,377130832B,1,41590000, ,2016-01-01,8.99916E+13,새한항업,2019-01-05
622,AE908,8.99916E+13,-,MNG305,377130831A,1,41590000, ,2016-01-01,8.99916E+13,새한항업,2019-01-05
623,AE908,8.99916E+13,-,MNG305,377130720C,1,41590000, ,2016-01-01,8.99916E+13,새한항업,2019-01-05
624,AE908,8.99916E+13,LP-1B-08,MNG305,377130730A,1,41590000, ,2016-01-01,8.99916E+13,새한항업,2019-01-05
625,AE908,8.99916E+13,LP-3A-02,MNG305,377130720D,1,41590000, ,2016-01-01,8.99916E+13,새한항업,2019-01-05
626,AE908,8.99916E+13,LP-3A-01,MNG305,377130730B,1,41590000, ,2016-01-01,8.99916E+13,새한항업,2019-01-05
627,AE908,8.99916E+13,LP-3A-P5-02,MNG305,377130730D,1,41590000, ,2016-01-01,8.99916E+13,새한항업,2019-01-05
628,AE908,8.99916E+13,LP-3A-06,MNG305,377130821C,1,41590000, ,2016-01-01,8.99916E+13,새한항업,2019-01-05
629,AE908,8.99916E+13,-,MNG305,377130740B,1,41590000, ,2016-01-01,8.99916E+13,새한항업,2019-01-05
630,AE908,8.99916E+13,-,MNG305,377130740B,1,41590000, ,2016-01-01,8.99916E+13,새한항업,2019-01-05
631,AE908,8.99916E+13,-,MNG305,377130831C,1,41590000, ,2016-01-01,8.99916E+13,새한항업,2019-01-05
632,AE908,8.99916E+13,-,MNG305,377130832D,1,41590000, ,2016-01-01,8.99916E+13,새한항업,2019-01-05
633,AE908,8.99916E+13,LP-3A-G13,MNG305,377130832A,1,41590000, ,2016-01-01,8.99916E+13,새한항업,2019-01-05
634,AE910,8.99919E+13, ,MNG244,377130882A,1,41590420,동탄(2)택지개발사업 부지공사(1단계)GIS DB구축용역, ,8.99919E+13, ,2019-12-04
635,AE910,900059,동부LP84-91,MNG244,377130184D,1,41590570, ,1900-01-01,1208431018, , 
636,AE910,900046,동부LP-22,MNG244,377130197B,1,41590530, ,1900-01-01,2600431002, , 
637,AE910,8.99919E+13, ,MNG244,377130881B,1,41590420,동탄(2)택지개발사업 부지공사(1단계)GIS DB구축용역, ,8.99919E+13, ,2019-12-04
638,AE908,5.41509E+11, ,MNG244,376150924C,1,41590350,전곡해양산업단지(2차) 도로 및 지하시설물 GIS DB구축 용역(20171207),2015-06-01,54160923004, ,2017-12-07
639,AE910,8.2992E+13, ,MNG244,376160102B,1,41590340,송산그린시티 기반시설 건설공사 도로 및 지하매설물 GIS D/B 구축용역,2019-12-21,8.2992E+13,제일항업(주),2020-10-21
640,AE908,2.21618E+13,분전함번호;05170685738,MNG244,376160311A,1,41590320,시도69호선 도로확포장공사 GIS DB 구축용역,2017-10-20,2.21618E+13,(주)성원공간정보,2018-08-31
641,AE910,411048,-,MNG244,377130273D,1,41590585, ,2007-05-01,0, , 
642,AE910,411146,LP-S10,MNG244,377130273D,1,41590585, ,2007-05-01,0, , 
643,AE910,900154,남양LP-6,MNG244,376160283A,1,41590262, ,1900-01-01,2600133303, , 
644,AE910,900153,남양LP77-5,MNG244,376160284A,1,41590262, ,1900-01-01,1107733265, , 
645,AE910,9.99161E+11, ,MNG244,376160655C,1,41590330,경기화성바이오밸리,2016-11-01,99916121976, , 
646,AE910,9.99161E+11, ,MNG244,376160655B,1,41590330,경기화성바이오밸리,2016-11-01,99916122034, , 
647,AE910,900079,팔탄LP310-2,MNG244,376160981B,1,41590360, ,1900-01-01,0, , 
648,AE910,900078,팔탄LP318-1,MNG244,376160971D,1,41590360, ,1900-01-01,2700112101, , 
649,AE910,900321,정남LP203-14-1,MNG244,377130685B,1,41590410, ,1900-01-01,9000731105, , 
650,AE910,900320,정남LP82-13,MNG244,377131136A,1,41590410, ,1900-01-01,1208231121, , 
651,AE908,8.99916E+13,LP-3C-05,MNG305,377130874D,1,41590000, ,2016-01-01,8.99916E+13,새한항업,2019-01-05
652,AE910,900285,봉담LP-27,MNG244,376160576A,1,41590253, ,1900-01-01,0, , 
653,AE910,900284,봉담LP-26,MNG244,376160566C,1,41590253, ,1900-01-01,0, , 
654,AE908,2.11605E+11, ,MNG244,376160533A,1,41590253,봉담읍 수영리 교차로 개선사업 GIS DB구축,2011-06-01,21160533031, , 
655,AE908,2.11605E+11,KH140598616,MNG244,376160512D,1,41590253,봉담읍 수영리 교차로 개선사업 GIS DB구축,2011-06-01,21160512006, , 
656,AE910,8.99919E+13, ,MNG244,377130881B,1,41590420,동탄(2)택지개발사업 부지공사(1단계)GIS DB구축용역, ,8.99919E+13, ,2019-12-04
657,AE910,8.99919E+13, ,MNG244,377130872A,1,41590420,동탄(2)택지개발사업 부지공사(1단계)GIS DB구축용역, ,8.99919E+13, ,2019-12-04
658,AE910,8.99919E+13, ,MNG244,377130872A,1,41590420,동탄(2)택지개발사업 부지공사(1단계)GIS DB구축용역, ,8.99919E+13, ,2019-12-04
659,AE910,8.99919E+13, ,MNG244,377130871B,1,41590420,동탄(2)택지개발사업 부지공사(1단계)GIS DB구축용역, ,8.99919E+13, ,2019-12-04
660,AE910,426026,TH141568844,MNG244,376160561B,1,41590253, ,2008-07-24,1019042026, , 
661,AE908,5.31509E+11,01-25-119991-1501,MNG244,376150925C,1,41590350,전곡해양산업단지 도로 및 지하시설물 GIS DB구축 용역(20171207),2015-01-01,53150608044, ,2017-12-07
662,AE908,5.31509E+11,01-25-1187862-1501,MNG244,376150925D,1,41590350,전곡해양산업단지 도로 및 지하시설물 GIS DB구축 용역(20171207),2015-01-01,53150608045, ,2017-12-07
663,AE908,5.31509E+11,01-25-1187152-1501,MNG244,376150926D,1,41590350,전곡해양산업단지 도로 및 지하시설물 GIS DB구축 용역(20171207),2015-01-01,53150608026, ,2017-12-07
664,AE908,5.31509E+11,01-25-1187870-1501,MNG244,376150926D,1,41590350,전곡해양산업단지 도로 및 지하시설물 GIS DB구축 용역(20171207),2015-01-01,53150608030, ,2017-12-07
665,AE908,5.31509E+11,39170894624,MNG244,376150926D,1,41590350,전곡해양산업단지 도로 및 지하시설물 GIS DB구축 용역(20171207),2015-01-01,0, ,2017-12-07
666,AE908,5.31509E+11,39170894640,MNG244,376150927C,1,41590350,전곡해양산업단지 도로 및 지하시설물 GIS DB구축 용역(20171207),2015-01-01,53150608018, ,2017-12-07
667,AE910,411144,-,MNG244,377130701C,1,41590587, ,2007-05-01,0, , 
668,AE910,8.88615E+11,LP2-14,MNG135,376161481C,1,41590259,화성 향남 2지구 도로 및 지하시설물 DB 구축(20170831),2016-01-01,614810226, ,2017-08-31
669,AE910,8.88615E+11,LP2-2-42,MNG135,376161471C,1,41590259,화성 향남 2지구 도로 및 지하시설물 DB 구축(20170831),2016-01-01,614710372, ,2017-08-31
670,AE908,8.99919E+13, ,MNG409,376160276D,1,41590262,화성 남양 뉴타운 도로 및 지하시설물 GIS 구축 용역(2차), ,0,㈜한양지에스티,2020-05-20
671,AE908,8.99919E+13, ,MNG409,376160276B,1,41590262,화성 남양 뉴타운 도로 및 지하시설물 GIS 구축 용역(2차), ,8.99919E+13,㈜한양지에스티,2020-05-20
672,AE910,8.21118E+13,LP-09,MNG409,376122213D,1,41590000, ,2018-01-01,8.21117E+13,(주)지아이에스21,2021-03-23
673,AE910,3.21621E+13, ,MNG305,376151062A,1,41590350,서신도시계획도로 소로1-2호선 외 5개소 개설공사 GIS DB 구축용역,2020-01-01,3.21621E+13,지오스,2021-05-31
674,AE910,3.21621E+13, ,MNG305,376151061B,1,41590350,서신도시계획도로 소로1-2호선 외 5개소 개설공사 GIS DB 구축용역,2020-01-01,3.21621E+13,지오스,2021-05-31
675,AE910,8.2162E+13,봉담-94,MNG305,376160460C,1,41590253,화성봉담2 공공주택지구 도로 및 지하시설물 GIS DB 구축용역,2020-01-01,8.2162E+13,중앙항업(주),2021-05-20
676,AE910,8.99919E+13, ,MNG244,377130882A,1,41590420,동탄(2)택지개발사업 부지공사(1단계)GIS DB구축용역, ,8.99919E+13, ,2019-12-04
677,AE908,2.15304E+11,LP1B-6NP-04,MNG244,377130395A,1,41590590, ,2014-01-01,21530394072, , 
678,AE910,8.88614E+11,TH151776210,MNG244,376161438A,1,41590259, ,2009-01-01,88614380001, , 
679,AE910,900125,향남LP-51,MNG244,376161840C,1,41590259, ,1900-01-01,0, , 
680,AE910,900124,향남LP-50,MNG244,376161839D,1,41590259, ,1900-01-01,0, , 
681,AE910,900058,동부LP85-92,MNG244,377130184D,1,41590570, ,1900-01-01,1208431017, , 
682,AE910,900049,동부LP-26,MNG244,377130198D,1,41590530, ,1900-01-01,2007131001, , 
683,AE908,8.99916E+13,LP-1B-36,MNG305,377130710C,1,41590000, ,2016-01-01,8.99916E+13,새한항업,2019-01-05
684,AE908,8.99916E+13,LB-1B-37,MNG305,377130710C,1,41590000, ,2016-01-01,8.99916E+13,새한항업,2019-01-05
685,AE908,8.99916E+13,LP-1B-38,MNG305,377130720A,1,41590000, ,2016-01-01,8.99916E+13,새한항업,2019-01-05
686,AE908,8.99916E+13,-,MNG305,377130882D,1,41590000, ,2016-01-01,8.99916E+13,새한항업,2019-01-05
687,AE908,8.99916E+13,LP-3C-01,MNG305,377130882B,1,41590000, ,2016-01-01,8.99916E+13,새한항업,2019-01-05
688,AE908,8.99916E+13,LP3C-S3-01,MNG305,377130874D,1,41590000, ,2016-01-01,8.99916E+13,새한항업,2019-01-05
689,AE908,8.99916E+13,LP-3C-09,MNG305,377130882D,1,41590000, ,2016-01-01,8.99916E+13,새한항업,2019-01-05
690,AE908,8.99916E+13,LP-3C-10,MNG305,377130883C,1,41590000, ,2016-01-01,8.99916E+13,새한항업,2019-01-05
691,AE908,4.21616E+13, ,MNG244,376122492D,1,41590310,매송도시계획도로 (소로1-12호선) 개설공사 GIS DB구축 사업,2016-06-01,4.21616E+13,㈜선진이엔씨,2018-05-02
692,AE908,99920171013,29-25-0034732-1702,MNG244,376122283D,1,41590510,송산그린시티 기반시설 건설공사 도로 및 지하매설물 GIS D/B 구축용역(20171229),2017-01-01,99920171045, ,2017-12-29
693,AE908,99920171011,29-25-0034746-1702,MNG244,376122273A,1,41590510,송산그린시티 기반시설 건설공사 도로 및 지하매설물 GIS D/B 구축용역(20171229),2017-01-01,99920171045, ,2017-12-29
694,AE908,8.21618E+13,KSC8324,MNG244,376150963C,1,41590350,백미-송교간 도로확포장공사 GIS DB 구축용역,2017-12-31,8.21618E+13,(주)우주공간정보,2018-11-02
695,AE910,8.99919E+13, ,MNG244,377130780B,1,41590420,동탄(2)택지개발사업 부지공사(1단계)GIS DB구축용역, ,8.99919E+13, ,2019-12-04
696,AE910,9.99161E+11, ,MNG244,376160664A,1,41590330,경기화성바이오밸리,2016-11-01,99916121946, , 
697,AE910,9.99161E+11, ,MNG244,376160664A,1,41590330,경기화성바이오밸리,2016-11-01,99916121946, , 
698,AE910,8.99919E+13, ,MNG244,377130862A,1,41590420,동탄(2)택지개발사업 부지공사(1단계)GIS DB구축용역, ,8.99919E+13, ,2019-12-04
699,AE910,8.99919E+13, ,MNG244,377130780A,1,41590420,동탄(2)택지개발사업 부지공사(1단계)GIS DB구축용역, ,8.99919E+13, ,2019-12-04
700,AE910,8.99919E+13, ,MNG244,377130780A,1,41590420,동탄(2)택지개발사업 부지공사(1단계)GIS DB구축용역, ,8.99919E+13, ,2019-12-04
701,AE910,8.99919E+13, ,MNG244,377130790B,1,41590420,동탄(2)택지개발사업 부지공사(1단계)GIS DB구축용역, ,8.99919E+13, ,2019-12-04
702,AE910,8.99919E+13, ,MNG244,377130881B,1,41590420,동탄(2)택지개발사업 부지공사(1단계)GIS DB구축용역, ,8.99919E+13, ,2019-12-04
703,AE910,8.99919E+13, ,MNG244,377130871C,1,41590420,동탄(2)택지개발사업 부지공사(1단계)GIS DB구축용역, ,8.99919E+13, ,2019-12-04
704,AE910,8.99919E+13, ,MNG244,377130780D,1,41590420,동탄(2)택지개발사업 부지공사(1단계)GIS DB구축용역, ,8.99919E+13, ,2019-12-04
705,AE910,8.99919E+13, ,MNG244,377130790B,1,41590420,동탄(2)택지개발사업 부지공사(1단계)GIS DB구축용역, ,8.99919E+13, ,2019-12-04
706,AE910,8.99919E+13, ,MNG244,377130882A,1,41590420,동탄(2)택지개발사업 부지공사(1단계)GIS DB구축용역, ,8.99919E+13, ,2019-12-04
707,AE910,8.2992E+13, ,MNG244,376150510A,1,41590340,송산그린시티 기반시설 건설공사 도로 및 지하매설물 GIS D/B 구축용역,2019-12-21,8.2992E+13,제일항업(주),2020-10-21
708,AE910,8.2992E+13, ,MNG244,376122194C,1,41590340,송산그린시티 기반시설 건설공사 도로 및 지하매설물 GIS D/B 구축용역,2019-12-21,8.2992E+13,제일항업(주),2020-10-21
709,AE910,9.99302E+11, ,MNG244,377130234A,1,41590550, ,2009-01-01,99302340015, , 
710,AE910,8.88615E+11,LP-,MNG135,376161462D,1,41590259,화성 향남 2지구 도로 및 지하시설물 DB 구축(20170831),2016-01-01,614620511, ,2017-08-31
711,AE910,8.88615E+11,LP1-10,MNG135,376161462A,1,41590259,화성 향남 2지구 도로 및 지하시설물 DB 구축(20170831),2016-01-01,614620515, ,2017-08-31
712,AE910,8.88615E+11,LP1-11,MNG135,376161472A,1,41590259,화성 향남 2지구 도로 및 지하시설물 DB 구축(20170831),2016-01-01,614720351, ,2017-08-31
713,AE910,411079,LP-61,MNG244,377130274C,1,41590585, ,2007-05-01,0, , 
714,AE910,9.99161E+11, ,MNG244,376160666B,1,41590330,경기화성바이오밸리,2016-11-01,99916121931, , 
715,AE910,426027,TH141565975,MNG244,376160562A,1,41590253, ,2008-07-24,0, , 
716,AE910,426028,TH141568840,MNG244,376160561B,1,41590253, ,2008-07-24,1019042026, , 
717,AE910,800007,마도면115,MNG244,376160186C,1,41590330, ,1900-01-01,0, , 
718,AE910,300018,송산,MNG244,376150578A,1,41590340, ,2005-01-01,0, , 
719,AE910,411027,LP-1,MNG244,377130727C,1,41590586, ,2007-05-01,2300219003, , 
720,AE910,411030,LP-3,MNG244,377130726C,1,41590586, ,2007-05-01,0, , 
721,AE910,411033,LP-4,MNG244,377130725B,1,41590586, ,2007-05-01,2300219008, , 
722,AE910,411016,LP-S6,MNG244,377130706C,1,41590586, ,2007-05-01,0, , 
723,AE910,900222,비봉LP204-7,MNG244,376160315D,1,41590320, ,1900-01-01,0, , 
724,AE910,900221,비봉LP-6,MNG244,376160326B,1,41590320, ,1900-01-01,0, , 
725,AE910,900220,비봉LP-5,MNG244,376160324C,1,41590320, ,1900-01-01,0, , 
726,AE910,900219,비봉LP69-4,MNG244,376160324D,1,41590320, ,1900-01-01,2006913006, , 
727,AE910,900216,비봉LP-1,MNG244,376160325D,1,41590320, ,1900-01-01,2800113022, , 
728,AE910,900217,비봉LP-2,MNG244,376160335B,1,41590320, ,1900-01-01,0, , 
729,AE910,900039,동부LP-29,MNG244,377130189A,1,41590530, ,1900-01-01,2400231012, , 
730,AE910,900040,동부LP-30,MNG244,377130189C,1,41590530, ,1900-01-01,2502031001, , 
731,AE910,900041,동부LP-32,MNG244,377130189C,1,41590530, ,1900-01-01,2400231015, , 
732,AE910,900042,동부LP84-43,MNG244,377130190A,1,41590540, ,1900-01-01,2401044152, , 
733,AE910,900038,동부LP-27,MNG244,377130188B,1,41590530, ,1900-01-01,2704931001, , 
734,AE910,411126,LP-25,MNG244,377130295B,1,41590585, ,2007-05-01,2401019001, , 
735,AE910,411056,LP-74,MNG244,377130292B,1,41590587, ,2007-05-01,0, , 
736,AE908,2.15304E+11,LP-1B-16,MNG244,377130382A,1,41590590, ,2014-01-01,21530382582, , 
737,AE908,2.15304E+11,LP-1B-15,MNG244,377130381D,1,41590590, ,2014-01-01,21530381224, , 
738,AE908,2.15308E+11, ,MNG244,377130788A,1,41590600, ,2014-01-01,21530778528, , 
739,AE908,2.15304E+11, ,MNG244,377130385D,1,41590590, ,2014-01-01,21530385136, , 
740,AE908,2.15304E+11, ,MNG244,377130393B,1,41590590, ,2014-01-01,21530393165, , 
741,AE908,2.15304E+11, ,MNG244,377130394A,1,41590590, ,2014-01-01,21530385141, , 
742,AE908,2.15304E+11, ,MNG244,377130384B,1,41590590, ,2014-01-01,21530383137, , 
743,AE908,2.15304E+11, ,MNG244,377130396B,1,41590590, ,2014-01-01,21530396504, , 
744,AE908,2.15304E+11, ,MNG244,377130396C,1,41590590, ,2014-01-01,21530396546, , 
745,AE908,2.15304E+11, ,MNG244,377130396C,1,41590590, ,2014-01-01,21530396542, , 
746,AE908,2.15308E+11, ,MNG244,377130804D,1,41590588, ,2014-01-01,21530394537, , 
747,AE908,2.15302E+11,LP1A-PS-02,MNG244,377130200B,1,41590588, ,2014-01-01,21530200076, , 
748,AE908,2.15304E+11,LP1A-PS-01,MNG244,377130393B,1,41590588, ,2014-01-01,21530393033, , 
749,AE908,2.15307E+11,LP-1B-31,MNG244,377130710B,1,41590600, ,2014-01-01,21530710079, , 
750,AE908,2.15308E+11,LP-5,MNG244,377130758C,1,41590600, ,2014-01-01,21530758093, , 
751,AE908,2.15308E+11,LP-6,MNG244,377130758C,1,41590600, ,2014-01-01,21530758093, , 
752,AE908,2.15307E+11,LP-3,MNG244,377130748D,1,41590600, ,2014-01-01,21530748095, , 
753,AE910,1.70607E+11, ,MNG244,377130271B,1,41590520,진안도시계획도로 중로3-2호선(구태안 중로3-13) 개설공사 GIS DB 구축용역 (20170713),2017-05-01,12017050127, ,2017-07-13
754,AE910,900277,봉담LP-19,MNG244,376160555B,1,41590560, ,1900-01-01,9008821002, , 
755,AE910,900082,팔탄LP-7,MNG244,376160997D,1,41590360, ,1900-01-01,0, , 
756,AE908,1.29912E+13, ,MNG245,376161425A,1,41590259,"발안도시계획도로(대호3-5)구간 도로,하수GIS DB구축사업",2010-01-01,1.29912E+13,(주)진성이엔씨,2018-09-05
757,AE908,1.29912E+13, ,MNG245,376161425A,1,41590259,"발안도시계획도로(대호3-5)구간 도로,하수GIS DB구축사업",2010-01-01,1.29912E+13,(주)진성이엔씨,2018-09-05
758,AE908,1.29912E+13, ,MNG245,376161425C,1,41590259,"발안도시계획도로(대호3-5)구간 도로,하수GIS DB구축사업",2010-01-01,1.29912E+13,(주)진성이엔씨,2018-09-05
759,AE908,1.29912E+13, ,MNG245,376161425C,1,41590259,"발안도시계획도로(대호3-5)구간 도로,하수GIS DB구축사업",2010-01-01,1.29912E+13,(주)진성이엔씨,2018-09-05
760,AE910,411116,LP-35,MNG244,377130287C,1,41590585, ,2007-05-01,2400519007, , 
761,AE910,411024,LP-22,MNG244,377130704B,1,41590585, ,2007-05-01,0, , 
762,AE910,411015,LP-17,MNG244,377130706A,1,41590586, ,2007-05-01,2200719003, , 
763,AE910,411037,LP-S5,MNG244,377130701A,1,41590587, ,2007-05-01,2600319001, , 
764,AE910,411051,LP-71,MNG244,377130701B,1,41590587, ,2007-05-01,2200819010, , 
765,AE910,411053,LP-70,MNG244,377130702B,1,41590587, ,2007-05-01,0, , 
766,AE910,411127,LP-45,MNG244,377130295A,1,41590585, ,2007-05-01,2200919001, , 
767,AE910,411118,LP-47,MNG244,377130294A,1,41590585, ,2007-05-01,0, , 
768,AE910,411082,-,MNG244,377130286D,1,41590585, ,2007-05-01,0, , 
769,AE910,411085,-,MNG244,377130287C,1,41590585, ,2007-05-01,0, , 
770,AE910,411132,LP-44,MNG244,377130285C,1,41590585, ,2007-05-01,2200319001, , 
771,AE910,411044,-,MNG244,377130281D,1,41590587, ,2007-05-01,0, , 
772,AE910,411122,LP-39,MNG244,377130285D,1,41590585, ,2007-05-01,2100119002, , 
773,AE910,411131,LP-40,MNG244,377130285D,1,41590585, ,2007-05-01,2502419001, , 
774,AE910,411133,LP-46,MNG244,377130285C,1,41590585, ,2007-05-01,0, , 
775,AE908,1.21117E+13,30847,MNG244,377130261A,1,41590520,"반월,기산지구 시가화예정구역 도로 및 하수관거 정비사업 GIS DB 구축용역",2017-12-01,1.21117E+13,㈜진성이엔씨,2018-05-25
776,AE908,1.21117E+13,TH151481367,MNG244,377130261C,1,41590520,"반월,기산지구 시가화예정구역 도로 및 하수관거 정비사업 GIS DB 구축용역",2017-12-01,1.21117E+13,㈜진성이엔씨,2018-05-25
777,AE908,8.99919E+13,남양1,MNG409,376160295B,1,41590262,화성 남양 뉴타운 도로 및 지하시설물 GIS 구축 용역(2차), ,0,㈜한양지에스티,2020-05-20
778,AE908,8.99919E+13, ,MNG409,376160707C,1,41590262,화성 남양 뉴타운 도로 및 지하시설물 GIS 구축 용역(2차), ,8.99919E+13,㈜한양지에스티,2020-05-20
779,AE908,8.99919E+13, ,MNG409,376160707C,1,41590262,화성 남양 뉴타운 도로 및 지하시설물 GIS 구축 용역(2차), ,8.99919E+13,㈜한양지에스티,2020-05-20
780,AE908,8.99919E+13, ,MNG409,376160707D,1,41590262,화성 남양 뉴타운 도로 및 지하시설물 GIS 구축 용역(2차), ,8.99919E+13,㈜한양지에스티,2020-05-20
781,AE910,99920150009, ,MNG244,376161933B,1,41590259, ,1900-01-01,99920150303, , 
782,AE910,99920150008, ,MNG244,376161933A,1,41590259, ,1900-01-01,99920150303, , 
783,AE910,99920150046, ,MNG244,376160420A,1,41590310, ,1900-01-01,99920150199, , 
784,AE910,8.88613E+11,LP2-27,MNG135,376161300C,1,41590259,화성 향남 2지구 도로 및 지하시설물 DB 구축(20170831),2016-01-01,613000683, ,2017-08-31
785,AE910,8.88615E+11,LP2-30,MNG135,376161491A,1,41590259,화성 향남 2지구 도로 및 지하시설물 DB 구축(20170831),2016-01-01,614910074, ,2017-08-31
786,AE910,8.88615E+11,LP1-5,MNG135,376161464A,1,41590259,화성 향남 2지구 도로 및 지하시설물 DB 구축(20170831),2016-01-01,614640524, ,2017-08-31
787,AE910,8.88615E+11,LP1-23,MNG135,376161464C,1,41590259,화성 향남 2지구 도로 및 지하시설물 DB 구축(20170831),2016-01-01,614640650, ,2017-08-31
788,AE908,2.15303E+11,LP-1B-28/0,MNG244,377130290D,1,41590590, ,2014-01-01,21530290519, , 
789,AE908,2.15303E+11,LP-1B-1,MNG244,377130290B,1,41590590, ,2014-01-01,21530290298, , 
790,AE908,2.15303E+11,LP1B-PS-01,MNG244,377130290B,1,41590590, ,2014-01-01,21530290298, , 
791,AE908,2.15304E+11,LP-1B-2,MNG244,377130381B,1,41590590, ,2014-01-01,21530381296, , 
792,AE908,2.15304E+11,LP-1B-17,MNG244,377130382C,1,41590590, ,2014-01-01,21530382514, , 
793,AE910,900021,마도LP-21,MNG244,376160649A,1,41590330, ,1900-01-01,0, , 
794,AE910,900020,마도LP-20,MNG244,376160638D,1,41590330, ,1900-01-01,0, , 
795,AE910,900019,마도LP101-19,MNG244,376160638C,1,41590330, ,1900-01-01,0, , 
796,AE910,900018,마도LP-18,MNG244,376160638B,1,41590330, ,1900-01-01,0, , 
797,AE910,900017,마도LP-17,MNG244,376160639B,1,41590330, ,1900-01-01,0, , 
798,AE910,900016,마도LP-16,MNG244,376160639A,1,41590330, ,1900-01-01,0, , 
799,AE910,900015,마도LP101-15,MNG244,376160629C,1,41590330, ,1900-01-01,0, , 
800,AE910,900014,마도LP101-14,MNG244,376160629A,1,41590330, ,1900-01-01,0, , 
801,AE910,900013,마도LP322-13,MNG244,376160183A,1,41590330, ,1900-01-01,0, , 
802,AE910,900012,마도LP322-12,MNG244,376160183B,1,41590330, ,1900-01-01,0, , 
803,AE910,900011,마도LP322-11,MNG244,376160185C,1,41590330, ,1900-01-01,0, , 
804,AE910,900010,마도LP322-10,MNG244,376160185C,1,41590330, ,1900-01-01,0, , 
805,AE910,900009,마도LP322-9,MNG244,376160198A,1,41590330, ,1900-01-01,0, , 
806,AE910,900008,마도LP322-8,MNG244,376160198A,1,41590330, ,1900-01-01,0, , 
807,AE910,900007,마도LP322-7,MNG244,376160186D,1,41590330, ,1900-01-01,0, , 
808,AE910,900005,마도LP-5,MNG244,376160186C,1,41590330, ,1900-01-01,0, , 
809,AE910,900004,마도LP-4,MNG244,376160195B,1,41590330, ,1900-01-01,0, , 
810,AE910,900003,마도LP-3,MNG244,376160185D,1,41590330, ,1900-01-01,0, , 
811,AE910,900002,마도LP-2,MNG244,376160185D,1,41590330, ,1900-01-01,9001033501, , 
812,AE910,900001,마도LP201-1,MNG244,376160185C,1,41590330, ,1900-01-01,0, , 
813,AE910,900177,남양LP318-29,MNG244,376160717B,1,41590262, ,1900-01-01,1331833227, , 
814,AE910,900283,봉담LP-25,MNG244,376160566C,1,41590253, ,1900-01-01,0, , 
815,AE910,99920150040, ,MNG244,376160770A,1,41590262, ,1900-01-01,99920150257, , 
816,AE910,900182,동부LP84-3-1,MNG244,377130177D,1,41590520, ,1900-01-01,1208431039, , 
817,AE910,900183,동부LP-311-1,MNG244,377130198B,1,41590530, ,1900-01-01,2705931002, , 
818,AE910,900185,동부LP1-12-1,MNG244,377130177A,1,41590520, ,1900-01-01,0, , 
819,AE908,1.21615E+13,TH151326933,MNG244,376150875B,1,41590350,서신 도시계획도로(소로1-7호선)개설공사 GIS DB 구축용역,2015-06-01,1.21615E+13,㈜진성이엔씨,2018-04-12
820,AE910,8.2162E+13, ,MNG305,376161056C,1,41590410,화성향남2 주변도로 건설사업 도로 및 지하시설물 GIS DB 구축용역,2020-01-01,8.2162E+13,(주)한라지리정보,2021-04-16
821,AE910,8.2162E+13, ,MNG305,376161064D,1,41590410,화성향남2 주변도로 건설사업 도로 및 지하시설물 GIS DB 구축용역,2020-01-01,8.2162E+13,(주)한라지리정보,2021-04-16
822,AE910,8.2162E+13, ,MNG305,376161074C,1,41590410,화성향남2 주변도로 건설사업 도로 및 지하시설물 GIS DB 구축용역,2020-01-01,8.2162E+13,(주)한라지리정보,2021-04-16
823,AE910,8.2162E+13, ,MNG305,376161084C,1,41590410,화성향남2 주변도로 건설사업 도로 및 지하시설물 GIS DB 구축용역,2020-01-01,8.2162E+13,(주)한라지리정보,2021-04-16
824,AE910,8.2162E+13, ,MNG305,376161084C,1,41590410,화성향남2 주변도로 건설사업 도로 및 지하시설물 GIS DB 구축용역,2020-01-01,8.2162E+13,(주)한라지리정보,2021-04-16
825,AE910,8.2162E+13, ,MNG305,376161084A,1,41590410,화성향남2 주변도로 건설사업 도로 및 지하시설물 GIS DB 구축용역,2020-01-01,8.2162E+13,(주)한라지리정보,2021-04-16
826,AE910,8.2162E+13, ,MNG305,376161093D,1,41590410,화성향남2 주변도로 건설사업 도로 및 지하시설물 GIS DB 구축용역,2020-01-01,8.2162E+13,(주)한라지리정보,2021-04-16
827,AE910,8.2162E+13, ,MNG305,376161503C,1,41590410,화성향남2 주변도로 건설사업 도로 및 지하시설물 GIS DB 구축용역,2020-01-01,8.2162E+13,(주)한라지리정보,2021-04-16
828,AE910,8.2162E+13, ,MNG305,376161512B,1,41590259,화성향남2 주변도로 건설사업 도로 및 지하시설물 GIS DB 구축용역,2020-01-01,8.2162E+13,(주)한라지리정보,2021-04-16
829,AE910,8.2162E+13, ,MNG305,376161522A,1,41590259,화성향남2 주변도로 건설사업 도로 및 지하시설물 GIS DB 구축용역,2020-01-01,8.2162E+13,(주)한라지리정보,2021-04-16
830,AE910,8.2162E+13, ,MNG305,376161522C,1,41590259,화성향남2 주변도로 건설사업 도로 및 지하시설물 GIS DB 구축용역,2020-01-01,8.2162E+13,(주)한라지리정보,2021-04-16
831,AE910,8.2162E+13, ,MNG305,376161531D,1,41590259,화성향남2 주변도로 건설사업 도로 및 지하시설물 GIS DB 구축용역,2020-01-01,8.2162E+13,(주)한라지리정보,2021-04-16
832,AE910,900089,향남LP39-15,MNG244,376161913C,1,41590259, ,1900-01-01,8.21618E+13, ,2021-04-16
833,AE910,900096,향남LP39-22,MNG244,376161923A,1,41590259, ,1900-01-01,8.21618E+13, ,2021-04-16
834,AE910,900091,향남LP39-17,MNG244,376161913C,1,41590259, ,1900-01-01,8.21618E+13, ,2021-04-16
835,AE910,900090,향남LP39-16,MNG244,376161913C,1,41590259, ,1900-01-01,8.21618E+13, ,2021-04-16
836,AE910,99920150011, ,MNG244,376161923A,1,41590259, ,1900-01-01,8.21618E+13, ,2021-04-16
837,AE910,99920150014, ,MNG244,376161913C,1,41590259, ,1900-01-01,8.21618E+13, ,2021-04-16
838,AE910,99920150015, ,MNG244,376161913C,1,41590259, ,1900-01-01,8.21618E+13, ,2021-04-16
839,AE910,99920150003, ,MNG244,376161427A,1,41590259, ,1900-01-01,99920150435, , 
840,AE910,1.21121E+13, ,MNG409,376161979B,1,41590400,화성 양감 요당지구 지구단위계획 GIS DB 구축용역,2020-12-01,1.21121E+13,㈜진성이엔씨,2022-05-03
841,AE910,1.21121E+13, ,MNG409,376161979B,1,41590400,화성 양감 요당지구 지구단위계획 GIS DB 구축용역,2020-12-01,1.21121E+13,㈜진성이엔씨,2022-05-03
842,AE910,1.21121E+13, ,MNG409,376161979D,1,41590400,화성 양감 요당지구 지구단위계획 GIS DB 구축용역,2020-12-01,1.21121E+13,㈜진성이엔씨,2022-05-03
843,AE910,8.21622E+13, ,MNG409,377130177A,1,41590520,진안도시계획도로 소로2-23호선 개설공사 GIS DB구축용역,2021-12-01,8.21622E+13,(주)대광지오텍,2022-05-04
844,AE910,8.99919E+13, ,MNG244,377130872A,1,41590420,동탄(2)택지개발사업 부지공사(1단계)GIS DB구축용역, ,8.99919E+13, ,2019-12-04
845,AE910,8.99919E+13, ,MNG244,377130871D,1,41590420,동탄(2)택지개발사업 부지공사(1단계)GIS DB구축용역, ,8.99919E+13, ,2019-12-04
846,AE910,8.99919E+13, ,MNG244,377130780D,1,41590420,동탄(2)택지개발사업 부지공사(1단계)GIS DB구축용역, ,8.99919E+13, ,2019-12-04
847,AE910,8.99919E+13, ,MNG244,377130770D,1,41590420,동탄(2)택지개발사업 부지공사(1단계)GIS DB구축용역, ,8.99919E+13, ,2019-12-04
848,AE910,8.99919E+13, ,MNG244,377130892B,1,41590420,동탄(2)택지개발사업 부지공사(1단계)GIS DB구축용역, ,8.99919E+13, ,2019-12-04
849,AE910,8.99919E+13, ,MNG244,377130779C,1,41590420,동탄(2)택지개발사업 부지공사(1단계)GIS DB구축용역, ,8.99919E+13, ,2019-12-04
850,AE910,8.99919E+13, ,MNG244,377130779A,1,41590420,동탄(2)택지개발사업 부지공사(1단계)GIS DB구축용역, ,8.99919E+13, ,2019-12-04
851,AE910,8.99919E+13, ,MNG244,377130779C,1,41590420,동탄(2)택지개발사업 부지공사(1단계)GIS DB구축용역, ,8.99919E+13, ,2019-12-04
852,AE910,8.99919E+13, ,MNG244,377130779B,1,41590420,동탄(2)택지개발사업 부지공사(1단계)GIS DB구축용역, ,8.99919E+13, ,2019-12-04
853,AE910,900333,동부LP-96,MNG244,377130183B,1,41590570, ,1900-01-01,0, , 
854,AE910,900336,동부LP1-85,MNG244,377130145D,1,41590520, ,1900-01-01,0, , 
855,AE910,900338,동부LP82-86,MNG244,377130146A,1,41590520, ,1900-01-01,0, , 
856,AE910,900339,동부LP1-83,MNG244,377130145D,1,41590520, ,1900-01-01,0, , 
857,AE910,900334,동부LP-114,MNG244,376160549C,1,41590560, ,1900-01-01,2007021038, , 
858,AE910,900335,동부LP84-105,MNG244,376160588D,1,41590570, ,1900-01-01,2501721001, , 
859,AE910,900246,동부LP318-72,MNG244,377130243B,1,41590550, ,1900-01-01,1331531051, , 
860,AE910,900249,동부LP318-69,MNG244,377130253A,1,41590550, ,1900-01-01,0, , 
861,AE910,8.88615E+11,LP-1하늘교,MNG135,376161464A,1,41590259,화성 향남 2지구 도로 및 지하시설물 DB 구축(20170831),2016-01-01,614641674, ,2017-08-31
862,AE910,8.99919E+13, ,MNG244,377130866C,1,41590420,동탄(2)택지개발사업 부지공사(1단계)GIS DB구축용역, ,8.99919E+13, ,2019-12-04
863,AE910,8.99919E+13, ,MNG244,377130867D,1,41590420,동탄(2)택지개발사업 부지공사(1단계)GIS DB구축용역, ,8.99919E+13, ,2019-12-04
864,AE910,8.99919E+13, ,MNG244,377130873A,1,41590420,동탄(2)택지개발사업 부지공사(1단계)GIS DB구축용역, ,8.99919E+13, ,2019-12-04
865,AE908,2.21618E+13,분전함번호;01171861372,MNG244,376160323C,1,41590320,시도69호선 도로확포장공사 GIS DB 구축용역,2017-10-20,2.21618E+13,(주)성원공간정보,2018-08-31
866,AE908,2.21618E+13,분전함번호;05170689688,MNG244,376160322D,1,41590320,시도69호선 도로확포장공사 GIS DB 구축용역,2017-10-20,2.21618E+13,(주)성원공간정보,2018-08-31
867,AE908,2.21618E+13,분전함번호;05170685886,MNG244,376160322B,1,41590320,시도69호선 도로확포장공사 GIS DB 구축용역,2017-10-20,2.21618E+13,(주)성원공간정보,2018-08-31
868,AE908,2.21618E+13,분전함번호;05170686188,MNG244,376160311D,1,41590320,시도69호선 도로확포장공사 GIS DB 구축용역,2017-10-20,2.21618E+13,(주)성원공간정보,2018-08-31
869,AE908,2.21618E+13,분전함번호;05170690060,MNG244,376160311D,1,41590320,시도69호선 도로확포장공사 GIS DB 구축용역,2017-10-20,2.21618E+13,(주)성원공간정보,2018-08-31
870,AE908,2.21618E+13,분전함번호;05170689743,MNG244,376160311D,1,41590320,시도69호선 도로확포장공사 GIS DB 구축용역,2017-10-20,2.21618E+13,(주)성원공간정보,2018-08-31
871,AE908,2.21618E+13,분전함번호;05170686196,MNG244,376160311A,1,41590320,시도69호선 도로확포장공사 GIS DB 구축용역,2017-10-20,2.21618E+13,(주)성원공간정보,2018-08-31
872,AE908,9.99614E+11, ,MNG135,376161432C,1,41590259,발안도시계획도로(소1-8호선)개설공사,2011-06-01,99960000002, , 
873,AE908,1.21618E+13, ,MNG244,376161680A,1,41590256,도로 및 지하매설물 GIS DB 용역(화산리),2017-12-31,1.21618E+13,㈜진성이엔씨,2018-11-26
874,AE908,1.21618E+13,전선만설치상태,MNG244,376161679B,1,41590256,도로 및 지하매설물 GIS DB 용역(화산리),2017-12-31,1.21618E+13,㈜진성이엔씨,2018-11-26
875,AE910,9.99161E+11, ,MNG244,376160655D,1,41590330,경기화성바이오밸리,2016-11-01,99916121973, , 
876,AE910,9.99161E+11, ,MNG244,376160655C,1,41590330,경기화성바이오밸리,2016-11-01,99916121940, , 
877,AE910,9.99161E+11, ,MNG244,376160655C,1,41590330,경기화성바이오밸리,2016-11-01,99916121940, , 
878,AE910,900045,동부LP-36,MNG244,377130198D,1,41590530, ,1900-01-01,9015931001, , 
879,AE910,900060,동부LP84-99,MNG244,377130193D,1,41590570, ,1900-01-01,1208431011, , 
880,AE910,900051,동부LP84-101,MNG244,377130191C,1,41590570, ,1900-01-01,1208431001, , 
881,AE910,99920150061, ,MNG244,376160218A,1,41590320, ,1900-01-01,99920150548, , 
882,AE910,99920150052, ,MNG244,376160333A,1,41590320, ,1900-01-01,99920150538, , 
883,AE910,99920150053, ,MNG244,376160323C,1,41590320, ,1900-01-01,99920150538, , 
884,AE910,99920150055, ,MNG244,376160323C,1,41590320, ,1900-01-01,99920150538, , 
885,AE910,99920150080, ,MNG244,376150595B,1,41590340, ,1900-01-01,99920150649, , 
886,AE910,411019,-,MNG244,377130715C,1,41590586, ,2007-05-01,0, , 
887,AE910,411029,LP-S8,MNG244,377130714C,1,41590586, ,2007-05-01,2503219001, , 
888,AE910,411020,LP-12,MNG244,377130717C,1,41590586, ,2007-05-01,0, , 
889,AE910,411017,-,MNG244,377130716A,1,41590586, ,2007-05-01,2709419004, , 
890,AE908,5.31509E+11,01-25-1190988-1501,MNG244,376150912D,1,41590350,전곡해양산업단지 도로 및 지하시설물 GIS DB구축 용역(20171207),2015-01-01,53150608063, ,2017-12-07
891,AE910,8.88615E+11,LP2-13,MNG135,376161481C,1,41590259,화성 향남 2지구 도로 및 지하시설물 DB 구축(20170831),2016-01-01,614810234, ,2017-08-31
892,AE910,411137,-,MNG244,377130284B,1,41590585, ,2007-05-01,2708619002, , 
893,AE910,411091,LP-54,MNG244,377130286B,1,41590585, ,2007-05-01,0, , 
894,AE910,411080,LP-58,MNG244,377130274D,1,41590585, ,2007-05-01,0, , 
895,AE908,1.21616E+13, ,MNG244,377130193B,1,41590570,태안도시계획도로 1-88호선 개설공사 GIS DB구축 사업,2016-01-01,1.21616E+13,㈜진성이엔씨,2018-04-18
896,AE910,411049,LP-62,MNG244,377130273D,1,41590585, ,2007-05-01,2500719001, , 
897,AE910,411059,LP-79,MNG244,377130273C,1,41590585, ,2007-05-01,0, , 
898,AE910,9.99161E+11, ,MNG244,376160665A,1,41590330,경기화성바이오밸리,2016-11-01,99916121917, , 
899,AE910,2.2112E+13, ,MNG000,376160246B,1,41590262,화성남양뉴타운 지방도313호선 확장 및 남양IC 개량공사 중 남양뉴타운~시도18호선 연결도로 신설 GIS DB 구축용역,2017-12-01,2.2112E+13,(주)성원공간정보,2020-10-15
900,AE910,411069,LP-16,MNG244,377130706C,1,41590586, ,2007-05-01,2503119001, , 
901,AE910,900319,정남LP206-12-1,MNG244,377131103A,1,41590410, ,1900-01-01,3220631104, , 
902,AE910,900318,정남LP301-11-1,MNG244,376161096C,1,41590410, ,1900-01-01,0, , 
903,AE910,900057,동부LP84-100,MNG244,377130192C,1,41590570, ,1900-01-01,0, , 
904,AE908,8.99919E+13, ,MNG409,376160294B,1,41590262,화성 남양 뉴타운 도로 및 지하시설물 GIS 구축 용역(2차), ,8.99919E+13,㈜한양지에스티,2020-05-20
905,AE908,8.99919E+13, ,MNG409,376160284B,1,41590262,화성 남양 뉴타운 도로 및 지하시설물 GIS 구축 용역(2차), ,8.99919E+13,㈜한양지에스티,2020-05-20
906,AE908,8.99919E+13,남양9,MNG409,376160284B,1,41590262,화성 남양 뉴타운 도로 및 지하시설물 GIS 구축 용역(2차), ,8.99919E+13,㈜한양지에스티,2020-05-20
907,AE908,8.99919E+13, ,MNG409,376160284B,1,41590262,화성 남양 뉴타운 도로 및 지하시설물 GIS 구축 용역(2차), ,8.99919E+13,㈜한양지에스티,2020-05-20
908,AE908,8.99919E+13,남양9,MNG409,376160286D,1,41590262,화성 남양 뉴타운 도로 및 지하시설물 GIS 구축 용역(2차), ,0,㈜한양지에스티,2020-05-20
909,AE908,8.99919E+13, ,MNG409,376160285C,1,41590262,화성 남양 뉴타운 도로 및 지하시설물 GIS 구축 용역(2차), ,8.99919E+13,㈜한양지에스티,2020-05-20
910,AE908,8.99919E+13, ,MNG409,376160285C,1,41590262,화성 남양 뉴타운 도로 및 지하시설물 GIS 구축 용역(2차), ,8.99919E+13,㈜한양지에스티,2020-05-20
911,AE908,8.99919E+13,남양9,MNG409,376160286C,1,41590262,화성 남양 뉴타운 도로 및 지하시설물 GIS 구축 용역(2차), ,8.99919E+13,㈜한양지에스티,2020-05-20
912,AE908,8.99919E+13, ,MNG409,376160706B,1,41590262,화성 남양 뉴타운 도로 및 지하시설물 GIS 구축 용역(2차), ,8.99919E+13,㈜한양지에스티,2020-05-20
913,AE908,8.99919E+13, ,MNG409,376160705D,1,41590262,화성 남양 뉴타운 도로 및 지하시설물 GIS 구축 용역(2차), ,8.99919E+13,㈜한양지에스티,2020-05-20
914,AE908,8.99919E+13, ,MNG409,376160705D,1,41590262,화성 남양 뉴타운 도로 및 지하시설물 GIS 구축 용역(2차), ,8.99919E+13,㈜한양지에스티,2020-05-20
915,AE908,3.21618E+13,남양34,MNG409,376160298B,1,41590510,화성남양뉴타운 도로 및 지하시설물 GIS DB 구축 용역,2018-01-01,3.21618E+13,지오스,2020-05-20
916,AE908,3.21618E+13,남양15,MNG409,376160288C,1,41590510,화성남양뉴타운 도로 및 지하시설물 GIS DB 구축 용역,2018-01-01,3.21618E+13,지오스,2020-05-20
917,AE908,3.21618E+13,남양71,MNG409,376160288C,1,41590510,화성남양뉴타운 도로 및 지하시설물 GIS DB 구축 용역,2018-01-01,3.21618E+13,지오스,2020-05-20
918,AE908,3.21618E+13, ,MNG409,376160288D,1,41590510,화성남양뉴타운 도로 및 지하시설물 GIS DB 구축 용역,2018-01-01,3.21618E+13,지오스,2020-05-20
919,AE908,3.21618E+13,남양09,MNG409,376160287B,1,41590510,화성남양뉴타운 도로 및 지하시설물 GIS DB 구축 용역,2018-01-01,3.21618E+13,지오스,2020-05-20
920,AE908,3.21618E+13, ,MNG409,376160288A,1,41590510,화성남양뉴타운 도로 및 지하시설물 GIS DB 구축 용역,2018-01-01,3.21618E+13,지오스,2020-05-20
921,AE908,3.21618E+13, ,MNG409,376160288A,1,41590510,화성남양뉴타운 도로 및 지하시설물 GIS DB 구축 용역,2018-01-01,3.21618E+13,지오스,2020-05-20
922,AE908,3.21618E+13,남양70,MNG409,376160288A,1,41590510,화성남양뉴타운 도로 및 지하시설물 GIS DB 구축 용역,2018-01-01,3.21618E+13,지오스,2020-05-20
923,AE908,3.21618E+13,남양69,MNG409,376160278C,1,41590510,화성남양뉴타운 도로 및 지하시설물 GIS DB 구축 용역,2018-01-01,3.21618E+13,지오스,2020-05-20
924,AE908,3.21618E+13,남양06,MNG409,376160277A,1,41590510,화성남양뉴타운 도로 및 지하시설물 GIS DB 구축 용역,2018-01-01,3.21618E+13,지오스,2020-05-20
925,AE908,3.21618E+13,남양87,MNG409,376160276A,1,41590510,화성남양뉴타운 도로 및 지하시설물 GIS DB 구축 용역,2018-01-01,3.21618E+13,지오스,2020-05-20
926,AE908,3.21618E+13,남양23,MNG409,376160276A,1,41590510,화성남양뉴타운 도로 및 지하시설물 GIS DB 구축 용역,2018-01-01,3.21618E+13,지오스,2020-05-20
927,AE908,3.21618E+13,남양89,MNG409,376160276B,1,41590510,화성남양뉴타운 도로 및 지하시설물 GIS DB 구축 용역,2018-01-01,3.21618E+13,지오스,2020-05-20
928,AE908,3.21618E+13,남양35,MNG409,376160267C,1,41590510,화성남양뉴타운 도로 및 지하시설물 GIS DB 구축 용역,2018-01-01,3.21618E+13,지오스,2020-05-20
929,AE908,3.21618E+13,남양60,MNG409,376160267D,1,41590510,화성남양뉴타운 도로 및 지하시설물 GIS DB 구축 용역,2018-01-01,3.21618E+13,지오스,2020-05-20
930,AE908,3.21618E+13,남양61,MNG409,376160267D,1,41590510,화성남양뉴타운 도로 및 지하시설물 GIS DB 구축 용역,2018-01-01,3.21618E+13,지오스,2020-05-20
931,AE908,3.21618E+13,남양68,MNG409,376160268A,1,41590510,화성남양뉴타운 도로 및 지하시설물 GIS DB 구축 용역,2018-01-01,3.21618E+13,지오스,2020-05-20
932,AE908,2.11303E+11,56170262957,MNG244,377130251D,1,41590550,반월지구내 도시계획도로 및 상수도매설공사 GIS DB 구축 사업(20170802)_재납품,2014-01-20,21130251004, ,2017-08-02
933,AE908,2.11303E+11,1.25114E+13,MNG244,377130252D,1,41590550,반월지구내 도시계획도로 및 상수도매설공사 GIS DB 구축 사업(20170802)_재납품,2014-01-20,21130252011, ,2017-08-02
934,AE908,2.11302E+11,1141218,MNG244,377130242D,1,41590550,반월지구내 도시계획도로 및 상수도매설공사 GIS DB 구축 사업(20170802)_재납품,2014-01-20,21130242001, ,2017-08-02
935,AE908,2.11302E+11, ,MNG244,377130243C,1,41590550,반월지구내 도시계획도로 및 상수도매설공사 GIS DB 구축 사업(20170802)_재납품,2015-01-01,21150626005, ,2017-08-02
936,AE908,2.11612E+11,36170195309,MNG244,376161166A,1,41590256,호곡~주곡간 도로확포장공사 GIS DB 구축용역(20170823)_재납품,2015-01-01,21150726001, ,2017-08-23
937,AE910,99920150070, ,MNG244,376160185D,1,41590330, ,1900-01-01,99920150570, , 
938,AE910,99920150068, ,MNG244,376160185C,1,41590330, ,1900-01-01,99920150570, , 
939,AE908,2.11509E+11, ,MNG244,376150947C,1,41590350,전곡 해양산업단지 진입도로 개설공사 GIS DB 구축사업(20171102)_재납품,2014-11-27,21150947001, ,2017-11-02
940,AE910,900349,서신LP76-10,MNG244,376150956D,1,41590350, ,1900-01-01,99920150298, , 
941,AE910,900348,서신LP76-9,MNG244,376150957B,1,41590350, ,1900-01-01,99920150298, , 
942,AE910,900347,서신LP76-8,MNG244,376150959A,1,41590350, ,1900-01-01,99920150298, , 
943,AE908,2.11302E+11,1171697183,MNG244,377130183A,1,41590570,태안도시계획도로(중로 1-22호선) 개설공사 GIS DB 구축용역(20170823)_재납품,2015-01-01,21150812001, ,2017-08-23
944,AE910,8.88618E+11,LM2-Q,MNG135,376161810A,1,41590259,화성 향남 2지구 도로 및 지하시설물 DB 구축(20170831),2016-01-01,618100681, ,2017-08-31
945,AE910,8.88615E+11,LM2-M,MNG135,376161481D,1,41590259,화성 향남 2지구 도로 및 지하시설물 DB 구축(20170831),2016-01-01,614810215, ,2017-08-31
946,AE910,8.88615E+11,LP1-37,MNG135,376161475A,1,41590259,화성 향남 2지구 도로 및 지하시설물 DB 구축(20170831),2016-01-01,614750295, ,2017-08-31
947,AE910,8.88615E+11,LM1-4,MNG135,376161464A,1,41590259,화성 향남 2지구 도로 및 지하시설물 DB 구축(20170831),2016-01-01,614640497, ,2017-08-31
948,AE910,8.2992E+13,37-19-0037295,MNG244,376122297C,1,41590320,송산그린시티 기반시설 건설공사 도로 및 지하매설물 GIS D/B 구축용역,2019-12-21,8.2992E+13,제일항업(주),2020-10-21
949,AE910,8.2992E+13,37-19-0038191,MNG244,376122297A,1,41590320,송산그린시티 기반시설 건설공사 도로 및 지하매설물 GIS D/B 구축용역,2019-12-21,8.2992E+13,제일항업(주),2020-10-21
950,AE910,8.88615E+11,LP1-29,MNG135,376161473C,1,41590259,화성 향남 2지구 도로 및 지하시설물 DB 구축(20170831),2016-01-01,614730324, ,2017-08-31
951,AE910,8.88615E+11,LP1-30,MNG135,376161473C,1,41590259,화성 향남 2지구 도로 및 지하시설물 DB 구축(20170831),2016-01-01,614730315, ,2017-08-31
952,AE910,99920150047, ,MNG244,376160419B,1,41590310, ,1900-01-01,99920150199, , 
953,AE910,99920150020, ,MNG244,376161436D,1,41590259, ,1900-01-01,99920150390, , 
954,AE910,99920150021, ,MNG244,376161435D,1,41590259, ,1900-01-01,99920150390, , 
955,AE910,99920150022, ,MNG244,376161435C,1,41590259, ,1900-01-01,99920150390, , 
956,AE910,99920150023, ,MNG244,376161434C,1,41590259, ,1900-01-01,99920150390, , 
957,AE910,99920150024, ,MNG244,376161434C,1,41590259, ,1900-01-01,99920150390, , 
958,AE910,99920150025, ,MNG244,376161433C,1,41590259, ,1900-01-01,99920150390, , 
959,AE910,99920150002, ,MNG244,376161427A,1,41590259, ,1900-01-01,99920150435, , 
960,AE910,8.21618E+13, ,MNG305,376161492D,1,41590259,화성향남2 주변도로 건설사업 도로 및 지하시설물 GIS DB 구축용역,2017-12-01,8.21618E+13,(주)한라지리정보,2021-04-16
961,AE910,8.21619E+13, ,MNG305,376161476C,1,41590259,화성향남2 주변도로 건설사업 도로 및 지하시설물 GIS DB 구축용역,2017-12-01,8.21619E+13,(주)한라지리정보,2021-04-16
962,AE910,8.21619E+13, ,MNG305,376161477C,1,41590259,화성향남2 주변도로 건설사업 도로 및 지하시설물 GIS DB 구축용역,2017-12-01,8.21619E+13,(주)한라지리정보,2021-04-16
963,AE910,8.21619E+13, ,MNG305,376161487A,1,41590259,화성향남2 주변도로 건설사업 도로 및 지하시설물 GIS DB 구축용역,2017-12-01,8.21619E+13,(주)한라지리정보,2021-04-16
964,AE910,8.21619E+13, ,MNG305,376161487B,1,41590259,화성향남2 주변도로 건설사업 도로 및 지하시설물 GIS DB 구축용역,2017-12-01,8.21619E+13,(주)한라지리정보,2021-04-16
965,AE910,8.21619E+13, ,MNG305,376161480D,1,41590259,화성향남2 주변도로 건설사업 도로 및 지하시설물 GIS DB 구축용역,2017-12-01,8.21619E+13,(주)한라지리정보,2021-04-16
966,AE908,2.06307E+11, ,MNG244,377130728D,1,41590000, ,2016-01-01,26307280482,새한항업,2019-04-05
967,AE908,2.06307E+11, ,MNG244,377130708D,1,41590000, ,2016-01-01,26307080323,새한항업,2019-04-05
968,AE908,2.06307E+11, ,MNG244,377130708D,1,41590000, ,2016-01-01,26307080326,새한항업,2019-04-05
969,AE908,2.06307E+11, ,MNG244,377130729D,1,41590000, ,2016-01-01,26307290458,새한항업,2019-04-05
970,AE908,2.06307E+11, ,MNG244,377130708D,1,41590000, ,2016-01-01,26307080065,새한항업,2019-04-05
971,AE908,2.06303E+11, ,MNG244,377130288B,1,41590000, ,2016-01-01,26302880010,새한항업,2019-04-05
972,AE908,2.06303E+11, ,MNG244,377130289D,1,41590000, ,2016-01-01,26302890586,새한항업,2019-04-05
973,AE908,2.06303E+11, ,MNG244,377130289B,1,41590000, ,2016-01-01,26302890586,새한항업,2019-04-05
974,AE908,2.06303E+11, ,MNG244,377130299A,1,41590000, ,2016-01-01,26302980567,새한항업,2019-04-05
975,AE908,2.06307E+11,LP-1B-03,MNG244,377130728C,1,41590000, ,2016-01-01,26307280134,새한항업,2019-04-05
976,AE908,2.06307E+11,LP-1B-08,MNG244,377130729B,1,41590000, ,2016-01-01,26307290070,새한항업,2019-04-05
977,AE908,2.06307E+11, ,MNG244,377130728D,1,41590000, ,2016-01-01,26307280241,새한항업,2019-04-05
978,AE908,2.06307E+11,LP-1B-11,MNG244,377130719D,1,41590000, ,2016-01-01,26307190603,새한항업,2019-04-05
979,AE908,2.06307E+11,LP-1B-13,MNG244,377130718B,1,41590000, ,2016-01-01,26307180410,새한항업,2019-04-05
980,AE908,2.06307E+11, ,MNG244,377130717B,1,41590000, ,2016-01-01,26307180410,새한항업,2019-04-05
981,AE908,2.06307E+11, ,MNG244,377130709B,1,41590000, ,2016-01-01,26307090522,새한항업,2019-04-05
982,AE908,2.06307E+11,LP-1B-14,MNG244,377130719A,1,41590000, ,2016-01-01,26307180293,새한항업,2019-04-05
983,AE908,2.06303E+11, ,MNG244,377130299D,1,41590000, ,2016-01-01,26302990553,새한항업,2019-04-05
984,AE908,8.88617E+11, ,MNG244,376161726C,1,41590256, ,2010-01-01,88617260021, , 
985,AE908,8.88617E+11, ,MNG244,376161725B,1,41590256, ,2010-01-01,88617250002, , 
986,AE908,8.88617E+11, ,MNG244,376161725C,1,41590256, ,2010-01-01,88617250054, , 
987,AE908,8.88617E+11, ,MNG244,376161726C,1,41590256, ,2010-01-01,88617260023, , 
988,AE908,8.88617E+11, ,MNG244,376161725D,1,41590256, ,2010-01-01,88617250084, , 
989,AE910,900141,향남LP-55,MNG244,376161923D,1,41590259, ,1900-01-01,0, , 
990,AE910,8.2162E+13,봉담-88,MNG305,376160541A,1,41590253,화성봉담2 공공주택지구 도로 및 지하시설물 GIS DB 구축용역,2020-01-01,8.2162E+13,중앙항업(주),2021-05-20
991,AE910,900187,동부LP1-2-1,MNG244,377130187B,1,41590520, ,1900-01-01,1100131024, , 
992,AE910,900188,동부LP1-23-1,MNG244,377130188C,1,41590530, ,1900-01-01,1100131032, , 
993,AE910,900189,동부LP1-24-1,MNG244,377130198B,1,41590530, ,1900-01-01,1100131037, , 
994,AE910,900190,동부LP-7-1,MNG244,377130178A,1,41590520, ,1900-01-01,0, , 
995,AE910,900327,동부LP84-59,MNG244,377130251A,1,41590550, ,1900-01-01,3110431001, , 
996,AE910,900326,동부LP84-58,MNG244,377130251C,1,41590550, ,1900-01-01,0, , 
997,AE910,900324,동부LP84-56,MNG244,377130251C,1,41590520, ,1900-01-01,0, , 
998,AE910,900330,동부LP84-62,MNG244,377130150A,1,41590550, ,1900-01-01,3110431012, , 
999,AE910,99920150057, ,MNG244,376160316A,1,41590320, ,1900-01-01,99920150080, , 
1000,AE910,99920150065, ,MNG244,376122363A,1,41590310, ,1900-01-01,99920150553, , 
1001,AE908,5.11307E+11, ,MNG244,377130738C,1,41590600,화성동탄 일반산업단지 조성공사 중 GIS구축,2014-01-01,51130738001, , 
1002,AE908,8.88617E+11, ,MNG244,376161725D,1,41590256, ,2010-01-01,88617250099, , 
1003,AE910,900116,향남LP-42,MNG244,376161922D,1,41590259, ,1900-01-01,0, , 
1004,AE910,900274,봉담LP84-16,MNG244,376160555A,1,41590560, ,1900-01-01,0, , 
1005,AE910,900199,매송LP84-9,MNG244,376160406A,1,41590310, ,1900-01-01,0, , 
1006,AE910,900006,마도LP-6,MNG244,376160185D,1,41590330, ,1900-01-01,0, , 
1007,AE910,900309,정남LP309-2-1,MNG244,376161067B,1,41590410, ,1900-01-01,1330911033, , 
1008,AE910,900236,비봉LP207-21,MNG244,376160395B,1,41590320, ,1900-01-01,0, , 
1009,AE910,900047,동부LP-21,MNG244,377130197B,1,41590530, ,1900-01-01,0, , 
1010,AE910,99920150081, ,MNG244,376150586B,1,41590340, ,1900-01-01,99920150649, , 
1011,AE910,99920150082, ,MNG244,376150586B,1,41590340, ,1900-01-01,99920150649, , 
1012,AE908,5.11307E+11, ,MNG244,377130739C,1,41590600,화성동탄 일반산업단지 조성공사 중 GIS구축,2014-01-01,51130739018, , 
1013,AE908,5.11307E+11, ,MNG244,377130738D,1,41590600,화성동탄 일반산업단지 조성공사 중 GIS구축,2014-01-01,51130738007, , 
1014,AE908,5.11307E+11, ,MNG244,377130739C,1,41590600,화성동탄 일반산업단지 조성공사 중 GIS구축,2014-01-01,51130739011, , 
1015,AE908,5.11307E+11,48150002758,MNG244,377130739C,1,41590600,화성동탄 일반산업단지 조성공사 중 GIS구축,2014-01-01,51130739021, , 
1016,AE908,8.99919E+13,남양8,MNG409,376160276D,1,41590262,화성 남양 뉴타운 도로 및 지하시설물 GIS 구축 용역(2차), ,8.99919E+13,㈜한양지에스티,2020-05-20
1017,AE910,411064,-,MNG244,377130701A,1,41590587, ,2007-05-01,0, , 
1018,AE910,8.88615E+11,LP1-9,MNG135,376161462C,1,41590259,화성 향남 2지구 도로 및 지하시설물 DB 구축(20170831),2016-01-01,614620507, ,2017-08-31
1019,AE910,8.88614E+11,LP2-11,MNG135,376161390D,1,41590259,화성 향남 2지구 도로 및 지하시설물 DB 구축(20170831),2016-01-01,613900619, ,2017-08-31
1020,AE910,8.88615E+11,LP-1오색교,MNG135,376161474A,1,41590259,화성 향남 2지구 도로 및 지하시설물 DB 구축(20170831),2016-01-01,614740693, ,2017-08-31
1021,AE910,411028,LP-13,MNG244,377130714B,1,41590586, ,2007-05-01,2300219016, , 
1022,AE910,411021,-,MNG244,377130715B,1,41590586, ,2007-05-01,2300519007, , 
1023,AE910,900234,비봉LP-19,MNG244,376160355B,1,41590320, ,1900-01-01,0, , 
1024,AE910,900232,비봉LP313-17,MNG244,376160309C,1,41590320, ,1900-01-01,0, , 
1025,AE910,900231,비봉LP313-16,MNG244,376160309C,1,41590320, ,1900-01-01,0, , 
1026,AE910,900230,비봉LP313-15,MNG244,376160318B,1,41590320, ,1900-01-01,0, , 
1027,AE910,900229,비봉LP313-14,MNG244,376160318C,1,41590320, ,1900-01-01,0, , 
1028,AE910,900228,비봉LP204-13,MNG244,376160316A,1,41590320, ,1900-01-01,0, , 
1029,AE910,900225,비봉LP313-10,MNG244,376160323C,1,41590320, ,1900-01-01,0, , 
1030,AE910,900224,비봉LP313-9,MNG244,376160323C,1,41590320, ,1900-01-01,0, , 
1031,AE910,900123,향남LP-49,MNG244,376161933A,1,41590259, ,1900-01-01,0, , 
1032,AE910,900122,향남LP-48,MNG244,376161840B,1,41590259, ,1900-01-01,0, , 
1033,AE910,900043,동부LP71-41,MNG244,377130610B,1,41590520, ,1900-01-01,2007131021, , 
1034,AE910,900044,동부LP71-40,MNG244,377130609B,1,41590520, ,1900-01-01,0, , 
1035,AE910,900061,동부LP71-40,MNG244,377130195D,1,41590570, ,1900-01-01,2600731012, , 
1036,AE910,900085,동부LP318-76,MNG244,377130223D,1,41590550, ,1900-01-01,17101211008, , 
1037,AE910,8.88615E+11,LP1-16,MNG135,376161463D,1,41590259,화성 향남 2지구 도로 및 지하시설물 DB 구축(20170831),2016-01-01,614630488, ,2017-08-31
1038,AE910,8.99919E+13, ,MNG244,377130863B,1,41590420,동탄(2)택지개발사업 부지공사(1단계)GIS DB구축용역, ,8.99919E+13, ,2019-12-04
1039,AE910,8.99919E+13, ,MNG244,377130853C,1,41590420,동탄(2)택지개발사업 부지공사(1단계)GIS DB구축용역, ,8.99919E+13, ,2019-12-04
1040,AE908,2.15304E+11,LP-1B-11,MNG244,377130394A,1,41590588, ,2014-01-01,21530394071, , 
1041,AE908,2.15304E+11,LP-1B-4,MNG244,377130393B,1,41590588, ,2014-01-01,21530393016, , 
1042,AE908,2.15308E+11,LP-1A-1,MNG244,377130801D,1,41590588, ,2014-01-01,21530801055, , 
1043,AE908,2.15304E+11,LP-1B-33,MNG244,377130393D,1,41590588, ,2014-01-01,21530393023, , 
1044,AE908,2.15304E+11,LP-1A-4,MNG244,377130392C,1,41590588, ,2014-01-01,21530391029, , 
1045,AE908,2.15308E+11,LP-1A-5,MNG244,377130801A,1,41590588, ,2014-01-01,21530710060, , 
1046,AE908,2.15307E+11,LP-1B-32,MNG244,377130710D,1,41590600, ,2014-01-01,21530710059, , 
1047,AE908,2.11606E+11,TH151207624,MNG244,376160574B,1,41590253,봉담 도시계획도로(중1-1호선) 외1개소 개설공사 GIS DB 구축용역,2016-11-01,21161118007, , 
1048,AE908,2.11606E+11,PS150037167,MNG244,376160564D,1,41590253,봉담 도시계획도로(중1-1호선) 외1개소 개설공사 GIS DB 구축용역,2016-11-01,21161118012, , 
1049,AE908,2.15302E+11,LP-1B-30,MNG244,377130200D,1,41590600, ,2014-01-01,21530200062, , 
1050,AE908,2.15302E+11,LP-1B-29,MNG244,377130200B,1,41590600, ,2014-01-01,21530200076, , 
1051,AE908,2.15304E+11,LP-1B-13,MNG244,377130391B,1,41590588, ,2014-01-01,21530391036, , 
1052,AE908,2.15304E+11,LP-1B-13,MNG244,377130391B,1,41590588, ,2014-01-01,21530391037, , 
1053,AE908,2.15304E+11,LP-1B-12,MNG244,377130392B,1,41590588, ,2014-01-01,21530393033, , 
1054,AE908,2.15304E+11,LP-1B-13,MNG244,377130395A,1,41590588, ,2014-01-01,21530394009, , 
1055,AE908,2.15308E+11,LP-1B-8,MNG244,377130804B,1,41590588, ,2014-01-01,21530394010, , 
1056,AE908,2.15308E+11,LP-1A-2,MNG244,377130803C,1,41590588, ,2014-01-01,21530803052, , 
1057,AE908,2.11511E+11,분전함번호;H141323609,MNG244,376161734B,1,41590256,조암도시계획도로 소로2-5 개설공사 GIS DB구축 용역(20180219),2015-06-01,21151102002, ,2018-02-19
1058,AE908,2.11511E+11,분전함번호;02171298338,MNG244,376161724D,1,41590256,조암도시계획도로 소로2-5 개설공사 GIS DB구축 용역(20180219),2015-06-01,21151102002, ,2018-02-19
1059,AE908,2.11511E+11, ,MNG244,376160566A,1,41590253,태안도시계획도로(소1-99호선)개설공사 GIS DB구축 용역(20180219),2015-06-01,21151101001, ,2018-02-19
1060,AE908,2.15308E+11,LP-1B-6,MNG244,377130803B,1,41590588, ,2014-01-01,21530803015, , 
1061,AE910,411035,LP-5,MNG244,377130725A,1,41590586, ,2007-05-01,2503419001, , 
1062,AE910,411032,LP-7,MNG244,377130725A,1,41590586, ,2007-05-01,2503319002, , 
1063,AE910,411034,-,MNG244,377130715D,1,41590586, ,2007-05-01,2503319003, , 
1064,AE910,900354,서신LP-21,MNG244,376150921C,1,41590350, ,1900-01-01,0, , 
1065,AE910,900353,서신LP-20,MNG244,376150921D,1,41590350, ,1900-01-01,0, , 
1066,AE910,900345,서신LP-5,MNG244,376151061B,1,41590350, ,1900-01-01,2800613012, , 
1067,AE910,900343,서신LP305-3,MNG244,376151052C,1,41590350, ,1900-01-01,0, , 
1068,AE910,900341,서신LP105-1,MNG244,376151062D,1,41590350, ,1900-01-01,0, , 
1069,AE910,900298, ,MNG244,376160575C,1,41590253, ,1900-01-01,0, , 
1070,AE910,900297, ,MNG244,376160545B,1,41590560, ,1900-01-01,9008921002, , 
1071,AE910,900184,동부LP-17-1,MNG244,377130179A,1,41590520, ,1900-01-01,9004044074, , 
1072,AE910,900340,동부LP1-82,MNG244,377130156C,1,41590520, ,1900-01-01,0, , 
1073,AE910,900360,서신LP104-16,MNG244,376150864D,1,41590350, ,1900-01-01,0, , 
1074,AE910,411002,-,MNG244,377130286A,1,41590585, ,2007-05-01,0, , 
1075,AE910,411111,LP-89,MNG244,377130266D,1,41590585, ,2007-05-01,2200119010, , 
1076,AE910,411046,LP-65,MNG244,377130293C,1,41590585, ,2007-05-01,2501519002, , 
1077,AE910,411026,LP-2,MNG244,377130726B,1,41590586, ,2007-05-01,2300719006, , 
1078,AE910,411063,LP-64,MNG244,377130701B,1,41590587, ,2007-05-01,2600319001, , 
1079,AE910,900329,동부LP84-61,MNG244,377130150A,1,41590520, ,1900-01-01,3110431008, , 
1080,AE910,1.21118E+13, ,MNG244,377130251C,1,41590520,반월도시계획도로(중로1류 1-2호선 외2) 개설공사 GIS DB 구축 사업,2019-06-01,1.21118E+13,㈜진성이엔씨,2019-12-27
1081,AE910,1.21118E+13, ,MNG244,377130170A,1,41590520,반월도시계획도로(중로1류 1-2호선 외2) 개설공사 GIS DB 구축 사업,2019-06-01,1.21118E+13,㈜진성이엔씨,2019-12-27
1082,AE910,99920150085, ,MNG244,376150577D,1,41590340, ,1900-01-01,99920150649, , 
1083,AE910,99920150086, ,MNG244,376150577D,1,41590340, ,1900-01-01,99920150649, , 
1084,AE910,99920150059, ,MNG244,376160274A,1,41590262, ,1900-01-01,99920150590, , 
1085,AE910,8.88614E+11,LS142044960,MNG244,376161438A,1,41590259, ,2009-01-01,88614380001, , 
1086,AE910,900064,동부LP64-103,MNG244,377130191C,1,41590570, ,1900-01-01,0, , 
1087,AE910,900062,동부LP64-105,MNG244,376161008A,1,41590570, ,1900-01-01,9007411004, , 
1088,AE910,900065, ,MNG244,376161007D,1,41590253, ,1900-01-01,0, , 
1089,AE910,900145,동부LP-33,MNG244,377130199A,1,41590530, ,1900-01-01,2600331002, , 
1090,AE910,900146,동부LP-38,MNG244,377130199C,1,41590530, ,1900-01-01,0, , 
1091,AE910,900148,동부LP84-46,MNG244,377130253C,1,41590550, ,1900-01-01,0, , 
1092,AE910,900142,동부LP1-1,MNG244,377130188A,1,41590530, ,1900-01-01,2500231009, , 
1093,AE910,900143,동부LP-13,MNG244,377130168C,1,41590520, ,1900-01-01,0, , 
1094,AE910,900186,동부LP1-34-1,MNG244,377130198D,1,41590530, ,1900-01-01,1100131038, , 
1095,AE910,900181,남양LP15-33,MNG244,376160779B,1,41590262, ,1900-01-01,0, , 
1096,AE908,4.21617E+13, ,MNG244,377130182D,1,41590570,진안도시계획도로 중로1-8호선 개설공사(서부우회도로연결) GIS DB 구축용역,2017-09-24,0,㈜선진이엔씨,2018-08-01
1097,AE908,4.21617E+13, ,MNG244,377130182D,1,41590570,진안도시계획도로 중로1-8호선 개설공사(서부우회도로연결) GIS DB 구축용역,2017-09-24,0,㈜선진이엔씨,2018-08-01
1098,AE908,4.21617E+13, ,MNG244,377130183A,1,41590570,진안도시계획도로 중로1-8호선 개설공사(서부우회도로연결) GIS DB 구축용역,2017-09-24,0,㈜선진이엔씨,2018-08-01
1099,AE910,900180,남양LP15-32,MNG244,376160770A,1,41590262, ,1900-01-01,0, , 
1100,AE910,900179,남양LP15-31,MNG244,376160739D,1,41590262, ,1900-01-01,0, , 
1101,AE908,8.99919E+13,남양9,MNG409,376160286A,1,41590262,화성 남양 뉴타운 도로 및 지하시설물 GIS 구축 용역(2차), ,8.99919E+13,㈜한양지에스티,2020-05-20
1102,AE910,411113,LP-53,MNG244,377130277C,1,41590585, ,2007-05-01,0, , 
1103,AE910,8.21619E+13, ,MNG305,376161480D,1,41590259,화성향남2 주변도로 건설사업 도로 및 지하시설물 GIS DB 구축용역,2017-12-01,8.21619E+13,(주)한라지리정보,2021-04-16
1104,AE910,8.21619E+13, ,MNG305,376161571B,1,41590259,화성향남2 주변도로 건설사업 도로 및 지하시설물 GIS DB 구축용역,2017-12-01,8.21619E+13,(주)한라지리정보,2021-04-16
1105,AE910,8.21619E+13, ,MNG305,376161571C,1,41590259,화성향남2 주변도로 건설사업 도로 및 지하시설물 GIS DB 구축용역,2017-12-01,8.21619E+13,(주)한라지리정보,2021-04-16
1106,AE910,8.21619E+13, ,MNG305,376161571C,1,41590259,화성향남2 주변도로 건설사업 도로 및 지하시설물 GIS DB 구축용역,2017-12-01,8.21619E+13,(주)한라지리정보,2021-04-16
1107,AE910,8.21619E+13, ,MNG305,376161575D,1,41590400,화성향남2 주변도로 건설사업 도로 및 지하시설물 GIS DB 구축용역,2017-12-01,8.21619E+13,(주)한라지리정보,2021-04-16
1108,AE910,8.21619E+13, ,MNG305,376161575D,1,41590400,화성향남2 주변도로 건설사업 도로 및 지하시설물 GIS DB 구축용역,2017-12-01,8.21619E+13,(주)한라지리정보,2021-04-16
1109,AE910,8.21619E+13, ,MNG305,376161575D,1,41590400,화성향남2 주변도로 건설사업 도로 및 지하시설물 GIS DB 구축용역,2017-12-01,8.21619E+13,(주)한라지리정보,2021-04-16
1110,AE910,8.21619E+13, ,MNG305,376161575D,1,41590400,화성향남2 주변도로 건설사업 도로 및 지하시설물 GIS DB 구축용역,2017-12-01,8.21619E+13,(주)한라지리정보,2021-04-16
1111,AE910,8.21619E+13, ,MNG305,376161588D,1,41590400,화성향남2 주변도로 건설사업 도로 및 지하시설물 GIS DB 구축용역,2017-12-01,8.21619E+13,(주)한라지리정보,2021-04-16
1112,AE910,8.21619E+13, ,MNG305,376161588D,1,41590400,화성향남2 주변도로 건설사업 도로 및 지하시설물 GIS DB 구축용역,2017-12-01,8.21619E+13,(주)한라지리정보,2021-04-16
1113,AE910,8.21619E+13, ,MNG305,376162010A,1,41590400,화성향남2 주변도로 건설사업 도로 및 지하시설물 GIS DB 구축용역,2017-12-01,8.21619E+13,(주)한라지리정보,2021-04-16
1114,AE910,8.21619E+13, ,MNG305,376162009B,1,41590400,화성향남2 주변도로 건설사업 도로 및 지하시설물 GIS DB 구축용역,2017-12-01,8.21619E+13,(주)한라지리정보,2021-04-16
1115,AE910,8.21619E+13, ,MNG305,376161599C,1,41590400,화성향남2 주변도로 건설사업 도로 및 지하시설물 GIS DB 구축용역,2017-12-01,8.21619E+13,(주)한라지리정보,2021-04-16
1116,AE910,8.2162E+13, ,MNG305,376161531D,1,41590259,화성향남2 주변도로 건설사업 도로 및 지하시설물 GIS DB 구축용역,2020-01-01,8.2162E+13,(주)한라지리정보,2021-04-16
1117,AE910,8.2162E+13, ,MNG305,376161036C,1,41590410,화성향남2 주변도로 건설사업 도로 및 지하시설물 GIS DB 구축용역,2020-01-01,8.2162E+13,(주)한라지리정보,2021-04-16
1118,AE908,2.11614E+11,48150002111,MNG244,376161423B,1,41590259,발안도시계획도로(2-1호선) 지하매설물 GIS DB 구축 용역,2014-06-01,21161423013, , 
1119,AE908,99920171001,29-25-0035375-1702,MNG244,376122211B,1,41590340,송산그린시티 기반시설 건설공사 도로 및 지하매설물 GIS D/B 구축용역(20171229),2017-01-01,99920171018, ,2017-12-29
1120,AE908,99920171002,29-25-0035385-1702,MNG244,376122211B,1,41590340,송산그린시티 기반시설 건설공사 도로 및 지하매설물 GIS D/B 구축용역(20171229),2017-01-01,99920171018, ,2017-12-29
1121,AE908,99920171009,29-25-0034718-1702,MNG244,376122262D,1,41590340,송산그린시티 기반시설 건설공사 도로 및 지하매설물 GIS D/B 구축용역(20171229),2017-01-01,99920171020, ,2017-12-29
1122,AE908,99920171007,29-25-0034600-1702,MNG244,376122252A,1,41590340,송산그린시티 기반시설 건설공사 도로 및 지하매설물 GIS D/B 구축용역(20171229),2017-01-01,99920171020, ,2017-12-29
1123,AE908,99920171006,29-25-0034596-1702,MNG244,376122241B,1,41590510,송산그린시티 기반시설 건설공사 도로 및 지하매설물 GIS D/B 구축용역(20171229),2017-01-01,99920171020, ,2017-12-29
1124,AE908,99920171008,29-25-0035377-1702,MNG244,376122252C,1,41590340,송산그린시티 기반시설 건설공사 도로 및 지하매설물 GIS D/B 구축용역(20171229),2017-01-01,99920171020, ,2017-12-29
1125,AE908,99920171005,29-25-0035376-1702,MNG244,376122241B,1,41590510,송산그린시티 기반시설 건설공사 도로 및 지하매설물 GIS D/B 구축용역(20171229),2017-01-01,99920171020, ,2017-12-29
1126,AE908,99920171021,29-25-0035386-1702,MNG244,376160235B,1,41590510,송산그린시티 기반시설 건설공사 도로 및 지하매설물 GIS D/B 구축용역(20171229),2017-01-01,99920171025, ,2017-12-29
1127,AE908,99920171022,29-25-0034724-1702,MNG244,376160235B,1,41590510,송산그린시티 기반시설 건설공사 도로 및 지하매설물 GIS D/B 구축용역(20171229),2017-01-01,99920171025, ,2017-12-29
1128,AE908,99920171020,29-25-0034601-1702,MNG244,376160225C,1,41590510,송산그린시티 기반시설 건설공사 도로 및 지하매설물 GIS D/B 구축용역(20171229),2017-01-01,99920171040, ,2017-12-29
1129,AE910,900081,팔탄LP82-6,MNG244,376160870A,1,41590360, ,1900-01-01,0, , 
1130,AE910,8.88615E+11,LP2-1,MNG135,376161471A,1,41590259,화성 향남 2지구 도로 및 지하시설물 DB 구축(20170831),2016-01-01,614710411, ,2017-08-31
1131,AE910,99920150067, ,MNG244,376160187C,1,41590330, ,1900-01-01,99920150570, , 
1132,AE908,5.11308E+11,48150004594,MNG244,377130758D,1,41590600,화성동탄 일반산업단지 조성공사 중 GIS구축,2014-01-01,51130758083, , 
1133,AE908,5.11308E+11, ,MNG244,377130769A,1,41590600,화성동탄 일반산업단지 조성공사 중 GIS구축,2014-01-01,51130769098, , 
1134,AE908,5.11308E+11, ,MNG244,377130759A,1,41590600,화성동탄 일반산업단지 조성공사 중 GIS구축,2014-01-01,51130758091, , 
1135,AE908,5.11307E+11, ,MNG244,377130748D,1,41590600,화성동탄 일반산업단지 조성공사 중 GIS구축,2014-01-01,51130748094, , 
1136,AE910,8.88615E+11,LM1-2,MNG135,376161473B,1,41590259,화성 향남 2지구 도로 및 지하시설물 DB 구축(20170831),2016-01-01,614731698, ,2017-08-31
1137,AE910,8.88615E+11,LP1-18,MNG135,376161473A,1,41590259,화성 향남 2지구 도로 및 지하시설물 DB 구축(20170831),2016-01-01,614730485, ,2017-08-31
1138,AE910,8.88615E+11,LP1-32,MNG135,376161474A,1,41590259,화성 향남 2지구 도로 및 지하시설물 DB 구축(20170831),2016-01-01,614740697, ,2017-08-31
1139,AE910,8.88615E+11,LP1-15,MNG135,376161463C,1,41590259,화성 향남 2지구 도로 및 지하시설물 DB 구축(20170831),2016-01-01,614630500, ,2017-08-31
1140,AE910,8.88615E+11,LP1-14,MNG135,376161473A,1,41590259,화성 향남 2지구 도로 및 지하시설물 DB 구축(20170831),2016-01-01,614730341, ,2017-08-31
1141,AE910,8.88615E+11,LP1-12,MNG135,376161463C,1,41590259,화성 향남 2지구 도로 및 지하시설물 DB 구축(20170831),2016-01-01,614620503, ,2017-08-31
1142,AE910,8.88615E+11,LP1-28,MNG135,376161472B,1,41590259,화성 향남 2지구 도로 및 지하시설물 DB 구축(20170831),2016-01-01,614720343, ,2017-08-31
1143,AE910,900388,우정LP206-7,MNG244,376161149D,1,41590256, ,1900-01-01,0, , 
1144,AE910,900208,매송LP69-18,MNG244,376122363A,1,41590310, ,1900-01-01,0, , 
1145,AE910,900025,마도LP-25,MNG244,376160648C,1,41590330, ,1900-01-01,0, , 
1146,AE908,1.21117E+13,분전함번호;07170222211,MNG244,377130856A,1,41590600,"동탄물류단지 도로 및 상,하수도 GIS DB구축 사업",2017-12-30,1.21117E+13,(주)진성이엔씨,2018-09-17
1147,AE908,2.11614E+11,141779300,MNG244,376161423B,1,41590259,발안도시계획도로(2-1호선) 지하매설물 GIS DB 구축 용역,2014-06-01,21161423013, , 
1148,AE908,2.15308E+11, ,MNG244,377130804A,1,41590588, ,2014-01-01,21530804538, , 
1149,AE908,8.88617E+11, ,MNG244,376161726A,1,41590256, ,2010-01-01,88617260012, , 
1150,AE910,8.2162E+13,봉담-93,MNG305,376160459D,1,41590253,화성봉담2 공공주택지구 도로 및 지하시설물 GIS DB 구축용역,2020-01-01,8.2162E+13,중앙항업(주),2021-05-20
1151,AE910,8.2162E+13,봉담-90,MNG305,376160460D,1,41590253,화성봉담2 공공주택지구 도로 및 지하시설물 GIS DB 구축용역,2020-01-01,8.2162E+13,중앙항업(주),2021-05-20
1152,AE910,8.2162E+13,봉담-101,MNG305,376160439A,1,41590253,화성봉담2 공공주택지구 도로 및 지하시설물 GIS DB 구축용역,2020-01-01,8.2162E+13,중앙항업(주),2021-05-20
1153,AE910,8.2162E+13,봉담-92,MNG305,376160460A,1,41590253,화성봉담2 공공주택지구 도로 및 지하시설물 GIS DB 구축용역,2020-01-01,8.2162E+13,중앙항업(주),2021-05-20
1154,AE910,8.2162E+13,봉담-100,MNG305,376160439A,1,41590253,화성봉담2 공공주택지구 도로 및 지하시설물 GIS DB 구축용역,2020-01-01,8.2162E+13,중앙항업(주),2021-05-20
1155,AE910,8.2162E+13,봉담-27,MNG305,376160458B,1,41590253,화성봉담2 공공주택지구 도로 및 지하시설물 GIS DB 구축용역,2020-01-01,8.2162E+13,중앙항업(주),2021-05-20
1156,AE910,8.2162E+13,봉담-95,MNG305,376160429C,1,41590253,화성봉담2 공공주택지구 도로 및 지하시설물 GIS DB 구축용역,2020-01-01,8.2162E+13,중앙항업(주),2021-05-20
1157,AE910,8.2162E+13,봉담-96,MNG305,376160439B,1,41590253,화성봉담2 공공주택지구 도로 및 지하시설물 GIS DB 구축용역,2020-01-01,8.2162E+13,중앙항업(주),2021-05-20
1158,AE910,8.2162E+13,봉담-75,MNG305,376160420C,1,41590310,화성봉담2 공공주택지구 도로 및 지하시설물 GIS DB 구축용역,2020-01-01,8.2162E+13,중앙항업(주),2021-05-20
1159,AE910,8.2162E+13,봉담-98,MNG305,376160449B,1,41590253,화성봉담2 공공주택지구 도로 및 지하시설물 GIS DB 구축용역,2020-01-01,8.2162E+13,중앙항업(주),2021-05-20
1160,AE910,8.2162E+13,봉담-77,MNG305,376160448D,1,41590253,화성봉담2 공공주택지구 도로 및 지하시설물 GIS DB 구축용역,2020-01-01,8.2162E+13,중앙항업(주),2021-05-20
1161,AE910,8.2162E+13,봉담-99,MNG305,376160449C,1,41590253,화성봉담2 공공주택지구 도로 및 지하시설물 GIS DB 구축용역,2020-01-01,8.2162E+13,중앙항업(주),2021-05-20
1162,AE910,8.2162E+13,봉담-97,MNG305,376160449A,1,41590253,화성봉담2 공공주택지구 도로 및 지하시설물 GIS DB 구축용역,2020-01-01,8.2162E+13,중앙항업(주),2021-05-20
1163,AE910,8.2162E+13,봉담-91,MNG305,376160450A,1,41590253,화성봉담2 공공주택지구 도로 및 지하시설물 GIS DB 구축용역,2020-01-01,8.2162E+13,중앙항업(주),2021-05-20
1164,AE910,8.2162E+13,봉담-89,MNG305,376160460B,1,41590253,화성봉담2 공공주택지구 도로 및 지하시설물 GIS DB 구축용역,2020-01-01,8.2162E+13,중앙항업(주),2021-05-20
1165,AE908,1.21118E+13,10026830,MNG244,377130261D,1,41590520,"기산2지구 도시계획도로(중로2-42호,소로1-136호,소로3-31호) GIS DB 구축용역",2017-06-01,1.21118E+13,㈜진성이엔씨,2018-07-18
1166,AE908,5.11308E+11, ,MNG244,377130777B,1,41590600,화성동탄 일반산업단지 조성공사 중 GIS구축,2014-01-01,51130777056, , 
1167,AE908,5.11308E+11,TH151776214,MNG244,377130768C,1,41590600,화성동탄 일반산업단지 조성공사 중 GIS구축,2014-01-01,51130777056, , 
1168,AE908,5.11308E+11,DR140333438,MNG244,377130778A,1,41590600,화성동탄 일반산업단지 조성공사 중 GIS구축,2014-01-01,51130778060, , 
1169,AE908,5.11308E+11, ,MNG244,377130778B,1,41590600,화성동탄 일반산업단지 조성공사 중 GIS구축,2014-01-01,51130778053, , 
1170,AE908,2.15308E+11,LP-1A-3,MNG244,377130803B,1,41590588, ,2014-01-01,21530803048, , 
1171,AE908,2.15304E+11, ,MNG244,377130385D,1,41590590, ,2014-01-01,21530385138, , 
1172,AE908,2.15304E+11,LP1B-PS-08,MNG244,377130395B,1,41590590, ,2014-01-01,21530395536, , 
1173,AE910,8.21119E+13, ,MNG409,376161922D,1,41590259,화성 발안행복주택 도시기반공사 GIS DB구축용역,2019-01-01,8.21119E+13,(주)한라지리정보,2019-09-30
1174,AE908,2.11617E+11,56170170075,MNG244,376161726C,1,41590370,조암지구도시개발사업 주변도로(대로3-1호선) 개설공사 GIS DB구축 사업,2015-01-01,21150804014, , 
1175,AE910,99920150030, ,MNG244,376161744C,1,41590370, ,1900-01-01,99920150475, , 
1176,AE910,99920150032, ,MNG244,376161736A,1,41590370, ,1900-01-01,99920150475, , 
1177,AE910,99920150010, ,MNG244,376161923C,1,41590259, ,1900-01-01,99920150420, , 
1178,AE910,99920150012, ,MNG244,376161923C,1,41590259, ,1900-01-01,99920150463, , 
1179,AE910,99920150013, ,MNG244,376161923C,1,41590259, ,1900-01-01,99920150464, , 
1180,AE910,99920150004, ,MNG244,376160869A,1,41590360, ,1900-01-01,99920150365, , 
1181,AE910,99920150005, ,MNG244,376160869A,1,41590360, ,1900-01-01,99920150342, , 
1182,AE910,99920150029, ,MNG244,376160868B,1,41590360, ,1900-01-01,99920150367, , 
1183,AE910,99920150006, ,MNG244,376160869A,1,41590360, ,1900-01-01,99920150369, , 
1184,AE910,2.21119E+13, ,MNG000,377130275B,1,41590585,H3 도로개선공사 GIS DB 구축용역,2019-11-01,2100319007,(주)성원공간정보,2020-02-14
1185,AE910,2.21119E+13, ,MNG000,377130276B,1,41590585,H3 도로개선공사 GIS DB 구축용역,2019-11-01,2100319007,(주)성원공간정보,2020-02-14
1186,AE908,1.2162E+13,6170195956,MNG409,376150579D,1,41590340,마도면 송정로 보도설치공사 외 2건 GIS DB 구축용역,2017-12-01,1.2162E+13,(주)진성이엔씨,2020-02-28
1187,AE910,8.2992E+13, ,MNG244,376122255D,1,41590262,송산그린시티 기반시설 건설공사 도로 및 지하매설물 GIS D/B 구축용역,2019-12-21,8.2992E+13,제일항업(주),2020-10-21
1188,AE910,8.2992E+13,36170550752,MNG244,376122294B,1,41590262,송산그린시티 기반시설 건설공사 도로 및 지하매설물 GIS D/B 구축용역,2019-12-21,8.2992E+13,제일항업(주),2020-10-21
1189,AE908,2.15307E+11,LP-4,MNG244,377130748D,1,41590600, ,2014-01-01,21530748095, , 
1190,AE908,2.15307E+11,LP-1,MNG244,377130738D,1,41590600, ,2014-01-01,21530738096, , 
1191,AE908,2.15307E+11,LP-2,MNG244,377130738D,1,41590600, ,2014-01-01,21530738096, , 
1192,AE908,2.15308E+11,LP-7,MNG244,377130768C,1,41590600, ,2014-01-01,21530768089, , 
1193,AE908,2.15308E+11,LP-8,MNG244,377130768C,1,41590600, ,2014-01-01,21530768089, , 
1194,AE908,2.15308E+11,없음,MNG244,377130768C,1,41590600, ,2014-01-01,21530768089, , 
1195,AE910,900077,장안LP313-8,MNG244,376162342A,1,41590370, ,1900-01-01,0, , 
1196,AE910,900076,장안LP77-7,MNG244,376161744C,1,41590370, ,1900-01-01,0, , 
1197,AE910,900074,장안LP77-5,MNG244,376161754A,1,41590370, ,1900-01-01,0, , 
1198,AE910,9.99617E+11,LP-3B,MNG244,376161725B,1,41590256, ,2010-01-08,99617250024, , 
1199,AE910,9.99617E+11,LP-3A,MNG244,376161726A,1,41590256, ,2010-01-08,99617260016, , 
1200,AE908,5.11308E+11,TH151776207,MNG244,377130768C,1,41590600,화성동탄 일반산업단지 조성공사 중 GIS구축,2014-01-01,51130778057, , 
1201,AE908,5.11308E+11,5144212627,MNG244,377130778A,1,41590600,화성동탄 일반산업단지 조성공사 중 GIS구축,2014-01-01,51130778060, , 
1202,AE910,9.99161E+11, ,MNG244,376160663B,1,41590330,경기화성바이오밸리,2016-11-01,99916121925, , 
1203,AE910,9.99161E+11, ,MNG244,376160657A,1,41590330,경기화성바이오밸리,2016-11-01,99916122022, , 
1204,AE910,4.21619E+13, ,MNG244,377130183D,1,41590570,화산도시계획도로 (중로2-2호선) 2구간 개설공사 GIS DB 구축용역,2018-12-31,4.21619E+13,㈜선진이엔씨,2019-02-20
1205,AE910,8.88614E+11,LM2-N,MNG135,376161390D,1,41590259,화성 향남 2지구 도로 및 지하시설물 DB 구축(20170831),2016-01-01,613900622, ,2017-08-31
1206,AE910,900107,향남LP-33,MNG244,376161830C,1,41590259, ,1900-01-01,0, , 
1207,AE910,900106,향남LP-32,MNG244,376161924C,1,41590259, ,1900-01-01,0, , 
1208,AE910,900105,향남LP-31,MNG244,376161923D,1,41590259, ,1900-01-01,0, , 
1209,AE910,900104,향남LP39-30,MNG244,376161933B,1,41590259, ,1900-01-01,0, , 
1210,AE910,900103,향남LP39-29,MNG244,376161933A,1,41590259, ,1900-01-01,0, , 
1211,AE910,900102,향남LP39-28,MNG244,376161923C,1,41590259, ,1900-01-01,0, , 
1212,AE910,900101,향남LP-27,MNG244,376161924A,1,41590259, ,1900-01-01,0, , 
1213,AE910,900100,향남LP-26,MNG244,376161924C,1,41590259, ,1900-01-01,0, , 
1214,AE910,900099,향남LP-25,MNG244,376161923A,1,41590259, ,1900-01-01,0, , 
1215,AE910,900098,향남LP39-24,MNG244,376161923C,1,41590259, ,1900-01-01,0, , 
1216,AE910,900346,서신LP-6,MNG244,376151061B,1,41590350, ,1900-01-01,4.21616E+13, , 
1217,AE908,1.21616E+13, ,MNG244,376160185D,1,41590330,마도도시계획도로 중로3-2호선 개설공사 GIS DB 구축용역,2016-06-01,9000533509,㈜진성이엔씨,2018-05-09
1218,AE908,1.21118E+13,4.819E+14,MNG244,377130192C,1,41590570,화성 안녕동 우방아이유쉘 아파트 신축공사 중 GIS DB 구축용역,2017-01-03,1.21118E+13,㈜진성이엔씨,2018-06-29
1219,AE910,900248,동부LP318-70,MNG244,377130253B,1,41590550, ,1900-01-01,0, , 
1220,AE910,8.2162E+13, ,MNG305,376161046B,1,41590410,화성향남2 주변도로 건설사업 도로 및 지하시설물 GIS DB 구축용역,2020-01-01,8.2162E+13,(주)한라지리정보,2021-04-16
1221,AE910,2.21619E+13, ,MNG409,376151061A,1,41590350,"서신도시계획도로 소로2-7,2-14호선 개설공사 GIS DB 구축용역",2019-08-01,2.21619E+13,(주)성원공간정보,2020-02-14
1222,AE908,1.21119E+13, ,MNG409,377131106C,1,41590410,화성-정남 일반산업단지 조성사업 GIS DB 구축용역,2019-12-01,1.21119E+13,㈜진성이엔씨,2020-03-04
1223,AE908,1.21119E+13, ,MNG409,377131117A,1,41590410,화성-정남 일반산업단지 조성사업 GIS DB 구축용역,2019-12-01,1.21119E+13,㈜진성이엔씨,2020-03-04
1224,AE908,1.21119E+13, ,MNG409,377131116A,1,41590410,화성-정남 일반산업단지 조성사업 GIS DB 구축용역,2019-12-01,1.21119E+13,㈜진성이엔씨,2020-03-04
1225,AE908,1.21119E+13, ,MNG409,377131105D,1,41590410,화성-정남 일반산업단지 조성사업 GIS DB 구축용역,2019-12-01,1.21119E+13,㈜진성이엔씨,2020-03-04
1226,AE908,1.21119E+13, ,MNG409,377131106C,1,41590410,화성-정남 일반산업단지 조성사업 GIS DB 구축용역,2019-12-01,1.21119E+13,㈜진성이엔씨,2020-03-04
1227,AE908,1.21119E+13, ,MNG409,377131115B,1,41590410,화성-정남 일반산업단지 조성사업 GIS DB 구축용역,2019-12-01,1.21119E+13,㈜진성이엔씨,2020-03-04
1228,AE910,8.88613E+11,LP2-7,MNG135,376161300B,1,41590259,화성 향남 2지구 도로 및 지하시설물 DB 구축(20170831),2016-01-01,613000606, ,2017-08-31
1229,AE910,8.88614E+11,LP2-10,MNG135,376161390D,1,41590259,화성 향남 2지구 도로 및 지하시설물 DB 구축(20170831),2016-01-01,613900619, ,2017-08-31
1230,AE910,8.88614E+11,LP2-8,MNG135,376161390D,1,41590259,화성 향남 2지구 도로 및 지하시설물 DB 구축(20170831),2016-01-01,613900622, ,2017-08-31
1231,AE910,8.88615E+11,LP2-12,MNG135,376161491A,1,41590259,화성 향남 2지구 도로 및 지하시설물 DB 구축(20170831),2016-01-01,614910078, ,2017-08-31
1232,AE910,8.88615E+11,LP2-2-43,MNG135,376161471C,1,41590259,화성 향남 2지구 도로 및 지하시설물 DB 구축(20170831),2016-01-01,614810285, ,2017-08-31
1233,AE910,8.88615E+11,LP-1산책2교,MNG135,376161471D,1,41590259,화성 향남 2지구 도로 및 지하시설물 DB 구축(20170831),2016-01-01,614710367, ,2017-08-31
1234,AE910,8.88615E+11,LP-1산책3교,MNG135,376161481A,1,41590259,화성 향남 2지구 도로 및 지하시설물 DB 구축(20170831),2016-01-01,614810373, ,2017-08-31
1235,AE910,8.88615E+11,LP2-16,MNG135,376161481A,1,41590259,화성 향남 2지구 도로 및 지하시설물 DB 구축(20170831),2016-01-01,614810269, ,2017-08-31
1236,AE908,99920171010,29-25-0034599-1702,MNG244,376122262D,1,41590340,송산그린시티 기반시설 건설공사 도로 및 지하매설물 GIS D/B 구축용역(20171229),2017-01-01,99920171046, ,2017-12-29
1237,AE908,2.15304E+11,LP1B-6NP-03,MNG244,377130394B,1,41590590, ,2014-01-01,21530385141, , 
1238,AE910,900242, ,MNG244,376160335D,1,41590320, ,1900-01-01,99920150078, , 
1239,AE910,900302,양감LP43-4,MNG244,376161919C,1,41590400, ,1900-01-01,0, , 
1240,AE910,900300,양감LP43-2,MNG244,376161940C,1,41590400, ,1900-01-01,0, , 
1241,AE910,900301,양감LP102-3,MNG244,376162031C,1,41590400, ,1900-01-01,0, , 
1242,AE910,8.88615E+11,LP1-35,MNG135,376161484A,1,41590259,화성 향남 2지구 도로 및 지하시설물 DB 구축(20170831),2016-01-01,614840082, ,2017-08-31
1243,AE910,8.88615E+11,LP1-34,MNG135,376161484B,1,41590259,화성 향남 2지구 도로 및 지하시설물 DB 구축(20170831),2016-01-01,614840080, ,2017-08-31
1244,AE910,8.88615E+11,LP1-36,MNG135,376161475C,1,41590259,화성 향남 2지구 도로 및 지하시설물 DB 구축(20170831),2016-01-01,614750688, ,2017-08-31
1245,AE910,8.88615E+11,LP2-20,MNG135,376161482C,1,41590259,화성 향남 2지구 도로 및 지하시설물 DB 구축(20170831),2016-01-01,614820694, ,2017-08-31
1246,AE910,4.2162E+13, ,MNG409,377130178A,1,41590520,진안도시계획도로 소로1-15호선외 2개소 개설공사 GIS DB 구축용역,2020-06-01,4.2162E+13,(주)선진이엔씨,2020-12-21
1247,AE908,5.11308E+11, ,MNG244,377130758B,1,41590600,화성동탄 일반산업단지 조성공사 중 GIS구축,2014-01-01,51130758086, , 
1248,AE908,8.99916E+13,LP-3A-14,MNG305,377130841C,1,41590000, ,2016-01-01,8.99916E+13,새한항업,2019-01-05
1249,AE908,8.99916E+13,-,MNG305,377130750D,1,41590000, ,2016-01-01,8.99916E+13,새한항업,2019-01-05
1250,AE908,1.21619E+13, ,MNG409,376161443C,1,41590259,향남읍 행정리 보도설치공사외 1건 GIS DB 구축용역,2019-12-31,1.21619E+13,㈜진성이엔씨,2020-03-10
1251,AE908,4.21619E+13, ,MNG409,377130184A,1,41590570,"화산도시계획도로 2-1,2호선 개설공사 GIS DB 구축용역",2019-12-31,4.21619E+13,(주)선진이엔씨,2020-03-10
1252,AE908,8.99916E+13,LP-B2,MNG305,377130710A,1,41590000, ,2016-01-01,8.99916E+13,새한항업,2019-01-05
1253,AE908,8.99916E+13,LP-B11,MNG305,377130710A,1,41590000, ,2016-01-01,8.99916E+13,새한항업,2019-01-05
1254,AE908,8.99916E+13,LP-1B-35,MNG305,377130200C,1,41590000, ,2016-01-01,8.99916E+13,새한항업,2019-01-05
1255,AE910,900296, ,MNG244,376160534B,1,41590253, ,1900-01-01,0, , 
1256,AE910,900295, ,MNG244,376160524C,1,41590253, ,1900-01-01,0, , 
1257,AE910,900294, ,MNG244,376160532C,1,41590253, ,1900-01-01,0, , 
1258,AE910,900293,봉담LP-35,MNG244,376160978C,1,41590253, ,1900-01-01,0, , 
1259,AE910,900292,봉담LP67-34,MNG244,376160957C,1,41590253, ,1900-01-01,2006711012, , 
1260,AE910,900291,봉담LP204-33,MNG244,376160957B,1,41590253, ,1900-01-01,0, , 
1261,AE910,900290,봉담LP-32,MNG244,376160947D,1,41590253, ,1900-01-01,9002411002, , 
1262,AE910,900289,봉담LP43-31,MNG244,376160958A,1,41590253, ,1900-01-01,0, , 
1263,AE910,900287,봉담LP84-29,MNG244,376160577A,1,41590560, ,1900-01-01,0, , 
1264,AE910,900286,봉담LP-28,MNG244,376160575B,1,41590253, ,1900-01-01,0, , 
1265,AE910,411023,LP-21,MNG244,377130704D,1,41590586, ,2007-05-01,0, , 
1266,AE910,9.99617E+11,LP-2C,MNG244,376161724A,1,41590256, ,2010-01-08,99617240021, , 
1267,AE910,9.99617E+11,LP-3C,MNG244,376161724B,1,41590256, ,2010-01-08,99617240007, , 
1268,AE908,5.31509E+11,01-25-1190983-1501,MNG244,376150913D,1,41590350,전곡해양산업단지 도로 및 지하시설물 GIS DB구축 용역(20171207),2015-01-01,53150608053, ,2017-12-07
1269,AE908,5.31509E+11,01-25-1187821-1501,MNG244,376150913C,1,41590350,전곡해양산업단지 도로 및 지하시설물 GIS DB구축 용역(20171207),2015-01-01,53150608056, ,2017-12-07
1270,AE910,411060,LP-78,MNG244,377130283A,1,41590585, ,2007-05-01,2300119005, , 
1271,AE910,411138,-,MNG244,377130284A,1,41590585, ,2007-05-01,0, , 
1272,AE910,411045,LP-84,MNG244,377130281A,1,41590587, ,2007-05-01,2400819001, , 
1273,AE910,411075,LP-83,MNG244,377130281B,1,41590587, ,2007-05-01,2400819001, , 
1274,AE910,411076,LP-76,MNG244,377130282D,1,41590587, ,2007-05-01,2400819003, , 
1275,AE910,411003,-,MNG244,377130286A,1,41590585, ,2007-05-01,0, , 
1276,AE910,411011,LP-19,MNG244,377130705D,1,41590586, ,2007-05-01,2401319008, , 
1277,AE910,411009,LP-28,MNG244,377130705A,1,41590586, ,2007-05-01,2300419003, , 
1278,AE910,411097,LP-52,MNG244,377130287B,1,41590585, ,2007-05-01,2200519004, , 
1279,AE910,411074,LP-82,MNG244,377130272C,1,41590587, ,2007-05-01,2501019001, , 
1280,AE910,411001,LP-55,MNG244,377130276C,1,41590585, ,2007-05-01,2400619003, , 
1281,AE910,411139,LP-S11,MNG244,377130284A,1,41590585, ,2007-05-01,2500819001, , 
1282,AE910,411140,LP-60,MNG244,377130284A,1,41590585, ,2007-05-01,2500819001, , 
1283,AE910,411150,LP-S10,MNG244,377130273D,1,41590585, ,2007-05-01,0, , 
1284,AE908,2.11302E+11,29140183618,MNG244,377130246D,1,41590585,지방도318호선 신설 및 확장공사 GIS DB 구축용역,2013-12-01,0, , 
1285,AE908,2.11302E+11,29140183935,MNG244,377130246D,1,41590585,지방도318호선 신설 및 확장공사 GIS DB 구축용역,2013-12-01,0, , 
1286,AE908,2.11302E+11,48150043148,MNG244,377130244B,1,41590550,지방도318호선 신설 및 확장공사 GIS DB 구축용역,2013-12-01,0, , 
1287,AE908,2.11302E+11,48150043145,MNG244,377130244B,1,41590550,지방도318호선 신설 및 확장공사 GIS DB 구축용역,2013-12-01,0, , 
1288,AE908,2.11302E+11,48150042970,MNG244,377130245D,1,41590550,지방도318호선 신설 및 확장공사 GIS DB 구축용역,2013-12-01,0, , 
1289,AE908,2.11614E+11,48150037305,MNG244,376161423B,1,41590259,발안도시계획도로(2-1호선) 지하매설물 GIS DB 구축 용역,2014-06-01,21161423013, , 
1290,AE910,900139,향남LP-13,MNG244,376161808C,1,41590259, ,1900-01-01,0, , 
1291,AE910,900140,향남LP-14,MNG244,376161808C,1,41590259, ,1900-01-01,0, , 
1292,AE910,900138,향남LP78-11,MNG244,376161422A,1,41590259, ,1900-01-01,0, , 
1293,AE910,900137,향남LP-10,MNG244,376161432D,1,41590259, ,1900-01-01,0, , 
1294,AE910,900136,향남LP-9,MNG244,376161431D,1,41590259, ,1900-01-01,2500491001, , 
1295,AE910,900135,향남LP82-8,MNG244,376161340D,1,41590259, ,1900-01-01,2300491008, , 
1296,AE910,900134,향남LP82-7,MNG244,376161441B,1,41590259, ,1900-01-01,2300491001, , 
1297,AE910,900133,향남LP82-6,MNG244,376161441B,1,41590259, ,1900-01-01,0, , 
1298,AE910,900132,향남LP43-5,MNG244,376161433A,1,41590259, ,1900-01-01,0, , 
1299,AE910,900131,향남LP43-4,MNG244,376161442B,1,41590259, ,1900-01-01,2007812004, , 
1300,AE910,900130,향남LP43-3,MNG244,376161441C,1,41590259, ,1900-01-01,0, , 
1301,AE910,900129,향남LP43-2,MNG244,376161442B,1,41590259, ,1900-01-01,1104312014, , 
1302,AE910,900128,향남LP-54,MNG244,376161933A,1,41590259, ,1900-01-01,0, , 
1303,AE910,900127,향남LP-53,MNG244,376161932D,1,41590259, ,1900-01-01,0, , 
1304,AE910,900126,향남LP-52,MNG244,376161932C,1,41590259, ,1900-01-01,0, , 
1305,AE910,8.99919E+13, ,MNG244,377130790B,1,41590420,동탄(2)택지개발사업 부지공사(1단계)GIS DB구축용역, ,8.99919E+13, ,2019-12-04
1306,AE910,900037,송산LP322-12,MNG244,376150579D,1,41590340, ,1900-01-01,0, , 
1307,AE910,900036,송산LP322-11,MNG244,376150579D,1,41590340, ,1900-01-01,0, , 
1308,AE910,900035,송산LP322-10,MNG244,376150577D,1,41590340, ,1900-01-01,0, , 
1309,AE910,900034,송산LP322-9,MNG244,376150577D,1,41590340, ,1900-01-01,0, , 
1310,AE908,99920171014,29-25-0035379-1702,MNG244,376122283D,1,41590510,송산그린시티 기반시설 건설공사 도로 및 지하매설물 GIS D/B 구축용역(20171229),2017-01-01,99920171045, ,2017-12-29
1311,AE908,99920171012,29-25-0035371-1702,MNG244,376122273A,1,41590510,송산그린시티 기반시설 건설공사 도로 및 지하매설물 GIS D/B 구축용역(20171229),2017-01-01,99920171045, ,2017-12-29
1312,AE908,4.21617E+13, ,MNG244,377130611B,1,41590570,화산도시계획도로 소로1-23호선 개설공사 GIS DB 구축용역,2017-12-30,4.21617E+13,㈜선진이엔씨,2018-07-25
1313,AE910,4.21618E+13, ,MNG244,376160972A,1,41590360,팔탄면사무소 진입도로(소로3-6)호선 개설공사 GIS DB 구축용역,2017-06-01,4.21618E+13,㈜선진이엔씨,2018-12-19
1314,AE910,900167,남양LP322-19,MNG244,376160257C,1,41590262, ,1900-01-01,0, , 
1315,AE910,900166,남양LP322-18,MNG244,376160257C,1,41590262, ,1900-01-01,0, , 
1316,AE908,5.11308E+11,2150036990,MNG244,377130759A,1,41590600,화성동탄 일반산업단지 조성공사 중 GIS구축,2014-01-01,51130749107, , 
1317,AE908,5.11308E+11,LS150610191,MNG244,377130759A,1,41590600,화성동탄 일반산업단지 조성공사 중 GIS구축,2014-01-01,51130749107, , 
1318,AE908,5.11307E+11, ,MNG244,377130749C,1,41590600,화성동탄 일반산업단지 조성공사 중 GIS구축,2014-01-01,51130748096, , 
1319,AE910,900119,향남LP-45,MNG244,376161840A,1,41590259, ,1900-01-01,0, , 
1320,AE910,900118,향남LP-44,MNG244,376161922D,1,41590259, ,1900-01-01,0, , 
1321,AE910,900117,향남LP-43,MNG244,376161922B,1,41590259, ,1900-01-01,0, , 
1322,AE910,900115,향남LP-41,MNG244,376161922D,1,41590259, ,1900-01-01,0, , 
1323,AE910,900114,향남LP-40,MNG244,376161922D,1,41590259, ,1900-01-01,0, , 
1324,AE910,900113,향남LP-39,MNG244,376161922C,1,41590259, ,1900-01-01,0, , 
1325,AE910,900112,향남LP-38,MNG244,376161922C,1,41590259, ,1900-01-01,0, , 
1326,AE910,900111,향남LP-37,MNG244,376161921D,1,41590259, ,1900-01-01,0, , 
1327,AE910,900110,향남LP-36,MNG244,376161921D,1,41590259, ,1900-01-01,0, , 
1328,AE910,900109,향남LP-35,MNG244,376161830D,1,41590259, ,1900-01-01,0, , 
1329,AE910,900108,향남LP-34,MNG244,376161830D,1,41590259, ,1900-01-01,0, , 
1330,AE908,2.11604E+11,2171313373,MNG244,376160365A,1,41590320,화성시 지구단위계획구역부지 조성공사 GIS DB구축 사업(20170718)_재납품,2014-06-01,21160365004, ,2017-07-18
1331,AE910,8.88614E+11,TH151776202,MNG244,376161439A,1,41590259, ,2009-01-01,88614390001, , 
1332,AE910,9.99161E+11, ,MNG244,376160654D,1,41590330,경기화성바이오밸리,2016-11-01,99916121982, , 
1333,AE910,900264,봉담LP73-4,MNG244,376160551A,1,41590253, ,1900-01-01,0, , 
1334,AE910,900263,봉담LP43-3,MNG244,376160551A,1,41590253, ,1900-01-01,1104321004, , 
1335,AE910,900262,봉담LP43-2,MNG244,376160470A,1,41590253, ,1900-01-01,0, , 
1336,AE910,900261,봉담LP43-1,MNG244,376160551C,1,41590253, ,1900-01-01,0, , 
1337,AE910,900209,매송LP78-19,MNG244,376122337D,1,41590310, ,1900-01-01,0, , 
1338,AE910,900213, ,MNG244,376122358D,1,41590310, ,1900-01-01,0, , 
1339,AE910,411117,LP-48,MNG244,377130294A,1,41590585, ,2007-05-01,0, , 
1340,AE910,411120,LP-49,MNG244,377130284C,1,41590585, ,2007-05-01,0, , 
1341,AE910,411057,LP-75,MNG244,377130283C,1,41590585, ,2007-05-01,0, , 
1342,AE910,411130,LP-43,MNG244,377130285D,1,41590585, ,2007-05-01,2502319001, , 
1343,AE910,411090,LP-38,MNG244,377130286A,1,41590585, ,2007-05-01,0, , 
1344,AE910,411129,LP-41,MNG244,377130285D,1,41590585, ,2007-05-01,0, , 
1345,AE910,900048,동부LP-25,MNG244,377130198D,1,41590530, ,1900-01-01,2600431007, , 
1346,AE910,900050, ,MNG244,377130187A,1,41590520, ,1900-01-01,0, , 
1347,AE910,900055,동부LP71-6,MNG244,377130187C,1,41590520, ,1900-01-01,2706831005, , 
1348,AE910,411134,LP-57,MNG244,377130285A,1,41590585, ,2007-05-01,0, , 
1349,AE908,8.99919E+13, ,MNG409,376160285A,1,41590262,화성 남양 뉴타운 도로 및 지하시설물 GIS 구축 용역(2차), ,0,㈜한양지에스티,2020-05-20
1350,AE908,1.21118E+13,2140023193,MNG244,376161229D,1,41590360,팔탄면 서근리 도시계획도로 중로2-1호선 GIS DB 구축 사업,2011-06-01,1.21118E+13,㈜진성이엔씨,2018-07-18
1351,AE908,2.06307E+11, ,MNG244,377130708B,1,41590000, ,2016-01-01,26307080206,새한항업,2019-04-05
1352,AE910,8.2162E+13, ,MNG409,376162103C,1,41590256,매향리 연결도로 GIS DB구축,2018-06-01,8.2162E+13,(주)유원지리정보,2021-08-26
1353,AE910,8.2162E+13, ,MNG409,376162103C,1,41590256,매향리 연결도로 GIS DB구축,2018-06-02,8.2162E+13,(주)유원지리정보,2021-08-26
1354,AE910,8.2162E+13, ,MNG409,376162112C,1,41590256,매향리 연결도로 GIS DB구축,2018-06-03,8.2162E+13,(주)유원지리정보,2021-08-26
1355,AE910,4.21621E+13, ,MNG409,376161442B,1,41590259,봉담읍 덕우리 지방도310호선 보도설치공사외 3건 GIS DB 구축용역,2021-01-01,4.21621E+13,(주)선진이엔씨,2021-07-29
1356,AE910,1.2162E+13, ,MNG409,376151051D,1,41590350,서신도시계획도로 중로2-2호선 개설공사 GIS DB 구축용역,2020-06-01,1.2162E+13,㈜진성이엔씨,2021-08-13
1357,AE908,5.11307E+11, ,MNG244,377130739D,1,41590600,화성동탄 일반산업단지 조성공사 중 GIS구축,2014-01-01,51130749116, , 
1358,AE908,5.11308E+11, ,MNG244,377130757B,1,41590600,화성동탄 일반산업단지 조성공사 중 GIS구축,2014-01-01,51130748092, , 
1359,AE908,2.11506E+11,1170398220,MNG244,376150578B,1,41590340,송산도시계획도로 (대3-1호선) 개설공사 2공구,2011-06-01,21150578004, , 
1360,AE908,2.11506E+11,1254448,MNG244,376150578B,1,41590340,송산도시계획도로 (대3-1호선) 개설공사 2공구,2011-06-01,21150578001, , 
1361,AE908,2.11619E+11, ,MNG244,376161854A,1,41590370,장안면 독정리 247-2번지 원인자 공사,2011-06-01,21161854008, , 
1362,AE908,2.11619E+11, ,MNG244,376161854A,1,41590370,장안면 독정리 247-2번지 원인자 공사,2011-06-01,21161854008, , 
1363,AE908,8.88617E+11, ,MNG244,376161715D,1,41590256, ,2010-01-01,88617150003, , 
1364,AE908,8.88617E+11, ,MNG244,376161715D,1,41590256, ,2010-01-01,88617150003, , 
1365,AE908,8.88617E+11, ,MNG244,376161726A,1,41590256, ,2010-01-01,88617260018, , 
1366,AE908,8.88617E+11, ,MNG244,376161725D,1,41590256, ,2010-01-01,88617250100, , 
1367,AE908,8.88617E+11, ,MNG244,376161725D,1,41590256, ,2010-01-01,88617250121, , 
1368,AE910,8.88615E+11,LP1-20,MNG135,376161464C,1,41590259,화성 향남 2지구 도로 및 지하시설물 DB 구축(20170831),2016-01-01,614640462, ,2017-08-31
1369,AE910,99920150087, ,MNG244,376150565D,1,41590340, ,1900-01-01,99920171201, , 
1370,AE910,900245,동부LP318-74,MNG244,377130233B,1,41590550, ,1900-01-01,17101211005, , 
1371,AE910,8.21618E+13, ,MNG305,376161901C,1,41590259,화성향남2 주변도로 건설사업 도로 및 지하시설물 GIS DB 구축용역,2017-12-01,8.21618E+13,(주)한라지리정보,2021-04-16
1372,AE910,8.21618E+13, ,MNG305,376161901D,1,41590259,화성향남2 주변도로 건설사업 도로 및 지하시설물 GIS DB 구축용역,2017-12-01,8.21618E+13,(주)한라지리정보,2021-04-16
1373,AE910,8.21618E+13, ,MNG305,376161902A,1,41590259,화성향남2 주변도로 건설사업 도로 및 지하시설물 GIS DB 구축용역,2017-12-01,8.21618E+13,(주)한라지리정보,2021-04-16
1374,AE908,2.11605E+11,KH140762383,MNG244,376160512D,1,41590253,봉담읍 수영리 교차로 개선사업 GIS DB구축,2011-06-01,21160512006, , 
1375,AE910,2.21118E+13, ,MNG244,377130244A,1,41590550,화성 반월동 아파트 신축공사 GIS DB 구축용역,2018-05-01,2.21118E+13,(주)성원공간정보,2018-12-10
1376,AE910,2.21118E+13, ,MNG244,377130244A,1,41590550,화성 반월동 아파트 신축공사 GIS DB 구축용역,2018-05-01,2.21118E+13,(주)성원공간정보,2018-12-10
1377,AE910,1.21618E+13, ,MNG244,376161714C,1,41590256,진성-우정읍 쌍봉로 보도설치공사 GIS DB 구축용역,2017-12-01,1.21618E+13,㈜진성이엔씨,2018-12-05
1378,AE908,1.21117E+13, ,MNG244,377130261A,1,41590520,"반월,기산지구 시가화예정구역 도로 및 하수관거 정비사업 GIS DB 구축용역",2017-12-01,1.21117E+13,㈜진성이엔씨,2018-05-25
1379,AE910,8.2992E+13,36170550574,MNG244,376122294B,1,41590262,송산그린시티 기반시설 건설공사 도로 및 지하매설물 GIS D/B 구축용역,2019-12-21,8.2992E+13,제일항업(주),2020-10-21
1380,AE910,8.2992E+13,36170550573,MNG244,376122293C,1,41590262,송산그린시티 기반시설 건설공사 도로 및 지하매설물 GIS D/B 구축용역,2019-12-21,8.2992E+13,제일항업(주),2020-10-21
1381,AE910,8.2992E+13,36170550575,MNG244,376122293C,1,41590262,송산그린시티 기반시설 건설공사 도로 및 지하매설물 GIS D/B 구축용역,2019-12-21,8.2992E+13,제일항업(주),2020-10-21
1382,AE910,8.2992E+13,36170550594,MNG244,376122291D,1,41590262,송산그린시티 기반시설 건설공사 도로 및 지하매설물 GIS D/B 구축용역,2019-12-21,8.2992E+13,제일항업(주),2020-10-21
1383,AE908,8.99919E+13,남양9,MNG409,376160276D,1,41590262,화성 남양 뉴타운 도로 및 지하시설물 GIS 구축 용역(2차), ,8.99919E+13,㈜한양지에스티,2020-05-20
1384,AE910,900215, ,MNG244,376160402D,1,41590310, ,1900-01-01,0, , 
1385,AE910,900214, ,MNG244,376160402A,1,41590310, ,1900-01-01,0, , 
1386,AE910,900195,매송LP98-5,MNG244,376160402D,1,41590310, ,1900-01-01,0, , 
1387,AE910,900212, ,MNG244,376160405B,1,41590310, ,1900-01-01,0, , 
1388,AE910,900342,서신LP105-2,MNG244,376151052C,1,41590350, ,1900-01-01,0, , 
1389,AE910,8.88615E+11,LP1-2,MNG135,376161453C,1,41590259,화성 향남 2지구 도로 및 지하시설물 DB 구축(20170831),2016-01-01,614530663, ,2017-08-31
1390,AE910,8.88615E+11,LP1-3,MNG135,376161453C,1,41590259,화성 향남 2지구 도로 및 지하시설물 DB 구축(20170831),2016-01-01,614530663, ,2017-08-31
1391,AE910,8.88615E+11,LP1-13,MNG135,376161462D,1,41590259,화성 향남 2지구 도로 및 지하시설물 DB 구축(20170831),2016-01-01,614630500, ,2017-08-31
1392,AE910,8.88615E+11,LP1-17,MNG135,376161463C,1,41590259,화성 향남 2지구 도로 및 지하시설물 DB 구축(20170831),2016-01-01,614630660, ,2017-08-31
1393,AE908,2.15308E+11,LP-9,MNG244,377130777D,1,41590600, ,2014-01-01,21530777086, , 
1394,AE908,2.15308E+11,LP-10,MNG244,377130777D,1,41590600, ,2014-01-01,21530777086, , 
1395,AE910,411050,LP-72,MNG244,377130701B,1,41590587, ,2007-05-01,0, , 
1396,AE910,2.21619E+13, ,MNG244,376122366D,1,41590310,시도78호선 야목교차로개선사업 GIS DB 구축용역,2019-02-01,2.21619E+13,(주)성원공간정보,2019-04-26
1397,AE910,900121,향남LP-47,MNG244,376161931B,1,41590259, ,1900-01-01,0, , 
1398,AE910,900120,향남LP-46,MNG244,376161931B,1,41590259, ,1900-01-01,0, , 
1399,AE910,2.21618E+13, ,MNG244,376162043D,1,41590400,솔안고개 도로확포장공사 GIS DB 구축용역,2018-03-01,2.21618E+13,(주)성원공간정보,2018-08-24
1400,AE910,2.21618E+13, ,MNG244,376162043D,1,41590400,솔안고개 도로확포장공사 GIS DB 구축용역,2018-03-01,2.21618E+13,(주)성원공간정보,2018-08-24
1401,AE908,2.11605E+11,LG150220932,MNG244,376160512B,1,41590253,봉담읍 수영리 교차로 개선사업 GIS DB구축,2011-06-01,21160512004, , 
1402,AE910,8.88615E+11,LP1-19,MNG135,376161463D,1,41590259,화성 향남 2지구 도로 및 지하시설물 DB 구축(20170831),2016-01-01,614630478, ,2017-08-31
1403,AE910,8.88615E+11,LP1-1,MNG135,376161453C,1,41590259,화성 향남 2지구 도로 및 지하시설물 DB 구축(20170831),2016-01-01,614530546, ,2017-08-31
1404,AE910,900097,향남LP39-23,MNG244,376161923C,1,41590259, ,1900-01-01,0, , 
1405,AE910,900095,향남LP-21,MNG244,376161914C,1,41590259, ,1900-01-01,0, , 
1406,AE910,900094,향남LP-20,MNG244,376161913D,1,41590259, ,1900-01-01,0, , 
1407,AE910,900093,향남LP-19,MNG244,376161913D,1,41590259, ,1900-01-01,0, , 
1408,AE910,900092,향남LP-18,MNG244,376161913C,1,41590259, ,1900-01-01,0, , 
1409,AE910,900392,우정LP105-11,MNG244,376161679C,1,41590256, ,1900-01-01,0, , 
1410,AE910,900391,우정LP77-10,MNG244,376161670D,1,41590256, ,1900-01-01,0, , 
1411,AE910,900390,우정LP77-9,MNG244,376161670D,1,41590256, ,1900-01-01,0, , 
1412,AE910,900389,우정LP77-8,MNG244,376161670D,1,41590256, ,1900-01-01,0, , 
1413,AE910,900387,우정LP79-6,MNG244,376161733C,1,41590256, ,1900-01-01,0, , 
1414,AE908,99920171017,29-25-0034595-1702,MNG244,376160204C,1,41590510,송산그린시티 기반시설 건설공사 도로 및 지하매설물 GIS D/B 구축용역(20171229),2017-01-01,99920171010, ,2017-12-29
1415,AE908,99920171018,29-25-0035383-1702,MNG244,376160204C,1,41590510,송산그린시티 기반시설 건설공사 도로 및 지하매설물 GIS D/B 구축용역(20171229),2017-01-01,99920171010, ,2017-12-29
1416,AE910,900299,양감LP102-1,MNG244,376161940C,1,41590400, ,1900-01-01,3110212001, , 
1417,AE910,99920150063, ,MNG244,376160198A,1,41590330, ,1900-01-01,99920150570, , 
1418,AE910,4.29921E+13, ,MNG409,376160724B,1,41590262,남양도시계획도로 소로2-19호선 개설공사 GIS DB 구축용역,2020-12-01,4.29921E+13,(주)선진이엔씨,2022-01-17
1419,AE910,1.21121E+13, ,MNG409,377130186C,1,41590520,병점지구 도시계획시설 GIS DB 및 도로대장 구축 사업,2020-12-01,0,(주)진성이엔씨,2021-10-20
1420,AE910,900054,동부LP84-5,MNG409,377130186B,1,41590520, ,1900-01-01,1208431027,(주)진성이엔씨,2021-10-20
1421,AE910,1.21621E+13, ,MNG409,377130178D,1,41590520,진안도시계획도로 소로1-29호선 개설공사 GIS DB구축 용역,2021-06-01,1.21621E+13,㈜진성이엔씨,2021-12-27
1422,AE910,4.21621E+13, ,MNG409,376161020B,1,41590570,화산도시계획도로 중로3-1호선 개설공사 GIS DB구축 용역,2020-12-01,4.21621E+13,㈜선진이엔씨,2021-10-06
1423,AE908,8.99919E+13, ,MNG409,376160295A,1,41590262,화성 남양 뉴타운 도로 및 지하시설물 GIS 구축 용역(2차), ,8.99919E+13,㈜한양지에스티,2020-05-20
1424,AE908,8.99919E+13, ,MNG409,376160295A,1,41590262,화성 남양 뉴타운 도로 및 지하시설물 GIS 구축 용역(2차), ,8.99919E+13,㈜한양지에스티,2020-05-20
1425,AE908,8.99919E+13, ,MNG409,376160295A,1,41590262,화성 남양 뉴타운 도로 및 지하시설물 GIS 구축 용역(2차), ,8.99919E+13,㈜한양지에스티,2020-05-20
1426,AE908,8.99919E+13,남양1,MNG409,376160295B,1,41590262,화성 남양 뉴타운 도로 및 지하시설물 GIS 구축 용역(2차), ,8.99919E+13,㈜한양지에스티,2020-05-20
1427,AE908,8.99919E+13,남양8,MNG409,376160295B,1,41590262,화성 남양 뉴타운 도로 및 지하시설물 GIS 구축 용역(2차), ,8.99919E+13,㈜한양지에스티,2020-05-20
1428,AE908,8.99919E+13,남양9,MNG409,376160295B,1,41590262,화성 남양 뉴타운 도로 및 지하시설물 GIS 구축 용역(2차), ,8.99919E+13,㈜한양지에스티,2020-05-20
1429,AE910,426018,TH141571098,MNG244,376160562A,1,41590253, ,2008-07-24,0, , 
1430,AE910,426019,TH141568839,MNG244,376160573B,1,41590253, ,2008-07-24,1019042052, , 
1431,AE910,426020,LG150288360,MNG244,376160562D,1,41590253, ,2008-07-24,1019042037, , 
1432,AE910,426021,PS14165000,MNG244,376160562D,1,41590253, ,2008-07-24,1019042029, , 
1433,AE910,426022,PS150043622,MNG244,376160563C,1,41590253, ,2008-07-24,1019042046, , 
1434,AE908,5.31509E+11,39170894902,MNG244,376150927A,1,41590350,전곡해양산업단지 도로 및 지하시설물 GIS DB구축 용역(20171207),2015-01-01,53150608020, ,2017-12-07
1435,AE908,5.31509E+11,01-25-1190986-1501,MNG244,376150915A,1,41590350,전곡해양산업단지 도로 및 지하시설물 GIS DB구축 용역(20171207),2015-01-01,53150608049, ,2017-12-07
1436,AE910,2.21622E+13, ,MNG417,377130183C,1,41590570,화산도시계획도로 소로2-9호선 외 2개소 개설공사 GIS DB 구축용역,2022-07-01,2.21622E+13,(주)성원공간정보,2023-01-13
1437,AE910,2.21122E+13, ,MNG000,376160556C,1,41590560,화성 기안 도시계획시설공사 GIS DB 구축용역,2022-08-01,2.21122E+13,(주)성원공간정보,2023-01-13
1438,AE910,2.21122E+13, ,MNG000,376160566B,1,41590560,화성 기안 도시계획시설공사 GIS DB 구축용역,2022-08-01,2.21122E+13,(주)성원공간정보,2023-01-13
1439,AE910,2.21122E+13, ,MNG000,376160556D,1,41590560,화성 기안 도시계획시설공사 GIS DB 구축용역,2022-08-01,2.21122E+13,(주)성원공간정보,2023-01-13
