도형번호,지형지물부호,관리번호,관리기관,행정읍면동,도엽번호,설치일자,정류장종류,정류장명,정류장유형,대장초기화여부,비고,도로구간번호,
272,AE260,99920150371,MNG259,41590115,376160242A,1990-01-01,AEE000, ,STT000,1, ,99920150590,
273,AE260,99920150374,MNG259,41590115,376160232C,1990-01-01,AEE000, ,STT000,1, ,99920150590,
274,AE260,99920150375,MNG259,41590115,376160231D,1990-01-01,AEE000, ,STT000,1, ,99920150590,
275,AE260,99920150347,MNG259,41590320,376160316A,1990-01-01,AEE000, ,STT000,1, ,99920150080,
276,AE260,99920150055,MNG259,41590370,376161774A,1990-01-01,AEE000, ,STT000,1, ,1.22E+13,
277,AE260,99920150056,MNG259,41590370,376161774A,1990-01-01,AEE000, ,STT000,1, ,1.22E+13,
278,AE260,99920150045,MNG259,41590256,376162202C,1990-01-01,AEE000, ,STT000,1, ,99920150736,
279,AE260,99920150001,MNG259,41590370,376161792D,1990-01-01,AEE000, ,STT000,1, ,1.22E+13,
280,AE260,99920150028,MNG259,41590370,376161217A,1990-01-01,AEE000, ,STT000,1, ,1.22E+13,
281,AE260,99920150029,MNG259,41590370,376161216A,1990-01-01,AEE000, ,STT000,1, ,1.22E+13,
282,AE260,99920150498,MNG259,41590340,376150468A,1990-01-01,AEE000, ,STT000,1, ,99920150263,
283,AE260,2.13E+11,MNG259,41590340,376150450B,2016-01-01,AEE004,마산1리(청촌농원),STT001,1,송산면 마산리 보도설치공사 GIS DB 구축용역(20171220),21250450008,
284,AE260,2.13E+11,MNG259,41590340,376150450B,2016-01-01,AEE004, ,STT002,1,송산면 마산리 보도설치공사 GIS DB 구축용역(20171220),21250450008,
285,AE260,2.13E+11,MNG259,41590340,376150450B,2016-01-01,AEE004, ,STT001,1,송산면 마산리 보도설치공사 GIS DB 구축용역(20171220),21250450008,
286,AE260,2.13E+11,MNG259,41590340,376150450B,2016-01-01,AEE004,마산1리마을회관,STT001,1,송산면 마산리 보도설치공사 GIS DB 구축용역(20171220),21250440006,
287,AE260,2.13E+11,MNG259,41590340,376150450B,2016-01-01,AEE004,마산1리마을회관,STT001,1,송산면 마산리 보도설치공사 GIS DB 구축용역(20171220),21250440006,
288,AE260,9.00E+13,MNG259,41590340,376150541C,2020-10-30,AEE003,마산1리,STT002,1,화성 송산테크노파크 일반산업단지,9.00E+13,
289,AE260,9.00E+13,MNG259,41590340,376150541C,2020-10-30,AEE003,마산1리,STT002,1,화성 송산테크노파크 일반산업단지,9.00E+13,
290,AE260,9.00E+13,MNG259,41590340,376150460C,2020-10-30,AEE003, ,STT002,1,화성 송산테크노파크 일반산업단지,9.00E+13,
291,AE260,9.00E+13,MNG259,41590340,376150460B,2020-10-30,AEE003, ,STT002,1,화성 송산테크노파크 일반산업단지,9.00E+13,
292,AE260,99920150348,MNG259,41590320,376160305B,1990-01-01,AEE000, ,STT000,1, ,99920150080,
293,AE260,99920150349,MNG259,41590320,376160305A,1990-01-01,AEE000, ,STT000,1, ,99920150080,
294,AE260,99920150350,MNG259,41590320,376160305A,1990-01-01,AEE000, ,STT000,1, ,99920150080,
295,AE260,99920150339,MNG259,41590320,376160365C,1990-01-01,AEE000, ,STT000,1, ,99920150078,
296,AE260,99920150340,MNG259,41590320,376160365C,1990-01-01,AEE000, ,STT000,1, ,99920150078,
297,AE260,99920150343,MNG259,41590320,376160335D,1990-01-01,AEE000, ,STT000,1, ,99920150078,
298,AE260,99920150327,MNG259,41590262,376160730A,1990-01-01,AEE000, ,STT000,1, ,99920150248,
299,AE260,99920150226,MNG259,41590262,376160770C,1990-01-01,AEE000, ,STT000,1, ,99920150257,
300,AE260,99920150312,MNG259,41590262,376160760C,1990-01-01,AEE000, ,STT000,1, ,99920150257,
301,AE260,99920150227,MNG259,41590262,376160767B,1990-01-01,AEE000, ,STT000,1, ,99920150239,
302,AE260,99920150389,MNG259,41590330,376160160A,1990-01-01,AEE000, ,STT000,1, ,99920150279,
303,AE260,99920150336,MNG259,41590330,376160628D,1990-01-01,AEE000, ,STT000,1, ,99920150294,
304,AE260,99920150272,MNG259,41590320,376160810B,1990-01-01,AEE000, ,STT000,1, ,99920150086,
305,AE260,99920150271,MNG259,41590320,376160810A,1990-01-01,AEE000, ,STT000,1, ,99920150086,
306,AE260,5.32E+11,MNG259,41590350,376150927A,2015-01-01,AEE003,전곡2리(노가리마을),STT002,1,전곡해양산업단지 도로 및 지하시설물 GIS DB구축 용역(20171207),0,
307,AE260,5.32E+11,MNG259,41590350,376150927B,2015-01-01,AEE003,전곡2리산업단지,STT002,1,전곡해양산업단지 도로 및 지하시설물 GIS DB구축 용역(20171207),0,
308,AE260,2.13E+11,MNG259,41590340,376150552A,2016-01-01,AEE004,중송1리,STT002,1,송산면 마산리 보도설치공사 GIS DB 구축용역(20171220),21250552020,
309,AE260,2.13E+11,MNG259,41590340,376150552A,2016-01-01,AEE004,중송1리,STT001,1,송산면 마산리 보도설치공사 GIS DB 구축용역(20171220),21250552021,
310,AE260,2.13E+11,MNG259,41590340,376150552A,2016-01-01,AEE004, ,STT001,1,송산면 마산리 보도설치공사 GIS DB 구축용역(20171220),21250552021,
311,AE260,2.13E+11,MNG259,41590340,376150552A,2016-01-01,AEE004,중송1리,STT001,1,송산면 마산리 보도설치공사 GIS DB 구축용역(20171220),21250552021,
312,AE260,99920150138,MNG259,41590370,376161833C,1990-01-01,AEE000, ,STT000,1, ,99920150706,
313,AE260,99920150139,MNG259,41590370,376161823A,1990-01-01,AEE000, ,STT000,1, ,99920150706,
314,AE260,8.22E+13,MNG259,41590253,376160460B,2020-01-01,AEE003, ,STT002,1,화성봉담2 공공주택지구 도로 및 지하시설물 GIS DB 구축용역,8.22E+13,
315,AE260,8.22E+13,MNG259,41590253,376160460A,2020-01-01,AEE003, ,STT002,1,화성봉담2 공공주택지구 도로 및 지하시설물 GIS DB 구축용역,8.22E+13,
316,AE260,8.22E+13,MNG259,41590253,376160460A,2020-01-01,AEE003, ,STT002,1,화성봉담2 공공주택지구 도로 및 지하시설물 GIS DB 구축용역,8.22E+13,
317,AE260,8.22E+13,MNG259,41590253,376160460D,2020-01-01,AEE003, ,STT002,1,화성봉담2 공공주택지구 도로 및 지하시설물 GIS DB 구축용역,8.22E+13,
318,AE260,8.22E+13,MNG259,41590253,376160460D,2020-01-01,AEE003, ,STT002,1,화성봉담2 공공주택지구 도로 및 지하시설물 GIS DB 구축용역,8.22E+13,
319,AE260,8.22E+13,MNG259,41590253,376160450C,2020-01-01,AEE003, ,STT002,1,화성봉담2 공공주택지구 도로 및 지하시설물 GIS DB 구축용역,8.22E+13,
320,AE260,8.22E+13,MNG259,41590253,376160450C,2020-01-01,AEE003, ,STT002,1,화성봉담2 공공주택지구 도로 및 지하시설물 GIS DB 구축용역,8.22E+13,
321,AE260,8.22E+13,MNG259,41590253,376160449B,2020-01-01,AEE003, ,STT002,1,화성봉담2 공공주택지구 도로 및 지하시설물 GIS DB 구축용역,8.22E+13,
322,AE260,8.22E+13,MNG259,41590253,376160450A,2020-01-01,AEE003, ,STT002,1,화성봉담2 공공주택지구 도로 및 지하시설물 GIS DB 구축용역,8.22E+13,
323,AE260,8.22E+13,MNG259,41590253,376160429C,2020-01-01,AEE003, ,STT002,1,화성봉담2 공공주택지구 도로 및 지하시설물 GIS DB 구축용역,8.22E+13,
324,AE260,8.22E+13,MNG259,41590253,376160429C,2020-01-01,AEE003, ,STT002,1,화성봉담2 공공주택지구 도로 및 지하시설물 GIS DB 구축용역,8.22E+13,
325,AE260,8.22E+13,MNG259,41590253,376160438B,2020-01-01,AEE003, ,STT002,1,화성봉담2 공공주택지구 도로 및 지하시설물 GIS DB 구축용역,8.22E+13,
326,AE260,8.22E+13,MNG259,41590253,376160439A,2020-01-01,AEE003, ,STT002,1,화성봉담2 공공주택지구 도로 및 지하시설물 GIS DB 구축용역,8.22E+13,
327,AE260,99920150143,MNG259,41590370,376161768D,1990-01-01,AEE000, ,STT000,1, ,99920150721,
328,AE260,99920150146,MNG259,41590370,376161757B,1990-01-01,AEE000, ,STT000,1, ,99920150721,
329,AE260,99920150151,MNG259,41590370,376161747A,1990-01-01,AEE000, ,STT000,1, ,99920150721,
330,AE260,99920150152,MNG259,41590370,376161736D,1990-01-01,AEE000, ,STT000,1, ,99920150721,
331,AE260,99920150153,MNG259,41590370,376161736D,1990-01-01,AEE000, ,STT000,1, ,99920150721,
332,AE260,99920150142,MNG259,41590370,376161770C,1990-01-01,AEE000, ,STT000,1, ,99920150722,
333,AE260,99920171002,MNG259,41590340,376122262B,2017-01-01,AEE003, ,STT999,1,송산그린시티 기반시설 건설공사 도로 및 지하매설물 GIS D/B 구축용역(20171229),99920171020,
334,AE260,99920171001,MNG259,41590340,376122262B,2017-01-01,AEE003, ,STT999,1,송산그린시티 기반시설 건설공사 도로 및 지하매설물 GIS D/B 구축용역(20171229),99920171020,
335,AE260,99920171004,MNG259,41590510,376160235B,2017-01-01,AEE003, ,STT999,1,송산그린시티 기반시설 건설공사 도로 및 지하매설물 GIS D/B 구축용역(20171229),99920171025,
336,AE260,99920171003,MNG259,41590510,376160235A,2017-01-01,AEE003, ,STT999,1,송산그린시티 기반시설 건설공사 도로 및 지하매설물 GIS D/B 구축용역(20171229),99920171025,
337,AE260,99920150035,MNG259,41590113,376122100B,1990-01-01,AEE000, ,STT000,1, ,99920171102,
338,AE260,99920150036,MNG259,41590113,376122100B,1990-01-01,AEE000, ,STT000,1, ,99920171102,
339,AE260,8.89E+11,MNG259,41590259,376161474D,2016-01-01,AEE003,"향남부영10,11단지",STT002,1,화성 향남 2지구 도로 및 지하시설물 DB 구축(20170831),614740684,
340,AE260,8.89E+11,MNG259,41590259,376161474D,2016-01-01,AEE003,"향남부영10,11단지",STT002,1,화성 향남 2지구 도로 및 지하시설물 DB 구축(20170831),614740684,
341,AE260,8.89E+11,MNG259,41590259,376161472B,2016-01-01,AEE003,하길중학교,STT001,1,화성 향남 2지구 도로 및 지하시설물 DB 구축(20170831),614720343,
342,AE260,1.22E+13,MNG259,41590350,376150875C,2015-06-01,AEE003,제부리동미산앞,STT002,1,서신 도시계획도로(소로1-7호선)개설공사 GIS DB 구축용역,1.22E+13,
343,AE260,1.22E+13,MNG259,41590350,376150866C,2015-06-01,AEE003,서울횟집앞,STT001,1,서신 도시계획도로(소로1-7호선)개설공사 GIS DB 구축용역,1.22E+13,
344,AE260,1.22E+13,MNG259,41590350,376150866C,2015-06-01,AEE003,갯벌민박앞,STT001,1,서신 도시계획도로(소로1-7호선)개설공사 GIS DB 구축용역,1.22E+13,
345,AE260,1.22E+13,MNG259,41590350,376150866B,2015-06-01,AEE003,캠핑장입구,STT001,1,서신 도시계획도로(소로1-7호선)개설공사 GIS DB 구축용역,1.22E+13,
346,AE260,1.22E+13,MNG259,41590256,376161680A,2017-12-31,AEE003,기아생활관,STT002,1,도로 및 지하매설물 GIS DB 용역(화산리),1.22E+13,
347,AE260,1.22E+13,MNG259,41590256,376161680A,2017-12-31,AEE003,기아생활관,STT002,1,도로 및 지하매설물 GIS DB 용역(화산리),1.22E+13,
348,AE260,1.22E+13,MNG259,41590256,376161679B,2017-12-31,AEE003,화신삼거리,STT002,1,도로 및 지하매설물 GIS DB 용역(화산리),1.22E+13,
349,AE260,1.22E+13,MNG259,41590350,376150856D,2015-06-01,AEE003,하와이앞,STT001,1,서신 도시계획도로(소로1-7호선)개설공사 GIS DB 구축용역,1.22E+13,
350,AE260,1.22E+13,MNG259,41590350,376150857A,2015-06-01,AEE003,제부도입구,STT001,1,서신 도시계획도로(소로1-7호선)개설공사 GIS DB 구축용역,1.22E+13,
351,AE260,99920150344,MNG259,41590320,376160321B,1990-01-01,AEE000, ,STT000,1, ,99920150091,
352,AE260,99920150221,MNG259,41590360,376160867C,1990-01-01,AEE000, ,STT000,1, ,99920150338,
353,AE260,9.00E+13,MNG259,41590420,377130864C,,AEE001,"A78블럭,부영A74블럭",STT002,1,동탄(2)택지개발사업 부지공사(1단계)GIS DB구축용역,9.00E+13,
354,AE260,9.00E+13,MNG259,41590420,377130770C,,AEE001,동탄순환대로17,STT002,1,동탄(2)택지개발사업 부지공사(1단계)GIS DB구축용역,9.00E+13,
355,AE260,9.00E+13,MNG259,41590420,377130780A,,AEE001,동탄순환대로18,STT002,1,동탄(2)택지개발사업 부지공사(1단계)GIS DB구축용역,9.00E+13,
356,AE260,9.00E+13,MNG259,41590420,377130871A,,AEE001,동탄순환대로270,STT002,1,동탄(2)택지개발사업 부지공사(1단계)GIS DB구축용역,9.00E+13,
357,AE260,9.00E+13,MNG259,41590420,377130871D,,AEE001,"A89,A90",STT002,1,동탄(2)택지개발사업 부지공사(1단계)GIS DB구축용역,9.00E+13,
358,AE260,9.00E+13,MNG259,41590420,377130872A,,AEE001,금호어울림레이크,STT002,1,동탄(2)택지개발사업 부지공사(1단계)GIS DB구축용역,9.00E+13,
359,AE260,9.00E+13,MNG259,41590420,377130872A,,AEE001,금호어울림레이크,STT002,1,동탄(2)택지개발사업 부지공사(1단계)GIS DB구축용역,9.00E+13,
360,AE260,9.00E+13,MNG259,41590420,377130872C,,AEE001,"A90,A89",STT002,1,동탄(2)택지개발사업 부지공사(1단계)GIS DB구축용역,9.00E+13,
361,AE260,9.00E+13,MNG259,41590420,377130872D,,AEE001,금호어울림레이크,STT001,1,동탄(2)택지개발사업 부지공사(1단계)GIS DB구축용역,9.00E+13,
362,AE260,9.00E+13,MNG259,41590420,377130872D,,AEE001,금호어울림레이크,STT001,1,동탄(2)택지개발사업 부지공사(1단계)GIS DB구축용역,9.00E+13,
363,AE260,9.00E+13,MNG259,41590420,377130790A,,AEE001, ,STT002,1,동탄(2)택지개발사업 부지공사(1단계)GIS DB구축용역,9.00E+13,
364,AE260,9.00E+13,MNG259,41590420,377130881A,,AEE001,꽃가마약수터,STT002,1,동탄(2)택지개발사업 부지공사(1단계)GIS DB구축용역,9.00E+13,
365,AE260,9.00E+13,MNG259,41590420,377130881A,,AEE001,꽃가마약수터,STT002,1,동탄(2)택지개발사업 부지공사(1단계)GIS DB구축용역,9.00E+13,
366,AE260,9.00E+13,MNG259,41590420,377130881D,,AEE001,한국제지,STT002,1,동탄(2)택지개발사업 부지공사(1단계)GIS DB구축용역,9.00E+13,
367,AE260,9.00E+13,MNG259,41590420,377130882A,,AEE001,한국제지,STT002,1,동탄(2)택지개발사업 부지공사(1단계)GIS DB구축용역,9.00E+13,
368,AE260,9.00E+13,MNG259,41590420,377130864B,,AEE001,부영A70블럭,STT002,1,동탄(2)택지개발사업 부지공사(1단계)GIS DB구축용역,9.00E+13,
369,AE260,99920150306,MNG259,41590262,376160832A,1990-01-01,AEE000, ,STT000,1, ,99920150685,
370,AE260,99920150300,MNG259,41590360,376160834C,1990-01-01,AEE000, ,STT000,1, ,99920150685,
371,AE260,99920150301,MNG259,41590360,376160834C,1990-01-01,AEE000, ,STT000,1, ,99920150685,
372,AE260,99920150302,MNG259,41590360,376160834C,1990-01-01,AEE000, ,STT000,1, ,99920150685,
373,AE260,99920150303,MNG259,41590360,376160833A,1990-01-01,AEE000, ,STT000,1, ,99920150685,
374,AE260,99920150298,MNG259,41590360,376160845C,1990-01-01,AEE000, ,STT000,1, ,99920150693,
375,AE260,99920150299,MNG259,41590360,376160845C,1990-01-01,AEE000, ,STT000,1, ,99920150693,
376,AE260,99920150293,MNG259,41590360,376160856C,1990-01-01,AEE000, ,STT000,1, ,99920150691,
377,AE260,99920150294,MNG259,41590360,376160856C,1990-01-01,AEE000, ,STT000,1, ,99920150691,
378,AE260,99920150295,MNG259,41590360,376160855B,1990-01-01,AEE000, ,STT000,1, ,99920150691,
379,AE260,99920150296,MNG259,41590360,376160855B,1990-01-01,AEE000, ,STT000,1, ,99920150691,
380,AE260,99920150297,MNG259,41590360,376160855B,1990-01-01,AEE000, ,STT000,1, ,99920150691,
381,AE260,99920150437,MNG259,41590350,376151065C,1990-01-01,AEE000, ,STT000,1, ,99920150652,
382,AE260,99920150451,MNG259,41590330,376151019D,1990-01-01,AEE000, ,STT000,1, ,99920150634,
383,AE260,99920150453,MNG259,41590330,376151010A,1990-01-01,AEE000, ,STT000,1, ,99920150634,
384,AE260,99920150486,MNG259,41590340,376150540A,1990-01-01,AEE000, ,STT000,1, ,99920150609,
385,AE260,99920150424,MNG259,41590350,376151521A,1990-01-01,AEE000, ,STT000,1, ,99920150664,
386,AE260,99920150425,MNG259,41590350,376151521A,1990-01-01,AEE000, ,STT000,1, ,99920150664,
387,AE260,99920150428,MNG259,41590350,376151439D,1990-01-01,AEE000, ,STT000,1, ,99920150664,
388,AE260,99920150429,MNG259,41590350,376151430D,1990-01-01,AEE000, ,STT000,1, ,99920150664,
389,AE260,99920150478,MNG259,41590340,376150584D,1990-01-01,AEE000, ,STT000,1, ,99920150610,
390,AE260,99920150479,MNG259,41590340,376150584B,1990-01-01,AEE000, ,STT000,1, ,99920150610,
391,AE260,99920150455,MNG259,41590350,376151001A,1990-01-01,AEE000, ,STT000,1, ,99920150610,
392,AE260,99920150469,MNG259,41590350,376150948B,1990-01-01,AEE000, ,STT000,1, ,99920150610,
393,AE260,99920150470,MNG259,41590350,376150919C,1990-01-01,AEE000, ,STT000,1, ,99920150610,
394,AE260,99920150471,MNG259,41590350,376150910C,1990-01-01,AEE000, ,STT000,1, ,99920150610,
395,AE260,99920150405,MNG259,41590330,376160613B,1990-01-01,AEE000, ,STT000,1, ,99920150639,
396,AE260,99920150309,MNG259,41590320,376160807A,1990-01-01,AEE000, ,STT000,1, ,99920150528,
397,AE260,99920150280,MNG259,41590320,376160398C,1990-01-01,AEE000, ,STT000,1, ,99920150528,
398,AE260,99920150281,MNG259,41590320,376160398C,1990-01-01,AEE000, ,STT000,1, ,99920150528,
399,AE260,99920150222,MNG259,41590360,376160867C,1990-01-01,AEE000, ,STT000,1, ,99920150338,
400,AE260,99920150241,MNG259,41590600,377130768C,1990-01-01,AEE000, ,STT000,1, ,99920150021,
401,AE260,99920150242,MNG259,41590600,377130768C,1990-01-01,AEE000, ,STT000,1, ,99920150021,
402,AE260,99920150262,MNG259,41590590,377130279B,1990-01-01,AEE000, ,STT000,1, ,99920150014,
403,AE260,99920150263,MNG259,41590590,377130279B,1990-01-01,AEE000, ,STT000,1, ,99920150014,
404,AE260,99920150264,MNG259,41590590,377130269D,1990-01-01,AEE000, ,STT000,1, ,99920150014,
405,AE260,99920150265,MNG259,41590590,377130269B,1990-01-01,AEE000, ,STT000,1, ,99920150014,
406,AE260,99920150073,MNG259,41590400,376161940C,1990-01-01,AEE000, ,STT000,1, ,99920150311,
407,AE260,4.22E+13,MNG259,41590340,376150577B,2016-01-01,AEE003,송산면복지회관,STT002,1,송산도시계획도로(대3-1호선)개설공사(1공구) GIS DB구축 사업,4.22E+13,
408,AE260,4.22E+13,MNG259,41590340,376150577B,2016-01-01,AEE003,송산면복지회관,STT002,1,송산도시계획도로(대3-1호선)개설공사(1공구) GIS DB구축 사업,4.22E+13,
409,AE260,1.22E+13,MNG259,41590400,376162044D,2017-07-01,AEE003,용소3리,STT002,1,용소리 도로확포장공사 GIS DB 구축용역,1.22E+13,
410,AE260,1.22E+13,MNG259, ,377130714D,2015-06-01,AEE003,나루마을,STT001,1,반송초교앞 교차로 교통혼잡지구 개선사업 GIS DB 구축용역,1.22E+13,
411,AE260,8.21E+13,MNG259,41590140,376122233B,2019-01-01,AEE003, ,STT002,1, ,8.21E+13,
412,AE260,8.21E+13,MNG259,41590140,376122233B,2019-01-01,AEE003, ,STT002,1, ,8.21E+13,
413,AE260,8.21E+13,MNG259,41590140,376122224C,2019-01-01,AEE003, ,STT002,1, ,8.21E+13,
414,AE260,8.21E+13,MNG409,41590140,376122245A,2018-01-01,AEE003, ,STT002,1, ,8.21E+13,
415,AE260,8.21E+13,MNG409,41590140,376122245A,2018-01-01,AEE003, ,STT002,1, ,8.21E+13,
416,AE260,8.21E+13,MNG409,41590140,376122234B,2018-01-01,AEE003, ,STT002,1, ,8.21E+13,
417,AE260,8.21E+13,MNG409,41590140,376122234B,2018-01-01,AEE003, ,STT002,1, ,8.21E+13,
418,AE260,8.21E+13,MNG409,41590140,376122213D,2018-01-01,AEE003, ,STT002,1, ,8.21E+13,
419,AE260,8.21E+13,MNG409,41590140,376122213D,2018-01-01,AEE003, ,STT002,1, ,8.21E+13,
420,AE260,8.21E+13,MNG409,41590140,376122222B,2018-01-01,AEE003, ,STT002,1, ,8.21E+13,
421,AE260,8.21E+13,MNG409,41590140,376122256B,2018-01-01,AEE003, ,STT002,1, ,8.21E+13,
422,AE260,8.21E+13,MNG409,41590140,376122256B,2018-01-01,AEE003, ,STT002,1, ,8.21E+13,
423,AE260,8.21E+13,MNG409,41590140,376122224C,2018-01-01,AEE003, ,STT002,1, ,8.21E+13,
424,AE260,8.21E+13,MNG409,41590140,376122224C,2018-01-01,AEE003, ,STT002,1, ,8.21E+13,
425,AE260,8.21E+13,MNG409,41590140,376122245D,2018-01-01,AEE003, ,STT002,1, ,8.21E+13,
426,AE260,8.21E+13,MNG409,41590140,376122245D,2018-01-01,AEE003, ,STT002,1, ,8.21E+13,
427,AE260,8.21E+13,MNG409,41590140,376122235D,2018-01-01,AEE003, ,STT002,1, ,8.21E+13,
428,AE260,8.21E+13,MNG409,41590140,376122235D,2018-01-01,AEE003, ,STT002,1, ,8.21E+13,
429,AE260,8.21E+13,MNG409,41590140,376122235A,2018-01-01,AEE003, ,STT002,1, ,8.21E+13,
430,AE260,9.00E+13,MNG259,41590420,377130866C,,AEE001,반도10차,STT001,1,동탄(2)택지개발사업 부지공사(1단계)GIS DB구축용역,9.00E+13,
431,AE260,9.00E+13,MNG259,41590420,377130866D,,AEE001, ,STT002,1,동탄(2)택지개발사업 부지공사(1단계)GIS DB구축용역,9.00E+13,
432,AE260,8.22E+13,MNG259,41590259,376161476D,2017-12-01,AEE000, ,STT002,1,화성향남2 주변도로 건설사업 도로 및 지하시설물 GIS DB 구축용역,8.22E+13,
433,AE260,8.22E+13,MNG259,41590259,376161476D,2017-12-01,AEE000, ,STT002,1,화성향남2 주변도로 건설사업 도로 및 지하시설물 GIS DB 구축용역,8.22E+13,
434,AE260,8.22E+13,MNG259,41590259,376161477C,2017-12-01,AEE000, ,STT002,1,화성향남2 주변도로 건설사업 도로 및 지하시설물 GIS DB 구축용역,8.22E+13,
435,AE260,8.22E+13,MNG259,41590259,376161477C,2017-12-01,AEE000, ,STT002,1,화성향남2 주변도로 건설사업 도로 및 지하시설물 GIS DB 구축용역,8.22E+13,
436,AE260,8.22E+13,MNG259,41590259,376161477C,2017-12-01,AEE003,양석골,STT001,1,화성향남2 주변도로 건설사업 도로 및 지하시설물 GIS DB 구축용역,8.22E+13,
437,AE260,8.22E+13,MNG259,41590259,376161487A,2017-12-01,AEE003,양석골,STT001,1,화성향남2 주변도로 건설사업 도로 및 지하시설물 GIS DB 구축용역,8.22E+13,
438,AE260,8.22E+13,MNG259,41590400,376161588C,2017-12-01,AEE000, ,STT002,1,화성향남2 주변도로 건설사업 도로 및 지하시설물 GIS DB 구축용역,8.22E+13,
439,AE260,8.22E+13,MNG259,41590400,376161588D,2017-12-01,AEE000, ,STT002,1,화성향남2 주변도로 건설사업 도로 및 지하시설물 GIS DB 구축용역,8.22E+13,
440,AE260,8.22E+13,MNG259,41590259,376161531D,2020-01-01,AEE003,동오리종점,STT002,1,화성향남2 주변도로 건설사업 도로 및 지하시설물 GIS DB 구축용역,8.22E+13,
441,AE260,8.22E+13,MNG259,41590259,376161531D,2020-01-01,AEE003,동오리종점,STT002,1,화성향남2 주변도로 건설사업 도로 및 지하시설물 GIS DB 구축용역,8.22E+13,
442,AE260,8.22E+13,MNG259,41590259,376161512B,2020-01-01,AEE003,효원납골공원,STT002,1,화성향남2 주변도로 건설사업 도로 및 지하시설물 GIS DB 구축용역,8.22E+13,
443,AE260,8.22E+13,MNG259,41590259,376161512D,2020-01-01,AEE003,효원납골공원,STT002,1,화성향남2 주변도로 건설사업 도로 및 지하시설물 GIS DB 구축용역,8.22E+13,
444,AE260,8.22E+13,MNG259,41590410,376161503C,2020-01-01,AEE003,동오첨단산업단지,STT002,1,화성향남2 주변도로 건설사업 도로 및 지하시설물 GIS DB 구축용역,8.22E+13,
445,AE260,99920150119,MNG259,41590259,376161433C,1990-01-01,AEE000, ,STT000,1, ,99920150390,
446,AE260,99920150285,MNG259,41590310,376122432A,1990-01-01,AEE000, ,STT000,1, ,99920150189,
447,AE260,99920150126,MNG259,41590360,376160996A,1990-01-01,AEE000, ,STT000,1, ,99920150334,
448,AE260,99920150127,MNG259,41590360,376160996A,1990-01-01,AEE000, ,STT000,1, ,99920150334,
449,AE260,99920150128,MNG259,41590360,376160986D,1990-01-01,AEE000, ,STT000,1, ,99920150334,
450,AE260,99920150129,MNG259,41590360,376160986D,1990-01-01,AEE000, ,STT000,1, ,99920150334,
451,AE260,99920150140,MNG259,41590370,376161813A,1990-01-01,AEE000, ,STT000,1, ,99920150480,
452,AE260,99920150141,MNG259,41590370,376161813A,1990-01-01,AEE000, ,STT000,1, ,99920150480,
453,AE260,99920150103,MNG259,41590259,376161477B,1990-01-01,AEE000, ,STT000,1, ,99920150461,
454,AE260,99920150084,MNG259,41590259,376161829A,1990-01-01,AEE000, ,STT000,1, ,99920150433,
455,AE260,99920150049,MNG259,41590370,376161892C,1990-01-01,AEE000, ,STT000,1, ,99920150470,
456,AE260,99920150050,MNG259,41590370,376161892C,1990-01-01,AEE000, ,STT000,1, ,99920150470,
457,AE260,99920150475,MNG259,41590340,376150586A,1990-01-01,AEE000, ,STT000,1, ,8.22E+13,
458,AE260,2.22E+13,MNG259,41590310,376122366D,2019-02-01,AEE003,임시정류장,STT000,1,시도78호선 야목교차로개선사업 GIS DB 구축용역,2.22E+13,
459,AE260,4.22E+13,MNG259,41590320,376160324D,2016-01-01,AEE003,비봉우체국,STT001,1,비봉 도시계획도로(중로2-3호선)개설공사 GIS DB구축 사업,4.22E+13,
460,AE260,99920150181,MNG259,41590360,376161315C,1990-01-01,AEE000, ,STT000,1, ,99920150676,
461,AE260,99920150194,MNG259,41590256,376161244C,1990-01-01,AEE000, ,STT000,1, ,99920150743,
462,AE260,99920150473,MNG259,41590340,376150593A,1990-01-01,AEE000, ,STT000,1, ,99920150610,
463,AE260,99920150454,MNG259,41590340,376151005C,1990-01-01,AEE000, ,STT000,1, ,99920150649,
464,AE260,99920150276,MNG259,41590310,376160419B,1990-01-01,AEE000, ,STT000,1, ,99920150199,
465,AE260,99920150369,MNG259,41590115,376160242B,1990-01-01,AEE000, ,STT000,1, ,99920150590,
466,AE260,2.21E+13,MNG000,41590585,377130276B,2019-11-01,AEE003,동탄이마트,STT002,1,H3 도로개선공사 GIS DB 구축용역,2100319007,
467,AE260,1.22E+13,MNG259,41590330,376160186A,2017-12-01,AEE003, ,STT001,1,마도면 송정로 보도설치공사 외 2건 GIS DB 구축용역,1.22E+13,
468,AE260,1.22E+13,MNG259,41590340,376150579D,2017-12-01,AEE003,봉가1리,STT002,1,마도면 송정로 보도설치공사 외 2건 GIS DB 구축용역,1.22E+13,
469,AE260,2.22E+13,MNG417,41590570,377130183D,2019-12-01,AEE003,안녕농협삼거리,STT002,1,"화산도시계획도로 중로2-7,소로1-18호선 개설공사 GIS DB 구축용역",2.22E+13,
470,AE260,8.89E+11,MNG259,41590259,376161472B,2016-01-01,AEE003,하길중학교,STT001,1,화성 향남 2지구 도로 및 지하시설물 DB 구축(20170831),614720344,
471,AE260,9.00E+11,MNG259,41590340,376150539C,2013-11-01,AEE004,용포2리(영계),STT002,1,정류/마을/용포2리(영계)/철골조/164번,90000441609,
472,AE260,2.15E+11,MNG259,41590588,377130200B,2014-01-01,AEE003,우남퍼스트빌APT,STT002,1, ,21530200078,
473,AE260,99920150284,MNG259,41590310,376122472D,1990-01-01,AEE000, ,STT000,1, ,99920150202,
474,AE260,99920150131,MNG259,41590360,376160869A,1990-01-01,AEE000, ,STT000,1, ,99920150338,
475,AE260,99920150275,MNG259,41590310,376160419A,1990-01-01,AEE000, ,STT000,1, ,99920150192,
476,AE260,99920150124,MNG259,41590259,376161359D,1990-01-01,AEE000, ,STT000,1, ,99920150402,
477,AE260,99920150464,MNG259,41590350,376150959A,1990-01-01,AEE000, ,STT000,1, ,99920150298,
478,AE260,99920150089,MNG259,41590259,376161562A,1990-01-01,AEE000, ,STT000,1, ,99920150695,
479,AE260,99920150057,MNG259,41590256,376161687C,1990-01-01,AEE000, ,STT000,1, ,99920150513,
480,AE260,99920150058,MNG259,41590256,376161678D,1990-01-01,AEE000, ,STT000,1, ,99920150513,
481,AE260,8.21E+13,MNG409,41590140,376122235A,2018-01-01,AEE003, ,STT002,1, ,8.21E+13,
482,AE260,8.21E+13,MNG409,41590140,376122225C,2018-01-01,AEE003, ,STT002,1, ,8.21E+13,
483,AE260,8.21E+13,MNG409,41590140,376122225C,2018-01-01,AEE003, ,STT002,1, ,8.21E+13,
484,AE260,8.21E+13,MNG409,41590140,376122222B,2018-01-01,AEE003, ,STT002,1, ,8.21E+13,
485,AE260,8.21E+13,MNG409,41590140,376122222B,2018-01-01,AEE003, ,STT002,1, ,8.21E+13,
486,AE260,8.21E+13,MNG409,41590140,376122224A,2018-01-01,AEE003, ,STT002,1, ,8.21E+13,
487,AE260,8.21E+13,MNG409,41590140,376122224A,2018-01-01,AEE003, ,STT002,1, ,8.21E+13,
488,AE260,8.21E+13,MNG409,41590140,376122222A,2018-01-01,AEE003, ,STT002,1, ,8.21E+13,
489,AE260,99920150187,MNG259,41590370,376161298D,1990-01-01,AEE000, ,STT000,1, ,99920150491,
490,AE260,99920150409,MNG259,41590330,376160187C,1990-01-01,AEE000, ,STT000,1, ,99920150292,
491,AE260,99920150077,MNG259,41590259,376161923C,1990-01-01,AEE000, ,STT000,1, ,99920150420,
492,AE260,99920150027,MNG259,41590370,376161235B,1990-01-01,AEE000, ,STT000,1, ,99920150476,
493,AE260,99920150076,MNG259,41590400,376161928B,1990-01-01,AEE000, ,STT000,1, ,99920150323,
494,AE260,99920150064,MNG259,41590400,376162031C,1990-01-01,AEE000, ,STT000,1, ,99920150312,
495,AE260,99920150121,MNG259,41590259,376161400D,1990-01-01,AEE000, ,STT000,1, ,99920150421,
496,AE260,99920150092,MNG259,41590259,376161548C,1990-01-01,AEE000, ,STT000,1, ,99920150449,
497,AE260,99920150093,MNG259,41590259,376161537A,1990-01-01,AEE000, ,STT000,1, ,99920150449,
498,AE260,99920150094,MNG259,41590259,376161526B,1990-01-01,AEE000, ,STT000,1, ,99920150449,
499,AE260,99920150279,MNG259,41590320,376160399B,1990-01-01,AEE000, ,STT000,1, ,99920150087,
500,AE260,99920150030,MNG259,41590320,376160300A,1990-01-01,AEE000, ,STT000,1, ,99920150087,
501,AE260,99920150236,MNG259,41590600,377130838D,1990-01-01,AEE000, ,STT000,1, ,99920150047,
502,AE260,99920150239,MNG259,41590600,377130829C,1990-01-01,AEE000, ,STT000,1, ,99920150047,
503,AE260,99920150240,MNG259,41590600,377130829C,1990-01-01,AEE000, ,STT000,1, ,99920150047,
504,AE260,99920150237,MNG259,41590600,377130835A,1990-01-01,AEE000, ,STT000,1, ,99920150004,
505,AE260,99920150059,MNG259,41590400,376162046B,1990-01-01,AEE000, ,STT000,1, ,99920150324,
506,AE260,99920150060,MNG259,41590400,376162045D,1990-01-01,AEE000, ,STT000,1, ,99920150324,
507,AE260,99920150061,MNG259,41590400,376162045B,1990-01-01,AEE000, ,STT000,1, ,99920150324,
508,AE260,99920150062,MNG259,41590400,376162037D,1990-01-01,AEE000, ,STT000,1, ,99920150324,
509,AE260,99920150377,MNG259,41590320,376160230B,1990-01-01,AEE000, ,STT000,1, ,99920150091,
510,AE260,99920150438,MNG259,41590330,376151060A,1990-01-01,AEE000, ,STT000,1, ,99920150667,
511,AE260,99920150439,MNG259,41590330,376151060A,1990-01-01,AEE000, ,STT000,1, ,99920150667,
512,AE260,99920150430,MNG259,41590350,376151094B,1990-01-01,AEE000, ,STT000,1, ,99920150667,
513,AE260,99920150431,MNG259,41590350,376151085D,1990-01-01,AEE000, ,STT000,1, ,99920150667,
514,AE260,9.00E+13,MNG259,41590420,377130851A,,AEE001,"방교초,레이크자이더테라",STT002,1,동탄(2)택지개발사업 부지공사(1단계)GIS DB구축용역,9.00E+13,
515,AE260,9.00E+13,MNG259,41590420,377130851C,,AEE001,"방교초,레이크자이더테라",STT001,1,동탄(2)택지개발사업 부지공사(1단계)GIS DB구축용역,9.00E+13,
516,AE260,9.00E+13,MNG259,41590420,377130851D,,AEE001,레이크자이더테라스,STT002,1,동탄(2)택지개발사업 부지공사(1단계)GIS DB구축용역,9.00E+13,
517,AE260,9.00E+13,MNG259,41590420,377130852A,,AEE001,"하우스디더레이크,우미린",STT002,1,동탄(2)택지개발사업 부지공사(1단계)GIS DB구축용역,9.00E+13,
518,AE260,9.00E+13,MNG259,41590420,377130852C,,AEE001,"호수부영3차,우미린2차",STT002,1,동탄(2)택지개발사업 부지공사(1단계)GIS DB구축용역,9.00E+13,
519,AE260,9.00E+13,MNG259,41590420,377130852C,,AEE001,"우미린2차,호수부영3차",STT002,1,동탄(2)택지개발사업 부지공사(1단계)GIS DB구축용역,9.00E+13,
520,AE260,9.00E+13,MNG259,41590420,377130852D,,AEE001,A72,STT002,1,동탄(2)택지개발사업 부지공사(1단계)GIS DB구축용역,9.00E+13,
521,AE260,9.00E+13,MNG259,41590420,377130853B,,AEE001,"정현초,청림중",STT002,1,동탄(2)택지개발사업 부지공사(1단계)GIS DB구축용역,9.00E+13,
522,AE260,9.00E+13,MNG259,41590420,377130853D,,AEE001,"청림중,정현초",STT002,1,동탄(2)택지개발사업 부지공사(1단계)GIS DB구축용역,9.00E+13,
523,AE260,9.00E+13,MNG259,41590420,377130854C,,AEE001,A70,STT002,1,동탄(2)택지개발사업 부지공사(1단계)GIS DB구축용역,9.00E+13,
524,AE260,9.00E+13,MNG259,41590420,377130854C,,AEE001,서희스타힐스,STT002,1,동탄(2)택지개발사업 부지공사(1단계)GIS DB구축용역,9.00E+13,
525,AE260,9.00E+13,MNG259,41590420,377130854D,,AEE001,부영A70블럭,STT002,1,동탄(2)택지개발사업 부지공사(1단계)GIS DB구축용역,9.00E+13,
526,AE260,9.00E+13,MNG259,41590420,377130769B,,AEE001,동탄레이크자이더테라스,STT001,1,동탄(2)택지개발사업 부지공사(1단계)GIS DB구축용역,9.00E+13,
527,AE260,9.00E+13,MNG259,41590420,377130770A,,AEE001,동탄레이크자이더테라스,STT001,1,동탄(2)택지개발사업 부지공사(1단계)GIS DB구축용역,9.00E+13,
528,AE260,9.00E+13,MNG259,41590420,377130861C,,AEE001,동탄순환대로75,STT002,1,동탄(2)택지개발사업 부지공사(1단계)GIS DB구축용역,9.00E+13,
529,AE260,9.00E+13,MNG259,41590420,377130861D,,AEE001,동탄순환대로101,STT002,1,동탄(2)택지개발사업 부지공사(1단계)GIS DB구축용역,9.00E+13,
530,AE260,9.00E+13,MNG259,41590420,377130861D,,AEE001,동탄순환대로102,STT002,1,동탄(2)택지개발사업 부지공사(1단계)GIS DB구축용역,9.00E+13,
531,AE260,9.00E+13,MNG259,41590420,377130862C,,AEE001,동탄호수공원,STT002,1,동탄(2)택지개발사업 부지공사(1단계)GIS DB구축용역,9.00E+13,
532,AE260,9.00E+13,MNG259,41590420,377130862C,,AEE001,동탄호수공원,STT002,1,동탄(2)택지개발사업 부지공사(1단계)GIS DB구축용역,9.00E+13,
533,AE260,9.00E+13,MNG259,41590420,377130862D,,AEE001,"부영A73블럭,아이파크",STT002,1,동탄(2)택지개발사업 부지공사(1단계)GIS DB구축용역,9.00E+13,
534,AE260,8.89E+11,MNG259,41590259,376161465C,2016-01-01,AEE003, ,STT002,1,화성 향남 2지구 도로 및 지하시설물 DB 구축(20170831),614650429,
535,AE260,99920150053,MNG259,41590370,376161798A,1990-01-01,AEE000, ,STT000,1, ,99920150729,
536,AE260,99920150039,MNG259,41590370,376162228C,1990-01-01,AEE000, ,STT000,1, ,99920150733,
537,AE260,99920150038,MNG259,41590370,376162230A,1990-01-01,AEE000, ,STT000,1, ,99920150731,
538,AE260,2.13E+11,MNG259,41590340,376150440C,2016-01-01,AEE004,마산1리,STT001,1,송산면 마산리 보도설치공사 GIS DB 구축용역(20171220),21250440006,
539,AE260,2.13E+11,MNG259,41590340,376150440C,2016-01-01,AEE004,마산1리,STT001,1,송산면 마산리 보도설치공사 GIS DB 구축용역(20171220),21250440007,
540,AE260,2.13E+11,MNG259,41590340,376150440C,2016-01-01,AEE004,마산1리,STT002,1,송산면 마산리 보도설치공사 GIS DB 구축용역(20171220),21250440007,
541,AE260,1.71E+11,MNG259,41590530,377130178D,2017-10-30,AEE003,병점중학교,STT001,1,병점중외 1개소 인도정비공사 GIS DB 구축 용역(20180110),2400231008,
542,AE260,2.12E+11,MNG259,41590256,376161166A,2015-01-01,AEE003,호곡3리,STT002,1,호곡~주곡간 도로확포장공사 GIS DB 구축용역(20170823)_재납품,21150726001,
543,AE260,2.12E+11,MNG259,41590256,376161166A,2015-01-01,AEE003,호곡3리,STT001,1,호곡~주곡간 도로확포장공사 GIS DB 구축용역(20170823)_재납품,21150726001,
544,AE260,2.12E+11,MNG259,41590256,376161166B,2015-01-01,AEE003,호곡2리,STT002,1,호곡~주곡간 도로확포장공사 GIS DB 구축용역(20170823)_재납품,21150726002,
545,AE260,2.12E+11,MNG259,41590256,376161166B,2015-01-01,AEE003,호곡2리,STT001,1,호곡~주곡간 도로확포장공사 GIS DB 구축용역(20170823)_재납품,21150726002,
546,AE260,2.12E+11,MNG259,41590256,376161167B,2015-01-01,AEE003,호곡1리,STT001,1,호곡~주곡간 도로확포장공사 GIS DB 구축용역(20170823)_재납품,21150726004,
547,AE260,2.12E+11,MNG259,41590256,376161167B,2015-01-01,AEE003,호곡1리,STT002,1,호곡~주곡간 도로확포장공사 GIS DB 구축용역(20170823)_재납품,21150726004,
548,AE260,2.12E+11,MNG259,41590256,376161167B,2015-01-01,AEE003,호곡1리,STT002,1,호곡~주곡간 도로확포장공사 GIS DB 구축용역(20170823)_재납품,21150726004,
549,AE260,8.89E+11,MNG259,41590259,376161810A,2016-01-01,AEE003, ,STT002,1,화성 향남 2지구 도로 및 지하시설물 DB 구축(20170831),618100681,
550,AE260,8.89E+11,MNG259,41590259,376161482B,2016-01-01,AEE003,하길리,STT001,1,화성 향남 2지구 도로 및 지하시설물 DB 구축(20170831),614820180,
551,AE260,8.89E+11,MNG259,41590259,376161484A,2016-01-01,AEE003,부영11단지,STT001,1,화성 향남 2지구 도로 및 지하시설물 DB 구축(20170831),614840689,
552,AE260,8.89E+11,MNG259,41590259,376161462D,2016-01-01,AEE003,향남주공5단지,STT002,1,화성 향남 2지구 도로 및 지하시설물 DB 구축(20170831),614620510,
553,AE260,8.89E+11,MNG259,41590259,376161462D,2016-01-01,AEE003,향남주공5단지,STT002,1,화성 향남 2지구 도로 및 지하시설물 DB 구축(20170831),614620510,
554,AE260,8.89E+11,MNG259,41590259,376161476C,2016-01-01,AEE003,방축리(하길3리입구),STT001,1,화성 향남 2지구 도로 및 지하시설물 DB 구축(20170831),614760286,
555,AE260,8.89E+11,MNG259,41590259,376161491A,2016-01-01,AEE003,상신6리,STT002,1,화성 향남 2지구 도로 및 지하시설물 DB 구축(20170831),614910074,
556,AE260,8.89E+11,MNG259,41590259,376161491C,2016-01-01,AEE003, ,STT001,1,화성 향남 2지구 도로 및 지하시설물 DB 구축(20170831),614910061,
557,AE260,8.89E+11,MNG259,41590259,376161481D,2016-01-01,AEE003,상신하길로주택,STT001,1,화성 향남 2지구 도로 및 지하시설물 DB 구축(20170831),614810232,
558,AE260,8.89E+11,MNG259,41590259,376161481D,2016-01-01,AEE003,상신하길로주택,STT001,1,화성 향남 2지구 도로 및 지하시설물 DB 구축(20170831),614810232,
559,AE260,8.89E+11,MNG259,41590259,376161471C,2016-01-01,AEE003,제약공단사원아파트앞,STT002,1,화성 향남 2지구 도로 및 지하시설물 DB 구축(20170831),614710370,
560,AE260,8.89E+11,MNG259,41590259,376161472B,2016-01-01,AEE003,하길중학교,STT001,1,화성 향남 2지구 도로 및 지하시설물 DB 구축(20170831),614720334,
561,AE260,8.89E+11,MNG259,41590259,376161472B,2016-01-01,AEE003,하길중학교,STT001,1,화성 향남 2지구 도로 및 지하시설물 DB 구축(20170831),614720346,
562,AE260,2.22E+13,MNG259,41590310,376122366D,1900-01-01,AEE003,야목삼거리,STT002,1,시도78호선 야목교차로개선사업 GIS DB 구축용역,2.22E+13,
563,AE260,99920150460,MNG259,41590350,376150966B,1990-01-01,AEE000, ,STT000,1, ,99920150298,
564,AE260,99920150462,MNG259,41590350,376150960A,1990-01-01,AEE000, ,STT000,1, ,99920150298,
565,AE260,99920150463,MNG259,41590350,376150959A,1990-01-01,AEE000, ,STT000,1, ,99920150298,
566,AE260,99920150465,MNG259,41590350,376150958B,1990-01-01,AEE000, ,STT000,1, ,99920150298,
567,AE260,99920150466,MNG259,41590350,376150958A,1990-01-01,AEE000, ,STT000,1, ,99920150298,
568,AE260,99920150497,MNG259,41590340,376150476C,1990-01-01,AEE000, ,STT000,1, ,99920150263,
569,AE260,99920150311,MNG259,41590320,376160806A,1990-01-01,AEE000, ,STT000,1, ,99920150570,
570,AE260,99920150356,MNG259,41590262,376160269A,1990-01-01,AEE000, ,STT000,1, ,99920150570,
571,AE260,99920150357,MNG259,41590262,376160269A,1990-01-01,AEE000, ,STT000,1, ,99920150570,
572,AE260,99920150358,MNG259,41590262,376160268C,1990-01-01,AEE000, ,STT000,1, ,99920150570,
573,AE260,99920150419,MNG259,41590340,376160172D,1990-01-01,AEE000, ,STT000,1, ,99920150570,
574,AE260,99920150420,MNG259,41590340,376160172D,1990-01-01,AEE000, ,STT000,1, ,99920150570,
575,AE260,99920150421,MNG259,41590340,376160172C,1990-01-01,AEE000, ,STT000,1, ,99920150570,
576,AE260,99920150422,MNG259,41590340,376160171D,1990-01-01,AEE000, ,STT000,1, ,99920150570,
577,AE260,99920150386,MNG259,41590330,376160198D,1990-01-01,AEE000, ,STT000,1, ,99920150570,
578,AE260,99920150387,MNG259,41590330,376160198B,1990-01-01,AEE000, ,STT000,1, ,99920150570,
579,AE260,99920150407,MNG259,41590330,376160197B,1990-01-01,AEE000, ,STT000,1, ,99920150570,
580,AE260,99920150408,MNG259,41590330,376160187D,1990-01-01,AEE000, ,STT000,1, ,99920150570,
581,AE260,99920150410,MNG259,41590330,376160187C,1990-01-01,AEE000, ,STT000,1, ,99920150570,
582,AE260,99920150411,MNG259,41590330,376160186D,1990-01-01,AEE000, ,STT000,1, ,99920150570,
583,AE260,99920150412,MNG259,41590330,376160185D,1990-01-01,AEE000, ,STT000,1, ,99920150570,
584,AE260,99920150413,MNG259,41590330,376160185D,1990-01-01,AEE000, ,STT000,1, ,99920150570,
585,AE260,99920150415,MNG259,41590330,376160184A,1990-01-01,AEE000, ,STT000,1, ,99920150570,
586,AE260,99920150416,MNG259,41590330,376160183B,1990-01-01,AEE000, ,STT000,1, ,99920150570,
587,AE260,99920150417,MNG259,41590330,376160183B,1990-01-01,AEE000, ,STT000,1, ,99920150570,
588,AE260,9.00E+13,MNG409,41590262,376160707C,2017-01-01,AEE003,공군부대입구,STT001,1,화성 남양 뉴타운 도로 및 지하시설물 GIS 구축 용역(2차),9.00E+13,
589,AE260,9.00E+13,MNG409,41590262,376160707C,2017-01-01,AEE003,공군부대입구,STT002,1,화성 남양 뉴타운 도로 및 지하시설물 GIS 구축 용역(2차),9.00E+13,
590,AE260,9.00E+13,MNG409,41590262,376160707C,2017-01-01,AEE003,공군부대입구,STT001,1,화성 남양 뉴타운 도로 및 지하시설물 GIS 구축 용역(2차),9.00E+13,
591,AE260,9.00E+13,MNG409,41590262,376160705D,2017-01-01,AEE005,임시,STT001,1,화성 남양 뉴타운 도로 및 지하시설물 GIS 구축 용역(2차),9.00E+13,
592,AE260,9.00E+13,MNG409,41590262,376160705D,2017-01-01,AEE003,기산베스트빌,STT002,1,화성 남양 뉴타운 도로 및 지하시설물 GIS 구축 용역(2차),9.00E+13,
593,AE260,9.00E+13,MNG409,41590262,376160705D,2017-01-01,AEE003,임시,STT001,1,화성 남양 뉴타운 도로 및 지하시설물 GIS 구축 용역(2차),9.00E+13,
594,AE260,9.00E+13,MNG409,41590262,376160705A,2017-01-01,AEE003,대양초등학교,STT001,1,화성 남양 뉴타운 도로 및 지하시설물 GIS 구축 용역(2차),9.00E+13,
595,AE260,9.00E+13,MNG409,41590262,376160705A,2017-01-01,AEE003,시티프라디움정문,STT001,1,화성 남양 뉴타운 도로 및 지하시설물 GIS 구축 용역(2차),9.00E+13,
596,AE260,9.00E+13,MNG409,41590262,376160295D,2017-01-01,AEE003,임시,STT001,1,화성 남양 뉴타운 도로 및 지하시설물 GIS 구축 용역(2차),9.00E+13,
597,AE260,9.00E+13,MNG409,41590262,376160295D,2017-01-01,AEE003,남양뉴타운,STT002,1,화성 남양 뉴타운 도로 및 지하시설물 GIS 구축 용역(2차),9.00E+13,
598,AE260,9.00E+13,MNG409,41590262,376160295B,2017-01-01,AEE003,남양뉴타운,STT002,1,화성 남양 뉴타운 도로 및 지하시설물 GIS 구축 용역(2차),9.00E+13,
599,AE260,9.00E+13,MNG409,41590262,376160295A,2017-01-01,AEE003,남양중고교입구,STT001,1,화성 남양 뉴타운 도로 및 지하시설물 GIS 구축 용역(2차),9.00E+13,
600,AE260,9.00E+13,MNG409,41590262,376160285C,2017-01-01,AEE003,임시,STT002,1,화성 남양 뉴타운 도로 및 지하시설물 GIS 구축 용역(2차),9.00E+13,
601,AE260,9.00E+13,MNG409,41590262,376160284D,2017-01-01,AEE003,임시,STT002,1,화성 남양 뉴타운 도로 및 지하시설물 GIS 구축 용역(2차),9.00E+13,
602,AE260,9.00E+13,MNG409,41590262,376160286A,2017-01-01,AEE003,남양시립도서관,STT001,1,화성 남양 뉴타운 도로 및 지하시설물 GIS 구축 용역(2차),9.00E+13,
603,AE260,9.00E+13,MNG409,41590262,376160286A,2017-01-01,AEE003,남양시립도서관,STT001,1,화성 남양 뉴타운 도로 및 지하시설물 GIS 구축 용역(2차),9.00E+13,
604,AE260,9.00E+13,MNG409,41590262,376160284A,2017-01-01,AEE003,임시,STT002,1,화성 남양 뉴타운 도로 및 지하시설물 GIS 구축 용역(2차),9.00E+13,
605,AE260,9.00E+13,MNG409,41590262,376160284B,2017-01-01,AEE005,남양성지,STT001,1,화성 남양 뉴타운 도로 및 지하시설물 GIS 구축 용역(2차),9.00E+13,
606,AE260,2.11E+11,MNG259,41590550,377130252C,2014-12-01,AEE003, ,STT002,1,반월지구내 도시계획도로 및 상수도매설공사 GIS DB 구축 사업(20170802)_재납품,21130252011,
607,AE260,2.11E+11,MNG259,41590550,377130252D,2014-12-01,AEE003, ,STT002,1,반월지구내 도시계획도로 및 상수도매설공사 GIS DB 구축 사업(20170802)_재납품,21130252009,
608,AE260,2.11E+11,MNG259,41590550,377130242D,2015-01-01,AEE003, ,STT002,1,반월지구내 도시계획도로 및 상수도매설공사 GIS DB 구축 사업(20170802)_재납품,21150626002,
609,AE260,2.11E+11,MNG259,41590550,377130243C,2015-01-01,AEE005, ,STT002,1,반월지구내 도시계획도로 및 상수도매설공사 GIS DB 구축 사업(20170802)_재납품,21150626004,
610,AE260,2.11E+11,MNG259,41590550,377130243C,2015-01-01,AEE005, ,STT002,1,반월지구내 도시계획도로 및 상수도매설공사 GIS DB 구축 사업(20170802)_재납품,21150626004,
611,AE260,2.11E+11,MNG259,41590550,377130243C,2015-01-01,AEE003, ,STT002,1,반월지구내 도시계획도로 및 상수도매설공사 GIS DB 구축 사업(20170802)_재납품,21150626005,
612,AE260,2.15E+11,MNG259,41590588,377130392B,2014-01-01,AEE003,금성백조예미지,STT001,1, ,21530391037,
613,AE260,2.15E+11,MNG259,41590590,377130392B,2014-01-01,AEE003,금성백조예미지,STT001,1, ,21530391037,
614,AE260,2.15E+11,MNG259,41590600,377130200B,2014-01-01,AEE003,우남퍼스트빌,STT002,1, ,21530200078,
615,AE260,2.15E+11,MNG259,41590588,377130710B,2014-01-01,AEE003,포스코더？,STT002,1, ,21530200062,
616,AE260,2.15E+11,MNG259,41590600,377130710B,2014-01-01,AEE003,포스코더？,STT002,1, ,21530200062,
617,AE260,3.22E+13,MNG409,41590510,376160277A,2018-01-01,AEE003, ,STT002,1,화성남양뉴타운 도로 및 지하시설물 GIS DB 구축 용역,3.22E+13,
618,AE260,3.22E+13,MNG409,41590510,376160277B,2018-01-01,AEE003, ,STT002,1,화성남양뉴타운 도로 및 지하시설물 GIS DB 구축 용역,3.22E+13,
619,AE260,3.22E+13,MNG409,41590510,376160267C,2018-01-01,AEE003,북양리교차로,STT002,1,화성남양뉴타운 도로 및 지하시설물 GIS DB 구축 용역,3.22E+13,
620,AE260,3.22E+13,MNG409,41590510,376160267C,2018-01-01,AEE003,북양리교차로,STT002,1,화성남양뉴타운 도로 및 지하시설물 GIS DB 구축 용역,3.22E+13,
621,AE260,1.30E+13,MNG259,41590262,376160747D,2020-01-01,AEE004,활초리마을회관,STT002,1,시도15호선(안석~무송간) 도로확포장공사(1구간) GIS DB구축용역,1.30E+13,
622,AE260,1.30E+13,MNG259,41590262,376160747D,2020-01-01,AEE004,활초리마을회관,STT002,1,시도15호선(안석~무송간) 도로확포장공사(1구간) GIS DB구축용역,1.30E+13,
623,AE260,1.30E+13,MNG259,41590262,376160747D,2020-01-01,AEE004,활초리마을회관,STT002,1,시도15호선(안석~무송간) 도로확포장공사(1구간) GIS DB구축용역,1.30E+13,
624,AE260,1.30E+13,MNG259,41590262,376160748A,2020-01-01,AEE003,홍난파생가입구,STT002,1,시도15호선(안석~무송간) 도로확포장공사(1구간) GIS DB구축용역,1.30E+13,
625,AE260,1.30E+13,MNG259,41590262,376160748B,2020-01-01,AEE004,활초교회,STT002,1,시도15호선(안석~무송간) 도로확포장공사(1구간) GIS DB구축용역,1.30E+13,
626,AE260,1.30E+13,MNG259,41590262,376160739D,2020-01-01,AEE003,무송교차로,STT002,1,시도15호선(안석~무송간) 도로확포장공사(1구간) GIS DB구축용역,1.30E+13,
627,AE260,9.00E+13,MNG259,41590000,377130884C,2016-01-01,AEE003,장지리,STT002,1, ,9.00E+13,
628,AE260,9.00E+13,MNG259,41590000,377130883C,2016-01-01,AEE003, ,STT002,1, ,9.00E+13,
629,AE260,9.00E+13,MNG259,41590000,377130883C,2016-01-01,AEE003, ,STT002,1, ,9.00E+13,
630,AE260,9.00E+13,MNG259,41590000,377130884C,2016-01-01,AEE003,장지리,STT001,1, ,9.00E+13,
631,AE260,99920150418,MNG259,41590330,376160183B,1990-01-01,AEE000, ,STT000,1, ,99920150570,
632,AE260,99920150087,MNG259,41590259,376161584A,1990-01-01,AEE000, ,STT000,1, ,99920150695,
633,AE260,99920150088,MNG259,41590259,376161563C,1990-01-01,AEE000, ,STT000,1, ,99920150695,
634,AE260,99920150090,MNG259,41590259,376161561C,1990-01-01,AEE000, ,STT000,1, ,99920150695,
635,AE260,99920150091,MNG259,41590259,376161561C,1990-01-01,AEE000, ,STT000,1, ,99920150695,
636,AE260,4.22E+13,MNG407,41590520,377130261C,2020-12-01,AEE003,덕우리,STT001,1,봉담읍 덕우리 지방도310호선 보도설치공사외 3건 GIS DB 구축용역,4.22E+13,
637,AE260,4.22E+13,MNG407,41590520,377130261A,2020-12-01,AEE003,야목2리,STT002,1,봉담읍 덕우리 지방도310호선 보도설치공사외 3건 GIS DB 구축용역,4.22E+13,
638,AE260,8.89E+11,MNG259,41590259,376161472B,2016-01-01,AEE003,하길중학교,STT001,1,화성 향남 2지구 도로 및 지하시설물 DB 구축(20170831),614720346,
639,AE260,8.89E+11,MNG259,41590259,376161472B,2016-01-01,AEE003,하길중학교,STT001,1,화성 향남 2지구 도로 및 지하시설물 DB 구축(20170831),614720344,
640,AE260,8.89E+11,MNG259,41590259,376161472A,2016-01-01,AEE004,향남주공5단지,STT001,1,화성 향남 2지구 도로 및 지하시설물 DB 구축(20170831),614720352,
641,AE260,8.89E+11,MNG259,41590259,376161462C,2016-01-01,AEE004,하길초등학교,STT001,1,화성 향남 2지구 도로 및 지하시설물 DB 구축(20170831),614620507,
642,AE260,8.89E+11,MNG259,41590259,376161473B,2016-01-01,AEE003,모아엘가아파트,STT001,1,화성 향남 2지구 도로 및 지하시설물 DB 구축(20170831),614730321,
643,AE260,8.89E+11,MNG259,41590259,376161473A,2016-01-01,AEE003,"롯데시네마,부영7단지",STT001,1,화성 향남 2지구 도로 및 지하시설물 DB 구축(20170831),614730340,
644,AE260,2.12E+11,MNG259,41590350,376150957A,2014-11-27,AEE003,장외리,STT002,1,전곡 해양산업단지 진입도로 개설공사 GIS DB 구축사업(20171102)_재납품,99920150298,
645,AE260,8.89E+11,MNG259,41590259,376161463A,2016-01-01,AEE004,향남부영3단지,STT001,1,화성 향남 2지구 도로 및 지하시설물 DB 구축(20170831),614630675,
646,AE260,8.89E+11,MNG259,41590259,376161463C,2016-01-01,AEE003, ,STT002,1,화성 향남 2지구 도로 및 지하시설물 DB 구축(20170831),614630658,
647,AE260,8.89E+11,MNG259,41590259,376161491A,2016-01-01,AEE004,상신6리,STT001,1,화성 향남 2지구 도로 및 지하시설물 DB 구축(20170831),614910074,
648,AE260,8.89E+11,MNG259,41590259,376161473B,2016-01-01,AEE003,향남모아8단지,STT002,1,화성 향남 2지구 도로 및 지하시설물 DB 구축(20170831),614730322,
649,AE260,8.89E+11,MNG259,41590259,376161473A,2016-01-01,AEE003,"향남모아7,8단지",STT002,1,화성 향남 2지구 도로 및 지하시설물 DB 구축(20170831),614730340,
650,AE260,8.89E+11,MNG259,41590259,376161463A,2016-01-01,AEE003,향남주공1단지,STT002,1,화성 향남 2지구 도로 및 지하시설물 DB 구축(20170831),614630673,
651,AE260,8.89E+11,MNG259,41590259,376161453D,2016-01-01,AEE003,향남주공1단지,STT002,1,화성 향남 2지구 도로 및 지하시설물 DB 구축(20170831),614530664,
652,AE260,8.89E+11,MNG259,41590259,376161463B,2016-01-01,AEE003,"향남주공1,2단지",STT002,1,화성 향남 2지구 도로 및 지하시설물 DB 구축(20170831),614630498,
653,AE260,8.89E+11,MNG259,41590259,376161464A,2016-01-01,AEE003,"향남주공1,2단지",STT002,1,화성 향남 2지구 도로 및 지하시설물 DB 구축(20170831),614640496,
654,AE260,99920150041,MNG259,41590370,376162214C,1990-01-01,AEE000, ,STT000,1, ,99920150734,
655,AE260,99920150044,MNG259,41590370,376162203B,1990-01-01,AEE000, ,STT000,1, ,99920150734,
656,AE260,99920150047,MNG259,41590256,376162110C,1990-01-01,AEE000, ,STT000,1, ,99920150746,
657,AE260,99920150048,MNG259,41590256,376162109D,1990-01-01,AEE000, ,STT000,1, ,99920150746,
658,AE260,99920150037,MNG259,41590256,376162231A,1990-01-01,AEE000, ,STT000,1, ,99920150748,
659,AE260,99920150003,MNG259,41590256,376162221D,1990-01-01,AEE000, ,STT000,1, ,99920150748,
660,AE260,99920150040,MNG259,41590256,376162221D,1990-01-01,AEE000, ,STT000,1, ,99920150748,
661,AE260,99920150042,MNG259,41590256,376162211C,1990-01-01,AEE000, ,STT000,1, ,99920150748,
662,AE260,99920150043,MNG259,41590256,376162211C,1990-01-01,AEE000, ,STT000,1, ,99920150748,
663,AE260,99920150046,MNG259,41590256,376162120D,1990-01-01,AEE000, ,STT000,1, ,99920150748,
664,AE260,99920150004,MNG259,41590256,376161689B,1990-01-01,AEE000, ,STT000,1, ,99920150748,
665,AE260,99920150005,MNG259,41590256,376161689B,1990-01-01,AEE000, ,STT000,1, ,99920150748,
666,AE260,99920150175,MNG259,41590360,376161376B,1990-01-01,AEE000, ,STT000,1, ,99920150675,
667,AE260,99920150025,MNG259,41590360,376161365A,1990-01-01,AEE000, ,STT000,1, ,99920150675,
668,AE260,99920150026,MNG259,41590360,376161365A,1990-01-01,AEE000, ,STT000,1, ,99920150675,
669,AE260,99920150177,MNG259,41590360,376161364B,1990-01-01,AEE000, ,STT000,1, ,99920150675,
670,AE260,99920150178,MNG259,41590360,376161353D,1990-01-01,AEE000, ,STT000,1, ,99920150675,
671,AE260,99920150179,MNG259,41590360,376161353D,1990-01-01,AEE000, ,STT000,1, ,99920150675,
672,AE260,99920150180,MNG259,41590360,376161323B,1990-01-01,AEE000, ,STT000,1, ,99920150676,
673,AE260,99920150182,MNG259,41590360,376161315A,1990-01-01,AEE000, ,STT000,1, ,99920150676,
674,AE260,99920150183,MNG259,41590360,376161305C,1990-01-01,AEE000, ,STT000,1, ,99920150676,
675,AE260,99920150184,MNG259,41590360,376161305C,1990-01-01,AEE000, ,STT000,1, ,99920150676,
676,AE260,99920150023,MNG259,41590370,376161257C,1990-01-01,AEE000, ,STT000,1, ,99920150676,
677,AE260,99920150193,MNG259,41590370,376161248A,1990-01-01,AEE000, ,STT000,1, ,99920150676,
678,AE260,99920150197,MNG259,41590370,376161239D,1990-01-01,AEE000, ,STT000,1, ,99920150676,
679,AE260,99920150198,MNG259,41590370,376161239C,1990-01-01,AEE000, ,STT000,1, ,99920150676,
680,AE260,99920150199,MNG259,41590370,376161238D,1990-01-01,AEE000, ,STT000,1, ,99920150676,
681,AE260,99920150015,MNG259,41590256,376161610D,1990-01-01,AEE000, ,STT000,1, ,99920150755,
682,AE260,99920150154,MNG259,41590256,376161733C,1990-01-01,AEE000, ,STT000,1, ,99920150760,
683,AE260,99920150012,MNG259,41590256,376161731C,1990-01-01,AEE000, ,STT000,1, ,99920150760,
684,AE260,99920150155,MNG259,41590256,376161731C,1990-01-01,AEE000, ,STT000,1, ,99920150760,
685,AE260,99920150017,MNG259,41590256,376161608C,1990-01-01,AEE000, ,STT000,1, ,99920150512,
686,AE260,99920150208,MNG259,41590256,376161199C,1990-01-01,AEE000, ,STT000,1, ,99920150512,
687,AE260,99920150014,MNG259,41590256,376161198C,1990-01-01,AEE000, ,STT000,1, ,99920150512,
688,AE260,2.06E+11,MNG259,41590000,377130709D,2016-01-01,AEE003, ,STT002,1, ,26307090511,
689,AE260,2.06E+11,MNG259,41590000,377130289A,2016-01-01,AEE003,한미약품,STT002,1, ,26302890593,
690,AE260,2.06E+11,MNG259,41590000,377130289B,2016-01-01,AEE003, ,STT002,1, ,26302890586,
691,AE260,2.06E+11,MNG259,41590000,377130289A,2016-01-01,AEE003,한미약품,STT002,1, ,26302890593,
692,AE260,8.22E+13,MNG259,41590350,376150975A,2017-12-31,AEE003,화남산단삼거리,STT001,1,백미-송교간 도로확포장공사 GIS DB 구축용역,8.22E+13,
693,AE260,8.22E+13,MNG259,41590350,376150973B,2017-12-31,AEE003,개경촌,STT001,1,백미-송교간 도로확포장공사 GIS DB 구축용역,8.22E+13,
694,AE260,8.22E+13,MNG259,41590350,376150973B,2017-12-31,AEE003,개경촌,STT002,1,백미-송교간 도로확포장공사 GIS DB 구축용역,8.22E+13,
695,AE260,8.22E+13,MNG259,41590350,376150975A,2017-12-31,AEE003,화남산단삼거리,STT002,1,백미-송교간 도로확포장공사 GIS DB 구축용역,8.22E+13,
696,AE260,8.21E+13,MNG259,41590140,376122269C,2020-01-01,AEE003, ,STT001,1, ,8.21E+13,
697,AE260,8.21E+13,MNG259,41590140,376122257D,2020-01-01,AEE003, ,STT002,1, ,8.21E+13,
698,AE260,2.15E+11,MNG259,41590600,377130710D,2014-01-01,AEE003,한화꿈에그린,STT002,1, ,21530710059,
699,AE260,2.15E+11,MNG259,41590588,377130710D,2014-01-01,AEE003,한화꿈에그린,STT002,1, ,21530710081,
700,AE260,2.15E+11,MNG259,41590588,377130811A,2014-01-01,AEE003,한화꿈에그린,STT002,1, ,21530801073,
701,AE260,2.15E+11,MNG259,41590588,377130811A,2014-01-01,AEE003,한화꿈에그린,STT002,1, ,21530801073,
702,AE260,2.15E+11,MNG259,41590588,377130801D,2014-01-01,AEE003,"한화,호반",STT002,1, ,21530801055,
703,AE260,2.15E+11,MNG259,41590588,377130801D,2014-01-01,AEE003,"한화,호반",STT002,1, ,21530801055,
704,AE260,2.15E+11,MNG259,41590588,377130803C,2014-01-01,AEE003,"호반베르디움, 롯데캐",STT002,1, ,21530803052,
705,AE260,2.15E+11,MNG259,41590588,377130803C,2014-01-01,AEE003,"호반베르디움, 롯데캐",STT002,1, ,21530803052,
706,AE260,2.15E+11,MNG259,41590588,377130803B,2014-01-01,AEE003,대우푸르지오,STT002,1, ,21530803015,
707,AE260,2.15E+11,MNG259,41590588,377130804A,2014-01-01,AEE003,반도유보라,STT002,1, ,21530804014,
708,AE260,2.15E+11,MNG259,41590588,377130804B,2014-01-01,AEE003,호반베르디움,STT002,1, ,21530394010,
709,AE260,4.22E+13,MNG259,41590370,376161753D,2017-12-01,AEE003,장안우체국,STT001,1,기아자동차로 보도설치공사 GIS DB 구축용역,4.22E+13,
710,AE260,99920150150,MNG259,41590370,376161753D,1990-01-01,AEE000, ,STT000,1, ,4.22E+13,
711,AE260,2.22E+13,MNG259,41590410,377130672A,1900-01-01,AEE004,놀이터앞,STT001,1,정남면 가장로 외 1개소 보도설치공사 GIS DB 구축용역,1331031140,
712,AE260,2.15E+11,MNG259,41590588,377130394D,2014-01-01,AEE003,KCC스위첸,STT002,1, ,21530394009,
713,AE260,2.15E+11,MNG259,41590588,377130394A,2014-01-01,AEE003,모아미래도KCC스위첸,STT002,1, ,21530394071,
714,AE260,9.99E+11,MNG259,41590330,376160632C,2016-09-01,AEE003, ,STT002,1,경기화성바이오밸리,99916122055,
715,AE260,9.99E+11,MNG259,41590330,376160632C,2016-09-01,AEE003, ,STT001,1,경기화성바이오밸리,99916122054,
716,AE260,9.99E+11,MNG259,41590330,376160654D,2016-09-01,AEE003, ,STT002,1,경기화성바이오밸리,99916121982,
717,AE260,9.99E+11,MNG259,41590330,376160655D,2016-09-01,AEE003, ,STT002,1,경기화성바이오밸리,99916121973,
718,AE260,9.99E+11,MNG259,41590330,376160665D,2016-09-01,AEE003, ,STT002,1,경기화성바이오밸리,99916121912,
719,AE260,9.99E+11,MNG259,41590330,376160664D,2016-09-01,AEE003, ,STT002,1,경기화성바이오밸리,99916121919,
720,AE260,99920150403,MNG259,41590330,376160623A,1990-01-01,AEE000, ,STT000,1,경기화성바이오밸리,99916122055,
721,AE260,2.15E+11,MNG259,41590590,377130394A,2014-01-01,AEE003,모아미래도KCC스위첸,STT002,1, ,21530393069,
722,AE260,2.15E+11,MNG259,41590588,377130393A,2014-01-01,AEE003,금성백조아파트,STT002,1, ,21530393033,
723,AE260,2.15E+11,MNG259,41590590,377130393A,2014-01-01,AEE003,금성백조아파트,STT002,1, ,21530393033,
724,AE260,2.15E+11,MNG259,41590588,377130391B,2014-01-01,AEE003,계룡리슈빌GS자이,STT002,1, ,21530391037,
725,AE260,2.15E+11,MNG259,41590590,377130391B,2014-01-01,AEE003,계룡리슈빌GS자이,STT002,1, ,21530391037,
726,AE260,2.15E+11,MNG259,41590590,377130200B,2014-01-01,AEE003,우남퍼스트빌,STT002,1, ,21530200065,
727,AE260,2.15E+11,MNG259,41590588,377130391A,2014-01-01,AEE003,우남퍼스트빌,STT002,1, ,21530200065,
728,AE260,2.15E+11,MNG259,41590588,377130804D,2014-01-01,AEE003, ,STT001,1, ,21530804538,
729,AE260,2.12E+11,MNG259,41590370,376161735B,2015-01-01,AEE003,장안초교,STT002,1,조암지구도시개발사업 주변도로(대로3-1호선) 개설공사 GIS DB구축 사업,21150804004,
730,AE260,2.12E+11,MNG259,41590370,376161725D,2015-01-01,AEE003,장안초교,STT002,1,조암지구도시개발사업 주변도로(대로3-1호선) 개설공사 GIS DB구축 사업,21150804005,
731,AE260,2.12E+11,MNG259,41590370,376161726C,2015-01-01,AEE003,조암우체국,STT002,1,조암지구도시개발사업 주변도로(대로3-1호선) 개설공사 GIS DB구축 사업,21150804014,
732,AE260,2.12E+11,MNG259,41590370,376161726C,2015-01-01,AEE003,조암우체국,STT002,1,조암지구도시개발사업 주변도로(대로3-1호선) 개설공사 GIS DB구축 사업,21150804014,
733,AE260,2.12E+11,MNG259,41590253,376160564D,2016-11-01,AEE003,임광그대가3단지,STT002,1,봉담 도시계획도로(중1-1호선) 외1개소 개설공사 GIS DB 구축용역,21161118009,
734,AE260,2.12E+11,MNG259,41590253,376160564D,2016-11-01,AEE005,임광그대가3단지,STT002,1,봉담 도시계획도로(중1-1호선) 외1개소 개설공사 GIS DB 구축용역,21161118009,
735,AE260,2.12E+11,MNG259,41590253,376160564D,2016-11-01,AEE001,공항버스,STT001,1,봉담 도시계획도로(중1-1호선) 외1개소 개설공사 GIS DB 구축용역,21161118012,
736,AE260,2.12E+11,MNG259,41590253,376160564C,2016-11-01,AEE003,명칭없슴,STT002,1,봉담 도시계획도로(중1-1호선) 외1개소 개설공사 GIS DB 구축용역,21161118012,
737,AE260,99920150024,MNG259,41590360,376161377A,1990-01-01,AEE000, ,STT000,1, ,99920150356,
738,AE260,99920150174,MNG259,41590360,376161377A,1990-01-01,AEE000, ,STT000,1, ,99920150356,
739,AE260,99920150172,MNG259,41590360,376161385B,1990-01-01,AEE000, ,STT000,1, ,99920150491,
740,AE260,9.00E+11,MNG259,41590340,376160131D,2013-11-01,AEE004,용포1리,STT002,1,정류/마을/용포1리/철골조/22번,90000441607,
741,AE260,2.15E+11,MNG259,41590590,377130383C,2014-01-01,AEE003,상록APT,STT002,1, ,21530383507,
742,AE260,99920150016,MNG259,41590256,376161190B,1990-01-01,AEE000, ,STT000,1, ,99920150512,
743,AE260,99920150020,MNG259,41590370,376161264D,1990-01-01,AEE000, ,STT000,1, ,99920150758,
744,AE260,99920150021,MNG259,41590256,376161264C,1990-01-01,AEE000, ,STT000,1, ,99920150758,
745,AE260,99920150013,MNG259,41590256,376161625A,1990-01-01,AEE000, ,STT000,1, ,99920150765,
746,AE260,99920150162,MNG259,41590256,376161645C,1990-01-01,AEE000, ,STT000,1, ,99920150766,
747,AE260,1.30E+13,MNG259,41590259,376161425C,2010-01-01,AEE003,화성종합경기타운,STT002,1,"발안도시계획도로(대호3-5)구간 도로,하수GIS DB구축사업",1.30E+13,
748,AE260,1.30E+13,MNG259,41590259,376161425C,2010-01-01,AEE003,화성종합경기타운,STT002,1,"발안도시계획도로(대호3-5)구간 도로,하수GIS DB구축사업",1.30E+13,
749,AE260,1.30E+13,MNG259,41590259,376161425C,2010-01-01,AEE003,화성종합경기타운,STT001,1,"발안도시계획도로(대호3-5)구간 도로,하수GIS DB구축사업",0,
750,AE260,99920150009,MNG259,41590256,376161636A,1990-01-01,AEE000, ,STT000,1, ,99920150766,
751,AE260,99920150163,MNG259,41590256,376161636A,1990-01-01,AEE000, ,STT000,1, ,99920150766,
752,AE260,99920150022,MNG259,41590256,376161282D,1990-01-01,AEE000, ,STT000,1, ,99920150769,
753,AE260,99920150190,MNG259,41590256,376161282D,1990-01-01,AEE000, ,STT000,1, ,99920150769,
754,AE260,99920150191,MNG259,41590256,376161281A,1990-01-01,AEE000, ,STT000,1, ,99920150769,
755,AE260,99920150209,MNG259,41590256,376161170C,1990-01-01,AEE000, ,STT000,1, ,99920150769,
756,AE260,99920150018,MNG259,41590256,376161169D,1990-01-01,AEE000, ,STT000,1, ,99920150769,
757,AE260,99920150019,MNG259,41590256,376161169D,1990-01-01,AEE000, ,STT000,1, ,99920150769,
758,AE260,99920150212,MNG259,41590256,376161160A,1990-01-01,AEE000, ,STT000,1, ,99920150769,
759,AE260,99920150213,MNG259,41590256,376161150A,1990-01-01,AEE000, ,STT000,1, ,99920150769,
760,AE260,99920150188,MNG259,41590256,376161293D,1990-01-01,AEE000, ,STT000,1, ,99920150768,
761,AE260,99920150189,MNG259,41590256,376161293D,1990-01-01,AEE000, ,STT000,1, ,99920150768,
762,AE260,99920150205,MNG259,41590370,376161214D,1990-01-01,AEE000, ,STT000,1, ,99920150743,
763,AE260,99920150206,MNG259,41590370,376161214A,1990-01-01,AEE000, ,STT000,1, ,99920150743,
764,AE260,99920150195,MNG259,41590256,376161244A,1990-01-01,AEE000, ,STT000,1, ,99920150743,
765,AE260,99920150196,MNG259,41590256,376161244A,1990-01-01,AEE000, ,STT000,1, ,99920150743,
766,AE260,99920150200,MNG259,41590256,376161233A,1990-01-01,AEE000, ,STT000,1, ,99920150743,
767,AE260,99920150216,MNG259,41590360,376160883A,1990-01-01,AEE000, ,STT000,1, ,99920150679,
768,AE260,99920150223,MNG259,41590360,376160790B,1990-01-01,AEE000, ,STT000,1, ,99920150686,
769,AE260,99920150307,MNG259,41590360,376160825C,1990-01-01,AEE000, ,STT000,1, ,99920150690,
770,AE260,99920150308,MNG259,41590360,376160825C,1990-01-01,AEE000, ,STT000,1, ,99920150690,
771,AE260,99920150321,MNG259,41590262,376160740D,1990-01-01,AEE000, ,STT000,1, ,99920150586,
772,AE260,99920150322,MNG259,41590262,376160740D,1990-01-01,AEE000, ,STT000,1, ,99920150586,
773,AE260,99920150323,MNG259,41590262,376160740C,1990-01-01,AEE000, ,STT000,1, ,99920150586,
774,AE260,9.00E+13,MNG409,41590262,376160706B,2017-01-01,AEE003,화성시청,STT001,1,화성 남양 뉴타운 도로 및 지하시설물 GIS 구축 용역(2차),9.00E+13,
775,AE260,9.00E+13,MNG409,41590262,376160706B,2017-01-01,AEE003,화성시청,STT002,1,화성 남양 뉴타운 도로 및 지하시설물 GIS 구축 용역(2차),9.00E+13,
776,AE260,9.00E+13,MNG409,41590262,376160706B,2017-01-01,AEE001,화성시청,STT001,1,화성 남양 뉴타운 도로 및 지하시설물 GIS 구축 용역(2차),9.00E+13,
777,AE260,9.00E+13,MNG409,41590262,376160706B,2017-01-01,AEE003,화성시청,STT001,1,화성 남양 뉴타운 도로 및 지하시설물 GIS 구축 용역(2차),9.00E+13,
778,AE260,9.00E+13,MNG409,41590262,376160706B,2017-01-01,AEE003,화성시청,STT002,1,화성 남양 뉴타운 도로 및 지하시설물 GIS 구축 용역(2차),9.00E+13,
779,AE260,99920150304,MNG259,41590262,376160832A,1990-01-01,AEE000, ,STT000,1, ,99920150685,
780,AE260,99920150305,MNG259,41590262,376160832A,1990-01-01,AEE000, ,STT000,1, ,99920150685,
781,AE260,2.22E+13,MNG406,41590410,376161075C,2022-07-01,AEE003,정남행정복합센터,STT002,1,정남행정복지센터 앞 사거리 회전교차로 설치공사 GIS DB 구축용역,2.22E+13,
782,AE260,2.06E+11,MNG259,41590000,377130289A,2016-01-01,AEE003,한미약품,STT001,1, ,26302890593,
783,AE260,2.06E+11,MNG259,41590000,377130719A,2016-01-01,AEE003, ,STT002,1, ,26307180293,
784,AE260,2.06E+11,MNG259,41590000,377130729A,2016-01-01,AEE003, ,STT001,1, ,26307180420,
785,AE260,2.06E+11,MNG259,41590000,377130729D,2016-01-01,AEE003, ,STT002,1, ,26307290457,
786,AE260,2.06E+11,MNG259,41590000,377130719D,2016-01-01,AEE003, ,STT001,1, ,26307190077,
787,AE260,2.06E+11,MNG259,41590000,377130717B,2016-01-01,AEE003,동탄신도시홍보관,STT001,1, ,26307180410,
788,AE260,2.06E+11,MNG259,41590000,377130718A,2016-01-01,AEE003,동탄신도시홍보관,STT001,1, ,26307180410,
789,AE260,2.06E+11,MNG259,41590000,377130717B,2016-01-01,AEE003,동탄신도시홍보관,STT001,1, ,26307180410,
790,AE260,2.06E+11,MNG259,41590000,377130729A,2016-01-01,AEE003, ,STT002,1, ,26307180420,
791,AE260,2.06E+11,MNG259,41590000,377130729C,2016-01-01,AEE003, ,STT002,1, ,26307290028,
792,AE260,2.06E+11,MNG259,41590000,377130729C,2016-01-01,AEE003, ,STT002,1, ,26307290028,
793,AE260,2.06E+11,MNG259,41590000,377130719B,2016-01-01,AEE003, ,STT002,1, ,26307190603,
794,AE260,2.06E+11,MNG259,41590000,377130717B,2016-01-01,AEE003,동탄신도시홍보관,STT001,1, ,26307180410,
795,AE260,2.06E+11,MNG259,41590000,377130728C,2016-01-01,AEE003, ,STT002,1, ,26307280242,
796,AE260,2.06E+11,MNG259,41590000,377130728C,2016-01-01,AEE003, ,STT002,1, ,26307280242,
797,AE260,2.06E+11,MNG259,41590000,377130729B,2016-01-01,AEE003, ,STT002,1, ,26307290070,
798,AE260,2.06E+11,MNG259,41590000,377130719B,2016-01-01,AEE003, ,STT002,1, ,26307190603,
799,AE260,2.06E+11,MNG259,41590000,377130709D,2016-01-01,AEE003, ,STT002,1, ,26307090511,
800,AE260,2.06E+11,MNG259,41590000,377130709B,2016-01-01,AEE003, ,STT002,1, ,26307090531,
1,AE260,99920150288,MNG259,41590310,376122389C,1990-01-01,AEE000, ,STT000,1, ,99920150175,
2,AE260,99920150391,MNG259,41590310,376122377A,1990-01-01,AEE000, ,STT000,1, ,99920150175,
3,AE260,99920150393,MNG259,41590310,376122366D,1990-01-01,AEE000, ,STT000,1, ,99920150175,
4,AE260,99920150292,MNG259,41590310,376122300B,1990-01-01,AEE000, ,STT000,1, ,99920150175,
5,AE260,99920150277,MNG259,41590310,376160418A,1990-01-01,AEE000, ,STT000,1, ,99920150192,
6,AE260,99920150274,MNG259,41590310,376160420B,1990-01-01,AEE000, ,STT000,1, ,99920150199,
7,AE260,99920150232,MNG259,41590600,377130895B,1990-01-01,AEE000, ,STT000,1, ,99920150050,
8,AE260,99920150112,MNG259,41590259,376161437C,1990-01-01,AEE000, ,STT000,1, ,99920150390,
9,AE260,99920150113,MNG259,41590259,376161437C,1990-01-01,AEE000, ,STT000,1, ,99920150390,
10,AE260,99920150114,MNG259,41590259,376161436C,1990-01-01,AEE000, ,STT000,1, ,99920150390,
11,AE260,99920150115,MNG259,41590259,376161436C,1990-01-01,AEE000, ,STT000,1, ,99920150390,
12,AE260,9.00E+13,MNG259,41590420,377130862D,,AEE001,"아이파크,부영A73블럭",STT002,1,동탄(2)택지개발사업 부지공사(1단계)GIS DB구축용역,9.00E+13,
13,AE260,9.00E+13,MNG259,41590420,377130863D,,AEE001,"부영A74블럭,아이파크",STT002,1,동탄(2)택지개발사업 부지공사(1단계)GIS DB구축용역,9.00E+13,
14,AE260,9.00E+13,MNG259,41590420,377130863D,,AEE001,"아이파크,부영A74블럭",STT002,1,동탄(2)택지개발사업 부지공사(1단계)GIS DB구축용역,9.00E+13,
15,AE260,9.00E+13,MNG259,41590420,377130864C,,AEE001,"부영A74블럭,A78블럭",STT002,1,동탄(2)택지개발사업 부지공사(1단계)GIS DB구축용역,9.00E+13,
16,AE260,8.30E+13,MNG259,41590340,376150510A,2019-12-21,AEE003, ,STT002,1,송산그린시티 기반시설 건설공사 도로 및 지하매설물 GIS D/B 구축용역,8.30E+13,
17,AE260,8.30E+13,MNG259,41590340,376150510A,2019-12-21,AEE003, ,STT002,1,송산그린시티 기반시설 건설공사 도로 및 지하매설물 GIS D/B 구축용역,8.30E+13,
18,AE260,8.30E+13,MNG259,41590340,376122193D,2019-12-21,AEE003, ,STT002,1,송산그린시티 기반시설 건설공사 도로 및 지하매설물 GIS D/B 구축용역,8.30E+13,
19,AE260,8.30E+13,MNG259,41590340,376122196D,2019-12-21,AEE003, ,STT002,1,송산그린시티 기반시설 건설공사 도로 및 지하매설물 GIS D/B 구축용역,8.30E+13,
20,AE260,99920150404,MNG259,41590330,376160621A,1990-01-01,AEE000, ,STT000,1, ,99920150649,
21,AE260,99920150442,MNG259,41590330,376151030A,1990-01-01,AEE000, ,STT000,1, ,99920150649,
22,AE260,99920150444,MNG259,41590330,376151029A,1990-01-01,AEE000, ,STT000,1, ,99920150649,
23,AE260,99920150446,MNG259,41590330,376151026D,1990-01-01,AEE000, ,STT000,1, ,99920150649,
24,AE260,99920150445,MNG259,41590330,376151026C,1990-01-01,AEE000, ,STT000,1, ,99920150649,
25,AE260,99920150120,MNG259,41590259,376161417D,1990-01-01,AEE000, ,STT000,1, ,99920150444,
26,AE260,99920150273,MNG259,41590253,376160435B,1990-01-01,AEE000, ,STT000,1, ,99920150216,
27,AE260,8.89E+11,MNG259,41590259,376161810B,2016-01-01,AEE003, ,STT002,1,화성 향남 2지구 도로 및 지하시설물 DB 구축(20170831),618100679,
28,AE260,8.22E+13,MNG259,41590350,376150974A,2017-12-31,AEE003,살곶이마을,STT002,1,백미-송교간 도로확포장공사 GIS DB 구축용역,8.22E+13,
29,AE260,8.22E+13,MNG259,41590350,376150974A,2017-12-31,AEE003,살곶이마을,STT002,1,백미-송교간 도로확포장공사 GIS DB 구축용역,8.22E+13,
30,AE260,8.22E+13,MNG259,41590350,376150974B,2017-12-31,AEE003,송교1리입구,STT001,1,백미-송교간 도로확포장공사 GIS DB 구축용역,8.22E+13,
31,AE260,8.22E+13,MNG259,41590350,376150974B,2017-12-31,AEE003,송교1리입구,STT002,1,백미-송교간 도로확포장공사 GIS DB 구축용역,8.22E+13,
32,AE260,9.00E+13,MNG259,41590000,377130831D,2016-01-01,AEE003,반포3금강,STT001,1, ,9.00E+13,
33,AE260,9.00E+13,MNG259,41590000,377130720D,2016-01-01,AEE003, ,STT002,1, ,9.00E+13,
34,AE260,9.00E+13,MNG259,41590000,377130720D,2016-01-01,AEE003, ,STT002,1, ,9.00E+13,
35,AE260,9.00E+13,MNG259,41590000,377130821A,2016-01-01,AEE003, ,STT002,1, ,9.00E+13,
36,AE260,9.00E+13,MNG259,41590000,377130730D,2016-01-01,AEE003, ,STT002,1, ,9.00E+13,
37,AE260,9.00E+13,MNG259,41590000,377130821C,2016-01-01,AEE003, ,STT002,1, ,9.00E+13,
38,AE260,9.00E+13,MNG259,41590000,377130821C,2016-01-01,AEE003, ,STT002,1, ,9.00E+13,
39,AE260,9.00E+13,MNG259,41590000,377130832A,2016-01-01,AEE003, ,STT002,1, ,9.00E+13,
40,AE260,9.00E+13,MNG259,41590000,377130833B,2016-01-01,AEE003, ,STT002,1, ,9.00E+13,
41,AE260,9.00E+13,MNG259,41590000,377130833A,2016-01-01,AEE003, ,STT002,1, ,9.00E+13,
42,AE260,9.00E+13,MNG259,41590000,377130842C,2016-01-01,AEE003,LH,STT002,1, ,9.00E+13,
43,AE260,9.00E+13,MNG259,41590000,377130831D,2016-01-01,AEE003, ,STT002,1, ,9.00E+13,
44,AE260,9.00E+13,MNG259,41590000,377130842C,2016-01-01,AEE003,LH,STT002,1, ,9.00E+13,
45,AE260,9.00E+13,MNG259,41590000,377130831D,2016-01-01,AEE003, ,STT002,1, ,9.00E+13,
46,AE260,9.00E+13,MNG259,41590000,377130710A,2016-01-01,AEE003, ,STT002,1, ,9.00E+13,
47,AE260,9.00E+13,MNG259,41590000,377130200C,2016-01-01,AEE003, ,STT002,1, ,9.00E+13,
48,AE260,9.00E+13,MNG259,41590000,377130710A,2016-01-01,AEE003, ,STT002,1, ,9.00E+13,
49,AE260,9.00E+13,MNG259,41590000,377130821A,2016-01-01,AEE003,의료시설부지,STT001,1, ,9.00E+13,
50,AE260,9.00E+13,MNG259,41590000,377130843B,2016-01-01,AEE003,호반베르디움3차,STT001,1, ,9.00E+13,
51,AE260,9.00E+13,MNG259,41590000,377130832D,2016-01-01,AEE003,금강,STT001,1, ,9.00E+13,
52,AE260,9.00E+13,MNG259,41590000,377130832D,2016-01-01,AEE003,센트럴힐즈금강,STT001,1, ,9.00E+13,
53,AE260,9.00E+13,MNG259,41590000,377130831D,2016-01-01,AEE003,반도유보라,STT001,1, ,9.00E+13,
54,AE260,9.00E+13,MNG259,41590000,377130832C,2016-01-01,AEE003,반도유보라,STT001,1, ,9.00E+13,
55,AE260,9.00E+13,MNG259,41590000,377130200C,2016-01-01,AEE003, ,STT001,1, ,9.00E+13,
56,AE260,99920150270,MNG259,41590570,376161009B,1990-01-01,AEE000, ,STT000,1, ,99920150561,
801,AE260,2.06E+11,MNG259,41590000,377130299B,2016-01-01,AEE003, ,STT002,1, ,26302990561,
802,AE260,2.06E+11,MNG259,41590000,377130289B,2016-01-01,AEE003, ,STT002,1, ,26302890586,
803,AE260,2.06E+11,MNG259,41590000,377130299B,2016-01-01,AEE003, ,STT002,1, ,26302990561,
804,AE260,2.06E+11,MNG259,41590000,377130289A,2016-01-01,AEE003,한미약품,STT001,1, ,26302890593,
805,AE260,2.06E+11,MNG259,41590000,377130299A,2016-01-01,AEE003, ,STT002,1, ,26302980567,
806,AE260,2.06E+11,MNG259,41590000,377130299A,2016-01-01,AEE003, ,STT002,1, ,26302980567,
807,AE260,2.06E+11,MNG259,41590000,377130709B,2016-01-01,AEE003, ,STT002,1, ,26307090531,
808,AE260,99920150283,MNG259,41590320,376160309A,1990-01-01,AEE000, ,STT000,1, ,99920150072,
809,AE260,9.00E+13,MNG409,41590262,376160284B,2017-01-01,AEE005,임시,STT002,1,화성 남양 뉴타운 도로 및 지하시설물 GIS 구축 용역(2차),9.00E+13,
810,AE260,9.00E+13,MNG409,41590262,376160284B,2017-01-01,AEE003,남양사거리,STT002,1,화성 남양 뉴타운 도로 및 지하시설물 GIS 구축 용역(2차),9.00E+13,
811,AE260,9.00E+13,MNG409,41590262,376160284B,2017-01-01,AEE003,남양사거리,STT001,1,화성 남양 뉴타운 도로 및 지하시설물 GIS 구축 용역(2차),9.00E+13,
812,AE260,9.00E+13,MNG409,41590262,376160284C,2017-01-01,AEE003,남양성지,STT002,1,화성 남양 뉴타운 도로 및 지하시설물 GIS 구축 용역(2차),9.00E+13,
813,AE260,9.00E+13,MNG409,41590262,376160275D,2017-01-01,AEE003,남양읍행정복지센타,STT002,1,화성 남양 뉴타운 도로 및 지하시설물 GIS 구축 용역(2차),9.00E+13,
814,AE260,9.00E+13,MNG409,41590262,376160275D,2017-01-01,AEE003,남양읍행정복지센타,STT002,1,화성 남양 뉴타운 도로 및 지하시설물 GIS 구축 용역(2차),9.00E+13,
815,AE260,9.00E+13,MNG409,41590262,376160275D,2017-01-01,AEE003,남양읍행정복지센타,STT002,1,화성 남양 뉴타운 도로 및 지하시설물 GIS 구축 용역(2차),9.00E+13,
816,AE260,9.00E+13,MNG409,41590262,376160275D,2017-01-01,AEE003,남양읍행정복지센타,STT002,1,화성 남양 뉴타운 도로 및 지하시설물 GIS 구축 용역(2차),9.00E+13,
817,AE260,9.00E+13,MNG409,41590262,376160285D,2017-01-01,AEE003,남양고,STT001,1,화성 남양 뉴타운 도로 및 지하시설물 GIS 구축 용역(2차),0,
818,AE260,9.00E+13,MNG409,41590262,376160286C,2017-01-01,AEE003,남양고,STT002,1,화성 남양 뉴타운 도로 및 지하시설물 GIS 구축 용역(2차),0,
819,AE260,9.00E+13,MNG409,41590262,376160717B,2017-01-01,AEE003,임시,STT002,1,화성 남양 뉴타운 도로 및 지하시설물 GIS 구축 용역(2차),0,
820,AE260,9.00E+13,MNG409,41590262,376160287A,2017-01-01,AEE003,남양동광뷰엘,STT002,1,화성 남양 뉴타운 도로 및 지하시설물 GIS 구축 용역(2차),0,
821,AE260,9.00E+13,MNG409,41590262,376160286B,2017-01-01,AEE003,남양동광뷰엘,STT001,1,화성 남양 뉴타운 도로 및 지하시설물 GIS 구축 용역(2차),0,
822,AE260,3.22E+13,MNG409,41590510,376160298B,2018-01-01,AEE003,신경대학교,STT001,1,화성남양뉴타운 도로 및 지하시설물 GIS DB 구축 용역,3.22E+13,
823,AE260,3.22E+13,MNG409,41590510,376160298B,2018-01-01,AEE003, ,STT002,1,화성남양뉴타운 도로 및 지하시설물 GIS DB 구축 용역,3.22E+13,
824,AE260,3.22E+13,MNG409,41590510,376160298B,2018-01-01,AEE003, ,STT002,1,화성남양뉴타운 도로 및 지하시설물 GIS DB 구축 용역,3.22E+13,
825,AE260,3.22E+13,MNG409,41590510,376160287D,2018-01-01,AEE003,남양아이파크,STT001,1,화성남양뉴타운 도로 및 지하시설물 GIS DB 구축 용역,3.22E+13,
826,AE260,3.22E+13,MNG409,41590510,376160287B,2018-01-01,AEE003,남양뉴타운1단지,STT001,1,화성남양뉴타운 도로 및 지하시설물 GIS DB 구축 용역,3.22E+13,
827,AE260,3.22E+13,MNG409,41590510,376160287B,2018-01-01,AEE003,남양뉴타운9단지,STT001,1,화성남양뉴타운 도로 및 지하시설물 GIS DB 구축 용역,3.22E+13,
828,AE260,3.22E+13,MNG409,41590510,376160288A,2018-01-01,AEE003,남양뉴타운9단지,STT001,1,화성남양뉴타운 도로 및 지하시설물 GIS DB 구축 용역,3.22E+13,
829,AE260,3.22E+13,MNG409,41590510,376160277C,2018-01-01,AEE003,남양뉴타운4단지,STT002,1,화성남양뉴타운 도로 및 지하시설물 GIS DB 구축 용역,3.22E+13,
830,AE260,3.22E+13,MNG409,41590510,376160277D,2018-01-01,AEE003,남양우림필유,STT002,1,화성남양뉴타운 도로 및 지하시설물 GIS DB 구축 용역,3.22E+13,
831,AE260,2.15E+11,MNG259,41590590,377130383C,2014-01-01,AEE003,상록APT,STT002,1, ,21530383507,
832,AE260,2.15E+11,MNG259,41590590,377130381A,2014-01-01,AEE003,시범단지입구,STT002,1, ,21530290298,
833,AE260,2.15E+11,MNG259,41590590,377130290B,2014-01-01,AEE003,시범단지입구,STT002,1, ,21530290298,
834,AE260,2.15E+11,MNG259,41590590,377130290D,2014-01-01,AEE003,GS자이APT,STT002,1, ,21530290519,
835,AE260,2.15E+11,MNG259,41590590,377130290B,2014-01-01,AEE003,GS자이APT,STT002,1, ,21530290243,
836,AE260,2.15E+11,MNG259,41590590,377130382B,2014-01-01,AEE003,성원APT,STT002,1, ,21530382294,
837,AE260,2.15E+11,MNG259,41590590,377130382B,2014-01-01,AEE003,성원APT,STT002,1, ,21530382294,
838,AE260,2.15E+11,MNG259,41590590,377130381B,2014-01-01,AEE003,동탄4동 주민센터,STT002,1, ,21530381296,
839,AE260,2.15E+11,MNG259,41590590,377130381B,2014-01-01,AEE003,동탄4동 주민센터,STT002,1, ,21530381296,
840,AE260,2.15E+11,MNG259,41590590,377130395C,2014-01-01,AEE003,KCC스위첸,STT002,1, ,21530395536,
841,AE260,2.15E+11,MNG259,41590590,377130396D,2014-01-01,AEE003,단독주택,STT002,1, ,21530396526,
842,AE260,2.15E+11,MNG259,41590590,377130396C,2014-01-01,AEE003,단독주택,STT002,1, ,21530395543,
843,AE260,2.15E+11,MNG259,41590590,377130395B,2014-01-01,AEE003,KCC스위첸,STT002,1, ,21530395536,
844,AE260,2.15E+11,MNG259,41590588,377130804D,2014-01-01,AEE003,예솔초등학교,STT002,1, ,21530804538,
845,AE260,2.15E+11,MNG259,41590588,377130814B,2014-01-01,AEE003, ,STT002,1, ,21530804540,
846,AE260,2.15E+11,MNG259,41590588,377130804A,2014-01-01,AEE003,호반베르디움,STT002,1, ,21530804538,
847,AE260,2.15E+11,MNG259,41590588,377130394C,2014-01-01,AEE003,신안인스빌2차,STT002,1, ,21530393017,
848,AE260,2.15E+11,MNG259,41590588,377130393D,2014-01-01,AEE003,모아미래도아파트,STT002,1, ,21530393016,
849,AE260,2.15E+11,MNG259,41590588,377130393D,2014-01-01,AEE003,반도1차아파트,STT002,1, ,21530393016,
850,AE260,8.22E+13,MNG407,41590520,377130261C,2018-06-01,AEE003,기아후문입구,STT002,1,매향리 연결도로 GIS DB구축,8.22E+13,
57,AE260,99920150065,MNG259,41590400,376162018A,1990-01-01,AEE000, ,STT000,1, ,99920150670,
58,AE260,99920150244,MNG259,41590600,377130758A,1990-01-01,AEE000, ,STT000,1, ,99920150525,
59,AE260,99920150246,MNG259,41590600,377130748B,1990-01-01,AEE000, ,STT000,1, ,99920150525,
60,AE260,99920150248,MNG259,41590600,377130748B,1990-01-01,AEE000, ,STT000,1, ,99920150525,
61,AE260,99920150245,MNG259,41590600,377130748C,1990-01-01,AEE000, ,STT000,1, ,99920150525,
62,AE260,99920150247,MNG259,41590600,377130748C,1990-01-01,AEE000, ,STT000,1, ,99920150525,
63,AE260,99920150250,MNG259,41590600,377130738B,1990-01-01,AEE000, ,STT000,1, ,99920150525,
64,AE260,99920150251,MNG259,41590600,377130738B,1990-01-01,AEE000, ,STT000,1, ,99920150525,
65,AE260,99920150133,MNG259,41590370,376161851D,1990-01-01,AEE000, ,STT000,1, ,99920150706,
66,AE260,99920150008,MNG259,41590370,376161842B,1990-01-01,AEE000, ,STT000,1, ,99920150706,
67,AE260,99920150134,MNG259,41590370,376161842B,1990-01-01,AEE000, ,STT000,1, ,99920150706,
68,AE260,99920150135,MNG259,41590370,376161842B,1990-01-01,AEE000, ,STT000,1, ,99920150706,
69,AE260,99920150136,MNG259,41590370,376161833C,1990-01-01,AEE000, ,STT000,1, ,99920150706,
70,AE260,99920150137,MNG259,41590370,376161833C,1990-01-01,AEE000, ,STT000,1, ,99920150706,
71,AE260,99920150376,MNG259,41590115,376160231D,1990-01-01,AEE000, ,STT000,1, ,99920150590,
72,AE260,99920150487,MNG259,41590340,376150536B,1990-01-01,AEE000, ,STT000,1, ,99920150622,
73,AE260,8.22E+13,MNG259,41590410,376161503C,2020-01-01,AEE003,동오첨단산업단지,STT002,1,화성향남2 주변도로 건설사업 도로 및 지하시설물 GIS DB 구축용역,8.22E+13,
74,AE260,8.22E+13,MNG259,41590410,376161093B,2020-01-01,AEE003,문학1리,STT002,1,화성향남2 주변도로 건설사업 도로 및 지하시설물 GIS DB 구축용역,8.22E+13,
75,AE260,8.22E+13,MNG259,41590410,376161094A,2020-01-01,AEE003,문학리,STT002,1,화성향남2 주변도로 건설사업 도로 및 지하시설물 GIS DB 구축용역,8.22E+13,
76,AE260,8.22E+13,MNG259,41590410,376161093B,2020-01-01,AEE003,문학1리,STT002,1,화성향남2 주변도로 건설사업 도로 및 지하시설물 GIS DB 구축용역,8.22E+13,
77,AE260,8.22E+13,MNG259,41590410,376161084C,2020-01-01,AEE003,문학리,STT002,1,화성향남2 주변도로 건설사업 도로 및 지하시설물 GIS DB 구축용역,8.22E+13,
78,AE260,8.22E+13,MNG259,41590410,376161036C,2020-01-01,AEE003,보통3리,STT002,1,화성향남2 주변도로 건설사업 도로 및 지하시설물 GIS DB 구축용역,8.22E+13,
79,AE260,8.22E+13,MNG259,41590410,376161036C,2020-01-01,AEE003,보통3리,STT002,1,화성향남2 주변도로 건설사업 도로 및 지하시설물 GIS DB 구축용역,8.22E+13,
80,AE260,8.22E+13,MNG259,41590410,376161064D,2020-01-01,AEE003,오일리,STT002,1,화성향남2 주변도로 건설사업 도로 및 지하시설물 GIS DB 구축용역,8.22E+13,
81,AE260,8.22E+13,MNG259,41590410,376161064D,2020-01-01,AEE003,오일리,STT002,1,화성향남2 주변도로 건설사업 도로 및 지하시설물 GIS DB 구축용역,8.22E+13,
82,AE260,8.22E+13,MNG259,41590253,376160459D,2020-01-01,AEE003, ,STT001,1,화성봉담2 공공주택지구 도로 및 지하시설물 GIS DB 구축용역,8.22E+13,
83,AE260,8.22E+13,MNG259,41590253,376160459D,2020-01-01,AEE003, ,STT001,1,화성봉담2 공공주택지구 도로 및 지하시설물 GIS DB 구축용역,8.22E+13,
84,AE260,8.22E+13,MNG259,41590253,376160460A,2020-01-01,AEE003, ,STT001,1,화성봉담2 공공주택지구 도로 및 지하시설물 GIS DB 구축용역,8.22E+13,
85,AE260,8.22E+13,MNG259,41590253,376160460A,2020-01-01,AEE003, ,STT001,1,화성봉담2 공공주택지구 도로 및 지하시설물 GIS DB 구축용역,8.22E+13,
86,AE260,8.22E+13,MNG259,41590253,376160449D,2020-01-01,AEE003, ,STT002,1,화성봉담2 공공주택지구 도로 및 지하시설물 GIS DB 구축용역,8.22E+13,
87,AE260,8.22E+13,MNG259,41590253,376160449D,2020-01-01,AEE003, ,STT002,1,화성봉담2 공공주택지구 도로 및 지하시설물 GIS DB 구축용역,8.22E+13,
88,AE260,8.22E+13,MNG259,41590253,376160541C,2020-01-01,AEE003, ,STT001,1,화성봉담2 공공주택지구 도로 및 지하시설물 GIS DB 구축용역,8.22E+13,
89,AE260,8.22E+13,MNG259,41590253,376160541C,2020-01-01,AEE003, ,STT001,1,화성봉담2 공공주택지구 도로 및 지하시설물 GIS DB 구축용역,8.22E+13,
90,AE260,8.22E+13,MNG259,41590253,376160449C,2020-01-01,AEE003, ,STT002,1,화성봉담2 공공주택지구 도로 및 지하시설물 GIS DB 구축용역,8.22E+13,
91,AE260,8.22E+13,MNG259,41590253,376160449C,2020-01-01,AEE003, ,STT002,1,화성봉담2 공공주택지구 도로 및 지하시설물 GIS DB 구축용역,8.22E+13,
92,AE260,8.22E+13,MNG259,41590253,376160459D,2020-01-01,AEE003, ,STT002,1,화성봉담2 공공주택지구 도로 및 지하시설물 GIS DB 구축용역,8.22E+13,
93,AE260,8.22E+13,MNG259,41590253,376160459D,2020-01-01,AEE003, ,STT002,1,화성봉담2 공공주택지구 도로 및 지하시설물 GIS DB 구축용역,8.22E+13,
94,AE260,8.22E+13,MNG259,41590253,376160470A,2020-01-01,AEE003, ,STT002,1,화성봉담2 공공주택지구 도로 및 지하시설물 GIS DB 구축용역,8.22E+13,
95,AE260,8.22E+13,MNG259,41590253,376160470A,2020-01-01,AEE003, ,STT002,1,화성봉담2 공공주택지구 도로 및 지하시설물 GIS DB 구축용역,8.22E+13,
96,AE260,8.22E+13,MNG259,41590253,376160440C,2020-01-01,AEE003, ,STT002,1,화성봉담2 공공주택지구 도로 및 지하시설물 GIS DB 구축용역,8.22E+13,
97,AE260,8.22E+13,MNG259,41590253,376160449B,2020-01-01,AEE003, ,STT002,1,화성봉담2 공공주택지구 도로 및 지하시설물 GIS DB 구축용역,8.22E+13,
98,AE260,8.22E+13,MNG259,41590253,376160440A,2020-01-01,AEE003, ,STT002,1,화성봉담2 공공주택지구 도로 및 지하시설물 GIS DB 구축용역,8.22E+13,
99,AE260,8.22E+13,MNG259,41590253,376160440A,2020-01-01,AEE003, ,STT002,1,화성봉담2 공공주택지구 도로 및 지하시설물 GIS DB 구축용역,8.22E+13,
100,AE260,8.22E+13,MNG259,41590253,376160449A,2020-01-01,AEE003, ,STT002,1,화성봉담2 공공주택지구 도로 및 지하시설물 GIS DB 구축용역,8.22E+13,
101,AE260,2.21E+13,MNG259,41590550,377130244A,2018-05-01,AEE004, ,STT002,1,화성 반월동 아파트 신축공사 GIS DB 구축용역,2.21E+13,
102,AE260,1.22E+13,MNG259,41590256,376161714C,2017-12-01,AEE003,한각리입구,STT001,1,우정읍 쌍봉로 보도설치공사 GIS DB 구축용역,1.22E+13,
103,AE260,9.00E+13,MNG259,41590000,377130884D,2016-01-01,AEE003,장지리,STT002,1, ,9.00E+13,
851,AE260,8.22E+13,MNG407,41590520,377130261C,2018-06-01,AEE003,기아후문입구,STT002,1,매향리 연결도로 GIS DB구축,8.22E+13,
852,AE260,8.22E+13,MNG407,41590520,377130261C,2018-06-01,AEE003,양지편,STT002,1,매향리 연결도로 GIS DB구축,8.22E+13,
853,AE260,8.22E+13,MNG407,41590520,377130261C,2018-06-01,AEE003,양지편,STT002,1,매향리 연결도로 GIS DB구축,8.22E+13,
854,AE260,8.22E+13,MNG407,41590520,377130261C,2018-06-01,AEE003,삼주농장입구,STT002,1,매향리 연결도로 GIS DB구축,8.22E+13,
855,AE260,8.22E+13,MNG407,41590520,377130261C,2018-06-01,AEE003,매향2리,STT002,1,매향리 연결도로 GIS DB구축,8.22E+13,
856,AE260,99920150031,MNG259,41590320,376160320D,1990-01-01,AEE000, ,STT000,1, ,99920150147,
857,AE260,99920150107,MNG259,41590259,376161469B,1990-01-01,AEE000, ,STT000,1, ,99920150462,
858,AE260,99920150108,MNG259,41590259,376161469B,1990-01-01,AEE000, ,STT000,1, ,99920150462,
859,AE260,99920150110,MNG259,41590259,376161447B,1990-01-01,AEE000, ,STT000,1, ,99920150462,
860,AE260,99920150256,MNG259,41590590,377130398B,1990-01-01,AEE000, ,STT000,1, ,99920150045,
861,AE260,99920150257,MNG259,41590590,377130395A,1990-01-01,AEE000, ,STT000,1, ,99920150013,
862,AE260,99920150258,MNG259,41590590,377130394A,1990-01-01,AEE000, ,STT000,1, ,99920150013,
863,AE260,99920150259,MNG259,41590590,377130392B,1990-01-01,AEE000, ,STT000,1, ,99920150013,
864,AE260,99920150249,MNG259,41590600,377130747C,1990-01-01,AEE000, ,STT000,1, ,99920150019,
865,AE260,99920150252,MNG259,41590600,377130736B,1990-01-01,AEE000, ,STT000,1, ,99920150019,
866,AE260,99920150063,MNG259,41590400,376162037A,1990-01-01,AEE000, ,STT000,1, ,99920150325,
867,AE260,99920150286,MNG259,41590310,376122400D,1990-01-01,AEE000, ,STT000,1, ,99920150201,
868,AE260,99920150132,MNG259,41590360,376160868B,1990-01-01,AEE000, ,STT000,1, ,99920150338,
869,AE260,1.21E+13,MNG259,41590520,377130261C,2017-12-01,AEE003,기산2통마을회관,STT002,1,"반월,기산지구 시가화예정구역 도로 및 하수관거 정비사업 GIS DB 구축용역",1.21E+13,
870,AE260,1.21E+13,MNG259,41590520,377130261C,2017-12-01,AEE003,SK뷰2차아파트,STT002,1,"반월,기산지구 시가화예정구역 도로 및 하수관거 정비사업 GIS DB 구축용역",1.21E+13,
871,AE260,1.21E+13,MNG259,41590520,377130261A,2017-12-01,AEE003,참누리아파트.기산중학교,STT002,1,"반월,기산지구 시가화예정구역 도로 및 하수관거 정비사업 GIS DB 구축용역",1.21E+13,
872,AE260,1.21E+13,MNG259,41590520,377130261A,2017-12-01,AEE003,참누리아파트.기산중학교,STT002,1,"반월,기산지구 시가화예정구역 도로 및 하수관거 정비사업 GIS DB 구축용역",1.21E+13,
873,AE260,1.21E+13,MNG259,41590570,377130192D,2017-10-30,AEE003,신안미지엘후문,STT001,1,화성 안녕동 우방아이유쉘 아파트 신축공사 중 GIS DB 구축용역,1.21E+13,
874,AE260,1.21E+13,MNG259,41590520,377130261D,2017-06-01,AEE003,뷰스테이션,STT002,1,"기산2지구 도시계획도로(중로2-42호,소로1-136호,소로3-31호) GIS DB 구축용역",1.21E+13,
875,AE260,1.22E+13,MNG259,41590340,376150438A,2017-10-12,AEE003,마산2리,STT002,1,송산면 고포리 보도설치공사 GIS DB 구축용역,1.22E+13,
876,AE260,1.22E+13,MNG259,41590340,376150438A,2017-10-12,AEE003,마산2리,STT001,1,송산면 고포리 보도설치공사 GIS DB 구축용역,1.22E+13,
877,AE260,1.22E+13,MNG259,41590340,376150437A,2017-10-12,AEE003,고포3리,STT001,1,송산면 고포리 보도설치공사 GIS DB 구축용역,1.22E+13,
878,AE260,1.22E+13,MNG259,41590340,376150426D,2017-10-12,AEE003,고포2리,STT002,1,송산면 고포리 보도설치공사 GIS DB 구축용역,1.22E+13,
879,AE260,1.22E+13,MNG259,41590340,376150426D,2017-10-12,AEE003,고포2리,STT001,1,송산면 고포리 보도설치공사 GIS DB 구축용역,1.22E+13,
880,AE260,1.22E+13,MNG259,41590340,376150426D,2017-10-12,AEE003,고포2리,STT001,1,송산면 고포리 보도설치공사 GIS DB 구축용역,1.22E+13,
881,AE260,1.22E+13,MNG259,41590340,376150427C,2017-10-12,AEE003,고포3리,STT001,1,송산면 고포리 보도설치공사 GIS DB 구축용역,1.22E+13,
882,AE260,1.22E+13,MNG259,41590340,376150439C,2017-10-12,AEE003,마산초교,STT001,1,송산면 고포리 보도설치공사 GIS DB 구축용역,1.22E+13,
883,AE260,1.21E+13,MNG259,41590520,377130261B,2017-12-01,AEE003,기산중.SK뷰2차아파트,STT002,1,"반월,기산지구 시가화예정구역 도로 및 하수관거 정비사업 GIS DB 구축용역",1.21E+13,
884,AE260,8.89E+11,MNG259,41590259,376161465C,2016-01-01,AEE003, ,STT002,1,화성 향남 2지구 도로 및 지하시설물 DB 구축(20170831),614650422,
885,AE260,8.89E+11,MNG259,41590259,376161474B,2016-01-01,AEE003,향남부영9단지,STT002,1,화성 향남 2지구 도로 및 지하시설물 DB 구축(20170831),614740311,
886,AE260,2.22E+13,MNG259,41590400,376162043C,2018-01-01,AEE003,신왕공단,STT002,1,솔안고개 도로확포장공사 GIS DB 구축용역,2.22E+13,
887,AE260,2.22E+13,MNG259,41590400,376162043C,2018-01-01,AEE003,신왕공단,STT001,1,솔안고개 도로확포장공사 GIS DB 구축용역,2.22E+13,
888,AE260,2.22E+13,MNG259,41590400,376162043D,2018-01-01,AEE003,솔안고개,STT001,1,솔안고개 도로확포장공사 GIS DB 구축용역,2.22E+13,
889,AE260,2.22E+13,MNG259,41590400,376162043D,2018-01-01,AEE003,솔안고개,STT001,1,솔안고개 도로확포장공사 GIS DB 구축용역,2.22E+13,
890,AE260,1.22E+13,MNG259,41590256,376162150C,2017-09-10,AEE003,이화5리,STT002,1,시도79호선 도로확포장공사 GIS DB 구축용역,1.22E+13,
891,AE260,1.22E+13,MNG259,41590256,376162150C,2017-09-10,AEE003,이화리종점,STT001,1,시도79호선 도로확포장공사 GIS DB 구축용역,1.22E+13,
892,AE260,8.30E+13,MNG259,41590256,376162111C,2017-11-25,AEE003,매향,STT002,1,고온항 진입도로 개설공사 GIS DB 구축용역,8.30E+13,
893,AE260,8.30E+13,MNG259,41590256,376162111C,2017-11-25,AEE003,앞실동삼거리,STT002,1,고온항 진입도로 개설공사 GIS DB 구축용역,8.30E+13,
894,AE260,4.22E+13,MNG259,41590253,376160498D,2017-12-01,AEE003,아울렛패션몰,STT001,1,자안입구삼거리외 1개소 교통혼잡지구 개선공사 GIS DB 구축용역,4.22E+13,
895,AE260,99920150066,MNG259,41590400,376162017B,1990-01-01,AEE000, ,STT000,1, ,1.22E+13,
896,AE260,8.89E+11,MNG259,41590259,376161474B,2016-01-01,AEE003,향남부영9단지,STT002,1,화성 향남 2지구 도로 및 지하시설물 DB 구축(20170831),614740311,
897,AE260,8.89E+11,MNG259,41590259,376161464D,2016-01-01,AEE003,향남주공2단지,STT002,1,화성 향남 2지구 도로 및 지하시설물 DB 구축(20170831),614640649,
104,AE260,8.22E+13,MNG259,41590350,376150965D,2017-12-31,AEE003,큰말입구,STT002,1,백미-송교간 도로확포장공사 GIS DB 구축용역,8.22E+13,
105,AE260,8.22E+13,MNG259,41590350,376150965D,2017-12-31,AEE003,큰말입구,STT002,1,백미-송교간 도로확포장공사 GIS DB 구축용역,8.22E+13,
106,AE260,8.22E+13,MNG259,41590350,376150962D,2017-12-31,AEE003,제부해수탕,STT001,1,백미-송교간 도로확포장공사 GIS DB 구축용역,8.22E+13,
107,AE260,8.22E+13,MNG259,41590350,376150962D,2017-12-31,AEE003,제부해수탕,STT002,1,백미-송교간 도로확포장공사 GIS DB 구축용역,8.22E+13,
108,AE260,8.22E+13,MNG259,41590350,376150962B,2017-12-31,AEE003,웃감,STT001,1,백미-송교간 도로확포장공사 GIS DB 구축용역,8.22E+13,
109,AE260,8.22E+13,MNG259,41590350,376150962B,2017-12-31,AEE003,웃감,STT001,1,백미-송교간 도로확포장공사 GIS DB 구축용역,8.22E+13,
110,AE260,99920150468,MNG259,41590350,376150952B,1990-01-01,AEE000, ,STT000,1, ,8.22E+13,
111,AE260,8.89E+11,MNG259,41590259,376161481C,2016-01-01,AEE003,상신1리마을앞,STT002,1,화성 향남 2지구 도로 및 지하시설물 DB 구축(20170831),614810274,
112,AE260,8.89E+11,MNG259,41590259,376161482B,2016-01-01,AEE003,향남부영13단지,STT002,1,화성 향남 2지구 도로 및 지하시설물 DB 구축(20170831),614820179,
113,AE260,8.89E+11,MNG259,41590259,376161482B,2016-01-01,AEE003,향남부영13단지,STT002,1,화성 향남 2지구 도로 및 지하시설물 DB 구축(20170831),614820179,
114,AE260,8.89E+11,MNG259,41590259,376161492B,2016-01-01,AEE003, ,STT002,1,화성 향남 2지구 도로 및 지하시설물 DB 구축(20170831),614920038,
115,AE260,8.89E+11,MNG259,41590259,376161492B,2016-01-01,AEE003, ,STT002,1,화성 향남 2지구 도로 및 지하시설물 DB 구축(20170831),614920038,
116,AE260,8.89E+11,MNG259,41590259,376161491C,2016-01-01,AEE003,상신리,STT001,1,화성 향남 2지구 도로 및 지하시설물 DB 구축(20170831),614910062,
117,AE260,8.89E+11,MNG259,41590259,376161484B,2016-01-01,AEE003, ,STT001,1,화성 향남 2지구 도로 및 지하시설물 DB 구축(20170831),614840080,
118,AE260,8.89E+11,MNG259,41590259,376161454D,2016-01-01,AEE003,방축리,STT001,1,화성 향남 2지구 도로 및 지하시설물 DB 구축(20170831),614540643,
119,AE260,8.89E+11,MNG259,41590259,376161491A,2016-01-01,AEE003,상신6리,STT002,1,화성 향남 2지구 도로 및 지하시설물 DB 구축(20170831),614910074,
120,AE260,9.00E+11,MNG259,41590340,376150540C,2013-11-01,AEE004,용포2리,STT002,1,정류/마을/용포2리/철골조/60번,90000441608,
121,AE260,9.00E+11,MNG259,41590340,376150540D,2013-11-01,AEE004,용포2리,STT002,1,정류/마을/용포2리/철골조/49번,90000441597,
122,AE260,9.00E+11,MNG259,41590340,376150540D,2013-11-01,AEE004,용포2리,STT002,1,정류/마을/용포2리/철골조/204번,90000441597,
123,AE260,9.00E+11,MNG259,41590340,376160142B,2013-11-01,AEE004,용포1리,STT002,1,정류/마을/용포1리/철골조/2번,90000441607,
124,AE260,2.06E+11,MNG259,41590000,377130719A,2016-01-01,AEE003, ,STT002,1, ,26307180293,
125,AE260,2.06E+11,MNG259,41590000,377130729D,2016-01-01,AEE003, ,STT002,1, ,26307290457,
126,AE260,1.21E+13,MNG259,41590530,377130196B,2020-12-01,AEE003,이름미지정,STT002,1,병점지구 도시계획시설 GIS DB 및 도로대장 구축 사업,1.21E+13,
127,AE260,1.21E+13,MNG259,41590530,377130196B,2020-12-01,AEE003,이름미지정,STT002,1,병점지구 도시계획시설 GIS DB 및 도로대장 구축 사업,1.21E+13,
128,AE260,1.21E+13,MNG259,41590530,377130196B,2020-12-01,AEE003,이름미지정,STT002,1,병점지구 도시계획시설 GIS DB 및 도로대장 구축 사업,1.21E+13,
129,AE260,1.21E+13,MNG259,41590530,377130197C,2020-12-01,AEE003,이름미지정,STT002,1,병점지구 도시계획시설 GIS DB 및 도로대장 구축 사업,1.21E+13,
130,AE260,1.21E+13,MNG259,41590530,377130197C,2020-12-01,AEE003,이름미지정,STT002,1,병점지구 도시계획시설 GIS DB 및 도로대장 구축 사업,1.21E+13,
131,AE260,1.21E+13,MNG259,41590530,377130197C,2020-12-01,AEE003,이름미지정,STT002,1,병점지구 도시계획시설 GIS DB 및 도로대장 구축 사업,1.21E+13,
132,AE260,1.22E+13,MNG259,41590256,376161704C,2017-12-01,AEE003,부대앞,STT002,1,우정읍 쌍봉로 보도설치공사 GIS DB 구축용역,1.22E+13,
133,AE260,8.22E+13,MNG259,41590320,376160324D,2018-06-01,AEE003,삼화3리,STT002,1,팔탄면 터넉골로 외2개소 보도설치공사 GIS DB 구축용역,8.22E+13,
134,AE260,8.22E+13,MNG259,41590320,376160324D,2018-06-01,AEE003,비봉초교,STT002,1,팔탄면 터넉골로 외2개소 보도설치공사 GIS DB 구축용역,8.22E+13,
135,AE260,8.22E+13,MNG259,41590400,376162041B,2018-06-01,AEE003,신왕2리,STT002,1,팔탄면 터넉골로 외2개소 보도설치공사 GIS DB 구축용역,8.22E+13,
136,AE260,1.21E+13,MNG259,41590600,377130856C,2017-12-30,AEE003, ,STT002,1,"동탄물류단지 도로 및 상,하수도 GIS DB구축 사업",1.21E+13,
137,AE260,1.21E+13,MNG259,41590600,377130867A,2017-12-30,AEE003, ,STT002,1,"동탄물류단지 도로 및 상,하수도 GIS DB구축 사업",1.21E+13,
138,AE260,1.21E+13,MNG259,41590600,377130857C,2017-12-30,AEE003, ,STT002,1,"동탄물류단지 도로 및 상,하수도 GIS DB구축 사업",1.21E+13,
139,AE260,99920150314,MNG259,41590262,376160752A,1990-01-01,AEE000, ,STT000,1, ,99920150592,
140,AE260,99920150316,MNG259,41590262,376160751B,1990-01-01,AEE000, ,STT000,1, ,99920150592,
141,AE260,99920150315,MNG259,41590262,376160751A,1990-01-01,AEE000, ,STT000,1, ,99920150592,
142,AE260,99920150333,MNG259,41590262,376160650D,1990-01-01,AEE000, ,STT000,1, ,99920150592,
143,AE260,99920150382,MNG259,41590320,376160217A,1990-01-01,AEE000, ,STT000,1, ,99920150547,
144,AE260,99920150051,MNG259,41590370,376161882C,1990-01-01,AEE000, ,STT000,1, ,99920150470,
145,AE260,99920150147,MNG259,41590370,376161754A,1990-01-01,AEE000, ,STT000,1, ,99920150473,
146,AE260,99920150148,MNG259,41590370,376161754A,1990-01-01,AEE000, ,STT000,1, ,99920150473,
147,AE260,99920150149,MNG259,41590370,376161754A,1990-01-01,AEE000, ,STT000,1, ,99920150473,
148,AE260,99920150111,MNG259,41590259,376161441C,1990-01-01,AEE000, ,STT000,1, ,99920150402,
149,AE260,99920150122,MNG259,41590259,376161360A,1990-01-01,AEE000, ,STT000,1, ,99920150402,
150,AE260,99920150123,MNG259,41590259,376161360A,1990-01-01,AEE000, ,STT000,1, ,99920150402,
151,AE260,99920150388,MNG259,41590330,376160168A,1990-01-01,AEE000, ,STT000,1, ,1.22E+13,
152,AE260,99920150390,MNG259,41590330,376160158D,1990-01-01,AEE000, ,STT000,1, ,1.22E+13,
898,AE260,8.89E+11,MNG259,41590259,376161464C,2016-01-01,AEE003,향남주공2단지,STT002,1,화성 향남 2지구 도로 및 지하시설물 DB 구축(20170831),614640649,
899,AE260,8.89E+11,MNG259,41590259,376161463C,2016-01-01,AEE003, ,STT002,1,화성 향남 2지구 도로 및 지하시설물 DB 구축(20170831),614630658,
900,AE260,8.89E+11,MNG259,41590259,376161481C,2016-01-01,AEE003,상신1리마을앞,STT002,1,화성 향남 2지구 도로 및 지하시설물 DB 구축(20170831),614810274,
901,AE260,8.89E+11,MNG259,41590259,376161300B,2016-01-01,AEE003, ,STT002,1,화성 향남 2지구 도로 및 지하시설물 DB 구축(20170831),613000605,
902,AE260,8.89E+11,MNG259,41590259,376161300B,2016-01-01,AEE003, ,STT002,1,화성 향남 2지구 도로 및 지하시설물 DB 구축(20170831),613000605,
903,AE260,1.21E+13,MNG259,41590520,377130199D,2017-12-01,AEE003,성호아파트후문,STT001,1,화성시 능동지구 도시계획도로 개설공사 GIS DB 구축사업,1.21E+13,
904,AE260,1.21E+13,MNG259,41590520,377130100D,2017-12-31,AEE005, ,STT002,1,화성시 능동지구 도시계획도로 개설공사 GIS DB 구축사업,1.21E+13,
905,AE260,1.21E+13,MNG259,41590520,377130100D,2017-12-31,AEE003,서동탄역파크자이1차,STT002,1,화성시 능동지구 도시계획도로 개설공사 GIS DB 구축사업,1.21E+13,
906,AE260,1.21E+13,MNG259,41590520,377130291C,2017-12-31,AEE003,서동탄역파크자이1차,STT002,1,화성시 능동지구 도시계획도로 개설공사 GIS DB 구축사업,1.21E+13,
907,AE260,1.21E+13,MNG259,41590520,377130100C,2017-12-31,AEE003,서동탄역파크자이2차,STT002,1,화성시 능동지구 도시계획도로 개설공사 GIS DB 구축사업,1.21E+13,
908,AE260,1.21E+13,MNG259,41590520,377130100C,2017-12-31,AEE003,서동탄역파크자이2차,STT002,1,화성시 능동지구 도시계획도로 개설공사 GIS DB 구축사업,1.21E+13,
909,AE260,1.22E+13,MNG259,41590560,376160557B,2016-01-01,AEE003,신미주아파트후문,STT002,1,향남IC앞 교차로외 7개소 교통혼잡지구 개선사업 GIS DB 구축용역,1.22E+13,
910,AE260,1.22E+13,MNG259,41590560,376160557B,2016-01-01,AEE003,기배동주민센터,STT002,1,향남IC앞 교차로외 7개소 교통혼잡지구 개선사업 GIS DB 구축용역,1.22E+13,
911,AE260,1.22E+13,MNG259,41590320,376160317C,2016-01-01,AEE003,구포리,STT001,1,향남IC앞 교차로외 7개소 교통혼잡지구 개선사업 GIS DB 구축용역,1.22E+13,
912,AE260,1.22E+13,MNG259,41590510,376160291A,2016-01-01,AEE003,남양향교,STT002,1,향남IC앞 교차로외 7개소 교통혼잡지구 개선사업 GIS DB 구축용역,1.22E+13,
913,AE260,1.22E+13,MNG259,41590510,376160291A,2016-01-01,AEE003,남양향교,STT002,1,향남IC앞 교차로외 7개소 교통혼잡지구 개선사업 GIS DB 구축용역,1.22E+13,
914,AE260,1.22E+13,MNG259,41590360,376160869B,2016-01-01,AEE003,구장사거리,STT001,1,향남IC앞 교차로외 7개소 교통혼잡지구 개선사업 GIS DB 구축용역,1.22E+13,
915,AE260,99920150282,MNG259,41590310,376160310B,1990-01-01,AEE000, ,STT000,1, ,99920150072,
916,AE260,99920150116,MNG259,41590259,376161435C,1990-01-01,AEE000, ,STT000,1, ,99920150390,
917,AE260,99920150117,MNG259,41590259,376161434D,1990-01-01,AEE000, ,STT000,1, ,99920150390,
918,AE260,99920150118,MNG259,41590259,376161434D,1990-01-01,AEE000, ,STT000,1, ,99920150390,
919,AE260,99920150380,MNG259,41590320,376160218A,1990-01-01,AEE000, ,STT000,1, ,99920150548,
920,AE260,99920150381,MNG259,41590320,376160218A,1990-01-01,AEE000, ,STT000,1, ,99920150548,
921,AE260,99920150326,MNG259,41590262,376160733B,1990-01-01,AEE000, ,STT000,1, ,99920150596,
922,AE260,99920150335,MNG259,41590262,376160630D,1990-01-01,AEE000, ,STT000,1, ,99920150593,
923,AE260,99920150341,MNG259,41590320,376160342B,1990-01-01,AEE000, ,STT000,1, ,99920150538,
924,AE260,99920150342,MNG259,41590320,376160342B,1990-01-01,AEE000, ,STT000,1, ,99920150538,
925,AE260,99920150363,MNG259,41590262,376160258D,1990-01-01,AEE000, ,STT000,1, ,99920150563,
926,AE260,99920150364,MNG259,41590262,376160258D,1990-01-01,AEE000, ,STT000,1, ,99920150563,
927,AE260,99920150074,MNG259,41590259,376161933B,1990-01-01,AEE000, ,STT000,1, ,99920150303,
928,AE260,99920150075,MNG259,41590259,376161933B,1990-01-01,AEE000, ,STT000,1, ,99920150303,
929,AE260,99920150287,MNG259,41590310,376122390C,1990-01-01,AEE000, ,STT000,1, ,99920150175,
930,AE260,1.21E+13,MNG259,41590520,377130261B,2017-12-01,AEE003,SK뷰2차아파트.기산중,STT002,1,"반월,기산지구 시가화예정구역 도로 및 하수관거 정비사업 GIS DB 구축용역",1.21E+13,
931,AE260,99920150078,MNG259,41590400,376161919C,1990-01-01,AEE000, ,STT000,1, ,99920150308,
932,AE260,99920150081,MNG259,41590400,376161908D,1990-01-01,AEE000, ,STT000,1, ,99920150308,
933,AE260,99920150067,MNG259,41590400,376161964C,1990-01-01,AEE000, ,STT000,1, ,99920150303,
934,AE260,99920150068,MNG259,41590400,376161964C,1990-01-01,AEE000, ,STT000,1, ,99920150303,
935,AE260,99920150069,MNG259,41590400,376161953D,1990-01-01,AEE000, ,STT000,1, ,99920150303,
936,AE260,99920150070,MNG259,41590400,376161953B,1990-01-01,AEE000, ,STT000,1, ,99920150303,
937,AE260,99920150071,MNG259,41590400,376161943B,1990-01-01,AEE000, ,STT000,1, ,99920150303,
938,AE260,99920150072,MNG259,41590259,376161943B,1990-01-01,AEE000, ,STT000,1, ,99920150303,
939,AE260,99920150130,MNG259,41590360,376160898A,1990-01-01,AEE000, ,STT000,1, ,99920150340,
940,AE260,99920150214,MNG259,41590360,376160884C,1990-01-01,AEE000, ,STT000,1, ,99920150348,
941,AE260,99920150215,MNG259,41590360,376160884C,1990-01-01,AEE000, ,STT000,1, ,99920150348,
942,AE260,99920150218,MNG259,41590360,376160883A,1990-01-01,AEE000, ,STT000,1, ,99920150348,
943,AE260,99920150219,MNG259,41590360,376160882B,1990-01-01,AEE000, ,STT000,1, ,99920150348,
944,AE260,99920150220,MNG259,41590360,376160874D,1990-01-01,AEE000, ,STT000,1, ,99920150348,
945,AE260,99920150207,MNG259,41590360,376161209C,1990-01-01,AEE000, ,STT000,1, ,99920150484,
946,AE260,99920150201,MNG259,41590370,376161229C,1990-01-01,AEE000, ,STT000,1, ,99920150484,
947,AE260,99920150203,MNG259,41590370,376161219A,1990-01-01,AEE000, ,STT000,1, ,99920150484,
948,AE260,99920150204,MNG259,41590370,376161218D,1990-01-01,AEE000, ,STT000,1, ,99920150484,
949,AE260,99920150289,MNG259,41590310,376122348C,1990-01-01,AEE000, ,STT000,1, ,99920150177,
950,AE260,99920150395,MNG259,41590310,376122347B,1990-01-01,AEE000, ,STT000,1, ,99920150177,
951,AE260,99920150392,MNG259,41590310,376122366D,1990-01-01,AEE000, ,STT000,1, ,99920150169,
952,AE260,99920150394,MNG259,41590310,376122366C,1990-01-01,AEE000, ,STT000,1, ,99920150169,
153,AE260,1.22E+13,MNG409,41590400,376162005C,2019-12-31,AEE003,사창3리,STT002,1,양감면 사창리 보도설치공사 외 3건 GIS DB 구축용역,1.22E+13,
154,AE260,99920150054,MNG259,41590370,376161793B,1990-01-01,AEE000, ,STT000,1, ,1.22E+13,
155,AE260,8.22E+13,MNG259,41590259,376161522C,2020-01-01,AEE003,농심물류센터,STT001,1,화성향남2 주변도로 건설사업 도로 및 지하시설물 GIS DB 구축용역,8.22E+13,
156,AE260,99920150083,MNG259,41590259,376161901A,1990-01-01,AEE000, ,STT000,1, ,8.22E+13,
157,AE260,99920150079,MNG259,41590259,376161913C,1990-01-01,AEE000, ,STT000,1, ,8.22E+13,
158,AE260,99920150080,MNG259,41590259,376161913C,1990-01-01,AEE000, ,STT000,1, ,8.22E+13,
159,AE260,99920150082,MNG259,41590259,376161902C,1990-01-01,AEE000, ,STT000,1, ,8.22E+13,
160,AE260,8.89E+11,MNG259,41590259,376161475D,2016-01-01,AEE003,방축리,STT001,1,화성 향남 2지구 도로 및 지하시설물 DB 구축(20170831),8.22E+13,
161,AE260,99920150095,MNG259,41590400,376161498C,1990-01-01,AEE000, ,STT000,1, ,8.22E+13,
162,AE260,99920150099,MNG259,41590259,376161489D,1990-01-01,AEE000, ,STT000,1, ,8.22E+13,
163,AE260,99920150086,MNG259,41590400,376161588C,1990-01-01,AEE000, ,STT000,1, ,8.22E+13,
164,AE260,99920150085,MNG259,41590400,376161588B,1990-01-01,AEE000, ,STT000,1, ,8.22E+13,
165,AE260,99920150266,MNG259,41590410,376161055B,1990-01-01,AEE000, ,STT000,1, ,8.22E+13,
166,AE260,99920150440,MNG259,41590350,376151042B,1990-01-01,AEE000, ,STT000,1, ,99920150649,
167,AE260,99920150441,MNG259,41590350,376151032A,1990-01-01,AEE000, ,STT000,1, ,99920150649,
168,AE260,99920150447,MNG259,41590350,376151023B,1990-01-01,AEE000, ,STT000,1, ,99920150649,
169,AE260,99920150448,MNG259,41590350,376151023B,1990-01-01,AEE000, ,STT000,1, ,99920150649,
170,AE260,99920150449,MNG259,41590350,376151022D,1990-01-01,AEE000, ,STT000,1, ,99920150649,
171,AE260,99920150450,MNG259,41590350,376151022D,1990-01-01,AEE000, ,STT000,1, ,99920150649,
172,AE260,99920150452,MNG259,41590350,376151014A,1990-01-01,AEE000, ,STT000,1, ,99920150649,
173,AE260,99920150337,MNG259,41590330,376160619D,1990-01-01,AEE000, ,STT000,1, ,99920150648,
174,AE260,99920150490,MNG259,41590340,376150527D,1990-01-01,AEE000, ,STT000,1, ,99920150617,
175,AE260,99920150491,MNG259,41590340,376150519B,1990-01-01,AEE000, ,STT000,1, ,99920150617,
176,AE260,99920150493,MNG259,41590340,376150519B,1990-01-01,AEE000, ,STT000,1, ,99920150617,
177,AE260,99920150492,MNG259,41590340,376150519A,1990-01-01,AEE000, ,STT000,1, ,99920150617,
178,AE260,99920150483,MNG259,41590340,376150546C,1990-01-01,AEE000, ,STT000,1, ,99920150611,
179,AE260,99920150488,MNG259,41590340,376150535D,1990-01-01,AEE000, ,STT000,1, ,99920150611,
180,AE260,99920150476,MNG259,41590340,376150586B,1990-01-01,AEE000, ,STT000,1, ,99920150613,
181,AE260,99920150477,MNG259,41590340,376150586B,1990-01-01,AEE000, ,STT000,1, ,99920150613,
182,AE260,99920150505,MNG259,41590340,376150414C,1990-01-01,AEE000, ,STT000,1, ,99920150620,
183,AE260,99920150243,MNG259,41590600,377130766B,1990-01-01,AEE000, ,STT000,1, ,99920150019,
184,AE260,99920150125,MNG259,41590259,376161359D,1990-01-01,AEE000, ,STT000,1, ,99920150402,
185,AE260,99920150217,MNG259,41590360,376160883A,1990-01-01,AEE000, ,STT000,1, ,99920150348,
186,AE260,99920150334,MNG259,41590262,376160640B,1990-01-01,AEE000, ,STT000,1, ,99920150253,
187,AE260,99920150406,MNG259,41590330,376160197B,1990-01-01,AEE000, ,STT000,1, ,99920150570,
188,AE260,99920150414,MNG259,41590330,376160184A,1990-01-01,AEE000, ,STT000,1, ,99920150570,
189,AE260,8.22E+13,MNG259,41590253,376160449A,2020-01-01,AEE003, ,STT002,1,화성봉담2 공공주택지구 도로 및 지하시설물 GIS DB 구축용역,8.22E+13,
190,AE260,8.22E+13,MNG259,41590253,376160439C,2020-01-01,AEE003, ,STT002,1,화성봉담2 공공주택지구 도로 및 지하시설물 GIS DB 구축용역,8.22E+13,
191,AE260,8.22E+13,MNG259,41590253,376160439C,2020-01-01,AEE003, ,STT002,1,화성봉담2 공공주택지구 도로 및 지하시설물 GIS DB 구축용역,8.22E+13,
192,AE260,8.22E+13,MNG259,41590253,376160439B,2020-01-01,AEE003, ,STT002,1,화성봉담2 공공주택지구 도로 및 지하시설물 GIS DB 구축용역,8.22E+13,
193,AE260,8.22E+13,MNG259,41590253,376160439B,2020-01-01,AEE003, ,STT002,1,화성봉담2 공공주택지구 도로 및 지하시설물 GIS DB 구축용역,8.22E+13,
194,AE260,8.22E+13,MNG259,41590253,376160450B,2020-01-01,AEE003, ,STT002,1,화성봉담2 공공주택지구 도로 및 지하시설물 GIS DB 구축용역,8.22E+13,
195,AE260,8.22E+13,MNG259,41590253,376160450B,2020-01-01,AEE003, ,STT002,1,화성봉담2 공공주택지구 도로 및 지하시설물 GIS DB 구축용역,8.22E+13,
196,AE260,8.22E+13,MNG259,41590253,376160541C,2020-01-01,AEE003, ,STT002,1,화성봉담2 공공주택지구 도로 및 지하시설물 GIS DB 구축용역,8.22E+13,
197,AE260,8.22E+13,MNG259,41590253,376160541C,2020-01-01,AEE003, ,STT002,1,화성봉담2 공공주택지구 도로 및 지하시설물 GIS DB 구축용역,8.22E+13,
198,AE260,8.22E+13,MNG259,41590253,376160541C,2020-01-01,AEE003, ,STT002,1,화성봉담2 공공주택지구 도로 및 지하시설물 GIS DB 구축용역,8.22E+13,
199,AE260,8.22E+13,MNG259,41590253,376160541C,2020-01-01,AEE003, ,STT002,1,화성봉담2 공공주택지구 도로 및 지하시설물 GIS DB 구축용역,8.22E+13,
200,AE260,8.22E+13,MNG259,41590253,376160460B,2020-01-01,AEE003, ,STT002,1,화성봉담2 공공주택지구 도로 및 지하시설물 GIS DB 구축용역,8.22E+13,
201,AE260,99920150494,MNG259,41590340,376150513A,1990-01-01,AEE000, ,STT000,1, ,99920150622,
202,AE260,99920150472,MNG259,41590330,376150599B,1990-01-01,AEE000, ,STT000,1, ,99920150651,
203,AE260,99920150474,MNG259,41590330,376150589C,1990-01-01,AEE000, ,STT000,1, ,99920150651,
204,AE260,99920150400,MNG259,41590262,376122253A,1990-01-01,AEE000, ,STT000,1, ,99920150568,
205,AE260,99920150401,MNG259,41590262,376122243C,1990-01-01,AEE000, ,STT000,1, ,99920150568,
206,AE260,99920150385,MNG259,41590262,376160204B,1990-01-01,AEE000, ,STT000,1, ,99920150568,
207,AE260,99920150396,MNG259,41590262,376122294A,1990-01-01,AEE000, ,STT000,1, ,99920150568,
208,AE260,99920150397,MNG259,41590262,376122274A,1990-01-01,AEE000, ,STT000,1, ,99920150568,
209,AE260,99920150359,MNG259,41590262,376160265A,1990-01-01,AEE000, ,STT000,1, ,99920150568,
953,AE260,99920150290,MNG259,41590310,376122348C,1990-01-01,AEE000, ,STT000,1, ,99920150169,
954,AE260,99920150291,MNG259,41590310,376122348C,1990-01-01,AEE000, ,STT000,1, ,99920150169,
955,AE260,99920150346,MNG259,41590320,376160316A,1990-01-01,AEE000, ,STT000,1, ,99920150080,
956,AE260,8.22E+13,MNG259,41590259,376161522C,2020-01-01,AEE003,농심물류센터,STT001,1,화성향남2 주변도로 건설사업 도로 및 지하시설물 GIS DB 구축용역,8.22E+13,
957,AE260,99920150173,MNG259,41590360,376161385B,1990-01-01,AEE000, ,STT000,1, ,99920150491,
958,AE260,99920150171,MNG259,41590360,376161385A,1990-01-01,AEE000, ,STT000,1, ,99920150491,
959,AE260,99920150157,MNG259,41590370,376161717A,1990-01-01,AEE000, ,STT000,1, ,99920150491,
960,AE260,99920150158,MNG259,41590370,376161717A,1990-01-01,AEE000, ,STT000,1, ,99920150491,
961,AE260,99920150159,MNG259,41590370,376161708A,1990-01-01,AEE000, ,STT000,1, ,99920150491,
962,AE260,99920150160,MNG259,41590370,376161707D,1990-01-01,AEE000, ,STT000,1, ,99920150491,
963,AE260,99920150161,MNG259,41590370,376161707D,1990-01-01,AEE000, ,STT000,1, ,99920150491,
964,AE260,99920150164,MNG259,41590370,376161394A,1990-01-01,AEE000, ,STT000,1, ,99920150491,
965,AE260,99920150165,MNG259,41590370,376161394A,1990-01-01,AEE000, ,STT000,1, ,99920150491,
966,AE260,99920150166,MNG259,41590370,376161394A,1990-01-01,AEE000, ,STT000,1, ,99920150491,
967,AE260,99920150167,MNG259,41590370,376161392B,1990-01-01,AEE000, ,STT000,1, ,99920150491,
968,AE260,99920150168,MNG259,41590370,376161392A,1990-01-01,AEE000, ,STT000,1, ,99920150491,
969,AE260,99920150169,MNG259,41590370,376161391A,1990-01-01,AEE000, ,STT000,1, ,99920150491,
970,AE260,99920150170,MNG259,41590370,376161391A,1990-01-01,AEE000, ,STT000,1, ,99920150491,
971,AE260,99920150185,MNG259,41590370,376161299B,1990-01-01,AEE000, ,STT000,1, ,99920150491,
972,AE260,99920150186,MNG259,41590370,376161299B,1990-01-01,AEE000, ,STT000,1, ,99920150491,
973,AE260,8.21E+13,MNG259,41590140,376122247D,2020-01-01,AEE003, ,STT002,1, ,8.21E+13,
974,AE260,8.21E+13,MNG259,41590140,376122245C,2019-01-01,AEE003, ,STT002,1, ,8.21E+13,
975,AE260,8.21E+13,MNG259,41590140,376122245A,2019-01-01,AEE003, ,STT002,1, ,8.21E+13,
976,AE260,8.21E+13,MNG259,41590140,376122244A,2019-01-01,AEE003, ,STT002,1, ,8.21E+13,
977,AE260,8.21E+13,MNG259,41590140,376122244A,2019-01-01,AEE003, ,STT002,1, ,8.21E+13,
978,AE260,9.00E+13,MNG259,41590420,377130866D,,AEE001, ,STT002,1,동탄(2)택지개발사업 부지공사(1단계)GIS DB구축용역,9.00E+13,
979,AE260,9.00E+13,MNG259,41590420,377130779D,,AEE001,A85,STT002,1,동탄(2)택지개발사업 부지공사(1단계)GIS DB구축용역,9.00E+13,
980,AE260,9.00E+13,MNG259,41590420,377130779D,,AEE001,A85,STT002,1,동탄(2)택지개발사업 부지공사(1단계)GIS DB구축용역,9.00E+13,
981,AE260,99920150432,MNG259,41590350,376151077B,1990-01-01,AEE000, ,STT000,1, ,99920150667,
982,AE260,99920150433,MNG259,41590350,376151077B,1990-01-01,AEE000, ,STT000,1, ,99920150667,
983,AE260,99920150434,MNG259,41590350,376151077B,1990-01-01,AEE000, ,STT000,1, ,99920150667,
984,AE260,99920150435,MNG259,41590350,376151069C,1990-01-01,AEE000, ,STT000,1, ,99920150667,
985,AE260,99920150436,MNG259,41590350,376151068D,1990-01-01,AEE000, ,STT000,1, ,99920150667,
986,AE260,99920150426,MNG259,41590350,376151503A,1990-01-01,AEE000, ,STT000,1, ,99920150665,
987,AE260,99920150427,MNG259,41590350,376151502D,1990-01-01,AEE000, ,STT000,1, ,99920150665,
988,AE260,1.21E+13,MNG259,41590600,377130856C,2017-12-30,AEE003, ,STT002,1,"동탄물류단지 도로 및 상,하수도 GIS DB구축 사업",1.21E+13,
989,AE260,2.21E+13,MNG259,41590550,377130244A,2018-05-01,AEE004, ,STT002,1,화성 반월동 아파트 신축공사 GIS DB 구축용역,2.21E+13,
990,AE260,99920150267,MNG259,41590570,376161010D,1990-01-01,AEE000, ,STT000,1, ,99920150561,
991,AE260,99920150268,MNG259,41590570,376161010D,1990-01-01,AEE000, ,STT000,1, ,99920150561,
992,AE260,99920150269,MNG259,41590570,376161009B,1990-01-01,AEE000, ,STT000,1, ,99920150561,
993,AE260,2.21E+13,MNG000,41590560,376160556D,2022-08-01,AEE003,기안2동,STT002,1,화성 기안 도시계획시설공사 GIS DB 구축용역,2.21E+13,
994,AE260,2.21E+13,MNG000,41590560,376160556D,2022-08-01,AEE003,기안2동,STT002,1,화성 기안 도시계획시설공사 GIS DB 구축용역,2.21E+13,
995,AE901,2.21E+13,MNG000,41590560,376160556D,2022-08-01,AEE005,택시승강장,STT002,1,화성 기안 도시계획시설공사 GIS DB 구축용역,2.21E+13,
210,AE260,99920150367,MNG259,41590262,376160255C,1990-01-01,AEE000, ,STT000,1, ,99920150568,
211,AE260,99920150368,MNG259,41590262,376160255C,1990-01-01,AEE000, ,STT000,1, ,99920150568,
212,AE260,99920150365,MNG259,41590262,376160255B,1990-01-01,AEE000, ,STT000,1, ,99920150568,
213,AE260,99920150366,MNG259,41590262,376160255B,1990-01-01,AEE000, ,STT000,1, ,99920150568,
214,AE260,99920150224,MNG259,41590262,376160781B,1990-01-01,AEE000, ,STT000,1, ,99920150597,
215,AE260,99920150225,MNG259,41590262,376160772A,1990-01-01,AEE000, ,STT000,1, ,99920150597,
216,AE260,99920150228,MNG259,41590262,376160763C,1990-01-01,AEE000, ,STT000,1, ,99920150597,
217,AE260,99920150229,MNG259,41590262,376160690D,1990-01-01,AEE000, ,STT000,1, ,99920150597,
218,AE260,99920150230,MNG259,41590262,376160690D,1990-01-01,AEE000, ,STT000,1, ,99920150597,
219,AE260,99920150231,MNG259,41590262,376160600A,1990-01-01,AEE000, ,STT000,1, ,99920150597,
220,AE260,99920150313,MNG259,41590262,376160753C,1990-01-01,AEE000, ,STT000,1, ,99920150597,
221,AE260,99920150318,MNG259,41590262,376160744A,1990-01-01,AEE000, ,STT000,1, ,99920150597,
222,AE260,99920150320,MNG259,41590262,376160743D,1990-01-01,AEE000, ,STT000,1, ,99920150597,
223,AE260,99920150324,MNG259,41590262,376160734D,1990-01-01,AEE000, ,STT000,1, ,99920150597,
224,AE260,99920150325,MNG259,41590262,376160734B,1990-01-01,AEE000, ,STT000,1, ,99920150597,
225,AE260,99920150328,MNG259,41590262,376160725A,1990-01-01,AEE000, ,STT000,1, ,99920150597,
226,AE260,99920150329,MNG259,41590262,376160715C,1990-01-01,AEE000, ,STT000,1, ,99920150597,
227,AE260,99920150330,MNG259,41590262,376160705C,1990-01-01,AEE000, ,STT000,1, ,99920150597,
228,AE260,99920150331,MNG259,41590262,376160705C,1990-01-01,AEE000, ,STT000,1, ,99920150597,
229,AE260,99920150332,MNG259,41590262,376160705C,1990-01-01,AEE000, ,STT000,1, ,99920150597,
230,AE260,99920150319,MNG259,41590262,376160743D,1990-01-01,AEE000, ,STT000,1, ,99920150597,
231,AE260,99920150278,MNG259,41590320,376160399C,1990-01-01,AEE000, ,STT000,1, ,99920150770,
232,AE260,2.11E+11,MNG259,41590585,377130246D,2013-12-01,AEE003,삼성반도체중문,STT002,1,지방도318호선 신설 및 확장공사 GIS DB 구축용역,0,
233,AE260,2.11E+11,MNG259,41590585,377130246D,2013-12-01,AEE003,삼성반도체중문,STT002,1,지방도318호선 신설 및 확장공사 GIS DB 구축용역,0,
234,AE260,2.11E+11,MNG259,41590550,377130234D,2013-12-01,AEE003,빅마켓앞,STT002,1,지방도318호선 신설 및 확장공사 GIS DB 구축용역,0,
235,AE260,2.11E+11,MNG259,41590550,377130234D,2013-12-01,AEE003,빅마켓앞,STT002,1,지방도318호선 신설 및 확장공사 GIS DB 구축용역,0,
236,AE260,2.11E+11,MNG259,41590550,377130245C,2013-12-01,AEE005, ,STT001,1,지방도318호선 신설 및 확장공사 GIS DB 구축용역,0,
237,AE260,2.11E+11,MNG259,41590550,377130245A,2013-12-01,AEE003,삼성반도체후문,STT002,1,지방도318호선 신설 및 확장공사 GIS DB 구축용역,0,
238,AE260,2.11E+11,MNG259,41590550,377130245A,2013-12-01,AEE003,삼성반도체후문,STT002,1,지방도318호선 신설 및 확장공사 GIS DB 구축용역,0,
239,AE260,2.12E+11,MNG259,41590259,376161423B,2014-06-01,AEE003,신성미소지움아파트,STT002,1,발안도시계획도로(2-1호선) 지하매설물 GIS DB 구축 용역,21161423012,
240,AE260,2.12E+11,MNG259,41590259,376161423B,2014-06-01,AEE003,신성미소지움아파트,STT002,1,발안도시계획도로(2-1호선) 지하매설물 GIS DB 구축 용역,21161423013,
241,AE260,2.12E+11,MNG259,41590360,376161414B,2014-06-01,AEE003,해군경인분창,STT002,1,발안도시계획도로(2-1호선) 지하매설물 GIS DB 구축 용역,21161414009,
242,AE260,2.12E+11,MNG259,41590360,376161414B,2014-06-01,AEE003,"가재4리,해군경인분창",STT002,1,발안도시계획도로(2-1호선) 지하매설물 GIS DB 구축 용역,21161414009,
243,AE260,2.12E+11,MNG259,41590360,376161404D,2014-06-01,AEE003,가재1리,STT002,1,발안도시계획도로(2-1호선) 지하매설물 GIS DB 구축 용역,21161404005,
244,AE260,99920150176,MNG259,41590360,376161365A,1990-01-01,AEE000, ,STT000,1, ,99920150675,
245,AE260,99920150192,MNG259,41590370,376161248C,1990-01-01,AEE000, ,STT000,1, ,99920150676,
246,AE260,99920150202,MNG259,41590370,376161224B,1990-01-01,AEE000, ,STT000,1, ,99920150743,
247,AE260,99920150423,MNG259,41590350,376151521C,1990-01-01,AEE000, ,STT000,1, ,99920150664,
248,AE260,99920150310,MNG259,41590320,376160806B,1990-01-01,AEE000, ,STT000,1, ,99920150528,
249,AE260,99920150443,MNG259,41590330,376151029A,1990-01-01,AEE000, ,STT000,1, ,99920150649,
250,AE260,99920150360,MNG259,41590262,376160264D,1990-01-01,AEE000, ,STT000,1, ,99920150568,
251,AE260,99920150338,MNG259,41590262,376160610B,1990-01-01,AEE000, ,STT000,1, ,99920150569,
252,AE260,99920150480,MNG259,41590340,376150554B,1990-01-01,AEE000, ,STT000,1, ,99920150623,
253,AE260,99920150484,MNG259,41590340,376150542B,1990-01-01,AEE000, ,STT000,1, ,99920150623,
254,AE260,99920150489,MNG259,41590340,376150532A,1990-01-01,AEE000, ,STT000,1, ,99920150623,
255,AE260,99920150495,MNG259,41590340,376150511C,1990-01-01,AEE000, ,STT000,1, ,99920150623,
256,AE260,99920150506,MNG259,41590340,376150410D,1990-01-01,AEE000, ,STT000,1, ,99920150623,
257,AE260,99920150507,MNG259,41590340,376112499A,1990-01-01,AEE000, ,STT000,1, ,99920150623,
258,AE260,99920150032,MNG259,41590262,376122263B,1990-01-01,AEE000, ,STT000,1, ,99920150590,
259,AE260,99920150034,MNG259,41590262,376122263B,1990-01-01,AEE000, ,STT000,1, ,99920150590,
260,AE260,99920150354,MNG259,41590262,376160274A,1990-01-01,AEE000, ,STT000,1, ,99920150590,
261,AE260,99920150355,MNG259,41590262,376160274A,1990-01-01,AEE000, ,STT000,1, ,99920150590,
262,AE260,99920150378,MNG259,41590262,376160221D,1990-01-01,AEE000, ,STT000,1, ,99920150590,
263,AE260,99920150379,MNG259,41590262,376160221B,1990-01-01,AEE000, ,STT000,1, ,99920150590,
264,AE260,99920150383,MNG259,41590262,376160211C,1990-01-01,AEE000, ,STT000,1, ,99920150590,
265,AE260,99920150384,MNG259,41590262,376160211C,1990-01-01,AEE000, ,STT000,1, ,99920150590,
266,AE260,99920150361,MNG259,41590262,376160263B,1990-01-01,AEE000, ,STT000,1, ,99920150590,
267,AE260,99920150362,MNG259,41590262,376160263B,1990-01-01,AEE000, ,STT000,1, ,99920150590,
268,AE260,99920150398,MNG259,41590262,376122272A,1990-01-01,AEE000, ,STT000,1, ,99920150590,
269,AE260,99920150033,MNG259,41590262,376122271B,1990-01-01,AEE000, ,STT000,1, ,99920150590,
270,AE260,99920150399,MNG259,41590262,376122271B,1990-01-01,AEE000, ,STT000,1, ,99920150590,
271,AE260,99920150370,MNG259,41590115,376160242B,1990-01-01,AEE000, ,STT000,1, ,99920150590,
