연번,사업장명,업종명,인허가일자,사업장전화번호,면적,소재지도로명주소,소재지지번주소,데이터갱신일자
1,호박꽃마차 화성봉담점,일반음식점,2024-01-02,,103.74,"경기도 화성시 효행구 봉담읍 장등2길 16-32, 1층",경기도 화성시 효행구 봉담읍 상리 639-4 ,2026-06-25
2,채선당자연한가득화성봉담점,일반음식점,2024-01-02,,213.77,"경기도 화성시 효행구 봉담읍 상리중심상가길 28-8, 2층 213-214호",경기도 화성시 효행구 봉담읍 상리 688-2 2층 213-214호 ,2026-06-25
3,인더비엣봉담점,일반음식점,2024-01-02,,133.96,"경기도 화성시 효행구 봉담읍 동화길 51, 1층 146,147,148호",경기도 화성시 효행구 봉담읍 동화리 564 ,2026-06-25
4,신미돈,일반음식점,2024-01-04,,93.1,"경기도 화성시 효행구 봉담읍 참샘길 27, 리젠트프라자 102,103호",경기도 화성시 효행구 봉담읍 와우리 31-16 리젠트프라자 ,2026-06-25
5,피자스톰 봉담점,일반음식점,2024-01-05,,32.28,"경기도 화성시 효행구 봉담읍 샘마을길 27, 1층 일부호(104호)",경기도 화성시 효행구 봉담읍 상리 21-3 1층 일부호(104호) ,2026-06-25
6,미주정원,일반음식점,2024-01-05,,196,"경기도 화성시 효행구 정남면 서봉로 958, 1층 일부호",경기도 화성시 효행구 정남면 문학리 525-1 ,2026-06-25
7,매송한식뷔페,일반음식점,2024-01-05,,148,"경기도 화성시 효행구 매송면 화성로 2360, 1층 일부호",경기도 화성시 효행구 매송면 원평리 133-3 ,2026-06-25
8,안다미로,일반음식점,2024-01-05,,32.2,"경기도 화성시 효행구 기배로 29, 217동 110호 (기안동, 화성 우방 아이유쉘 MEGA CITY 2단지)",경기도 화성시 효행구 기안동 928 화성 우방 아이유쉘 MEGA CITY 2단지 217동 110호,2026-06-25
9,된장박이 삼겹살 좋구만 화성봉담점,일반음식점,2024-01-12,,82.48,"경기도 화성시 효행구 봉담읍 상리중심상가길 28-8, 120,121호",경기도 화성시 효행구 봉담읍 상리 688-2 ,2026-06-25
10,돈돼지,일반음식점,2024-01-16,,68.29,"경기도 화성시 효행구 봉담읍 동화길 93-16, 107~108호",경기도 화성시 효행구 봉담읍 동화리 600-1 ,2026-06-25
11,백암토종순대국,일반음식점,2024-01-22,,,"경기도 화성시 효행구 효행로 241, 남수원씨티프라자 1층 114호 (기안동)",경기도 화성시 효행구 기안동 338-3 남수원씨티프라자 1층114호,2026-06-25
12,펀비어킹 비봉상업지구점,일반음식점,2024-01-22,,115.12,"경기도 화성시 효행구 비봉면 간곡1길 26, 1층",경기도 화성시 효행구 비봉면 삼화리 0 ,2026-06-25
13,화성봉담맛집 오늘은족발보쌈,일반음식점,2024-01-22,,71.76,"경기도 화성시 효행구 봉담읍 상리2길 97, 101,102호",경기도 화성시 효행구 봉담읍 상리 685-4 ,2026-06-25
14,치담고 치킨,일반음식점,2024-01-24,,42.61,"경기도 화성시 효행구 봉담읍 참샘길 33, 115호 (해오름마을봉담그대가2단지아파트)",경기도 화성시 효행구 봉담읍 와우리 240 해오름마을봉담그대가2단지아파트 ,2026-06-25
15,프레드피자,일반음식점,2024-01-30,,55.88,"경기도 화성시 효행구 봉담읍 상봉길 31, 지맨프라자 111호",경기도 화성시 효행구 봉담읍 상리 11-47 지맨프라자 ,2026-06-25
16,정가순대,일반음식점,2024-02-01,,204,"경기도 화성시 효행구 봉담읍 최루백로 198, 라동 1층",경기도 화성시 효행구 봉담읍 분천리 96-13 ,2026-06-25
17,다연이네김밥분식,일반음식점,2024-02-01,,32.01,"경기도 화성시 효행구 봉담읍 장등2길 6-14, 104호",경기도 화성시 효행구 봉담읍 상리 637-6 ,2026-06-25
18,오늘도 낙곱새 봉담2지구 본점,일반음식점,2024-02-13,,52.85,"경기도 화성시 효행구 봉담읍 상리중심상가길 28-8, 103호",경기도 화성시 효행구 봉담읍 상리 688-2 ,2026-06-25
19,맛사랑한식뷔페,일반음식점,2024-02-14,,116.25,"경기도 화성시 효행구 정남면 정남동로 10, 1층 일부호",경기도 화성시 효행구 정남면 덕절리 103-23 1층 일부호 ,2026-06-25
20,트리플에이커피화성원평점,일반음식점,2024-02-16,,67.02,"경기도 화성시 효행구 매송면 화성로 2360, 101호",경기도 화성시 효행구 매송면 원평리 133-3 ,2026-06-25
21,포차천국,일반음식점,2024-02-19,,68.64,"경기도 화성시 효행구 봉담읍 동화새터길 96, 2층 204호",경기도 화성시 효행구 봉담읍 동화리 597-2 2층 204호 ,2026-06-25
22,닥엔돈스 화성봉담점,일반음식점,2024-02-19,,67.45,"경기도 화성시 효행구 봉담읍 상봉길 35-21, 1층",경기도 화성시 효행구 봉담읍 상리 11-119 ,2026-06-25
23,포인비에트 화성봉담점,일반음식점,2024-02-19,,82.41,"경기도 화성시 효행구 봉담읍 상리중심상가길 28-8, 2층 212호",경기도 화성시 효행구 봉담읍 상리 688-2 2층212호,2026-06-25
24,신인반점봉담점,일반음식점,2024-02-19,,118.06,"경기도 화성시 효행구 봉담읍 장등1길 3-19, 1층",경기도 화성시 효행구 봉담읍 상리 627-1 1층 ,2026-06-25
25,명가웰빙한식뷔페,일반음식점,2024-02-20,,269.5,"경기도 화성시 효행구 정남면 정남동로 189, 1동 1층",경기도 화성시 효행구 정남면 덕절리 349-1 ,2026-06-25
26,프렌즈스크린 봉담분천점,일반음식점,2024-02-28,,13.2,"경기도 화성시 효행구 봉담읍 최루백로 225-15, 1층 일부호",경기도 화성시 효행구 봉담읍 분천리 91-1 1층 일부호 ,2026-06-25
27,강쇠낙지마을,일반음식점,2024-03-11,,97.81,"경기도 화성시 효행구 효행로 223, 1층 일부호 (기안동)",경기도 화성시 효행구 기안동 333-6 대원빌딩 ,2026-06-25
28,아구아구잘해찜,일반음식점,2024-03-11,,29.59,"경기도 화성시 효행구 봉담읍 장등1길 3-25, 1층 일부(102,103호 일부)호",경기도 화성시 효행구 봉담읍 상리 623-5 ,2026-06-25
29,감동꼬마김밥,일반음식점,2024-03-11,,51.57,"경기도 화성시 효행구 봉담읍 장등1길 3-25, 1층 102,103호 일부)호",경기도 화성시 효행구 봉담읍 상리 623-5 ,2026-06-25
30,백채김치찌개 봉담2지구점,일반음식점,2024-03-11,,40,"경기도 화성시 효행구 봉담읍 상리중심상가길 30, 107호",경기도 화성시 효행구 봉담읍 상리 686-4 ,2026-06-25
31,서영이네 두루치기,일반음식점,2024-03-12,,82.06,"경기도 화성시 효행구 매송면 어사로 41, 2층",경기도 화성시 효행구 매송면 어천리 247-1 ,2026-06-25
32,보리꽃피는날,일반음식점,2024-03-15,,218.49,"경기도 화성시 효행구 정남면 세자로303번길 7, 1층",경기도 화성시 효행구 정남면 보통리 78-16 ,2026-06-25
33,어천숯불화로구이,일반음식점,2024-03-15,031-292-6332,158.8,"경기도 화성시 효행구 매송면 화성로 2249-1, 1층",경기도 화성시 효행구 매송면 어천리 426-3 ,2026-06-25
34,맛집한식부페,일반음식점,2024-03-22,,200.99,"경기도 화성시 효행구 봉담읍 최루백로 225-9, 1층",경기도 화성시 효행구 봉담읍 분천리 91-16 ,2026-06-25
35,옛날통닭 봉담점,일반음식점,2024-03-25,,39.39,"경기도 화성시 효행구 봉담읍 상리2길 97, 1층 118호",경기도 화성시 효행구 봉담읍 상리 685-4 ,2026-06-25
36,역전우동0410 봉담와우점,일반음식점,2024-04-01,,41.42,"경기도 화성시 효행구 봉담읍 와우로 24, 1층 113호",경기도 화성시 효행구 봉담읍 와우리 221-75 ,2026-06-25
37,초이짬뽕,일반음식점,2024-04-01,,77.4,"경기도 화성시 효행구 정남면 만년로 729, 2동 1층 일부호",경기도 화성시 효행구 정남면 괘랑리 316-1 2동 1층 일부호,2026-06-25
38,밥하나 면하나,일반음식점,2024-04-03,031-226-3337,20,"경기도 화성시 효행구 봉담읍 참샘길 33, 111-2호 (해오름마을봉담그대가2단지아파트)",경기도 화성시 효행구 봉담읍 와우리 240 해오름마을봉담그대가2단지아파트 ,2026-06-25
39,라화방마라탕,일반음식점,2024-04-08,,59.28,"경기도 화성시 효행구 효행로 287, 보보스프라자 1층 103호 (기안동)",경기도 화성시 효행구 기안동 371-2 보보스프라자 1층 103호 ,2026-06-25
40,도나의 식탁(Donna's table),일반음식점,2024-04-08,,33.48,"경기도 화성시 효행구 효행로265번길 15, 우림그린빌리지 상가동 1층 102호 (기안동)",경기도 화성시 효행구 기안동 354-1 우림그린빌리지 상가동 1층102호,2026-06-25
41,남도술상 봉담점,일반음식점,2024-04-16,,99.64,"경기도 화성시 효행구 봉담읍 상리중심상가길 28-8, 215호",경기도 화성시 효행구 봉담읍 상리 688-2 ,2026-06-25
42,봉담 재,일반음식점,2024-04-22,,670.06,"경기도 화성시 효행구 봉담읍 와우로15번길 29-11, 2층",경기도 화성시 효행구 봉담읍 와우리 213-44 ,2026-06-25
43,스텔라떡볶이경기화성봉담점,일반음식점,2024-05-07,,37.56,"경기도 화성시 효행구 봉담읍 동화길 93-6, 108호",경기도 화성시 효행구 봉담읍 동화리 600-6 ,2026-06-25
44,카페 소공원,일반음식점,2024-05-20,,122.07,"경기도 화성시 효행구 봉담읍 오래3길 1, 1층",경기도 화성시 효행구 봉담읍 동화리 559-12 ,2026-06-25
45,양프로 양꼬치,일반음식점,2024-05-21,,110.28,"경기도 화성시 효행구 봉담읍 장등2길 16-25, 1층",경기도 화성시 효행구 봉담읍 상리 641-7 ,2026-06-25
46,스시명장,일반음식점,2024-05-23,,458.52,"경기도 화성시 효행구 봉담읍 동화역말길 67, 1층",경기도 화성시 효행구 봉담읍 동화리 239 ,2026-06-25
47,수미네국밥,일반음식점,2024-05-27,,132,"경기도 화성시 효행구 비봉면 하저자안로 213, 1층 일부호",경기도 화성시 효행구 비봉면 자안리 792-2 ,2026-06-25
48,상록회관(봉담점),일반음식점,2024-05-29,,160,"경기도 화성시 효행구 효행로 223, 대원프라자1 1층 일부호(7~10호) (기안동)",경기도 화성시 효행구 기안동 333-6 대원프라자1 1층 일부호(7~10호) ,2026-06-25
49,청옥담,일반음식점,2024-05-31,,379.2,"경기도 화성시 효행구 정남면 세자로 340, 1층 전체호",경기도 화성시 효행구 정남면 보통리 12-23 ,2026-06-25
50,장수촌(화성융건릉점),일반음식점,2024-06-05, 031-237 -7077,257.22,"경기도 화성시 효행구 봉담읍 세자로 430, 1층",경기도 화성시 효행구 봉담읍 수기리 7-28 1층 ,2026-06-25
51,양대감양꼬치전문점,일반음식점,2024-06-07,,98.44,"경기도 화성시 효행구 봉담읍 상리2길 97, 203,204호",경기도 화성시 효행구 봉담읍 상리 685-4 ,2026-06-25
52,가마치통닭 봉담점,일반음식점,2024-06-11,,47.04,"경기도 화성시 효행구 봉담읍 동화길 93-2, 107호",경기도 화성시 효행구 봉담읍 동화리 600-7 ,2026-06-25
53,시베리아허스키냉면 봉담점,일반음식점,2024-06-12,,38,"경기도 화성시 효행구 봉담읍 샘마을길 59, 현대쉐르빌 103호 일부호",경기도 화성시 효행구 봉담읍 동화리 572-3 현대쉐르빌 103호호,2026-06-25
54,유현삼계탕 봉담점,일반음식점,2024-06-12,,38,"경기도 화성시 효행구 봉담읍 샘마을길 59, 현대쉐르빌 103호 일부호",경기도 화성시 효행구 봉담읍 동화리 572-3 현대쉐르빌 103호호,2026-06-25
55,해가빛,일반음식점,2024-06-14,,181.17,"경기도 화성시 효행구 정남면 시청로 1761, 1층",경기도 화성시 효행구 정남면 백리 229 1층 ,2026-06-25
56,김홍집,일반음식점,2024-06-17,,135.6,"경기도 화성시 효행구 봉담읍 오래4길 14, 1층",경기도 화성시 효행구 봉담읍 동화리 558-3 ,2026-06-25
57,실비식당,일반음식점,2024-06-20,031 -296 -2300,167.11,"경기도 화성시 효행구 효행로 237, 1층 일부호 (기안동)",경기도 화성시 효행구 기안동 335-8 ,2026-06-25
58,PIZZERIA ADORO(핏쩨리아 아도로),일반음식점,2024-06-24,,48,"경기도 화성시 효행구 비봉면 비봉로 134, 1층 일부호",경기도 화성시 효행구 비봉면 양노리 307-1 ,2026-06-25
59,야향,일반음식점,2024-07-02,,97.23,"경기도 화성시 효행구 봉담읍 장등2길 16-13, 101호",경기도 화성시 효행구 봉담읍 상리 641-1 ,2026-06-25
60,천지짬뽕101 화성직영점,일반음식점,2024-07-05,,138.16,"경기도 화성시 효행구 봉담읍 동화길 28, 1층",경기도 화성시 효행구 봉담읍 동화리 429-1 ,2026-06-25
61,이지구김밥,일반음식점,2024-07-10,,43.86,"경기도 화성시 효행구 봉담읍 상리2길 55, 116호",경기도 화성시 효행구 봉담읍 상리 690-1 116호,2026-06-25
62,봉담포차,일반음식점,2024-07-12,,96.42,"경기도 화성시 효행구 봉담읍 샘마을1길 12, 3층 일부호",경기도 화성시 효행구 봉담읍 상리 23-4 ,2026-06-25
63,카페 내음,일반음식점,2024-07-15,,36,"경기도 화성시 효행구 봉담읍 방골길 69, 2층",경기도 화성시 효행구 봉담읍 덕리 산 48 ,2026-06-25
64,스테이크존봉담,일반음식점,2024-07-19,,48,"경기도 화성시 효행구 봉담읍 와우안길 46, 1층 일부호",경기도 화성시 효행구 봉담읍 와우리 75-6 ,2026-06-25
65,명태어장쭈갑골 봉담점,일반음식점,2024-07-22,031-292-5913,142.08,"경기도 화성시 효행구 봉담읍 동화길 51, 111~113호",경기도 화성시 효행구 봉담읍 동화리 564 ,2026-06-25
66,인생아구찜 봉담점,일반음식점,2024-07-23,,72.6,"경기도 화성시 효행구 봉담읍 오래2길 5, 102호",경기도 화성시 효행구 봉담읍 동화리 560-9 102호 ,2026-06-25
67,손수만두,일반음식점,2024-07-24,,189.5,"경기도 화성시 효행구 비봉면 비봉로 563, 1층",경기도 화성시 효행구 비봉면 삼화리 85-739 ,2026-06-25
68,정푸드,일반음식점,2024-07-24,,56.65,"경기도 화성시 효행구 봉담읍 오래2길 14, 일부호",경기도 화성시 효행구 봉담읍 동화리 562-10 일부호 ,2026-06-25
69,구포리 멸치국수,일반음식점,2024-07-24,,48.8,"경기도 화성시 효행구 비봉면 푸른들판로 1628, 106호",경기도 화성시 효행구 비봉면 구포리 1540 106호 ,2026-06-25
70,구포리 돼지마을,일반음식점,2024-07-24,,80.1,"경기도 화성시 효행구 비봉면 푸른들판로 1628, 111호, 112호","경기도 화성시 효행구 비봉면 구포리 1540 111호, 112호 ",2026-06-25
71,진숙이네밥집,일반음식점,2024-07-26,,36,"경기도 화성시 효행구 기안남로 67, 1층 일부호 (기안동)",경기도 화성시 효행구 기안동 457-70 1층 일부호 ,2026-06-25
72,센베로 수원대점,일반음식점,2024-07-26,,124.37,"경기도 화성시 효행구 봉담읍 와우로 90, 토마토쇼핑 101,102호",경기도 화성시 효행구 봉담읍 와우리 31-6 토마토쇼핑 ,2026-06-25
73,Purple Rain(퍼플레인),일반음식점,2024-07-29,,25.11,"경기도 화성시 효행구 봉담읍 장등1길 3-13, 일부호",경기도 화성시 효행구 봉담읍 상리 627-5 ,2026-06-25
74,북극해고등어 화성봉담점,일반음식점,2024-08-02,,231.56,"경기도 화성시 효행구 봉담읍 매봉로 455, 1층 일부호",경기도 화성시 효행구 봉담읍 수영리 650-15 1층 일부호 ,2026-06-25
75,양심소 봉담2지구점,일반음식점,2024-08-09,,184.3,"경기도 화성시 효행구 봉담읍 매봉로 455, 1층 104호",경기도 화성시 효행구 봉담읍 수영리 650-15 104호,2026-06-25
76,쎈언니 숯불닭발,일반음식점,2024-08-12,,31.2,"경기도 화성시 효행구 봉담읍 진등2길 12, 나동 1층 일부(104)호",경기도 화성시 효행구 봉담읍 수영리 651-9 ,2026-06-25
77,텐미탕수육 봉담,일반음식점,2024-08-13,,67.47,"경기도 화성시 효행구 봉담읍 와우안길 46, 1층 일부호",경기도 화성시 효행구 봉담읍 와우리 75-6 일부호,2026-06-25
78,수기리 카페,일반음식점,2024-08-13,,63.75,"경기도 화성시 효행구 봉담읍 세자로 398, 1동 일부호",경기도 화성시 효행구 봉담읍 수기리 7-47 1동 일부호,2026-06-25
79,한상 경양식 돈까스 봉담점,일반음식점,2024-08-14,,20.28,"경기도 화성시 효행구 봉담읍 동화역말길 25, 중흥S-스퀘어 104호 일부",경기도 화성시 효행구 봉담읍 동화리 622 중흥S-스퀘어 104호 일부 ,2026-06-25
80,얼,일반음식점,2024-08-19,,68,"경기도 화성시 효행구 봉담읍 최루백로 289, 1층 일부호",경기도 화성시 효행구 봉담읍 분천리 145-5 일부호,2026-06-25
81,언양닭칼국수 봉담점,일반음식점,2024-08-20,,87.3,"경기도 화성시 효행구 봉담읍 매봉로 455, 1층 일부호",경기도 화성시 효행구 봉담읍 수영리 650-15 ,2026-06-25
82,브런치빈 봉담점,일반음식점,2024-08-21,031 -298 -6500,195.73,"경기도 화성시 효행구 봉담읍 상리중심상가길 28-8, 604,605호","경기도 화성시 효행구 봉담읍 상리 688-2 망고타운 604,605호 ",2026-06-25
83,우리집 자연밥상&도시락,일반음식점,2024-08-21,,261.06,"경기도 화성시 효행구 비봉면 현대기아로 765 (101,102,103,104호)","경기도 화성시 효행구 비봉면 양노리 707-19 (101,102,103,104호) ",2026-06-25
84,철길부산집 수원대점,일반음식점,2024-08-23,,47,"경기도 화성시 효행구 봉담읍 와우로 80, 1층 105호",경기도 화성시 효행구 봉담읍 와우리 34-6 1층 105호 ,2026-06-25
85,428 카페,일반음식점,2024-08-28,,30.16,"경기도 화성시 효행구 봉담읍 오래1길 3, 1층 일부호",경기도 화성시 효행구 봉담읍 동화리 428 ,2026-06-25
86,유짱식당,일반음식점,2024-08-29,031 -234 -2279,70,"경기도 화성시 효행구 정남면 세자로 283, 1층 일부호",경기도 화성시 효행구 정남면 보통리 134 1층 일부호 ,2026-06-25
87,교촌치킨 봉담2지구점,일반음식점,2024-09-04,,61.36,"경기도 화성시 효행구 봉담읍 상리중심상가길 30, 105호",경기도 화성시 효행구 봉담읍 상리 686-4 105호,2026-06-25
88,삼시세끼,일반음식점,2024-09-13,,261,"경기도 화성시 효행구 비봉면 현대기아로 799-2, 1동 1층",경기도 화성시 효행구 비봉면 양노리 709 ,2026-06-25
89,커피하우즈,일반음식점,2024-09-19,,52.38,"경기도 화성시 효행구 정남면 정남산단3길 48, 1층 일부호",경기도 화성시 효행구 정남면 음양리 861 ,2026-06-25
90,미식전당,일반음식점,2024-09-19,,397.02,"경기도 화성시 효행구 정남면 정남산단3길 48, 1층 일부호",경기도 화성시 효행구 정남면 음양리 861 1층일부호,2026-06-25
91,동화수산,일반음식점,2024-09-20,,34.65,"경기도 화성시 효행구 봉담읍 동화길 93-16, 106호",경기도 화성시 효행구 봉담읍 동화리 600-1 106호,2026-06-25
92,먹방양꼬치,일반음식점,2024-09-20,,90.36,"경기도 화성시 효행구 봉담읍 와우안길 54, 1층 전체호",경기도 화성시 효행구 봉담읍 와우리 76-1 ,2026-06-25
93,고락,일반음식점,2024-09-23,,43.89,"경기도 화성시 효행구 봉담읍 상리중심상가길 30, 108호",경기도 화성시 효행구 봉담읍 상리 686-4 108호,2026-06-25
94,장호덕달인고로케,일반음식점,2024-09-24,,31.8,"경기도 화성시 효행구 봉담읍 와우로 79, 와우리상가 102호",경기도 화성시 효행구 봉담읍 와우리 31-1 와우리상가 102호,2026-06-25
95,두루치기,일반음식점,2024-09-25,,132,"경기도 화성시 효행구 효행로 241, 남수원씨티프라자 1층 110,111호 (기안동)","경기도 화성시 효행구 기안동 338-3 남수원씨티프라자 110,111호 ",2026-06-25
96,꿀이분식,일반음식점,2024-09-30,,46.13,"경기도 화성시 효행구 정남면 만년로 461, 1층 일부호",경기도 화성시 효행구 정남면 신리 111-4 1층일부호,2026-06-25
97,삼미식당,일반음식점,2024-10-04,,87.78,"경기도 화성시 효행구 비봉면 푸른들판로 1628, 101,102호",경기도 화성시 효행구 비봉면 구포리 1540 ,2026-06-25
98,구이작전,일반음식점,2024-10-14,,74.52,"경기도 화성시 효행구 봉담읍 상리중심상가길 6-4, ST프라자 104,105호","경기도 화성시 효행구 봉담읍 상리 690-5 ST프라자 104,105호 ",2026-06-25
99,만코,일반음식점,2024-10-14,,111.2,"경기도 화성시 효행구 봉담읍 장등2길 6-27, 1층 101호",경기도 화성시 효행구 봉담읍 상리 638-8 101호,2026-06-25
100,철뚝집 수원대점,일반음식점,2024-10-18,,55.44,"경기도 화성시 효행구 봉담읍 와우안길 35-12, 1층 일부호",경기도 화성시 효행구 봉담읍 와우리 65-14 ,2026-06-25
101,구름계란 덮밥 화성봉담점,일반음식점,2024-10-18,,47.36,"경기도 화성시 효행구 봉담읍 동화길 51, 155호",경기도 화성시 효행구 봉담읍 동화리 564 ,2026-06-25
102,샤브공감,일반음식점,2024-10-25,,466.79,"경기도 화성시 효행구 봉담읍 와우로15번길 25, 운봉빌딩 1층 전체호",경기도 화성시 효행구 봉담읍 와우리 213-43 운봉빌딩 ,2026-06-25
103,(주)지앤씨통상,일반음식점,2024-10-29,,210.46,"경기도 화성시 효행구 봉담읍 덕머루1길 7-1, 2층 전체호",경기도 화성시 효행구 봉담읍 덕리 102-1 ,2026-06-25
104,BBQ 화성봉담내리지구점,일반음식점,2024-10-30,,49.04,"경기도 화성시 효행구 봉담읍 삼봉안길 76, 243동 103호 (힐스테이트봉담프라이드시티)",경기도 화성시 효행구 봉담읍 내리 0 힐스테이트봉담프라이드시티 ,2026-06-25
105,다온한식뷔페,일반음식점,2024-11-08,,199.18,"경기도 화성시 효행구 정남면 문학로68번길 22, 근생주택주건축물제1동 1층 일부호",경기도 화성시 효행구 정남면 문학리 252-1 근생주택주건축물제1동 1층일부호,2026-06-25
106,봉봉,일반음식점,2024-11-11,,49.29,"경기도 화성시 효행구 비봉면 간곡6길 6-20, 1층 일부호",경기도 화성시 효행구 비봉면 삼화리 1861 1층 일부호 ,2026-06-25
107,병아리김밥 화성봉담프라이드시티점,일반음식점,2024-11-13,,42.25,"경기도 화성시 효행구 봉담읍 삼봉안길 76, 상가동 116호 (힐스테이트봉담프라이드시티)",경기도 화성시 효행구 봉담읍 내리 0 힐스테이트봉담프라이드시티 상가동 116호,2026-06-25
108,우리집밥,일반음식점,2024-11-14,,51.52,"경기도 화성시 효행구 봉담읍 동화길 51, 1층 160호",경기도 화성시 효행구 봉담읍 동화리 564 ,2026-06-25
109,단미김밥·떡볶이,일반음식점,2024-11-26,,60.75,"경기도 화성시 효행구 비봉면 새비봉서로 96, 상가동 101,102호 (화성비봉 LH 5단지)",경기도 화성시 효행구 비봉면 삼화리 1839 화성비봉 LH 5단지 ,2026-06-25
110,명랑부대찌개&낙곱새,일반음식점,2024-12-02,,24.75,"경기도 화성시 효행구 봉담읍 장등2길 6-14, 102호",경기도 화성시 효행구 봉담읍 상리 637-6 102호 ,2026-06-25
111,배쉐프짬뽕,일반음식점,2024-12-04,,141.6,"경기도 화성시 효행구 정남면 정남산단로 142-24, 니트로아이 더 스퀘어 2층 206,207호","경기도 화성시 효행구 정남면 음양리 940-1 니트로아이 더 스퀘어 206,207호 ",2026-06-25
112,가마치통닭 화성봉담내리지구점,일반음식점,2024-12-10,,50.35,"경기도 화성시 효행구 봉담읍 삼봉안길 76, 243동 112호 (힐스테이트봉담프라이드시티)",경기도 화성시 효행구 봉담읍 내리 0 힐스테이트봉담프라이드시티 ,2026-06-25
113,박웅의 국가대표짬뽕 화성봉담점,일반음식점,2024-12-11,,214.5,"경기도 화성시 효행구 봉담읍 매봉로 455, 1층 일부호",경기도 화성시 효행구 봉담읍 수영리 650-15 ,2026-06-25
114,김태주 선산곱창 화성봉담점,일반음식점,2024-12-11,,118.94,"경기도 화성시 효행구 봉담읍 샘마을1길 19, 1층 전체호",경기도 화성시 효행구 봉담읍 상리 22-56 ,2026-06-25
115,뽁당 볶음밥,일반음식점,2024-12-13,,39.63,"경기도 화성시 효행구 봉담읍 장등2길 12-5, 101호 일부호",경기도 화성시 효행구 봉담읍 상리 635-7 ,2026-06-25
116,거기서호프,일반음식점,2024-12-18,,98.72,"경기도 화성시 효행구 봉담읍 오래3길 13, 1층 전체",경기도 화성시 효행구 봉담읍 동화리 558-11 1층 전체 ,2026-06-25
117,홍희통닭&beer포차,일반음식점,2024-12-19,,46.2,"경기도 화성시 효행구 비봉면 간곡1길 28, 1동 102호",경기도 화성시 효행구 비봉면 삼화리 1898-2 ,2026-06-25
118,낭만 뒷고기,일반음식점,2024-12-20,,59,"경기도 화성시 효행구 봉담읍 장등1길 3-15, 1층 102호,103호","경기도 화성시 효행구 봉담읍 상리 627-4 1층 102호,103호 ",2026-06-25
119,마롱,일반음식점,2024-12-23,031 -352 -1857,468.46,"경기도 화성시 효행구 정남면 세자로 251, 2층 전부호",경기도 화성시 효행구 정남면 보통리 117-3 2층 전부호 ,2026-06-25
120,국제제면소 봉담점,일반음식점,2024-12-24,,46.95,"경기도 화성시 효행구 봉담읍 참샘길 33, 1층 116호 (해오름마을봉담그대가2단지아파트)",경기도 화성시 효행구 봉담읍 와우리 240 해오름마을봉담그대가2단지아파트 116호,2026-06-25
121,카페정보라,일반음식점,2024-12-24,,86.25,"경기도 화성시 효행구 비봉면 화성로1617번길 14-15, 1층 일부호",경기도 화성시 효행구 비봉면 양노리 603 ,2026-06-25
122,돌솥집황제누룽지탕,일반음식점,2024-12-26,,327.55,"경기도 화성시 효행구 정남면 세자로 330-5, 1층 전부호",경기도 화성시 효행구 정남면 보통리 12-27 1층 전부호 ,2026-06-25
123,칠봉통닭,일반음식점,2024-12-30,,24.75,"경기도 화성시 효행구 봉담읍 동화길 89, 301호",경기도 화성시 효행구 봉담읍 동화리 599-3 ,2026-06-25
124,더꼬치다 봉담점,일반음식점,2025-01-02, 070-4048-6880,43.2,"경기도 화성시 효행구 봉담읍 상리2길 55, 128호",경기도 화성시 효행구 봉담읍 상리 690-1 128호 ,2026-06-25
125,선미꼬마김밥(봉담점),일반음식점,2025-01-10,,39.5,"경기도 화성시 효행구 봉담읍 와우로 20, 미래프라자 101호",경기도 화성시 효행구 봉담읍 와우리 220-75 ,2026-06-25
126,다인카페,일반음식점,2025-01-13,,81.31,"경기도 화성시 효행구 매송면 야목길15번길 10-6, 1층",경기도 화성시 효행구 매송면 야목리 361-2 1층 ,2026-06-25
127,호랑이족발 봉담,일반음식점,2025-01-14,,39.97,"경기도 화성시 효행구 봉담읍 매봉로 478, 103호",경기도 화성시 효행구 봉담읍 수영리 647-1 ,2026-06-25
128,금별맥주 수원대점,일반음식점,2025-01-15,,121.8,"경기도 화성시 효행구 봉담읍 와우안길 22, 1층 전체호",경기도 화성시 효행구 봉담읍 와우리 43-3 ,2026-06-25
129,빅쭌부대찌개 화성정남점,일반음식점,2025-01-20,,181.72,"경기도 화성시 효행구 정남면 정남산단로 142-10, 제1동 1층 일부호(A동 102호)",경기도 화성시 효행구 정남면 음양리 936 제1동 1층 일부호(A동 102호) ,2026-06-25
130,교동족발2대째,일반음식점,2025-01-22,,41.28,"경기도 화성시 효행구 비봉면 비봉로 112, A동 106호",경기도 화성시 효행구 비봉면 양노리 284-1 ,2026-06-25
131,동경생포차 수영점,일반음식점,2025-01-23,,124.8,"경기도 화성시 효행구 봉담읍 수영로 61-16, 한울마을 신창비바패밀리아파트 상가동 205,206,207,208호",경기도 화성시 효행구 봉담읍 수영리 672 한울마을 신창비바패밀리아파트 ,2026-06-25
132,이플,일반음식점,2025-01-23,,39.78,"경기도 화성시 효행구 봉담읍 샘마을길 58, 101호 (금성팰리스)",경기도 화성시 효행구 봉담읍 상리 15-22 금성팰리스 ,2026-06-25
133,꼬막꼬막,일반음식점,2025-01-24,,31.2,"경기도 화성시 효행구 봉담읍 진등2길 12, 나동 1층 일부호(105호)",경기도 화성시 효행구 봉담읍 수영리 651-9 나동 1층 일부호(105호) ,2026-06-25
134,홍대장 소고기집,일반음식점,2025-01-31,,114.1,"경기도 화성시 효행구 정남면 정남산단로 142-24, 니트로아이 더 스퀘어 2층 일부호(209호, 210호)","경기도 화성시 효행구 정남면 음양리 940-1 니트로아이 더 스퀘어 2층 일부호(209호, 210호) ",2026-06-25
135,온기,일반음식점,2025-01-31,,184.8,"경기도 화성시 효행구 봉담읍 최루백로 259, 1층 전체호",경기도 화성시 효행구 봉담읍 분천리 137-6 ,2026-06-25
136,박봉담,일반음식점,2025-01-31,,1356.49,"경기도 화성시 효행구 봉담읍 매송고색로 452 (주)국순당 가동 1,2층",경기도 화성시 효행구 봉담읍 수영리 403 (주)국순당 ,2026-06-25
137,유림한식,일반음식점,2025-02-10,,161.5,"경기도 화성시 효행구 봉담읍 시냇말길 14, 1층 전체호",경기도 화성시 효행구 봉담읍 분천리 14-2 ,2026-06-25
138,맘스터치 화성비봉점,일반음식점,2025-02-10,,67.58,"경기도 화성시 효행구 비봉면 간곡6길 6-8, 106,107호",경기도 화성시 효행구 비봉면 삼화리 1862 ,2026-06-25
139,맘스피자 화성비봉점,일반음식점,2025-02-10,,69.58,"경기도 화성시 효행구 비봉면 간곡6길 6-8, 106, 107호",경기도 화성시 효행구 비봉면 삼화리 1862 ,2026-06-25
140,몬도커피츄러스 화성봉담점,일반음식점,2025-02-12,,42.01,"경기도 화성시 효행구 봉담읍 매봉로 443, 102호",경기도 화성시 효행구 봉담읍 상리 692-4 ,2026-06-25
141,호맥 화성봉담점,일반음식점,2025-02-12,,57.04,"경기도 화성시 효행구 봉담읍 상리중심상가길 28-8, 1층 116호",경기도 화성시 효행구 봉담읍 상리 688-2 ,2026-06-25
142,안주가 화성비봉점,일반음식점,2025-02-19,,42.12,"경기도 화성시 효행구 비봉면 새비봉서로 20, 112호 (예미지 센트럴 에듀)",경기도 화성시 효행구 비봉면 삼화리 1850 예미지 센트럴 에듀 112호,2026-06-25
143,이배재직화쌈밥,일반음식점,2025-02-20,,280.8,"경기도 화성시 효행구 봉담읍 최루백로 253-8, 1층 , 최루백로 257 1층 전체호",경기도 화성시 효행구 봉담읍 분천리 137 ,2026-06-25
144,청림장어 봉담점,일반음식점,2025-02-24,,768.42,"경기도 화성시 효행구 봉담읍 삼천병마로 1200-11, 1층,2층 전체","경기도 화성시 효행구 봉담읍 상리 459-1 1층,2층 전체 ",2026-06-25
145,소플러스 봉담점,일반음식점,2025-02-26,,498.92,"경기도 화성시 효행구 봉담읍 동화역말길 100, 1층",경기도 화성시 효행구 봉담읍 와우리 213-50 ,2026-06-25
146,뚝방집,일반음식점,2025-02-26,,73.97,"경기도 화성시 효행구 정남면 세자로 268, 1층",경기도 화성시 효행구 정남면 보통리 139 ,2026-06-25
147,자안분식,일반음식점,2025-02-27,,50,"경기도 화성시 효행구 비봉면 하저자안로 220, 1층 일부호",경기도 화성시 효행구 비봉면 자안리 786 ,2026-06-25
148,대영수산,일반음식점,2025-02-28,,99.26,"경기도 화성시 효행구 봉담읍 오래2길 17, 1층",경기도 화성시 효행구 봉담읍 동화리 561-8 ,2026-06-25
149,행컵 수원대학교점,일반음식점,2025-03-12,,38.4,"경기도 화성시 효행구 봉담읍 와우안길 43, 시라빌딩 1층 4호",경기도 화성시 효행구 봉담읍 와우리 72-3 시라빌딩 ,2026-06-25
150,화려한돈,일반음식점,2025-03-17,,52.07,"경기도 화성시 효행구 봉담읍 상봉길 31, 지맨프라자 113호",경기도 화성시 효행구 봉담읍 상리 11-47 지맨프라자 ,2026-06-25
151,불닭발땡초 동대문엽기떡볶이 봉담2지구점,일반음식점,2025-03-20,,58.91,"경기도 화성시 효행구 봉담읍 상리3길 51-9, 유니크센트럴 108호",경기도 화성시 효행구 봉담읍 상리 683-2 유니크센트럴 ,2026-06-25
152,냉삼회관 화성봉담내리점,일반음식점,2025-03-24,,93,"경기도 화성시 효행구 봉담읍 삼봉안3길 6-5, B125, B126호",경기도 화성시 효행구 봉담읍 내리 876 ,2026-06-25
153,봉담n,일반음식점,2025-03-24,,20,"경기도 화성시 효행구 봉담읍 샘마을길 50, 1층 일부호(102호)",경기도 화성시 효행구 봉담읍 상리 15-36 1층 일부호(102호) ,2026-06-25
154,철뚝집 봉담동화마을점,일반음식점,2025-03-24,,36.57,"경기도 화성시 효행구 봉담읍 동화길 93-8, 101호",경기도 화성시 효행구 봉담읍 동화리 600-5 101호 ,2026-06-25
155,우경축산지점,일반음식점,2025-03-25,031 -216 -9394,63,"경기도 화성시 효행구 정남면 내향로 346, 수원축산농협축산물유통센타 2층 210호, 211호",경기도 화성시 효행구 정남면 귀래리 209-10 수원축산농협축산물유통센타 ,2026-06-25
156,장이당제면소 수원대점,일반음식점,2025-03-31,,43.68,"경기도 화성시 효행구 봉담읍 와우로73번길 6, 태천센타 B104호",경기도 화성시 효행구 봉담읍 와우리 26-12 태천센타 ,2026-06-25
157,후라이드의 품격 봉담점,일반음식점,2025-04-03,,40.37,"경기도 화성시 효행구 봉담읍 시청로 1405-10, 1층 일부(103)호",경기도 화성시 효행구 봉담읍 유리 119 ,2026-06-25
158,갈비꽃 화성봉담동화점,일반음식점,2025-04-03,,107.36,"경기도 화성시 효행구 봉담읍 동화역말길 43, 1층 일부호",경기도 화성시 효행구 봉담읍 동화리 242-22 ,2026-06-25
159,긴자료코 봉담점,일반음식점,2025-04-07,,43.2,"경기도 화성시 효행구 봉담읍 상리2길 55, 어반센터프라자 113호",경기도 화성시 효행구 봉담읍 상리 690-1 ,2026-06-25
160,안평소갈비살,일반음식점,2025-04-09,,108.47,"경기도 화성시 효행구 비봉면 간곡1길 5, 110,111,112,113호",경기도 화성시 효행구 비봉면 삼화리 1899-1 ,2026-06-25
161,옛날경성순대국 봉담기안점,일반음식점,2025-04-10,,97,"경기도 화성시 효행구 봉담읍 효행로 230, 1층 일부",경기도 화성시 효행구 봉담읍 동화리 84-10 1층 일부 ,2026-06-25
162,이모네밥집,일반음식점,2025-04-11,,36,"경기도 화성시 효행구 융건로 96-4, 일동 1층 일부호 (배양동)",경기도 화성시 효행구 배양동 69-304 일동 1층 일부호 ,2026-06-25
163,경원한식뷔페,일반음식점,2025-04-14,,246.22,"경기도 화성시 효행구 기안동로 42, 1동 1층 (기안동)",경기도 화성시 효행구 기안동 45 1동 1층 ,2026-06-25
164,펀비어킹 봉담내리지구점,일반음식점,2025-04-14,,86.4,"경기도 화성시 효행구 봉담읍 삼봉안3길 6-5, 2층 215호",경기도 화성시 효행구 봉담읍 내리 876 2층 215호 ,2026-06-25
165,어천한식부페,일반음식점,2025-04-15,,132.96,"경기도 화성시 효행구 매송면 매송로 38, 1층",경기도 화성시 효행구 매송면 어천리 372-1 ,2026-06-25
166,국밥생각 화성정남점,일반음식점,2025-04-16,,190.85,"경기도 화성시 효행구 정남면 가장로 366, 가동 1층 일부호",경기도 화성시 효행구 정남면 내리 64-2 가동 1층 일부호 ,2026-06-25
167,곤지암할매소머리국밥&배불리덕,일반음식점,2025-04-23,,85.35,"경기도 화성시 효행구 비봉면 간곡2길 8, 103,104호","경기도 화성시 효행구 비봉면 삼화리 1847 103,104호 ",2026-06-25
168,세자매식당,일반음식점,2025-04-25,,110.49,"경기도 화성시 효행구 정남면 발안로 1073, 제1동 1층 일부호(103호, 104호)","경기도 화성시 효행구 정남면 덕절리 231-25 제1동 1층 일부호(103호, 104호) ",2026-06-25
169,강릉장칼국수,일반음식점,2025-05-01,,39.97,"경기도 화성시 효행구 봉담읍 수영로82번길 6, 한울마을 신창비바패밀리아파트 214동 105호",경기도 화성시 효행구 봉담읍 수영리 673 한울마을 신창비바패밀리아파트 ,2026-06-25
170,나들목,일반음식점,2025-05-02,,175.8,"경기도 화성시 효행구 비봉면 비봉로 124, 1동 1층 전체호",경기도 화성시 효행구 비봉면 양노리 308 ,2026-06-25
171,봉다미 샤브샤브,일반음식점,2025-05-08,,124.2,"경기도 화성시 효행구 봉담읍 상리2길 55, 216, 217호",경기도 화성시 효행구 봉담읍 상리 690-1 ,2026-06-25
172,더진국 화성봉담점,일반음식점,2025-05-08,,89.64,"경기도 화성시 효행구 봉담읍 장등2길 3, 1동 1층 일부",경기도 화성시 효행구 봉담읍 상리 631-7 1동 1층 일부 ,2026-06-25
173,장성원 부대찌개 뼈해장국,일반음식점,2025-05-09,,44.25,"경기도 화성시 효행구 봉담읍 와우로34번길 12, 상가동 103호 (봉담 센트럴 푸르지오)",경기도 화성시 효행구 봉담읍 와우리 597 봉담 센트럴 푸르지오 상가동 103호,2026-06-25
174,다이닝 봉담,일반음식점,2025-05-14,,97.5,"경기도 화성시 효행구 봉담읍 상리1길 72, 3층 일부호",경기도 화성시 효행구 봉담읍 상리 691 ,2026-06-25
175,박달박가네숯불껍데기 봉담2지구점,일반음식점,2025-05-21,,55.25,"경기도 화성시 효행구 봉담읍 상리중심상가길 28-8, 117호",경기도 화성시 효행구 봉담읍 상리 688-2 ,2026-06-25
176,펀비어킹 화성봉담동화점,일반음식점,2025-05-28,,97.76,"경기도 화성시 효행구 봉담읍 동화길 93-12, 108,109,110호",경기도 화성시 효행구 봉담읍 동화리 600-3 ,2026-06-25
177,서봉산산골칡냉면,일반음식점,2025-05-30,,103.94,경기도 화성시 효행구 봉담읍 삼천병마로 732-12,경기도 화성시 효행구 봉담읍 덕리 25-6 ,2026-06-25
178,초밥포레,일반음식점,2025-06-19,,37.26,"경기도 화성시 효행구 봉담읍 상리중심상가길 6-4, 101호",경기도 화성시 효행구 봉담읍 상리 690-5 ,2026-06-25
179,명성,일반음식점,2025-06-23,,6.6,"경기도 화성시 효행구 봉담읍 와우안길 43, 시라빌딩 202호 일부호",경기도 화성시 효행구 봉담읍 와우리 72-3 시라빌딩 ,2026-06-25
180,기계우동,일반음식점,2025-06-23,,30.79,"경기도 화성시 효행구 매송면 화성로 2366, 일부(101)호",경기도 화성시 효행구 매송면 원평리 131-3 ,2026-06-25
181,랜디스 요거트,일반음식점,2025-06-25,,73.18,"경기도 화성시 효행구 봉담읍 와우안길 12, 1층 일부호",경기도 화성시 효행구 봉담읍 와우리 43-9 ,2026-06-25
182,경동집,일반음식점,2025-06-27,,59.89,"경기도 화성시 효행구 봉담읍 장등1길 13-7, 101호",경기도 화성시 효행구 봉담읍 상리 629-2 ,2026-06-25
183,도깨비 국대촌,일반음식점,2025-06-30,,39.28,"경기도 화성시 효행구 비봉면 새비봉서로 20, 109호 (예미지 센트럴 에듀)",경기도 화성시 효행구 비봉면 삼화리 1850 예미지 센트럴 에듀 ,2026-06-25
184,마미 묵은지찜 비봉점,일반음식점,2025-07-02,,55.71,"경기도 화성시 효행구 비봉면 새비봉서로 20, 상가동 115호 (예미지 센트럴 에듀)",경기도 화성시 효행구 비봉면 삼화리 1850 예미지 센트럴 에듀 ,2026-06-25
185,왕림치킨.호프,일반음식점,2025-07-02,,61.5,"경기도 화성시 효행구 봉담읍 삼천병마로 975, 105호",경기도 화성시 효행구 봉담읍 왕림리 283 ,2026-06-25
186,엑스프라이즈인베스트먼트 주식회사,일반음식점,2025-07-03,,125.1,"경기도 화성시 효행구 정남면 만년로 452, 1층 일부호",경기도 화성시 효행구 정남면 발산리 489 1층 일부호 ,2026-06-25
187,가로수길,일반음식점,2025-07-03,,112.34,"경기도 화성시 효행구 봉담읍 오래2길 16, 1층",경기도 화성시 효행구 봉담읍 동화리 562-11 1층 ,2026-06-25
188,비봉짜글이,일반음식점,2025-07-07,,93,"경기도 화성시 효행구 비봉면 비봉로 87, 1층 일부호",경기도 화성시 효행구 비봉면 양노리 277-3 ,2026-06-25
189,프레드피자 화성비봉점,일반음식점,2025-07-07,,49.68,"경기도 화성시 효행구 비봉면 양노로 78, 1층 일부호",경기도 화성시 효행구 비봉면 양노리 282 1층 일부호 ,2026-06-25
190,양마루 양꼬치 마라탕,일반음식점,2025-07-08,,86.4,"경기도 화성시 효행구 봉담읍 삼봉안3길 6-5, 214호",경기도 화성시 효행구 봉담읍 내리 876 214호 ,2026-06-25
191,김가네 생삼겹살,일반음식점,2025-07-14,,61.56,"경기도 화성시 효행구 비봉면 간곡1길 27, 일부호",경기도 화성시 효행구 비봉면 삼화리 1901-5 ,2026-06-25
192,센베로 봉담점,일반음식점,2025-07-15,,64.32,"경기도 화성시 효행구 봉담읍 삼봉안3길 6-5, 프라이드스퀘어 216호",경기도 화성시 효행구 봉담읍 내리 876 프라이드스퀘어 216호 ,2026-06-25
193,만취,일반음식점,2025-07-16,,109.2,"경기도 화성시 효행구 봉담읍 참샘길 7, A동 2층 일부호(201호)",경기도 화성시 효행구 봉담읍 와우리 69-1 A동 2층 일부호(201호) ,2026-06-25
194,컵밥에 진심을 담다(진심컵밥),일반음식점,2025-07-23,,38.85,"경기도 화성시 효행구 봉담읍 동화길 93-14, 104호",경기도 화성시 효행구 봉담읍 동화리 600-2 104호 ,2026-06-25
195,또바기,일반음식점,2025-07-28,,47.88,"경기도 화성시 효행구 정남면 세자로 301, 1동 1층 일부호",경기도 화성시 효행구 정남면 보통리 78-1 1동 1층 일부호 ,2026-06-25
196,낭만사계절수산,일반음식점,2025-07-29,,146.86,"경기도 화성시 효행구 비봉면 간곡1길 27, 101,102호",경기도 화성시 효행구 비봉면 삼화리 1901-5 ,2026-06-25
197,BEER&PRESSO 비어 앤 프레소,일반음식점,2025-08-05,,67.13,"경기도 화성시 효행구 비봉면 비봉로 90-3, 101호 (스타캐슬)",경기도 화성시 효행구 비봉면 양노리 280-41 스타캐슬 101호,2026-06-25
198,다락방,일반음식점,2025-08-05,,72.28,"경기도 화성시 효행구 봉담읍 수영로 60-24, 201호",경기도 화성시 효행구 봉담읍 수영리 288-17 ,2026-06-25
199,소장농,일반음식점,2025-08-06,,531.94,"경기도 화성시 효행구 봉담읍 상리중심상가길 6-17, 1층 일부호",경기도 화성시 효행구 봉담읍 상리 689-2 ,2026-06-25
200,기영이숯불두마리치킨 화성비봉점,일반음식점,2025-08-07,,35.69,"경기도 화성시 효행구 비봉면 새비봉동로 37, 상가동 101호 (화성비봉LH1단지아파트)",경기도 화성시 효행구 비봉면 구포리 1556 화성비봉LH1단지아파트 ,2026-06-25
201,용달포차,일반음식점,2025-08-11,,52.01,"경기도 화성시 효행구 봉담읍 와우로 90, 토마토쇼핑 118호 일부호",경기도 화성시 효행구 봉담읍 와우리 31-6 토마토쇼핑 118호 일부 ,2026-06-25
202,교촌치킨 화성비봉점,일반음식점,2025-08-11,,81,"경기도 화성시 효행구 비봉면 새비봉남로 6-32, 103, 104호",경기도 화성시 효행구 비봉면 삼화리 1902 ,2026-06-25
203,유미타코 앤 유미카츠 봉담점,일반음식점,2025-08-11,,32.48,"경기도 화성시 효행구 봉담읍 삼천병마로 1283, 114호",경기도 화성시 효행구 봉담읍 상리 27-2 114호 ,2026-06-25
204,속초오징어어시장 봉담점,일반음식점,2025-08-12,,305.04,"경기도 화성시 효행구 봉담읍 상리중심상가길 6-3, 1동 101,102,103,104,105,106호","경기도 화성시 효행구 봉담읍 상리 689-4 1동 101,102,103,104,105,106호 ",2026-06-25
205,(주)예성홀딩스,일반음식점,2025-08-12,,41.34,"경기도 화성시 효행구 봉담읍 상리중심상가길 6-3, 1동 106호",경기도 화성시 효행구 봉담읍 상리 689-4 ,2026-06-25
206,비스트로,일반음식점,2025-08-13,,254.12,"경기도 화성시 효행구 정남면 세자로 288, 수원과학대학 도서관 1층",경기도 화성시 효행구 정남면 보통리 141-44 수원과학대학 도서관 1층 ,2026-06-25
207,꺽정이산골순대국 본점,일반음식점,2025-08-22,,69.19,"경기도 화성시 효행구 봉담읍 상리중심상가길 6-3, MK프라자 107,108호",경기도 화성시 효행구 봉담읍 상리 689-4 ,2026-06-25
208,예술피자 화성비봉점,일반음식점,2025-08-28,,40.5,"경기도 화성시 효행구 비봉면 새비봉남로 6-32, 102호",경기도 화성시 효행구 비봉면 삼화리 1902 ,2026-06-25
209,카페룬,일반음식점,2025-08-29,,30,"경기도 화성시 효행구 봉담읍 최루백로 72, 협성대학교 본관동 1층 일부호",경기도 화성시 효행구 봉담읍 상리 14 협성대학교 ,2026-06-25
210,맛사랑쭈꾸미,일반음식점,2025-09-09,,48.03,"경기도 화성시 효행구 봉담읍 상리중심상가길 28-8, 119호",경기도 화성시 효행구 봉담읍 상리 688-2 ,2026-06-25
211,카츠백 비봉점,일반음식점,2025-09-10,,42.12,"경기도 화성시 효행구 비봉면 새비봉서로 20, 108호 (예미지 센트럴 에듀)",경기도 화성시 효행구 비봉면 삼화리 1850 예미지 센트럴 에듀 ,2026-06-25
212,수풀림가든,일반음식점,2025-09-10,,125,"경기도 화성시 효행구 봉담읍 삼봉안3길 6-5, 217호",경기도 화성시 효행구 봉담읍 내리 876 ,2026-06-25
213,KMGM 화성봉담점,일반음식점,2025-09-10,,162.74,"경기도 화성시 효행구 봉담읍 상리중심상가길 28-9, 4층 405호",경기도 화성시 효행구 봉담읍 상리 686-3 ,2026-06-25
214,순타순대꾼,일반음식점,2025-09-10,,118.47,"경기도 화성시 효행구 비봉면 간곡1길 17-4, 1층",경기도 화성시 효행구 비봉면 삼화리 1896-4 ,2026-06-25
215,오미자 냉삼전문점,일반음식점,2025-09-11,,77.11,"경기도 화성시 효행구 비봉면 간곡1길 4-14, 1동 102호",경기도 화성시 효행구 비봉면 삼화리 1890-1 ,2026-06-25
216,유정냉면 봉담1지구점,일반음식점,2025-09-16,,64.96,"경기도 화성시 효행구 봉담읍 동화새터길 96, 스타타워 104, 105호 일부호",경기도 화성시 효행구 봉담읍 동화리 597-2 ,2026-06-25
217,만복돼지국밥,일반음식점,2025-09-17,,84,"경기도 화성시 효행구 봉담읍 샘마을길 12, 102호,103호","경기도 화성시 효행구 봉담읍 상리 26-68 102호,103호 ",2026-06-25
218,상록회관 비봉점,일반음식점,2025-09-17,,126.75,"경기도 화성시 효행구 비봉면 간곡2길 8, 106,107,109호","경기도 화성시 효행구 비봉면 삼화리 1847 106,107,109호 ",2026-06-25
219,참숯사랑채꼼장어,일반음식점,2025-09-19,,101.33,"경기도 화성시 효행구 봉담읍 장등2길 16-31, 1동 101호",경기도 화성시 효행구 봉담읍 상리 641-10 ,2026-06-25
220,우절옹포차,일반음식점,2025-09-22,,51.37,"경기도 화성시 효행구 비봉면 간곡6길 6-8, 105호",경기도 화성시 효행구 비봉면 삼화리 1862 ,2026-06-25
221,탐나는피자&1인피자미니박스 봉담점,일반음식점,2025-09-25,,56.65,"경기도 화성시 효행구 봉담읍 오래2길 14, 1층 일부호",경기도 화성시 효행구 봉담읍 동화리 562-10 1층 일부호 ,2026-06-25
222,홍희통닭,일반음식점,2025-09-25,,39.5,"경기도 화성시 효행구 봉담읍 수영로 161, 327동 105호 (중흥에스클래스 에듀파크)",경기도 화성시 효행구 봉담읍 상리 678 중흥에스클래스 에듀파크 327동 105호,2026-06-25
223,봉구스밥버거 와우고점,일반음식점,2025-09-26,,37,"경기도 화성시 효행구 봉담읍 동화서북안길 10, 210동 103호 (에듀시티 파라곤)",경기도 화성시 효행구 봉담읍 동화리 652 에듀시티 파라곤 210동 103호 ,2026-06-25
224,한우가,일반음식점,2025-10-10,,122.77,"경기도 화성시 효행구 봉담읍 샘마을길 29, 1층 일부호(103,104호)",경기도 화성시 효행구 봉담읍 상리 11-5 ,2026-06-25
225,효자동솥뚜껑 화성봉담점,일반음식점,2025-10-10,,118.82,"경기도 화성시 효행구 봉담읍 삼봉안3길 6-5, 프라이드스퀘어 212호",경기도 화성시 효행구 봉담읍 내리 544 ,2026-06-25
226,봉두부,일반음식점,2025-10-13,,140.86,"경기도 화성시 효행구 봉담읍 세자로406번길 13, 1층",경기도 화성시 효행구 봉담읍 수기리 7-42 ,2026-06-25
227,상상오리 봉담점,일반음식점,2025-10-14,,63.51,"경기도 화성시 효행구 봉담읍 오래1길 20-6, 1층 일부호",경기도 화성시 효행구 봉담읍 동화리 556-2 1층 일부호 ,2026-06-25
228,삼첩분식,일반음식점,2025-10-14,,65.52,"경기도 화성시 효행구 봉담읍 오래4길 12-1, 1층 일부호",경기도 화성시 효행구 봉담읍 동화리 558-2 1층 일부호 ,2026-06-25
229,장모님밥상,일반음식점,2025-10-16,,143.55,"경기도 화성시 효행구 정남면 시청로 1581, C동 1층 전부호",경기도 화성시 효행구 정남면 백리 24-3 C동 1층전부호,2026-06-25
230,새싹보리밥,일반음식점,2025-10-16,031 -374 -6954,138.1,"경기도 화성시 효행구 정남면 발안로 1073, 제1동 1층 일부(101호)호",경기도 화성시 효행구 정남면 덕절리 231-25 ,2026-06-25
231,정가네 김밥,일반음식점,2025-10-17,,40.17,"경기도 화성시 효행구 봉담읍 동화길 91, 웅신아트프라자 106호",경기도 화성시 효행구 봉담읍 동화리 599-4 웅신아트프라자 106호 ,2026-06-25
232,두루주루,일반음식점,2025-10-22,,46.8,"경기도 화성시 효행구 봉담읍 참샘길 5, B동 2층 일부호",경기도 화성시 효행구 봉담읍 와우리 69-1 B동 2층 ,2026-06-25
233,그때그집포차,일반음식점,2025-10-24,,40.74,"경기도 화성시 효행구 봉담읍 동화길 93-2, 제이스프라자 110호",경기도 화성시 효행구 봉담읍 동화리 600-7 ,2026-06-25
234,영계소문옛날통닭,일반음식점,2025-10-28,,50.82,"경기도 화성시 효행구 비봉면 푸른들판로 1628, 솔보프라자 주건축물제1동 103호",경기도 화성시 효행구 비봉면 구포리 1540 솔보프라자 주건축물제1동 103호,2026-06-25
235,블루,일반음식점,2025-10-30,,199.22,"경기도 화성시 효행구 봉담읍 상리중심상가길 30, 봉담메트로1동 404호",경기도 화성시 효행구 봉담읍 상리 686-4 봉담메트로1동 404호,2026-06-25
236,육장갈비,일반음식점,2025-11-03,,160,"경기도 화성시 효행구 융건로 96-4, 1층 일부호 (배양동)",경기도 화성시 효행구 배양동 69-304 1층 일부호 ,2026-06-25
237,대치동할매김치찜,일반음식점,2025-11-06,,32.99,"경기도 화성시 효행구 봉담읍 장등2길 12-5, 101호 일부호",경기도 화성시 효행구 봉담읍 상리 635-7 ,2026-06-25
238,수연면옥,일반음식점,2025-11-12,,71,"경기도 화성시 효행구 매송면 어사로 45, 1층 일부호",경기도 화성시 효행구 매송면 어천리 245 ,2026-06-25
239,프랭크버거 화성봉담점,일반음식점,2025-11-12,,49.78,"경기도 화성시 효행구 봉담읍 동화길 89, 1층 105호",경기도 화성시 효행구 봉담읍 동화리 599-3 1층 105호 ,2026-06-25
240,토종 한우 화로구이,일반음식점,2025-11-17,,338.35,"경기도 화성시 효행구 봉담읍 최루백로 278, 1동 1층 일부호",경기도 화성시 효행구 봉담읍 분천리 141-3 1동 1층 일부호 ,2026-06-25
241,골목식당,일반음식점,2025-11-20,,90.11,"경기도 화성시 효행구 비봉면 양노로 113-3, 1층 일부",경기도 화성시 효행구 비봉면 양노리 258 1층 일부 ,2026-06-25
242,포앤박 봉담 쌀국수,일반음식점,2025-11-24,,81,"경기도 화성시 효행구 봉담읍 서봉산길 23, 1층",경기도 화성시 효행구 봉담읍 덕리 25-3 ,2026-06-25
243,메가푸드 봉담점,일반음식점,2025-11-24,,37.18,"경기도 화성시 효행구 봉담읍 오래3길 15, 1층 일부호",경기도 화성시 효행구 봉담읍 동화리 558-10 1층 일부호 ,2026-06-25
244,메가혼밥 봉담점,일반음식점,2025-11-24,,37.18,"경기도 화성시 효행구 봉담읍 오래3길 15, 1층 일부호",경기도 화성시 효행구 봉담읍 동화리 558-10 1층 일부호 ,2026-06-25
245,꼬뎅 봉담점,일반음식점,2025-11-26,,60.72,"경기도 화성시 효행구 봉담읍 장등1길 3-26, 1동 1층 일부호",경기도 화성시 효행구 봉담읍 상리 625-1 1동 1층 일부호 ,2026-06-25
246,에스지골프,일반음식점,2025-11-26,,33.12,"경기도 화성시 효행구 정남면 서봉로 1006-4, 2층 207~209호 일부호",경기도 화성시 효행구 정남면 신리 260 2층 207~209호 일부호 ,2026-06-25
247,누구나 홀딱 반한닭 봉담내리점,일반음식점,2025-11-27,,42,"경기도 화성시 효행구 봉담읍 삼봉안길 30, 127동 109호 (봉담자이프라이드시티)",경기도 화성시 효행구 봉담읍 내리 387-2 봉담자이프라이드시티 127동 109호,2026-06-25
248,육식사관학교 화성봉담점,일반음식점,2025-11-28,,59,"경기도 화성시 효행구 봉담읍 동화역말길 124, 1층 일부(106호)",경기도 화성시 효행구 봉담읍 와우리 183 1층 일부(106호) ,2026-06-25
249,본오동매운떡볶이,일반음식점,2025-12-04,,21.64,"경기도 화성시 효행구 봉담읍 상리중심상가길 6-4, ST프라자 1동 111호 일부호",경기도 화성시 효행구 봉담읍 상리 690-5 ST프라자 1동 111호 일부호 ,2026-06-25
250,초이짬뽕,일반음식점,2025-12-08,,56.28,"경기도 화성시 효행구 비봉면 간곡1길 28, 일부(101)호",경기도 화성시 효행구 비봉면 삼화리 1898-2 ,2026-06-25
251,내가 찜한 코다리찜,일반음식점,2025-12-09,,38.94,"경기도 화성시 효행구 비봉면 양노로 122, 1층 일부호",경기도 화성시 효행구 비봉면 양노리 255-2 1층 일부호 ,2026-06-25
252,투뿔소곱창,일반음식점,2025-12-10,,73.9,"경기도 화성시 효행구 봉담읍 샘마을1길 26, 1층 101호",경기도 화성시 효행구 봉담읍 상리 11-3 1층 101호 ,2026-06-25
253,강씨가문의족발,일반음식점,2025-12-17,,71.68,"경기도 화성시 효행구 비봉면 간곡1길 5, 1동 108,109호","경기도 화성시 효행구 비봉면 삼화리 1899-1 1동 108,109호 ",2026-06-25
254,강릉순두부,일반음식점,2025-12-17,,29.88,"경기도 화성시 효행구 봉담읍 샘마을길 16, 1층 일부호",경기도 화성시 효행구 봉담읍 상리 24-16 ,2026-06-25
255,유정냉면 봉담2지구점,일반음식점,2025-12-18,,41.16,"경기도 화성시 효행구 봉담읍 상리중심상가길 6-4, 1동 112호",경기도 화성시 효행구 봉담읍 상리 690-5 ,2026-06-25
256,666버거,일반음식점,2025-12-24,,42,"경기도 화성시 효행구 봉담읍 샘마을1길 21, 1층 일부호",경기도 화성시 효행구 봉담읍 상리 22-91 ,2026-06-25
257,더반 테이블,일반음식점,2025-12-24,,108.66,"경기도 화성시 효행구 봉담읍 장등1길 9-20, 1동 1층",경기도 화성시 효행구 봉담읍 상리 625-9 ,2026-06-25
258,저팔계생곱창,일반음식점,2025-12-30,,126.94,"경기도 화성시 효행구 봉담읍 장등1길 3-32, 1층",경기도 화성시 효행구 봉담읍 상리 624-2 ,2026-06-25
259,캄보디아식당,일반음식점,2025-12-31,,99,"경기도 화성시 효행구 정남면 발안로 983-10, 1동 1층 전체호",경기도 화성시 효행구 정남면 제기리 388-2 1동 1층 전체호 ,2026-06-25
260,한제소곱창전골 봉담2지구직영점,일반음식점,2026-01-02,,110.86,"경기도 화성시 효행구 봉담읍 장등2길 5-28, 허브하우스 1동 1층 전체",경기도 화성시 효행구 봉담읍 상리 632-5 허브하우스 1동 1층 전체 ,2026-06-25
261,돈뽕,일반음식점,2026-01-02,,55.25,"경기도 화성시 효행구 봉담읍 샘마을길 35-5, 1층 일부호",경기도 화성시 효행구 봉담읍 상리 11-24 1층 일부호 ,2026-06-25
262,블루히포(Blue hippo),일반음식점,2026-01-09,,94.98,"경기도 화성시 효행구 정남면 정남산단로 142-24, 1층 일부호(104, 105호)","경기도 화성시 효행구 정남면 음양리 940-1 1층 일부호(104, 105호) ",2026-06-25
263,채움,일반음식점,2026-01-12,,32.4,"경기도 화성시 효행구 정남면 정남산단로 142-24, 니트로아이더스퀘어 1층 일부호(106호)",경기도 화성시 효행구 정남면 음양리 940-1 니트로아이더스퀘어 1층 일부호(106호) ,2026-06-25
264,에이엠 두시 커피,일반음식점,2026-01-12,,49.53,"경기도 화성시 효행구 봉담읍 상봉길 31, 지맨프라자 109호",경기도 화성시 효행구 봉담읍 상리 11-47 지맨프라자 109호 ,2026-06-25
265,봉담돼지불백,일반음식점,2026-01-13,,85.32,"경기도 화성시 효행구 봉담읍 샘마을1길 12, 2층 일부호",경기도 화성시 효행구 봉담읍 상리 23-4 2층 일부호 ,2026-06-25
266,치킨회관 본점,일반음식점,2026-01-19,,45.42,"경기도 화성시 효행구 봉담읍 오래3길 7, 1층 일부(102)호",경기도 화성시 효행구 봉담읍 동화리 559-9 1층 일부(102)호 ,2026-06-25
267,와플칸 봉담내리점,일반음식점,2026-01-20,,42,"경기도 화성시 효행구 봉담읍 삼봉안길 30, 127동 지하2층 110호 (봉담자이프라이드시티)",경기도 화성시 효행구 봉담읍 내리 871 봉담자이프라이드시티 127동 지하2층 110호 ,2026-06-25
268,감동국밥 화성비봉점,일반음식점,2026-02-02,,51.53,"경기도 화성시 효행구 비봉면 새비봉남로 6-32, 101호",경기도 화성시 효행구 비봉면 삼화리 1902 101호,2026-06-25
269,봉담분식,일반음식점,2026-02-04,,34.2,"경기도 화성시 효행구 봉담읍 상봉길 63, 1층 일부(103)호",경기도 화성시 효행구 봉담읍 동화리 561-7 103호,2026-06-25
270,돈치킨 봉담와우리점,일반음식점,2026-02-06, 031-898 -5482,43.6,"경기도 화성시 효행구 봉담읍 와우로 24, 1동 101호",경기도 화성시 효행구 봉담읍 와우리 221-75 1동 101호,2026-06-25
271,여우골순대국,일반음식점,2026-02-10,,36.61,"경기도 화성시 효행구 봉담읍 와우로15번길 55-9, 102호",경기도 화성시 효행구 봉담읍 와우리 210-26 102호 ,2026-06-25
272,소신주가,일반음식점,2026-02-19,,36.49,"경기도 화성시 효행구 봉담읍 장등1길 3-25, 1층 일부호(101호)",경기도 화성시 효행구 봉담읍 상리 623-5 1층 일부호(101호) ,2026-06-25
273,최고당돈가스 봉담내리지구점,일반음식점,2026-03-04, 031-227 -6182,41.08,"경기도 화성시 효행구 봉담읍 삼봉안길 30, 127동 지2층 106호 (봉담자이프라이드시티)",경기도 화성시 효행구 봉담읍 내리 871 봉담자이프라이드시티 ,2026-06-25
274,번쩍피자 봉담점,일반음식점,2026-03-04,,61.8,"경기도 화성시 효행구 봉담읍 오래2길 7, 1동 1층 일부(101)호",경기도 화성시 효행구 봉담읍 동화리 560-8 1동 1층 일부(101)호 ,2026-06-25
275,해룡마을국수집 화성정남점,일반음식점,2026-03-05,,49,"경기도 화성시 효행구 정남면 정남동로 284, 1동 1층 일부호",경기도 화성시 효행구 정남면 망월리 85 1동 1층 일부호 ,2026-06-25
276,치킨매니아 봉담내리지구점,일반음식점,2026-03-09,,69.07,"경기도 화성시 효행구 봉담읍 삼봉안3길 6-5, 프라이드스퀘어 C4-2,4블럭 1동 218호","경기도 화성시 효행구 봉담읍 내리 544 프라이드스퀘어 C4-2,4블럭 1동 218호",2026-06-25
277,뼉다구아지매육칼 화성점,일반음식점,2026-03-12,,198,"경기도 화성시 효행구 기안말길 79-9, 1층 (기안동)",경기도 화성시 효행구 기안동 112-1 1층 ,2026-06-25
278,얄리마라탕,일반음식점,2026-03-16,,49.8,"경기도 화성시 효행구 봉담읍 장등2길 8, 주건축물제1동 1층일부(101)호",경기도 화성시 효행구 봉담읍 상리 636-2 주건축물제1동 1층일부(101)호 ,2026-06-25
279,맛보소,일반음식점,2026-03-16,,34,"경기도 화성시 효행구 봉담읍 진등1길 68, 1층일부(105)호",경기도 화성시 효행구 봉담읍 동화리 425-12 1층일부(105)호 ,2026-06-25
280,흥수산(봉담점),일반음식점,2026-03-18,,74.1,"경기도 화성시 효행구 봉담읍 동화길 51, 프리미엄원희캐슬봉담 1층 163호",경기도 화성시 효행구 봉담읍 동화리 564 프리미엄원희캐슬봉담 163호,2026-06-25
281,포1990(PHO1990),일반음식점,2026-03-19,,91.94,"경기도 화성시 효행구 봉담읍 장등1길 3-7, 1동 1층 일부호",경기도 화성시 효행구 봉담읍 상리 627-7 1동 1층 일부호 ,2026-06-25
282,연담 염소요리전문점,일반음식점,2026-03-23,,118.51,"경기도 화성시 효행구 봉담읍 장등1길 3-16, 보령빌 1동 1층",경기도 화성시 효행구 봉담읍 상리 626-5 보령빌 1동 1층 ,2026-06-25
283,발효담은가,일반음식점,2026-03-23, 031- 297-1130,68.64,"경기도 화성시 효행구 정남면 시청로 1573, 1층 일부호",경기도 화성시 효행구 정남면 백리 23 1층 일부호 ,2026-06-25
284,신화로닭발 비봉점,일반음식점,2026-03-27,,110.8,"경기도 화성시 효행구 비봉면 비봉로 138, 1층 일부호(104호 일부)",경기도 화성시 효행구 비봉면 양노리 302-2 1층 일부호(104호 일부) ,2026-06-25
285,매취랑감자탕 화성봉담점,일반음식점,2026-03-30,,87.3,"경기도 화성시 효행구 봉담읍 삼봉안3길 18, 프라이드스퀘어 C4-1,3블럭 1동 206호","경기도 화성시 효행구 봉담읍 내리 860-1 프라이드스퀘어 C4-1,3블럭 1동 206호 ",2026-06-25
286,묵자골어천국밥,일반음식점,2026-04-08,,133.5,"경기도 화성시 효행구 매송면 화성로 2257, 1층",경기도 화성시 효행구 매송면 어천리 469-1 1층 ,2026-06-25
287,큰손닭강정 화성봉담점,일반음식점,2026-04-13,,67.61,"경기도 화성시 효행구 봉담읍 장등1길 3-27, 제1동 1층일부(101)호",경기도 화성시 효행구 봉담읍 상리 623-4 제1동 1층일부(101)호 ,2026-06-25
288,화담가,일반음식점,2026-04-13,,319.9,"경기도 화성시 효행구 봉담읍 낭내기길 58, 1층 일부호 및 측면 대지 일부호",경기도 화성시 효행구 봉담읍 동화리 280-5 ,2026-06-25
289,푸라닭 화성비봉점,일반음식점,2026-04-13,,87.7,"경기도 화성시 효행구 비봉면 간곡1길 8-1, 제1동 1층일부(102)호",경기도 화성시 효행구 비봉면 삼화리 1895-1 제1동 1층일부(102)호 ,2026-06-25
290,계발구역 봉담2지구점,일반음식점,2026-04-14,,52.5,"경기도 화성시 효행구 봉담읍 상리중심상가길 28-9, 107호",경기도 화성시 효행구 봉담읍 상리 686-3 107호 ,2026-06-25
291,카페222 봉담점,일반음식점,2026-04-16,,39.84,"경기도 화성시 효행구 봉담읍 삼봉안3길 6-5, 프라이드스퀘어 c-4-2, 4블럭 1동 119호","경기도 화성시 효행구 봉담읍 내리 544 프라이드스퀘어 c-4-2, 4블럭 1동 119호 ",2026-06-25
292,술속의밤 화성비봉점,일반음식점,2026-04-17,,95.69,"경기도 화성시 효행구 비봉면 간곡2길 8, 영도프라자 1동 202호",경기도 화성시 효행구 비봉면 삼화리 1847 영도프라자 1동 202호 ,2026-06-25
293,츠쿠루,일반음식점,2026-04-17,,42,"경기도 화성시 효행구 봉담읍 와우로15번길 59, 1층 일부호(103호)",경기도 화성시 효행구 봉담읍 와우리 79-5 1층 일부호(103호) ,2026-06-25
294,도그디저트랩,일반음식점,2026-04-20,,53.96,"경기도 화성시 효행구 봉담읍 동화역말길 25, 중흥S-스퀘어 107호",경기도 화성시 효행구 봉담읍 동화리 622 중흥S-스퀘어 107호,2026-06-25
295,만두면,일반음식점,2026-04-24,,44.69,"경기도 화성시 효행구 봉담읍 와우안길 59, 1층 일부호",경기도 화성시 효행구 봉담읍 와우리 82-1 1층 일부호 ,2026-06-25
296,정남·술과안주,일반음식점,2026-04-29,,126.26,"경기도 화성시 효행구 정남면 만년로 457, 1층",경기도 화성시 효행구 정남면 신리 111-23 1층 ,2026-06-25
297,먹보족 수원대 직영점,일반음식점,2026-04-30,,103.2,"경기도 화성시 효행구 봉담읍 와우안길 16, 1층 일부호",경기도 화성시 효행구 봉담읍 와우리 43-7 1층 일부호 ,2026-06-25
298,아미고타코앤부리또,일반음식점,2026-05-13,,44.3,"경기도 화성시 효행구 봉담읍 동화길 51, 원희캐슬 124호",경기도 화성시 효행구 봉담읍 동화리 564 원희캐슬 124호 ,2026-06-25
299,이백부대찌개,일반음식점,2026-05-20,,173.56,"경기도 화성시 효행구 매송면 푸른들판로 1785, 1층 일부호",경기도 화성시 효행구 매송면 야목리 1254 1층 일부호 ,2026-06-25
300,지정환피자(봉담점),일반음식점,2026-05-22,,60,"경기도 화성시 효행구 봉담읍 동화새터길 50, 1층 일부호",경기도 화성시 효행구 봉담읍 동화리 439-3 1층 일부호 ,2026-06-25
301,이츠브리또,일반음식점,2026-05-22,,28.14,"경기도 화성시 효행구 봉담읍 상봉길 31, 지맨프라자 119-1호",경기도 화성시 효행구 봉담읍 상리 11-47 지맨프라자 119-1호 ,2026-06-25
302,감자합니다,일반음식점,2026-05-26,,86.1,"경기도 화성시 효행구 기배로43번길 5, 102호 (기안동)",경기도 화성시 효행구 기안동 426-1 102호 ,2026-06-25
303,방이수산,일반음식점,2026-05-27,,27.6,"경기도 화성시 효행구 융건로 91, 기안마을 풍성신미주아파트 쇼핑타운 108호 (기안동)",경기도 화성시 효행구 기안동 897 기안마을 풍성신미주아파트 쇼핑타운 108호 ,2026-06-25
304,사리원손만두 봉담점,일반음식점,2026-05-27,,43.2,"경기도 화성시 효행구 봉담읍 상리2길 55, 어반센터프라자 제112호",경기도 화성시 효행구 봉담읍 상리 690-1 어반센터프라자 제112호 ,2026-06-25
305,인투쿠킹,일반음식점,2026-05-28,,10,경기도 화성시 효행구 봉담읍 상리2길 121 (화성봉담2 엘크루 루엘리안),경기도 화성시 효행구 봉담읍 상리 679 화성봉담2 엘크루 루엘리안 아파트 단지 내 ,2026-06-25
306,중앙푸드,일반음식점,2026-05-28,,80.82,"경기도 화성시 효행구 봉담읍 오래4길 18, 1층일부호(101호)",경기도 화성시 효행구 봉담읍 동화리 558-5 1층일부호(101호) ,2026-06-25
307,인투쿠킹,일반음식점,2026-05-28,,10,경기도 화성시 효행구 봉담읍 상리2길 121 (화성봉담2 엘크루 루엘리안),경기도 화성시 효행구 봉담읍 상리 679 화성봉담2 엘크루 루엘리안 ,2026-06-25
308,이케이일F&B,일반음식점,2026-05-29,,50,"경기도 화성시 효행구 봉담읍 진등3길 8, 2층 일부호(202호)",경기도 화성시 효행구 봉담읍 수영리 651-7 2층 일부호(202호) ,2026-06-25
309,응급실국물떡볶이 화성비봉점,일반음식점,2026-06-05,,35.69,"경기도 화성시 효행구 비봉면 새비봉동로 37, 상가동 102호 (화성비봉LH1단지아파트)","경기도 화성시 효행구 비봉면 구포리 1556 화성비봉LH1단지아파트, 상가동 102호 ",2026-06-25
310,노모어피자 봉담점,일반음식점,2026-06-09,,45.51,"경기도 화성시 효행구 봉담읍 동화길 51, 프리미엄원희캐슬봉담, 104호","경기도 화성시 효행구 봉담읍 동화리 564 프리미엄원희캐슬봉담, 104호 ",2026-06-25
311,강다짐 삼각김밥 화성봉담2지구점,일반음식점,2026-06-09,,34,"경기도 화성시 효행구 봉담읍 상리3길 43-18, 지음프라자Ⅱ, 109호","경기도 화성시 효행구 봉담읍 상리 681-1 지음프라자Ⅱ, 109호 ",2026-06-25
312,투다리 동화점,일반음식점,2026-06-15,,55.25,"경기도 화성시 효행구 봉담읍 동화서북안길 51, 상가(109)동 110호 (봉담중흥S-클래스센트럴에듀)",경기도 화성시 효행구 봉담읍 동화리 172 봉담중흥S-클래스센트럴에듀 상가(109)동 110호,2026-06-25
313,로얄실비 봉담점,일반음식점,2026-06-15,,40.4,"경기도 화성시 효행구 봉담읍 상리2길 97, 지음프라자Ⅰ 114호",경기도 화성시 효행구 봉담읍 상리 685-4 지음프라자Ⅰ 114호 ,2026-06-25
314,양은이네 화성봉담점,일반음식점,2026-06-17,,94.87,"경기도 화성시 효행구 봉담읍 삼봉안3길 18, 프라이드스퀘어 C4-1,3블럭 1동 209호","경기도 화성시 효행구 봉담읍 내리 860-1 프라이드스퀘어 C4-1,3블럭 1동 209호 ",2026-06-25
315,미카도스시 화성봉담점,일반음식점,2026-06-18,,93.6,"경기도 화성시 효행구 봉담읍 상리3길 51-9, 유니크센트럴 116호",경기도 화성시 효행구 봉담읍 상리 683-2 유니크센트럴 116호 ,2026-06-25
316,텐퍼센트커피 봉담망고타운점,휴게음식점,2024-02-01,,45.32,"경기도 화성시 효행구 봉담읍 상리중심상가길 28-8, 1층 109호",경기도 화성시 효행구 봉담읍 상리 688-2 1층109호,2026-06-25
317,씨유 화성정남산업단지점,휴게음식점,2024-02-07,,6.6,"경기도 화성시 효행구 정남면 정남동로 157, 1동 일부호",경기도 화성시 효행구 정남면 덕절리 429 1동 일부호,2026-06-25
318,지에스25 정남크로스점,휴게음식점,2024-02-13,,3.3,"경기도 화성시 효행구 정남면 발산2길 5, 주건축물제1동 1층 일부호",경기도 화성시 효행구 정남면 발산리 689-1 ,2026-06-25
319,지에스25봉담중흥에듀점,휴게음식점,2024-02-21,,3.3,"경기도 화성시 효행구 봉담읍 상리1길 143, 106,107호 (중흥에스클래스 에듀시티)",경기도 화성시 효행구 봉담읍 상리 667 중흥에스클래스 에듀시티 ,2026-06-25
320,씨유화성봉담로드점,휴게음식점,2024-03-06,,3.3,"경기도 화성시 효행구 봉담읍 동화역말길 53, 1층",경기도 화성시 효행구 봉담읍 동화리 240 ,2026-06-25
321,지에스25 수원대점,휴게음식점,2024-03-13,,3.3,"경기도 화성시 효행구 봉담읍 와우안길 18, 1층 일부호",경기도 화성시 효행구 봉담읍 와우리 43-10 ,2026-06-25
322,메이데이쿠키,휴게음식점,2024-03-13,,32,"경기도 화성시 효행구 봉담읍 상리3길 113, 상가동 1층 102호",경기도 화성시 효행구 봉담읍 수영리 686 상가동 1층102호,2026-06-25
323,통툰만화카페,휴게음식점,2024-03-14,,163.63,"경기도 화성시 효행구 봉담읍 삼천병마로 1311, 2층 202호",경기도 화성시 효행구 봉담읍 수영리 647-6 ,2026-06-25
324,지에스25 정남신리점,휴게음식점,2024-03-21,,3.3,"경기도 화성시 효행구 정남면 신백길 163, 1층 일부호",경기도 화성시 효행구 정남면 신리 51-13 ,2026-06-25
325,천씨씨커피 정남산업단지점,휴게음식점,2024-04-04,,91.41,"경기도 화성시 효행구 정남면 정남동로 170, 1층 일부호",경기도 화성시 효행구 정남면 음양리 638-2 ,2026-06-25
326,더벤티 화성봉담점,휴게음식점,2024-04-17,,50.67,"경기도 화성시 효행구 봉담읍 삼천병마로 1268, 107호",경기도 화성시 효행구 봉담읍 상리 26-8 ,2026-06-25
327,이마트24에스티프라자 봉담중심상가점,휴게음식점,2024-04-17,,3.3,"경기도 화성시 효행구 봉담읍 상리중심상가길 6-4, 109호",경기도 화성시 효행구 봉담읍 상리 690-5 ,2026-06-25
328,봉명동내커피 화성봉담점,휴게음식점,2024-04-23,,50.62,"경기도 화성시 효행구 봉담읍 동화역말길 25, 109호",경기도 화성시 효행구 봉담읍 동화리 622 ,2026-06-25
329,요아정(화성봉담점),휴게음식점,2024-05-03,,34.25,"경기도 화성시 효행구 봉담읍 삼천병마로 1256-18, 청운마을 신안 인스빌 115동 1층 108호",경기도 화성시 효행구 봉담읍 상리 614 청운마을 신안 인스빌 ,2026-06-25
330,제과해요,휴게음식점,2024-05-09,,50.74,"경기도 화성시 효행구 봉담읍 장등2길 12-5, 1층 일부(102)호",경기도 화성시 효행구 봉담읍 상리 635-7 ,2026-06-25
331,이삭토스트 화성봉담2지구점,휴게음식점,2024-05-20,,43.2,"경기도 화성시 효행구 봉담읍 상리2길 55, 1층 109호",경기도 화성시 효행구 봉담읍 상리 690-1 ,2026-06-25
332,GS25편의점 화성동남점,휴게음식점,2024-05-29,,3.3,"경기도 화성시 효행구 정남면 만년로 470-14, 동남훼미리아파트 상가동 1층 105호 일부호",경기도 화성시 효행구 정남면 발산리 490-12 동남훼미리아파트 상가동 1층 105호 일부호 ,2026-06-25
333,유성겟어라운지,휴게음식점,2024-06-11,,217.19,"경기도 화성시 효행구 봉담읍 삼천병마로 998-9, 지하1층 일부호",경기도 화성시 효행구 봉담읍 왕림리 86-1 ,2026-06-25
334,씨유 봉담망고타운점,휴게음식점,2024-06-26,,3.3,"경기도 화성시 효행구 봉담읍 상리중심상가길 28-8, 115호",경기도 화성시 효행구 봉담읍 상리 688-2 ,2026-06-25
335,세븐일레븐 봉담오궁길점,휴게음식점,2024-06-27,,3.3,"경기도 화성시 효행구 봉담읍 오궁길 30-1, 1층 일부호(101호)",경기도 화성시 효행구 봉담읍 수기리 1-64 1층 일부호(101호) ,2026-06-25
336,커들,휴게음식점,2024-06-28,,198,"경기도 화성시 효행구 정남면 만년로 639-25, 1층 전부호",경기도 화성시 효행구 정남면 괘랑리 746-2 1층 전부호 ,2026-06-25
337,노브랜드버거이마트화성봉담점,휴게음식점,2024-07-11,,95.94,"경기도 화성시 효행구 봉담읍 효행로 278, 이마트 지하 1층",경기도 화성시 효행구 봉담읍 동화리 133-1 이마트 지하 1층 ,2026-06-25
338,우지커피 화성봉담2지구점,휴게음식점,2024-07-16,,43.42,"경기도 화성시 효행구 봉담읍 상리2길 51, 1층 106호",경기도 화성시 효행구 봉담읍 상리 690-3 106호,2026-06-25
339,지에스25 봉담중흥점,휴게음식점,2024-07-25,,68.8,"경기도 화성시 효행구 봉담읍 상리1길 21, 117동 104호,105호","경기도 화성시 효행구 봉담읍 상리 696 117동 104호,105호 ",2026-06-25
340,영커피(화성봉담점),휴게음식점,2024-07-29,,58.69,"경기도 화성시 효행구 봉담읍 샘마을1길 14, 201호",경기도 화성시 효행구 봉담읍 상리 23-5 201호 ,2026-06-25
341,우지커피(수원대점),휴게음식점,2024-08-02,,76.28,"경기도 화성시 효행구 봉담읍 와우안길 51, 일부호",경기도 화성시 효행구 봉담읍 와우리 74-1 ,2026-06-25
342,지에스25 비봉서로점,휴게음식점,2024-08-07,,3.3,"경기도 화성시 효행구 비봉면 간곡6길 6-20, 1층 일부호",경기도 화성시 효행구 비봉면 삼화리 1861 ,2026-06-25
343,사계절,일반음식점,2024-01-08,,45,"경기도 화성시 만세구 향남읍 평4길 13-5, 1층 일부호",경기도 화성시 만세구 향남읍 평리 131-17 ,2026-06-25
344,지에스25 비봉센트럴점,휴게음식점,2024-08-19,,6.6,"경기도 화성시 효행구 비봉면 간곡3길 4, 102호",경기도 화성시 효행구 비봉면 삼화리 1849-7 102호,2026-06-25
345,엄마가마솥김치전골,일반음식점,2024-01-16,,144.8,"경기도 화성시 만세구 향남읍 서봉로 211, 1층",경기도 화성시 만세구 향남읍 하길리 522 ,2026-06-25
346,헤이즈미,휴게음식점,2024-08-20,,96.12,"경기도 화성시 효행구 봉담읍 상리3길 51-9, 유니크센트럴 204호",경기도 화성시 효행구 봉담읍 상리 683-2 유니크센트럴 ,2026-06-25
347,수원사뎅이,일반음식점,2024-01-17,,168,"경기도 화성시 만세구 팔탄면 시청로 959, 104호",경기도 화성시 만세구 팔탄면 구장리 38-44 ,2026-06-25
348,지에스25 화성매송점,휴게음식점,2024-09-03,,4.8,"경기도 화성시 효행구 매송면 푸른들판로 1993, 1층 일부호",경기도 화성시 효행구 매송면 원리 38-2 ,2026-06-25
349,광부맥주,일반음식점,2024-01-19,,117.93,"경기도 화성시 만세구 향남읍 상신하길로298번길 7-7, 110호, 111호","경기도 화성시 만세구 향남읍 하길리 1472-2 110호, 111호 ",2026-06-25
350,씨유 봉담에듀포레점,휴게음식점,2024-09-12,,6,"경기도 화성시 효행구 봉담읍 상리1길 167, 631동 104호 (중흥에스클래스 에듀포레)",경기도 화성시 효행구 봉담읍 상리 666 중흥에스클래스 에듀포레 ,2026-06-25
351,꼬소멜(ccosomell),일반음식점,2024-01-23,,32.2,"경기도 화성시 만세구 양감면 토성로 647, 1층 일부호",경기도 화성시 만세구 양감면 송산리 736 ,2026-06-25
352,컴포즈커피 봉담수기교차로점,휴게음식점,2024-09-12,,45,"경기도 화성시 효행구 봉담읍 세자로 369-3, 1층 일부호",경기도 화성시 효행구 봉담읍 수기리 11-174 ,2026-06-25
353,카페모던코드,일반음식점,2024-01-25,,395.14,"경기도 화성시 만세구 향남읍 서봉로 323-5, 1층 일부호",경기도 화성시 만세구 향남읍 화리현리 214-1 1층 일부호 ,2026-06-25
354,효행푸드,휴게음식점,2024-09-20,,32.5,경기도 화성시 효행구 봉담읍 상리2길 121 (화성봉담2 엘크루 루엘리안),경기도 화성시 효행구 봉담읍 상리 679 화성봉담2 엘크루 루엘리안 ,2026-06-25
355,진달래 한식뷔페,일반음식점,2024-01-26,,198,"경기도 화성시 만세구 장안면 기아자동차로 661, 1층",경기도 화성시 만세구 장안면 사곡리 476-1 ,2026-06-25
356,백억커피 봉담2지구점,휴게음식점,2024-09-19,,47.2,"경기도 화성시 효행구 봉담읍 상리3길 188, 1동 113호",경기도 화성시 효행구 봉담읍 상리 690-4 1동 113호,2026-06-25
357,신동재찌개사랑 양감점,일반음식점,2024-01-29,,159.02,"경기도 화성시 만세구 양감면 정문송산로 125-11, 1층",경기도 화성시 만세구 양감면 송산리 746-1 ,2026-06-25
358,씨유 봉담파라곤점,휴게음식점,2024-09-23,,3.3,"경기도 화성시 효행구 봉담읍 동화서북안길 10, 210동 1층 111호 (에듀시티 파라곤)",경기도 화성시 효행구 봉담읍 동화리 652 에듀시티 파라곤 210동 111호,2026-06-25
359,암과타이,일반음식점,2024-02-07,,40,"경기도 화성시 만세구 우정읍 조암서로 6-6, 1층 일부호",경기도 화성시 만세구 우정읍 조암리 341-5 ,2026-06-25
360,씨유 봉담프라이드시티점,휴게음식점,2024-09-25,,6.6,"경기도 화성시 효행구 봉담읍 삼봉안길 29, 1동 101호",경기도 화성시 효행구 봉담읍 내리 407 1동 101호 ,2026-06-25
361,상록회관연탄구이(향남점),일반음식점,2024-02-14,,133,"경기도 화성시 만세구 향남읍 은행나무로 821-9, 1동 1층",경기도 화성시 만세구 향남읍 하길리 99-2 ,2026-06-25
362,퍼펙트데이,휴게음식점,2024-10-22,,10,"경기도 화성시 효행구 봉담읍 효행로 212, 화성시민캠퍼스",경기도 화성시 효행구 봉담읍 동화리 11-13 ,2026-06-25
363,전라도집,일반음식점,2024-02-15,,108.12,"경기도 화성시 만세구 향남읍 평6길 37-2, 1층",경기도 화성시 만세구 향남읍 평리 146-9 1층 ,2026-06-25
364,라온쿡,휴게음식점,2024-10-22,,10,"경기도 화성시 효행구 봉담읍 효행로 212, 화성시민대학",경기도 화성시 효행구 봉담읍 동화리 11-13 화성시민대학 ,2026-06-25
365,항아리보쌈(향남점),일반음식점,2024-02-19,,192.28,"경기도 화성시 만세구 향남읍 토성로 30, 1동 1층",경기도 화성시 만세구 향남읍 행정리 51-1 ,2026-06-25
366,지에스25 봉담힐스2호점,휴게음식점,2024-10-23,,3.3,"경기도 화성시 효행구 봉담읍 삼봉안길 76, 상가동 119,120호 (힐스테이트봉담프라이드시티)",경기도 화성시 효행구 봉담읍 내리 0 힐스테이트봉담프라이드시티 ,2026-06-25
367,보끔당 화성향남점,일반음식점,2024-02-19,,75.12,"경기도 화성시 만세구 향남읍 상신하길로298번길 7-9, 1동 1층 108,109호",경기도 화성시 만세구 향남읍 하길리 1472-3 ,2026-06-25
368,스타벅스 화성보통저수지,휴게음식점,2024-10-25,,1173,"경기도 화성시 효행구 정남면 세자로 293, 화성보통저수지 제1동 1층, 2층 전부, 1층 출구 옆, 1층 테라스, 2층 테라스","경기도 화성시 효행구 정남면 보통리 89-14 화성보통저수지 제1동 1층, 2층 전부, 1층 출구 옆, 1층 테라스, 2층 테라스 ",2026-06-25
369,숨터,일반음식점,2024-02-19,,155,"경기도 화성시 만세구 장안면 장안로 439-4, 1층 일부호",경기도 화성시 만세구 장안면 독정리 177-1 ,2026-06-25
370,천씨씨커피 정남점,휴게음식점,2024-10-30,,60.59,"경기도 화성시 효행구 정남면 만년로 462, 1층 일부(102,103)호",경기도 화성시 효행구 정남면 발산리 486-15 ,2026-06-25
371,월문리콩나물국밥,일반음식점,2024-02-21,,112,"경기도 화성시 만세구 팔탄면 버들로 1564, 1층 일부호",경기도 화성시 만세구 팔탄면 월문리 227-8 ,2026-06-25
372,아이엔지(ing),휴게음식점,2024-10-30,,10,"경기도 화성시 효행구 봉담읍 효행로 212, 화성시민캠퍼스",경기도 화성시 효행구 봉담읍 동화리 11-13 ,2026-06-25
373,호수카페,일반음식점,2024-02-29,,65,"경기도 화성시 만세구 우정읍 조암남로 30-1, 지하1층 일부호",경기도 화성시 만세구 우정읍 조암리 270-12 ,2026-06-25
374,복호두 화성봉담2지구점,휴게음식점,2024-10-30,,34.45,"경기도 화성시 효행구 봉담읍 상리3길 160, 218동 109호 (중흥에스클래스 더 센트럴)",경기도 화성시 효행구 봉담읍 수영리 690 중흥에스클래스 더 센트럴 ,2026-06-25
375,슬러시 칡냉면,일반음식점,2024-02-29,,120,"경기도 화성시 만세구 향남읍 한절이2길 12, 101호",경기도 화성시 만세구 향남읍 하길리 1450-6 ,2026-06-25
376,황금분식,휴게음식점,2024-11-07,,28.49,"경기도 화성시 효행구 매송면 푸른들판로 1871, 1층 일부호",경기도 화성시 효행구 매송면 야목리 429-2 ,2026-06-25
377,동래정 화성향남점,일반음식점,2024-03-04,,85.3,"경기도 화성시 만세구 향남읍 상신하길로 320, 1층 105,106호",경기도 화성시 만세구 향남읍 하길리 1465-1 ,2026-06-25
378,요거트아이스크림의정석(화성수원대점),휴게음식점,2024-11-14,,40,"경기도 화성시 효행구 봉담읍 참샘길 33, 1층 113호 (해오름마을봉담그대가2단지아파트)",경기도 화성시 효행구 봉담읍 와우리 240 해오름마을봉담그대가2단지아파트 113호,2026-06-25
379,이가네 짬뽕맛집,일반음식점,2024-03-06,031-351-3511,249.6,"경기도 화성시 만세구 장안면 3.1만세로 545, 1층",경기도 화성시 만세구 장안면 수촌리 419-30 ,2026-06-25
380,컴포즈커피 화성비봉상업지구점,휴게음식점,2024-11-20,,74.74,"경기도 화성시 효행구 비봉면 간곡1길 27, 107호",경기도 화성시 효행구 비봉면 삼화리 1901-5 ,2026-06-25
381,노천민물장어,일반음식점,2024-03-06,,211.84,"경기도 화성시 만세구 향남읍 상신하길로298번길 7-21, 3층 304-306호",경기도 화성시 만세구 향남읍 하길리 1470-2 3층 304-306호 ,2026-06-25
382,지에스25 봉담힐스1호점,휴게음식점,2024-11-21,,3.3,"경기도 화성시 효행구 봉담읍 삼봉안길 76, 101,102호 (힐스테이트봉담프라이드시티)",경기도 화성시 효행구 봉담읍 내리 0 힐스테이트봉담프라이드시티 ,2026-06-25
383,하길 영희네,일반음식점,2024-03-08,,83.72,"경기도 화성시 만세구 향남읍 서봉로 127, 1층 일부호",경기도 화성시 만세구 향남읍 하길리 1258-5 ,2026-06-25
384,씨유 화성비봉신도시점,휴게음식점,2024-11-22,,6.6,"경기도 화성시 효행구 비봉면 간곡1길 27, 1층 104호",경기도 화성시 효행구 비봉면 삼화리 1901-5 104호,2026-06-25
385,하루,일반음식점,2024-03-08,,127.1,"경기도 화성시 만세구 양감면 초록로 876, 1동",경기도 화성시 만세구 양감면 송산리 16 ,2026-06-25
386,텐퍼센트 화성비봉1지구점,휴게음식점,2024-12-02,,31.32,"경기도 화성시 효행구 비봉면 간곡1길 5, 102호",경기도 화성시 효행구 비봉면 삼화리 1899-1 102호,2026-06-25
387,아실내포차,일반음식점,2024-02-29,031-351-1009,24.8,"경기도 화성시 만세구 우정읍 조암로 15, 1층 일부호",경기도 화성시 만세구 우정읍 조암리 217-12 ,2026-06-25
388,지에스25 천천제일점,휴게음식점,2024-12-04,,3.3,"경기도 화성시 효행구 매송면 매송고색로 365, 1층 일부호",경기도 화성시 효행구 매송면 천천리 210-8 ,2026-06-25
389,프랭크버거(화성조암중앙점),일반음식점,2024-03-08,,140.23,"경기도 화성시 만세구 우정읍 조암남로 27, 1층",경기도 화성시 만세구 우정읍 조암리 267-13 ,2026-06-25
390,스타벅스 화성봉담2지구점,휴게음식점,2024-12-09,,463,"경기도 화성시 효행구 봉담읍 상리2길 41, 1,2층",경기도 화성시 효행구 봉담읍 수영리 650-5 ,2026-06-25
391,센스 레스토바 SENS RESTOBAR,일반음식점,2024-03-11,,142.08,"경기도 화성시 만세구 향남읍 발안로 64, 복남프라자 1층 일부호(102-103호)",경기도 화성시 만세구 향남읍 행정리 425-8 복남프라자 1층 일부호(102-103호) ,2026-06-25
392,세븐일레븐 화성상리점,휴게음식점,2024-12-10,,3.3,"경기도 화성시 효행구 봉담읍 상봉길 35-29, 1층 일부호",경기도 화성시 효행구 봉담읍 상리 11 ,2026-06-25
393,전주식당 팔탄구장점,일반음식점,2024-03-12,,114,"경기도 화성시 만세구 팔탄면 마곡길 64, 1층 일부호",경기도 화성시 만세구 팔탄면 구장리 678 ,2026-06-25
394,이마트24 봉담원희캐슬점,휴게음식점,2024-12-11,,3.3,"경기도 화성시 효행구 봉담읍 동화길 51, 130호",경기도 화성시 효행구 봉담읍 동화리 564 ,2026-06-25
395,haven(헤븐),일반음식점,2024-03-14,,106.92,"경기도 화성시 만세구 장안면 수정로 155, 1층",경기도 화성시 만세구 장안면 독정리 119-1 1층 ,2026-06-25
396,메가엠지씨커피 화성내리숲초점,휴게음식점,2024-12-13,,46.56,"경기도 화성시 효행구 봉담읍 삼봉안3길 18, 108호",경기도 화성시 효행구 봉담읍 내리 0 ,2026-06-25
397,신촌원설렁탕,일반음식점,2024-03-18,031-353-5291,199.5,"경기도 화성시 만세구 양감면 은행나무로 311, 1층",경기도 화성시 만세구 양감면 대양리 416 ,2026-06-25
398,버거킹 화성봉담2지구점,휴게음식점,2024-12-20,,148.76,"경기도 화성시 효행구 봉담읍 상리중심상가길 28-18, 화성 새마을금고 본점 MG빌딩 101호일부,102호",경기도 화성시 효행구 봉담읍 상리 685-3 화성 새마을금고 본점 MG빌딩 101호일호,2026-06-25
399,소담,일반음식점,2024-03-18,,82,"경기도 화성시 만세구 우정읍 기아자동차로 30, 1층 일부(102)호",경기도 화성시 만세구 우정읍 매향리 753-80 ,2026-06-25
400,마롱,휴게음식점,2024-12-23,031 -352 -1857,415.01,"경기도 화성시 효행구 정남면 세자로 251, 3층 전부호",경기도 화성시 효행구 정남면 보통리 117-3 3층 전부호 ,2026-06-25
401,행정집,일반음식점,2024-03-18,,105.17,"경기도 화성시 만세구 향남읍 토성로 27, 1층",경기도 화성시 만세구 향남읍 행정리 35-16 ,2026-06-25
402,카페기안,휴게음식점,2024-12-27,031 -221 -0215,87,"경기도 화성시 효행구 기안남로 70, 태안농협 1동 2층 일부호 (기안동)",경기도 화성시 효행구 기안동 457-22 태안농협 ,2026-06-25
403,짚불 항아리돈,일반음식점,2024-03-19,,130.66,"경기도 화성시 만세구 향남읍 한절이1길 12, 1층",경기도 화성시 만세구 향남읍 하길리 1458-8 ,2026-06-25
404,단짠스낵,휴게음식점,2025-01-03,,20,"경기도 화성시 효행구 봉담읍 동화길 93-6, 1층 103호 일부",경기도 화성시 효행구 봉담읍 동화리 600-6 1층 103호 일부 ,2026-06-25
405,용분식,일반음식점,2024-03-19,,50,"경기도 화성시 만세구 팔탄면 시청로 982, 1동 일부호",경기도 화성시 만세구 팔탄면 구장리 28-1 1동 일부호 ,2026-06-25
406,씨유 화성비봉호반점,휴게음식점,2025-01-06,,3.3,"경기도 화성시 효행구 비봉면 새비봉서로 130, 214동 103,104,105호 (화성비봉 호반써밋)",경기도 화성시 효행구 비봉면 삼화리 1841 화성비봉 호반써밋 ,2026-06-25
407,일품세꼬시,일반음식점,2024-03-20,070-7856-8812,111.18,"경기도 화성시 만세구 향남읍 행정서로3길 14-11, 1층",경기도 화성시 만세구 향남읍 행정리 430-10 ,2026-06-25
408,씨유 화성비봉스카이점,휴게음식점,2025-01-09,,3.3,"경기도 화성시 효행구 비봉면 양노로 23, 1층 일부호",경기도 화성시 효행구 비봉면 삼화리 544-4 1층 일부 ,2026-06-25
409,중국집,일반음식점,2024-03-20,,132.43,"경기도 화성시 만세구 향남읍 한절이2길 5-14, 1층",경기도 화성시 만세구 향남읍 하길리 1453-15 ,2026-06-25
410,지에스25 비봉주석로점,휴게음식점,2025-01-17,,3.3,"경기도 화성시 효행구 비봉면 주석로 600, 101호",경기도 화성시 효행구 비봉면 청요리 574 ,2026-06-25
411,짚신매운갈비찜 향남점,일반음식점,2024-03-25,,50.4,"경기도 화성시 만세구 향남읍 발안양감로 193, 1층 104호",경기도 화성시 만세구 향남읍 하길리 1465-4 ,2026-06-25
412,덤아세 약초카페,휴게음식점,2025-01-20,,161.5,"경기도 화성시 효행구 봉담읍 최루백로 459, 2층 일부",경기도 화성시 효행구 봉담읍 수기리 8-7 2층 일부 ,2026-06-25
413,도원,일반음식점,2024-03-25,,160,"경기도 화성시 만세구 우정읍 포승향남로 1456-1, 1층",경기도 화성시 만세구 우정읍 조암리 753-42 ,2026-06-25
414,지에스25 비봉우미린점,휴게음식점,2025-02-05,,3.3,"경기도 화성시 효행구 비봉면 새비봉남로 39, 102~104호 (우미린 더퍼스트)",경기도 화성시 효행구 비봉면 삼화리 1910 우미린 더퍼스트 ,2026-06-25
415,하가네나주곰탕 화성장안점,일반음식점,2024-03-25,070-4417-7771,155.1,"경기도 화성시 만세구 장안면 포승장안로 1249, 1층 일부호",경기도 화성시 만세구 장안면 독정리 896-10 ,2026-06-25
416,크라우드PC 화성봉담점,휴게음식점,2025-02-05,,24.84,"경기도 화성시 효행구 봉담읍 동화길 89, 7층 일부호","경기도 화성시 효행구 봉담읍 동화리 599-3 701,702,703호 일부 ",2026-06-25
417,오복순대국,일반음식점,2024-03-26,,75.03,"경기도 화성시 만세구 향남읍 향남로 418-10, 유진프라자 101,102호",경기도 화성시 만세구 향남읍 행정리 473-2 유진프라자 ,2026-06-25
418,윤커피 Yun Coffee,휴게음식점,2025-02-05,,35,"경기도 화성시 효행구 정남면 발안로 1211, 1층 일부호(점포3)",경기도 화성시 효행구 정남면 덕절리 6-10 1층 일부호(점포3) ,2026-06-25
419,편백회관 향남점,일반음식점,2024-03-28,,395.66,"경기도 화성시 만세구 향남읍 향남로 130, 2층",경기도 화성시 만세구 향남읍 하길리 384-2 2층 ,2026-06-25
420,하루비,휴게음식점,2025-02-12,,27.75,"경기도 화성시 효행구 봉담읍 와우로34번길 34, 다온마을 쌍용스윗닷홈 상가동 201-1호",경기도 화성시 효행구 봉담읍 와우리 238 다온마을 쌍용스윗닷홈 ,2026-06-25
421,금산돈,일반음식점,2024-03-28,,242.73,"경기도 화성시 만세구 향남읍 당너머길 40, 주건축물제1동, 2동","경기도 화성시 만세구 향남읍 상두리 268-3 주건축물제1동, 2동 ",2026-06-25
422,와(WA),휴게음식점,2025-02-17,,47.46,"경기도 화성시 효행구 봉담읍 삼봉안길 76, 243동 105호 (힐스테이트봉담프라이드시티)",경기도 화성시 효행구 봉담읍 내리 882 힐스테이트봉담프라이드시티 ,2026-06-25
423,대한민국만세삼계탕 화성팔탄점,일반음식점,2024-04-01,,237.09,"경기도 화성시 만세구 팔탄면 버들로 1323, 1층 일부호",경기도 화성시 만세구 팔탄면 서근리 174 ,2026-06-25
424,씨유 수원대인문대학점,휴게음식점,2025-02-17,,3.3,"경기도 화성시 효행구 봉담읍 와우안길 17, 수원대학교 1층 인문대학관 일부호",경기도 화성시 효행구 봉담읍 와우리 1-2 수원대학교 인문대학관호,2026-06-25
425,쫑이네 분식,일반음식점,2024-04-02,,75.6,"경기도 화성시 만세구 장안면 수정로 114, 1층 일부호",경기도 화성시 만세구 장안면 독정리 628-24 1층 일부호 ,2026-06-25
426,컴포즈커피 봉담프라이드시티점,휴게음식점,2025-02-19,,40.8,"경기도 화성시 효행구 봉담읍 삼봉안3길 18, 104호",경기도 화성시 효행구 봉담읍 내리 877 ,2026-06-25
427,다온 한식뷔페,일반음식점,2024-04-02,,156,"경기도 화성시 만세구 팔탄면 시청로 760, 녹원상가 101,102호",경기도 화성시 만세구 팔탄면 율암리 398-73 녹원상가 ,2026-06-25
428,지에스25 봉담스토리점,휴게음식점,2025-02-19,,3.3,"경기도 화성시 효행구 봉담읍 장등2길 5-56, 1층",경기도 화성시 효행구 봉담읍 상리 630-7 ,2026-06-25
429,만석한식부페,일반음식점,2024-04-02,,180,"경기도 화성시 만세구 장안면 돌서지길 132-19, 1층",경기도 화성시 만세구 장안면 석포리 661-46 ,2026-06-25
430,천주푸드,휴게음식점,2025-02-20,,10,"경기도 화성시 효행구 봉담읍 효행로 370-6, 106동 102호 (신일해피트리2차아파트)",경기도 화성시 효행구 봉담읍 와우리 237 신일해피트리2차아파트 ,2026-06-25
431,수다감자탕,일반음식점,2024-04-09,,171.2,"경기도 화성시 만세구 향남읍 은행나무로 814, 1층",경기도 화성시 만세구 향남읍 방축리 297-43 ,2026-06-25
432,지저스(수과대S카페),휴게음식점,2025-02-24,,82.68,"경기도 화성시 효행구 정남면 세자로 288, 수원과학대학 1층 일부호",경기도 화성시 효행구 정남면 보통리 141-44 수원과학대학 1층 일부호 ,2026-06-25
433,사골부대찌개,일반음식점,2024-04-09,,57.52,"경기도 화성시 만세구 팔탄면 시청로 817, 102호",경기도 화성시 만세구 팔탄면 율암리 177-8 ,2026-06-25
434,더홀릭 보드게임카페,휴게음식점,2025-02-25,,82.44,"경기도 화성시 효행구 봉담읍 동화길 81-10, 204호 일부호",경기도 화성시 효행구 봉담읍 동화리 599-1 ,2026-06-25
435,매향리 완당칼국수,일반음식점,2024-04-11,,113.49,"경기도 화성시 만세구 우정읍 기아자동차로 237, 1층 일부(4,5,6,7호)",경기도 화성시 만세구 우정읍 매향리 636-1 ,2026-06-25
436,홀리앤졸리도넛커피,휴게음식점,2025-03-17,,21.78,"경기도 화성시 효행구 봉담읍 장등1길 3-2, 101호",경기도 화성시 효행구 봉담읍 상리 628-6 ,2026-06-25
437,수촌옥 장안점,일반음식점,2024-04-12,,164.8,"경기도 화성시 만세구 장안면 꽃밭길 3, 1층",경기도 화성시 만세구 장안면 수촌리 74 ,2026-06-25
438,씨유 화성신미주점,휴게음식점,2025-03-27,,3.3,"경기도 화성시 효행구 융건로 98, 1층 일부호 (배양동)",경기도 화성시 효행구 배양동 69-504 1층 일부호 ,2026-06-25
439,도현한식뷔페,일반음식점,2024-04-15,031-358-4075,474,"경기도 화성시 만세구 우정읍 기아자동차로 556, 1층",경기도 화성시 만세구 우정읍 화산리 664-48 ,2026-06-25
440,허니푸드,휴게음식점,2025-03-27,,10,경기도 화성시 효행구 봉담읍 와우로34번길 12 (봉담 센트럴 푸르지오),경기도 화성시 효행구 봉담읍 와우리 597 봉담 센트럴 푸르지오 ,2026-06-25
441,돈가스무한리필한식부페,일반음식점,2024-04-15,031-353-2917,138.4,"경기도 화성시 만세구 양감면 서해로 133, 1층 일부호",경기도 화성시 만세구 양감면 요당리 602-1 ,2026-06-25
442,배스킨라빈스 화성비봉점,휴게음식점,2025-04-11,,77.11,"경기도 화성시 효행구 비봉면 새비봉서로 20, 104,105호 (예미지 센트럴 에듀)",경기도 화성시 효행구 비봉면 삼화리 1850 예미지 센트럴 에듀 ,2026-06-25
443,옹찹쌀카페,일반음식점,2024-04-16,,30.53,"경기도 화성시 만세구 향남읍 한절이2길 5-23, 1층 일부(101호)",경기도 화성시 만세구 향남읍 하길리 1455-3 1층 일부(101호) ,2026-06-25
444,오늘은,휴게음식점,2025-04-22,,10,경기도 화성시 효행구 봉담읍 수영로 61-14 (한울마을 신창비바패밀리아파트),경기도 화성시 효행구 봉담읍 수영리 672 한울마을 신창비바패밀리아파트 ,2026-06-25
445,선주네한우소머리곰탕,일반음식점,2024-04-18,,98,"경기도 화성시 만세구 향남읍 백토관리길 29, 1층",경기도 화성시 만세구 향남읍 백토리 367-7 ,2026-06-25
446,레트로 떡볶이(기안점),휴게음식점,2025-04-23,,10,"경기도 화성시 효행구 융건로 91, 기안마을 풍성신미주아파트 쇼핑타운 1층 114호 일부호 (기안동)",경기도 화성시 효행구 기안동 897 기안마을 풍성신미주아파트 쇼핑타운 1층 114호 일부호 ,2026-06-25
447,정성을담은한식뷔페,일반음식점,2024-04-22,,157.37,"경기도 화성시 만세구 장안면 무봉길 200-6, 2동 1층",경기도 화성시 만세구 장안면 석포리 448-24 ,2026-06-25
448,아이스크림 다이써,휴게음식점,2025-04-24,,27.72,"경기도 화성시 효행구 봉담읍 오래3길 14-1, 101호 일부",경기도 화성시 효행구 봉담읍 동화리 561-3 101호 일부 ,2026-06-25
449,도원중화요리,일반음식점,2024-04-22,,182.82,"경기도 화성시 만세구 팔탄면 3.1만세로 845, 102호",경기도 화성시 만세구 팔탄면 매곡리 150-9 ,2026-06-25
450,산책,휴게음식점,2025-04-25,,51.42,"경기도 화성시 효행구 매송면 화성로2397번길 24-1, 1층 일부호",경기도 화성시 효행구 매송면 원평리 76-13 1층 일부호 ,2026-06-25
451,한통설렁탕도가니탕,일반음식점,2024-04-23,,186.37,"경기도 화성시 만세구 향남읍 서해로 310, 1층 일부호",경기도 화성시 만세구 향남읍 하길리 1115-13 1층 일부호 ,2026-06-25
452,혜인카페,휴게음식점,2025-04-28,,39.67,"경기도 화성시 효행구 봉담읍 삼천병마로 785, 나동 1층 일부",경기도 화성시 효행구 봉담읍 당하리 304-15 나동 1층 일부 ,2026-06-25
453,최고다국밥(직영점),일반음식점,2024-04-24,,56,"경기도 화성시 만세구 향남읍 신광길 21, 1층 일부(1)호",경기도 화성시 만세구 향남읍 상신리 598-99 ,2026-06-25
454,브라운쿠키,휴게음식점,2025-04-30,,35.19,"경기도 화성시 효행구 봉담읍 삼천병마로 1256-13, 상가동 103호",경기도 화성시 효행구 봉담읍 상리 616 상가동 103호 ,2026-06-25
455,농장정육식당,일반음식점,2024-04-24,,149.8,"경기도 화성시 만세구 향남읍 서봉로 82, 1층",경기도 화성시 만세구 향남읍 상신리 748-1 ,2026-06-25
456,달콤.N 화성봉담2지구점,휴게음식점,2025-05-02,,43.2,"경기도 화성시 효행구 봉담읍 상리2길 55, 1동 114호",경기도 화성시 효행구 봉담읍 상리 690-1 ,2026-06-25
457,명가당 냉면,일반음식점,2024-04-29,,54.18,"경기도 화성시 만세구 향남읍 행정서로1길 27-27, 1층 일부호",경기도 화성시 만세구 향남읍 행정리 453-1 1층 일부호 ,2026-06-25
458,크라우드PC 봉담상리점,휴게음식점,2025-05-12,,25.92,"경기도 화성시 효행구 봉담읍 상리중심상가길 30, 304호",경기도 화성시 효행구 봉담읍 상리 686-4 ,2026-06-25
459,매곡리가든,일반음식점,2024-05-02,,125.45,"경기도 화성시 만세구 팔탄면 3.1만세로771번길 55, 1층",경기도 화성시 만세구 팔탄면 매곡리 171-9 ,2026-06-25
460,야미야미꼬마김밥,휴게음식점,2025-05-12,031 -355 -9878,26.4,"경기도 화성시 효행구 비봉면 간곡1길 27, 105호",경기도 화성시 효행구 비봉면 삼화리 1901-5 ,2026-06-25
461,필까페(Feel cafe),일반음식점,2024-05-03,,44.86,"경기도 화성시 만세구 우정읍 조암남로 24-13, 2동 1층",경기도 화성시 만세구 우정읍 조암리 270-5 2동 1층 ,2026-06-25
462,마마앤테이블,휴게음식점,2025-05-20,,60,"경기도 화성시 효행구 봉담읍 상리1길 72, 1층 일부호",경기도 화성시 효행구 봉담읍 상리 691 ,2026-06-25
463,한신우동 향남2지구점,일반음식점,2024-05-03,,50.4,"경기도 화성시 만세구 향남읍 발안양감로 193, 1층 103호",경기도 화성시 만세구 향남읍 하길리 1465-4 ,2026-06-25
464,세븐일레븐 정남산업단지점,휴게음식점,2025-06-04,,73,"경기도 화성시 효행구 정남면 정남산단3길 54, 1층 일부호",경기도 화성시 효행구 정남면 음양리 859 1층 일부호 ,2026-06-25
465,이거시짬뽕,일반음식점,2024-05-07,,226.5,"경기도 화성시 만세구 향남읍 서해로 310, 2층",경기도 화성시 만세구 향남읍 하길리 1115-13 ,2026-06-25
466,메가엠지씨커피 화성봉담자이라피네점,휴게음식점,2025-06-04,,49.82,"경기도 화성시 효행구 봉담읍 동화서북안2길 3, 111호",경기도 화성시 효행구 봉담읍 동화리 0 ,2026-06-25
467,오서방닭개장,일반음식점,2024-05-08,,213,"경기도 화성시 만세구 양감면 정문송산로 92, 1층 일부호",경기도 화성시 만세구 양감면 정문리 285-33 ,2026-06-25
468,우지커피 화성봉담와우점,휴게음식점,2025-06-10,,56.84,"경기도 화성시 효행구 봉담읍 와우로73번길 6, 태천센타 지1층 101호",경기도 화성시 효행구 봉담읍 와우리 26-12 태천센타 ,2026-06-25
469,최고당돈가스 향남2지구점,일반음식점,2024-05-13,,99,"경기도 화성시 만세구 향남읍 상신하길로328번길 26, 1동 2층 207호",경기도 화성시 만세구 향남읍 하길리 1467 ,2026-06-25
470,커피통,휴게음식점,2025-06-11,,13.2,"경기도 화성시 효행구 비봉면 비봉로 131-1, 1층",경기도 화성시 효행구 비봉면 양노리 307-2 ,2026-06-25
471,시루향기콩나물국밥 장안점,일반음식점,2024-05-16,,98.64,"경기도 화성시 만세구 장안면 기아자동차로 747, 1층",경기도 화성시 만세구 장안면 사곡리 188-4 ,2026-06-25
472,Hio coffee(하이오커피),휴게음식점,2025-06-18,,42.12,"경기도 화성시 효행구 비봉면 새비봉서로 20, 상가동 102호 (예미지 센트럴 에듀)",경기도 화성시 효행구 비봉면 삼화리 1850 예미지 센트럴 에듀 ,2026-06-25
473,씨엠씨(CMC),일반음식점,2024-05-20,,120.64,"경기도 화성시 만세구 향남읍 서봉로 323-5, 1층 일부호",경기도 화성시 만세구 향남읍 화리현리 214-1 ,2026-06-25
474,잇츠커피 수기리점,휴게음식점,2025-06-19,,44.52,"경기도 화성시 효행구 봉담읍 고시길 32, 1층 일부호",경기도 화성시 효행구 봉담읍 수기리 1-88 ,2026-06-25
475,프레드피자 향남점,일반음식점,2024-05-20,,27.37,"경기도 화성시 만세구 향남읍 한절이2길 5-24, 1층 104호",경기도 화성시 만세구 향남읍 하길리 1454-9 ,2026-06-25
476,이지바이 까페,휴게음식점,2025-06-20,,10.12,"경기도 화성시 효행구 봉담읍 상리1길 72, 1층 일부",경기도 화성시 효행구 봉담읍 상리 691 1층 일부 ,2026-06-25
477,메가혼밥 향남점,일반음식점,2024-05-22,,63.57,"경기도 화성시 만세구 향남읍 한절이2길 23-1, 1층 일부호",경기도 화성시 만세구 향남읍 하길리 1454-5 ,2026-06-25
478,주식회사 이마트 화성봉담점,휴게음식점,2025-06-24,,17,"경기도 화성시 효행구 봉담읍 효행로 278, 이마트 지하 1층 일부호",경기도 화성시 효행구 봉담읍 동화리 133-1 이마트 ,2026-06-25
479,늘찬애쭈꾸미&낙지&보쌈,일반음식점,2024-05-23,,222.75,"경기도 화성시 만세구 향남읍 사챙이1길 12, 1층 일부호",경기도 화성시 만세구 향남읍 하길리 1541-1 ,2026-06-25
480,지에스25 비봉펜테리움점,휴게음식점,2025-07-14,,3.3,"경기도 화성시 효행구 비봉면 새비봉서로1길 14, 101호 (비봉 금강 펜테리움)",경기도 화성시 효행구 비봉면 삼화리 1836 비봉 금강 펜테리움 ,2026-06-25
481,송탄진버거 화성향남점,일반음식점,2024-05-27,,46.2,"경기도 화성시 만세구 향남읍 한절이1길 21-1, 102호",경기도 화성시 만세구 향남읍 하길리 1461-4 ,2026-06-25
482,매송(하)휴게소(버거앤타코&브뤼셀프라이),휴게음식점,2025-07-15,,88.44,"경기도 화성시 효행구 매송면 서해안고속도로 315, 휴게동 1층 일부",경기도 화성시 효행구 매송면 야목리 산 47-1 휴게동 1층 일부 ,2026-06-25
483,시골국수,일반음식점,2024-05-27,,144.25,"경기도 화성시 만세구 팔탄면 온천로 460, 1층 일부호",경기도 화성시 만세구 팔탄면 율암리 842-18 1층 일부호 ,2026-06-25
484,버니버니,휴게음식점,2025-07-15,,59.79,"경기도 화성시 효행구 봉담읍 샘마을1길 29-6, 1층",경기도 화성시 효행구 봉담읍 상리 22-93 1층 ,2026-06-25
485,유천냉면 화성점,일반음식점,2024-05-28,,383.96,"경기도 화성시 만세구 팔탄면 시청로739번길 24-20, 2동",경기도 화성시 만세구 팔탄면 율암리 133-1 ,2026-06-25
486,투,휴게음식점,2025-07-16,,35.64,"경기도 화성시 효행구 정남면 가장로 224, 1층 일부호",경기도 화성시 효행구 정남면 고지리 193-2 1층 일부호 ,2026-06-25
487,딱좋아카페,일반음식점,2024-05-28,,49.84,"경기도 화성시 만세구 향남읍 평2길 13, 2층",경기도 화성시 만세구 향남읍 평리 80-9 ,2026-06-25
488,지에스25 봉담라젠느점,휴게음식점,2025-07-22,,3.3,"경기도 화성시 효행구 봉담읍 동화서북안길 70, 101, 102호 (봉담자이라젠느)",경기도 화성시 효행구 봉담읍 동화리 0 봉담자이라젠느 ,2026-06-25
489,선담상회,일반음식점,2024-05-29,,20.25,"경기도 화성시 만세구 향남읍 행정서로2길 28-19, 1층 일부호",경기도 화성시 만세구 향남읍 행정리 417-7 1층 일부호 ,2026-06-25
490,주식회사 이지바이,휴게음식점,2025-07-28,,49.58,"경기도 화성시 효행구 봉담읍 상리1길 72, 1층 일부호",경기도 화성시 효행구 봉담읍 상리 691 ,2026-06-25
491,육칠이 향남점,일반음식점,2024-05-30,,68.16,"경기도 화성시 만세구 향남읍 한절이2길 5-25, 1층 일부(103,104)호",경기도 화성시 만세구 향남읍 하길리 1455-2 ,2026-06-25
492,오늘의 장바구니,휴게음식점,2025-07-29,,38.25,"경기도 화성시 효행구 비봉면 새비봉남로 6-32, 106호",경기도 화성시 효행구 비봉면 삼화리 1902 ,2026-06-25
493,성화네삼겹살,일반음식점,2024-05-30,,97.5,"경기도 화성시 만세구 향남읍 상신하길로144번길 22-11, 1층",경기도 화성시 만세구 향남읍 상신리 1298-1 ,2026-06-25
494,커피 브라운(Coffee Brown),휴게음식점,2025-07-31,,70.49,"경기도 화성시 효행구 정남면 발안로 1073, 제1동 1층 일부호",경기도 화성시 효행구 정남면 덕절리 231-25 제1동 1층 일부호 ,2026-06-25
495,전주집밥,일반음식점,2024-06-10,,204.55,"경기도 화성시 만세구 양감면 은행나무로62번길 24, 1층",경기도 화성시 만세구 양감면 요당리 110-62 ,2026-06-25
496,하삼동커피 화성비봉점,휴게음식점,2025-08-01,,30.14,"경기도 화성시 효행구 비봉면 간곡6길 6-8, 101호",경기도 화성시 효행구 비봉면 삼화리 1862 ,2026-06-25
497,서대문김치찜&김치찌개,일반음식점,2024-06-12,,50.02,"경기도 화성시 만세구 향남읍 행정중앙1로 14, 제이에스플라자 1동 1층 111호",경기도 화성시 만세구 향남읍 행정리 462-5 제이에스플라자 ,2026-06-25
498,와우닭강정,휴게음식점,2025-08-05,,10,경기도 화성시 효행구 봉담읍 삼천병마로 1256-20 (신안인스빌아파트),경기도 화성시 효행구 봉담읍 상리 614 신안인스빌아파트 ,2026-06-25
499,산머루,일반음식점,2024-06-17,,61.14,"경기도 화성시 만세구 우정읍 조암남로 47, 2층 일부호",경기도 화성시 만세구 우정읍 조암리 263-1 ,2026-06-25
500,이스터에그,휴게음식점,2025-08-12,,9,"경기도 화성시 효행구 봉담읍 상리1길 72, 1층 일부호",경기도 화성시 효행구 봉담읍 상리 691 ,2026-06-25
501,그릴인더우즈,일반음식점,2024-06-17,,196.37,"경기도 화성시 만세구 팔탄면 동촌길 68, 1층",경기도 화성시 만세구 팔탄면 구장리 711-1 ,2026-06-25
502,씨유 봉담덕우점,휴게음식점,2025-08-18,,3.3,"경기도 화성시 효행구 봉담읍 마당바위로 251, 1층 일부호",경기도 화성시 효행구 봉담읍 덕우리 233-31 ,2026-06-25
503,가마치통닭,일반음식점,2024-06-21,,70,"경기도 화성시 만세구 향남읍 발안남로55번길 1, 1층 일부(104)호",경기도 화성시 만세구 향남읍 발안리 123-2 ,2026-06-25
504,씨유 화성로점,휴게음식점,2025-08-18,,3.3,"경기도 화성시 효행구 비봉면 화성로 2056, 1층 일부호",경기도 화성시 효행구 비봉면 쌍학리 246-1 ,2026-06-25
505,또바기,일반음식점,2024-06-21,,110,"경기도 화성시 만세구 팔탄면 3.1만세로 751, 1층 일부호",경기도 화성시 만세구 팔탄면 해창리 19 ,2026-06-25
506,하삼동커피 수원대점,휴게음식점,2025-08-21,,47.4,"경기도 화성시 효행구 봉담읍 와우로 112, 1층",경기도 화성시 효행구 봉담읍 와우리 42 ,2026-06-25
507,사해의집,일반음식점,2024-06-25,,62.74,"경기도 화성시 만세구 향남읍 3.1만세로 1109-4, 1층 일부호",경기도 화성시 만세구 향남읍 평리 89-8 ,2026-06-25
508,지에스25 봉담프라이드점,휴게음식점,2025-08-29,,3.3,"경기도 화성시 효행구 봉담읍 삼봉안길 30, 104,105호 (봉담자이프라이드시티)",경기도 화성시 효행구 봉담읍 내리 871 봉담자이프라이드시티 ,2026-06-25
509,by케밥,일반음식점,2024-06-25,,31.62,"경기도 화성시 만세구 우정읍 조암남로 39, 1,2층",경기도 화성시 만세구 우정읍 조암리 264-3 ,2026-06-25
510,하삼동커피,휴게음식점,2025-09-01,,38.39,"경기도 화성시 효행구 비봉면 간곡2길 8, 1동 108호",경기도 화성시 효행구 비봉면 삼화리 1847 ,2026-06-25
511,강씨가문의족발(향남점),일반음식점,2024-06-26,,132.15,"경기도 화성시 만세구 향남읍 한절이1길 6-5, 1층",경기도 화성시 만세구 향남읍 하길리 1458-4 1층 ,2026-06-25
512,메가엠지씨커피 봉담수기청광점,휴게음식점,2025-09-05,,55.3,"경기도 화성시 효행구 봉담읍 세자로 358, 1층 일부호(102호)",경기도 화성시 효행구 봉담읍 수기리 11-39 1층 일부호(102호) ,2026-06-25
513,가람약초카페,일반음식점,2024-06-26,,80.08,"경기도 화성시 만세구 장안면 3.1만세로 352, 1층 일부호",경기도 화성시 만세구 장안면 수촌리 883-14 ,2026-06-25
514,메가엠지씨커피 이마트화성봉담점,휴게음식점,2025-09-08,,18,"경기도 화성시 효행구 봉담읍 효행로 278, 이마트 B1층 B1215호",경기도 화성시 효행구 봉담읍 동화리 133-1 이마트 ,2026-06-25
515,휴게소 화성향남점,일반음식점,2024-06-26,,54.88,"경기도 화성시 만세구 향남읍 한절이1길 21-1, 101호",경기도 화성시 만세구 향남읍 하길리 1461-4 ,2026-06-25
516,로니케이크,휴게음식점,2025-09-15,,33.18,"경기도 화성시 효행구 봉담읍 상리3길 43-18, 110호",경기도 화성시 효행구 봉담읍 상리 681-1 ,2026-06-25
517,그시절냉삼,일반음식점,2024-06-26,,29.8,"경기도 화성시 만세구 향남읍 상신하길로 74, 101호",경기도 화성시 만세구 향남읍 상신리 1327-2 ,2026-06-25
518,스토리오브라망 화성상리점,휴게음식점,2025-09-15,,90,"경기도 화성시 효행구 봉담읍 진등2길 5, 1층 일부",경기도 화성시 효행구 봉담읍 상리 27-54 ,2026-06-25
519,테디스로드,일반음식점,2024-06-26,031-354-3000,208.64,"경기도 화성시 만세구 향남읍 은행나무로802번길 92-8, 1층",경기도 화성시 만세구 향남읍 방축리 222-1 ,2026-06-25
520,송탄진버거 봉담점,휴게음식점,2025-09-18,,24.3,"경기도 화성시 효행구 봉담읍 샘마을길 26, 한신아파트 상가동 104호",경기도 화성시 효행구 봉담읍 상리 21-19 한신아파트 ,2026-06-25
521,노을다방까페,일반음식점,2024-06-27,,44.8,"경기도 화성시 만세구 우정읍 3.1만세로 59, 조암빌딩 2층 일부호",경기도 화성시 만세구 우정읍 조암리 276 조암빌딩 ,2026-06-25
522,북카페 지금,휴게음식점,2025-09-22,,70,"경기도 화성시 효행구 정남면 만년로 526-1, 1층 일부호(101호, 102호)","경기도 화성시 효행구 정남면 발산리 409-3 1층 일부호(101호, 102호) ",2026-06-25
523,상신감자탕,일반음식점,2024-07-01,,167.4,"경기도 화성시 만세구 향남읍 신광길 3, 102호",경기도 화성시 만세구 향남읍 상신리 596-14 ,2026-06-25
524,매송(하)휴게소(닭강정꼬치&월드),휴게음식점,2025-09-24,031 -296 -1501,16.2,"경기도 화성시 효행구 매송면 서해안고속도로 315, 매송휴게소(목포방향)휴게동 1층 일부호",경기도 화성시 효행구 매송면 야목리 산 47-1 매송휴게소(목포방향)휴게동 1층 일부호 ,2026-06-25
525,소팔백,일반음식점,2024-07-01,,304,"경기도 화성시 만세구 향남읍 발안로 303, 101호",경기도 화성시 만세구 향남읍 동오리 556-4 ,2026-06-25
526,GS25 정남발산점,휴게음식점,2025-09-29,,1,"경기도 화성시 효행구 정남면 만년로 404, 1층 일부호(101호 일부호)",경기도 화성시 효행구 정남면 발산리 712 1층 일부호(101호 일부호) ,2026-06-25
527,호박꽃 향남점,일반음식점,2024-07-02,,119.91,"경기도 화성시 만세구 향남읍 한절이2길 26, 1층",경기도 화성시 만세구 향남읍 하길리 1449-5 ,2026-06-25
528,참새스넥,휴게음식점,2025-10-15,,65.72,"경기도 화성시 효행구 봉담읍 상리1길 127, 109호 (이편한세상신봉담)",경기도 화성시 효행구 봉담읍 상리 668 이편한세상신봉담 ,2026-06-25
529,리상,일반음식점,2024-07-03,,78.25,"경기도 화성시 만세구 향남읍 발안양감로 195, 901호",경기도 화성시 만세구 향남읍 하길리 1465-5 ,2026-06-25
530,씨유 봉담드림빌드점,휴게음식점,2025-10-15,,3.3,"경기도 화성시 효행구 봉담읍 봉황길 10-83, 주건축물제1동 1층 103호 일부호",경기도 화성시 효행구 봉담읍 상리 661-5 주건축물제1동 1층 103호 일부호 ,2026-06-25
531,금가네장터 화성조암점,일반음식점,2024-07-04,,50,"경기도 화성시 만세구 장안면 사랑길 105, 일부(103)호",경기도 화성시 만세구 장안면 사랑리 429 ,2026-06-25
532,호룡닭꼬치,휴게음식점,2025-10-17,,10,"경기도 화성시 효행구 비봉면 새비봉서로 130, 202동 (화성비봉 호반써밋)",경기도 화성시 효행구 비봉면 삼화리 1841 화성비봉 호반써밋 202동 앞 ,2026-06-25
533,수카페,일반음식점,2024-07-05,,66.12,"경기도 화성시 만세구 우정읍 조암남로 34-5, 2층 일부호",경기도 화성시 만세구 우정읍 조암리 270-33 2층 일부호 ,2026-06-25
534,세븐일레븐 화성봉담마하점,휴게음식점,2025-10-20,,3.3,"경기도 화성시 효행구 봉담읍 시청로 1491, 1층 일부호",경기도 화성시 효행구 봉담읍 마하리 210-8 1층 일부호 ,2026-06-25
535,품육 발안점,일반음식점,2024-07-09,,239.64,"경기도 화성시 만세구 향남읍 발안만세길 10, 101호",경기도 화성시 만세구 향남읍 제암리 184 101호,2026-06-25
536,배스킨라빈스 봉담프라이드시티점,휴게음식점,2025-11-27,,43.68,"경기도 화성시 효행구 봉담읍 삼봉안길 30, 상가동 112호 (봉담자이프라이드시티)",경기도 화성시 효행구 봉담읍 내리 387-2 봉담자이프라이드시티 상가동 112호,2026-06-25
537,용갈비,일반음식점,2024-07-09,,138.94,"경기도 화성시 만세구 향남읍 발안양감로 195, 107,108,109호",경기도 화성시 만세구 향남읍 하길리 1465-5 ,2026-06-25
538,아이지에이마트 봉담신도시점,휴게음식점,2025-12-04,,6.6,"경기도 화성시 효행구 봉담읍 봉황길 10-36, 메디프라자 1층 일부(102)호",경기도 화성시 효행구 봉담읍 상리 665-3 메디프라자 1층 일부(102)호 ,2026-06-25
539,금란다방카페,일반음식점,2024-07-12,,38.4,"경기도 화성시 만세구 우정읍 조암남로 24-7, 2층",경기도 화성시 만세구 우정읍 조암리 270-46 ,2026-06-25
540,씨유 수원대ACE교육관,휴게음식점,2025-12-04,,3.3,"경기도 화성시 효행구 봉담읍 와우안길 17, 수원대학교 ACE교육관 1층 일부호",경기도 화성시 효행구 봉담읍 와우리 1-2 수원대학교 ,2026-06-25
541,(주)선창수산 향남점,일반음식점,2024-07-16,,396,경기도 화성시 만세구 향남읍 은행나무로 809,경기도 화성시 만세구 향남읍 하길리 109-17 ,2026-06-25
542,메가엠지씨커피 화성비봉LH점,휴게음식점,2025-12-10,,67.28,"경기도 화성시 효행구 비봉면 새비봉남로 6-32, 제1동 109호",경기도 화성시 효행구 비봉면 삼화리 1902 제1동 109호,2026-06-25
543,발리까페,일반음식점,2024-07-18,,8.36,"경기도 화성시 만세구 우정읍 조암남로 24-12, 1층 일부호",경기도 화성시 만세구 우정읍 조암리 270-79 1층 일부호 ,2026-06-25
544,태정곱창,휴게음식점,2025-12-17,,10,경기도 화성시 효행구 봉담읍 와우로34번길 12 (봉담 센트럴 푸르지오),경기도 화성시 효행구 봉담읍 와우리 597 봉담 센트럴 푸르지오 101동 앞 ,2026-06-25
545,정직한 수산,일반음식점,2024-07-19,,136.22,"경기도 화성시 만세구 향남읍 한절이1길 6-6, 1층",경기도 화성시 만세구 향남읍 하길리 1457-9 1층 ,2026-06-25
546,메가엠지씨커피 수원대입구점,휴게음식점,2025-12-22,,53.96,"경기도 화성시 효행구 봉담읍 와우안길 26-1, 5동 1층 일부",경기도 화성시 효행구 봉담읍 와우리 45-5 5동 1층 일부 ,2026-06-25
547,도성루,일반음식점,2024-07-24,,158.4,경기도 화성시 만세구 우정읍 기아자동차로 467-2,경기도 화성시 만세구 우정읍 화산리 733-12 ,2026-06-25
548,매송(상)휴게소(할리도넛),휴게음식점,2025-12-26,,91.08,"경기도 화성시 효행구 매송면 서해안고속도로 316, 매송휴게소(서울방향)휴게동 1층 일부호",경기도 화성시 효행구 매송면 야목리 16-1 매송휴게소(서울방향)휴게동 1층 일부호 ,2026-06-25
549,빅스타피자 화성발안공단점,일반음식점,2024-07-24,,72.36,"경기도 화성시 만세구 향남읍 발안공단로5길 120, 101호",경기도 화성시 만세구 향남읍 구문천리 248-13 101호,2026-06-25
550,스위티,휴게음식점,2025-04-14,,38.5,"경기도 화성시 효행구 봉담읍 동화길 42, 가동 1층 일부호(101호)",경기도 화성시 효행구 봉담읍 동화리 432-12 가동 1층 일부호(101호) ,2026-06-25
551,홍콩,일반음식점,2024-07-24,,198.1,경기도 화성시 만세구 팔탄면 새터말길 1,경기도 화성시 만세구 팔탄면 구장리 221-7 ,2026-06-25
552,현대그린푸드 뷰웍스화성,휴게음식점,2026-01-02,031 -525 -2233,32.27,"경기도 화성시 효행구 정남면 정남산단2길 25-7, 뷰웍스 화성사업장 6층 일부호",경기도 화성시 효행구 정남면 음양리 844 뷰웍스 화성사업장 6층 일부호 ,2026-06-25
553,순자네흑염소전문점,일반음식점,2024-07-25,031-352 -1719,172.32,"경기도 화성시 만세구 팔탄면 해창길 21, 1층",경기도 화성시 만세구 팔탄면 해창리 32-2 ,2026-06-25
554,더아름다운카페,휴게음식점,2026-01-19,,35.35,"경기도 화성시 효행구 봉담읍 와우로15번길 7, 봉담와우도서관 1층 일부",경기도 화성시 효행구 봉담읍 와우리 215 봉담와우도서관 1층 일부 ,2026-06-25
555,달풍피자(향남점),일반음식점,2024-07-26,,34.42,"경기도 화성시 만세구 향남읍 행정서로1길 42-1, 일부(103)호",경기도 화성시 만세구 향남읍 행정리 445-7 ,2026-06-25
556,감동까스 화성봉담점,휴게음식점,2026-01-19,,45.42,"경기도 화성시 효행구 봉담읍 오래3길 7, 1층 일부(102)호",경기도 화성시 효행구 봉담읍 동화리 559-9 1층 일부(102)호 ,2026-06-25
557,맛고을양평해장국,일반음식점,2024-07-30,,161,"경기도 화성시 만세구 향남읍 향남로 42-17, 1층",경기도 화성시 만세구 향남읍 상신리 700-5 ,2026-06-25
558,(주)미르에프엔비,휴게음식점,2026-01-27,,12,"경기도 화성시 효행구 봉담읍 상리1길 72, 이지바이 1층 일부호",경기도 화성시 효행구 봉담읍 상리 691 ,2026-06-25
559,가보곱창,일반음식점,2024-07-31,,34.56,"경기도 화성시 만세구 우정읍 조암서로22번길 21, 1층 일부호",경기도 화성시 만세구 우정읍 조암리 352-3 1층 일부호 ,2026-06-25
560,티켄,휴게음식점,2026-01-29,031 -352 -2537,132.8,경기도 화성시 효행구 정남면 세자로 261,경기도 화성시 효행구 정남면 보통리 127-1 ,2026-06-25
561,"A+, 에이플러스",일반음식점,2024-08-01,,125.28,"경기도 화성시 만세구 향남읍 행정서로1길 31-29, 1층",경기도 화성시 만세구 향남읍 행정리 451-1 ,2026-06-25
562,월드킹 화성점,휴게음식점,2026-02-02,,47.41,"경기도 화성시 효행구 봉담읍 와우로 23-31, B101호",경기도 화성시 효행구 봉담읍 와우리 26-6 B101호 ,2026-06-25
563,꼬치공방 향남점,일반음식점,2024-08-06,,83.85,"경기도 화성시 만세구 향남읍 행정죽전로1길 31, 102호",경기도 화성시 만세구 향남읍 행정리 495-5 102호,2026-06-25
564,씨유화성서봉로점,휴게음식점,2026-02-06,,3.3,"경기도 화성시 효행구 정남면 서봉로 1078, 비동, 1층일부호","경기도 화성시 효행구 정남면 신리 136-12 비동, 1층일부호 ",2026-06-25
565,맛찜랭킹 향남점,일반음식점,2024-08-07,,32.23,"경기도 화성시 만세구 향남읍 상신하길로126번길 21, 101호 일부호, 102호 일부호","경기도 화성시 만세구 향남읍 상신리 1295-5 101호 일부호, 102호 일부호 ",2026-06-25
566,흐음커피(hmm coffee),휴게음식점,2026-02-09,,43,"경기도 화성시 효행구 봉담읍 샘마을길 59, 현대쉐르빌 1층일부(104호)",경기도 화성시 효행구 봉담읍 동화리 572-3 현대쉐르빌 1층일부(104호) ,2026-06-25
567,메가폭탄김치찜 향남점,일반음식점,2024-08-07,,88.49,"경기도 화성시 만세구 향남읍 상신하길로126번길 21, 101호 전체, 102호 일부호","경기도 화성시 만세구 향남읍 상신리 1295-5 101호 전체, 102호 일부호 ",2026-06-25
568,더 카페,휴게음식점,2026-02-12,,175.38,"경기도 화성시 효행구 정남면 세자로 288, 수원과학대학, 도서관 1층 일부호","경기도 화성시 효행구 정남면 보통리 141-44 수원과학대학, 도서관 1층 일부호 ",2026-06-25
569,씨앤비,일반음식점,2024-08-07,,101.42,"경기도 화성시 만세구 향남읍 행정중앙2로 63-34, 명신프라자2, 401호","경기도 화성시 만세구 향남읍 행정리 486-1 명신프라자2, 401호 ",2026-06-25
570,담밀,휴게음식점,2026-02-13,,31.98,"경기도 화성시 효행구 봉담읍 상리1길 167, 632동 지1층 112호 (중흥에스클래스 에듀포레)",경기도 화성시 효행구 봉담읍 상리 666 중흥에스클래스 에듀포레 632동 지1층 112호 ,2026-06-25
571,규로,일반음식점,2024-08-08,,65.7,"경기도 화성시 만세구 우정읍 조암동로36번길 27-1, 1층 101호",경기도 화성시 만세구 우정읍 조암리 794-11 101호,2026-06-25
572,키즈플래닛 비봉신도시본점,휴게음식점,2026-02-25,,69.41,"경기도 화성시 효행구 비봉면 새비봉중앙로 43, 4층 일부호",경기도 화성시 효행구 비봉면 구포리 1540-1 4층 일부 ,2026-06-25
573,제줏간 화성 향남점,일반음식점,2024-08-13,,180.09,"경기도 화성시 만세구 향남읍 상신하길로298번길 7-7, 102,103호","경기도 화성시 만세구 향남읍 하길리 1472-2 102,103호 ",2026-06-25
574,참토스트 화성비봉점,휴게음식점,2026-03-11,,28.65,"경기도 화성시 효행구 비봉면 간곡6길 6-8, 102호",경기도 화성시 효행구 비봉면 삼화리 1862 102호,2026-06-25
575,샤브올데이 화성향남점,일반음식점,2024-08-16,031-353 -7144,399,"경기도 화성시 만세구 향남읍 향남로 304-1, 1층",경기도 화성시 만세구 향남읍 방축리 297-8 1층 ,2026-06-25
576,앤디문,휴게음식점,2026-03-12,,37.35,"경기도 화성시 효행구 봉담읍 와우안3길 2, 1동 1층",경기도 화성시 효행구 봉담읍 와우리 188-13 1동 1층 ,2026-06-25
577,바다양푼이동태탕,일반음식점,2024-08-19,,208.67,"경기도 화성시 만세구 향남읍 동오2길 4, 1층 일부호",경기도 화성시 만세구 향남읍 동오리 200-10 일부호,2026-06-25
578,나고야토스트,휴게음식점,2026-03-17,,55.25,"경기도 화성시 효행구 정남면 발안로 1073, 106호",경기도 화성시 효행구 정남면 덕절리 231-25 106호 ,2026-06-25
579,솔미 토담골,일반음식점,2024-08-20,,328,"경기도 화성시 만세구 양감면 솔미마을길 59, 1층 전체호",경기도 화성시 만세구 양감면 대양리 339-1 ,2026-06-25
580,별콩다방 수원대점,휴게음식점,2026-03-18,,49.84,"경기도 화성시 효행구 봉담읍 와우안3길 4, 1동 1층 일부호",경기도 화성시 효행구 봉담읍 와우리 188-4 1동 1층 일부호 ,2026-06-25
581,수리수리,일반음식점,2024-08-23,,27.88,"경기도 화성시 만세구 향남읍 향남로39번길 19-17, 114호",경기도 화성시 만세구 향남읍 상신리 663-8 ,2026-06-25
582,찌지트,휴게음식점,2026-03-24,,67,"경기도 화성시 효행구 봉담읍 와우안길 60, 2층 일부호",경기도 화성시 효행구 봉담읍 와우리 83-1 2층 일부호 ,2026-06-25
583,네오푸드,일반음식점,2024-08-23,,50.31,"경기도 화성시 만세구 향남읍 상신하길로298번길 7-23, 102호",경기도 화성시 만세구 향남읍 하길리 1470-4 102호,2026-06-25
584,씨유화성우림점,휴게음식점,2026-03-24,,3.3,"경기도 화성시 효행구 효행로291번길 43, 1층 일부호(2,3호) (기안동)","경기도 화성시 효행구 기안동 286-4 1층 일부호(2,3호) ",2026-06-25
585,귀한족발 화성향남점,일반음식점,2024-08-27,,98.76,"경기도 화성시 만세구 향남읍 상신하길로298번길 7-8, 102,103호",경기도 화성시 만세구 향남읍 하길리 1471 102-103호 ,2026-06-25
586,화성시니어클럽 노노카페(화성시효행구청점),휴게음식점,2026-03-26,031 -8059-4348,17.22,"경기도 화성시 효행구 봉담읍 최루백로 165, 효행구청 청사 1층 일부호",경기도 화성시 효행구 봉담읍 분천리 51-1 효행구청 청사 1층 일부호 ,2026-06-25
587,꽃소반쭈꾸미,일반음식점,2024-08-27,,44.84,"경기도 화성시 만세구 향남읍 삼천병마로 173-5, 101호",경기도 화성시 만세구 향남읍 평리 161-1 101호,2026-06-25
588,더캠프PC방,휴게음식점,2026-04-02,,13.22,"경기도 화성시 효행구 봉담읍 와우로 95, 2층 일부호",경기도 화성시 효행구 봉담읍 와우리 66 2층 일부호 ,2026-06-25
589,밥사랑,일반음식점,2024-08-28,,91,"경기도 화성시 만세구 향남읍 서해로 314, 1층 105호",경기도 화성시 만세구 향남읍 상신리 1167-6 1층 105호 ,2026-06-25
590,텐퍼센트커피 수원대점,휴게음식점,2026-04-15,,39,"경기도 화성시 효행구 봉담읍 와우로73번길 6, 태천센타 지하1층 B106 일부호",경기도 화성시 효행구 봉담읍 와우리 26-12 태천센타 지하1층 B106 일부호 ,2026-06-25
591,ANHOR RESTAURANT(안호르레스토랑),일반음식점,2024-08-28,,65.93,"경기도 화성시 만세구 향남읍 평3길 12, 1층 일부호",경기도 화성시 만세구 향남읍 평리 81-40 ,2026-06-25
592,우지커피 화성봉담상리점,휴게음식점,2026-04-28,,45.6,"경기도 화성시 효행구 봉담읍 상리3길 43-18, 지음프라자2 1동 1층 106호",경기도 화성시 효행구 봉담읍 상리 681-1 지음프라자2 1동 1층 106호 ,2026-06-25
593,태산갈비,일반음식점,2024-08-29,,651.34,"경기도 화성시 만세구 장안면 장안로 101, B동 1층,2층","경기도 화성시 만세구 장안면 어은리 332 B동 1층,2층 ",2026-06-25
594,소미담 화성봉담점,휴게음식점,2026-05-06,,57,"경기도 화성시 효행구 봉담읍 샘마을길 35-5, 1층 일부호(102호)",경기도 화성시 효행구 봉담읍 상리 11-24 1층 일부호(102호) ,2026-06-25
595,향참치초밥,일반음식점,2024-08-29,,72.64,"경기도 화성시 만세구 향남읍 향남로 50, 102호",경기도 화성시 만세구 향남읍 상신리 685 ,2026-06-25
596,씨유 봉담중흥클래스점,휴게음식점,2026-05-07,,3.3,"경기도 화성시 효행구 봉담읍 동화서북안길 51, 상가(109)동 105(일부)호 (봉담중흥S-클래스센트럴에듀)",경기도 화성시 효행구 봉담읍 동화리 172 봉담중흥S-클래스센트럴에듀 상가(109)동 105호(일부호) ,2026-06-25
597,덕이네 분식,일반음식점,2024-08-30,,46.36,"경기도 화성시 만세구 팔탄면 서촌길 26, 1층",경기도 화성시 만세구 팔탄면 구장리 555-1 1층 ,2026-06-25
598,달콤과일,휴게음식점,2026-05-07,,46.45,"경기도 화성시 효행구 봉담읍 오래2길 8-1, 1층 일부호",경기도 화성시 효행구 봉담읍 동화리 562-5 1층 일부호 ,2026-06-25
599,향남곱창,일반음식점,2024-09-02,,104.25,"경기도 화성시 만세구 향남읍 행정서로1길 31-11, 1층",경기도 화성시 만세구 향남읍 행정리 451-8 1층 ,2026-06-25
600,커피홀베이커리기안점,휴게음식점,2026-05-08,,86.1,"경기도 화성시 효행구 기배로43번길 5, 101호 (기안동)",경기도 화성시 효행구 기안동 426-1 101호 ,2026-06-25
601,송림짬뽕,일반음식점,2024-09-04,,96,"경기도 화성시 만세구 우정읍 버들로 1023, 일부호",경기도 화성시 만세구 우정읍 주곡리 40-39 ,2026-06-25
602,천씨씨커피 백리점,휴게음식점,2026-05-11,,83.3,"경기도 화성시 효행구 정남면 시청로 1600, 1층 일부호",경기도 화성시 효행구 정남면 백리 74-12 1층 일부호 ,2026-06-25
603,순우리한우명가,일반음식점,2024-09-11,031-351 -9999,170.1,"경기도 화성시 만세구 우정읍 조암말미길 1, 1층",경기도 화성시 만세구 우정읍 조암리 613-1 ,2026-06-25
604,커피에반하다,휴게음식점,2026-05-18,032 -891 -0090,26.3,"경기도 화성시 효행구 비봉면 푸른들판로 1267, 1층 일부호",경기도 화성시 효행구 비봉면 양노리 761-3 1층 일부호 ,2026-06-25
605,교맥동(화성향남점),일반음식점,2024-09-19,,46.8,"경기도 화성시 만세구 향남읍 발안양감로 205, 111호",경기도 화성시 만세구 향남읍 하길리 1467-3 111호,2026-06-25
606,클릭디저트카페,휴게음식점,2026-05-18,,48,"경기도 화성시 효행구 봉담읍 장등2길 6-35, 1동 1층 일부호(101호)",경기도 화성시 효행구 봉담읍 상리 640-3 1동 1층 일부호(101호) ,2026-06-25
607,훌랄라참숯치킨(향남2지구점),일반음식점,2024-09-23,,68.2,"경기도 화성시 만세구 향남읍 한절이1길 29-1, 102호",경기도 화성시 만세구 향남읍 하길리 1460-1 102호,2026-06-25
608,슈퍼크리스피 봉담점,휴게음식점,2026-05-21,,54.6,"경기도 화성시 효행구 봉담읍 동화길 93-14, 우신봉담빌딩 107호",경기도 화성시 효행구 봉담읍 동화리 600-2 우신봉담빌딩 107호 ,2026-06-25
609,제주도야지,일반음식점,2024-09-23,,54,"경기도 화성시 만세구 향남읍 장안로 894, 105,106호",경기도 화성시 만세구 향남읍 상신리 944-4 ,2026-06-25
610,디에스리테일,휴게음식점,2026-05-21,,44.75,"경기도 화성시 효행구 봉담읍 동화길 18, 화성국민체육센터 B1층 일부호",경기도 화성시 효행구 봉담읍 동화리 406-1 화성국민체육센터 B1층 일부호 ,2026-06-25
611,간지식당,일반음식점,2024-09-24,,28.56,"경기도 화성시 만세구 팔탄면 푸른들판로 664, 2층 일부호",경기도 화성시 만세구 팔탄면 구장리 23-4 ,2026-06-25
612,명류당티에프,휴게음식점,2026-06-01,070 -4300-9589,3.3,"경기도 화성시 효행구 봉담읍 상리1길 72, 이지바이 봉담점 1층 일부호",경기도 화성시 효행구 봉담읍 상리 691 이지바이 봉담점 1층 일부호 ,2026-06-25
613,네네치킨 향남점,일반음식점,2024-09-26,,28.56,"경기도 화성시 만세구 향남읍 한절이2길 14, 일부(103)호",경기도 화성시 만세구 향남읍 하길리 1450-4 ,2026-06-25
614,바나나 베이비카페,휴게음식점,2026-06-04,,80.72,"경기도 화성시 효행구 봉담읍 삼봉안3길 6-5, 프라이드스퀘어 1동 311호",경기도 화성시 효행구 봉담읍 내리 544 프라이드스퀘어 1동 311호 ,2026-06-25
615,더 바른 푸드,일반음식점,2024-09-26,,54,"경기도 화성시 만세구 양감면 송말길 3, 1층 일부",경기도 화성시 만세구 양감면 송산리 748 1층 일부 ,2026-06-25
616,텐바이트,휴게음식점,2026-06-04,,20.25,"경기도 화성시 효행구 효행로 229-9, 광도 와이드빌 상가 107호 (기안동)",경기도 화성시 효행구 기안동 328-1 광도 와이드빌 상가 107호 ,2026-06-25
617,효식당 부대찌개,일반음식점,2024-09-26,,95.79,"경기도 화성시 만세구 장안면 3.1만세로 555, 102호",경기도 화성시 만세구 장안면 수촌리 419-15 ,2026-06-25
618,꼬꼬꽈배기 화성본점,휴게음식점,2026-06-08,,31.75,"경기도 화성시 효행구 봉담읍 효행로 244, 신일,우남 클래식타운 상가동 105호","경기도 화성시 효행구 봉담읍 동화리 91-1 신일,우남 클래식타운, 상가동 105호 ",2026-06-25
619,역북집(향남점),일반음식점,2024-09-27,,72.38,"경기도 화성시 만세구 향남읍 행정죽전로4길 21, 102호",경기도 화성시 만세구 향남읍 행정리 505-14 ,2026-06-25
620,지에스25 봉담이편한점,휴게음식점,2026-06-11,,3.3,"경기도 화성시 효행구 봉담읍 신수길 6-21, 제1동 101호 일부호",경기도 화성시 효행구 봉담읍 상리 672-1 제1동 101호 일부호 ,2026-06-25
621,삼시세끼 한식뷔페,일반음식점,2024-09-30,,198,"경기도 화성시 만세구 팔탄면 온천로 82-79, 1층",경기도 화성시 만세구 팔탄면 덕우리 202-28 ,2026-06-25
622,메가엠지씨커피 남수원시티프라자점,휴게음식점,2026-06-15,,120.6,"경기도 화성시 효행구 효행로 241, 남수원씨티프라자 108, 109호 (기안동)","경기도 화성시 효행구 기안동 338-3 남수원씨티프라자 108, 109호 ",2026-06-25
623,고인숙 도토리 칼국수(팔탄본점),일반음식점,2024-10-07,,105.51,"경기도 화성시 만세구 팔탄면 서촌길21번길 6, 1층",경기도 화성시 만세구 팔탄면 구장리 552-5 ,2026-06-25
624,던킨 화성봉담2지구점,휴게음식점,2026-06-17,,49.2,"경기도 화성시 효행구 봉담읍 상리2길 55, 어반센터프라자, 104호","경기도 화성시 효행구 봉담읍 상리 690-1 어반센터프라자, 104호 ",2026-06-25
625,물고기자리 향남점,일반음식점,2024-10-07,,111.06,"경기도 화성시 만세구 향남읍 대밭로 47, 204호",경기도 화성시 만세구 향남읍 하길리 1467-1 ,2026-06-25
626,죽의신 향남점,일반음식점,2024-10-10,,31.28,"경기도 화성시 만세구 향남읍 행정서로2길 2-20, 1층 일부호",경기도 화성시 만세구 향남읍 행정리 421-1 ,2026-06-25
627,카페 로드100,일반음식점,2024-10-10,,54,"경기도 화성시 만세구 향남읍 발안공단로 100, 1층 일부",경기도 화성시 만세구 향남읍 구문천리 924-9 1층 일부 ,2026-06-25
628,생마차 화성향남점,일반음식점,2024-10-10,,66.42,"경기도 화성시 만세구 향남읍 상신하길로298번길 7-13, 102,103호",경기도 화성시 만세구 향남읍 하길리 1472-5 ,2026-06-25
629,한라맥주 향남2지구점,일반음식점,2024-10-11,,133.74,"경기도 화성시 만세구 향남읍 한절이1길 5, 1층 101호",경기도 화성시 만세구 향남읍 하길리 1463-3 1층전체호,2026-06-25
630,미쳐스닭발 향남점,일반음식점,2024-10-14,,34.99,"경기도 화성시 만세구 향남읍 행정서로1길 39-13, 101호",경기도 화성시 만세구 향남읍 행정리 449-3 ,2026-06-25
631,중국성,일반음식점,2024-10-15,,71.04,"경기도 화성시 만세구 향남읍 서봉로38번길 3, 1층 일부호",경기도 화성시 만세구 향남읍 상신리 703-1 ,2026-06-25
632,바베큐팩토리 화성점,일반음식점,2024-10-15,,255,"경기도 화성시 만세구 팔탄면 온천로 223, 1층(1동,A동,B동,C동,D동,E동,F동,G동,H동,I동,J동)","경기도 화성시 만세구 팔탄면 덕천리 375-55 1층(1동,A동,B동,C동,D동,E동,F동,G동,H동,I동,J동) ",2026-06-25
633,이천밥쌤 화성향남점,일반음식점,2024-10-15,,33.54,"경기도 화성시 만세구 향남읍 행정서로3길 4-36, 1층 102호",경기도 화성시 만세구 향남읍 행정리 426-12 ,2026-06-25
634,모모포차,일반음식점,2024-10-17,,42.56,"경기도 화성시 만세구 향남읍 행정동로 89, 가희프라자 1층 105호",경기도 화성시 만세구 향남읍 행정리 477-4 가희프라자 ,2026-06-25
635,별카페,일반음식점,2024-10-18,,80.3,"경기도 화성시 만세구 향남읍 평3길 10, 1층 104,105호",경기도 화성시 만세구 향남읍 평리 81-42 ,2026-06-25
636,동네포장마차,일반음식점,2024-10-21,,35,"경기도 화성시 만세구 향남읍 평4길 11, 102호",경기도 화성시 만세구 향남읍 평리 131-1 ,2026-06-25
637,장터국밥,일반음식점,2024-10-24,,33.06,"경기도 화성시 만세구 우정읍 조암서로22번길 21, 1층 일부호",경기도 화성시 만세구 우정읍 조암리 352-3 ,2026-06-25
638,장안국수,일반음식점,2024-10-24,,72,"경기도 화성시 만세구 장안면 장안로 380, 1층",경기도 화성시 만세구 장안면 독정리 632-1 ,2026-06-25
639,영웅김밥,일반음식점,2024-10-28,,42.56,"경기도 화성시 만세구 향남읍 행정동로 89, 가희프라자 102호",경기도 화성시 만세구 향남읍 행정리 477-4 가희프라자 ,2026-06-25
640,BBQ 화성사곡점,일반음식점,2024-11-04,,88.2,"경기도 화성시 만세구 장안면 기아자동차로 745, 3동 1층",경기도 화성시 만세구 장안면 사곡리 188-4 3동 1층 ,2026-06-25
641,이남장 율암온천점,일반음식점,2024-11-11,,76.8,"경기도 화성시 만세구 팔탄면 온천로 434-14, 1층 일부",경기도 화성시 만세구 팔탄면 율암리 842-8 1층 일부 ,2026-06-25
642,카페 율암,일반음식점,2024-11-11,,36,"경기도 화성시 만세구 팔탄면 온천로 434-14, 1층 일부",경기도 화성시 만세구 팔탄면 율암리 842-8 1층 일부 ,2026-06-25
643,한마음정육식당 화성향남2지구점,일반음식점,2024-11-12,031-353-1176,273.19,"경기도 화성시 만세구 향남읍 상신하길로298번길 11, 2층 207-209호",경기도 화성시 만세구 향남읍 하길리 1471-4 ,2026-06-25
644,BBQ 화성팔탄점,일반음식점,2024-11-14,,51.18,"경기도 화성시 만세구 팔탄면 시청로 807, 1층 일부호",경기도 화성시 만세구 팔탄면 율암리 177-6 1층 일부호 ,2026-06-25
645,언니네 떡볶이,일반음식점,2024-11-15,,33.54,"경기도 화성시 만세구 팔탄면 시청로 971, 1동 104호",경기도 화성시 만세구 팔탄면 구장리 33-4 ,2026-06-25
646,인계동언니만두,일반음식점,2024-11-22,,50,"경기도 화성시 만세구 향남읍 행정서로1길 9-7, 1동 101호",경기도 화성시 만세구 향남읍 행정리 458-5 1동 101호,2026-06-25
647,다라산길cafe,일반음식점,2024-11-25,,124.44,"경기도 화성시 만세구 우정읍 배미능골길 122-23, 1층",경기도 화성시 만세구 우정읍 화산리 1154-2 ,2026-06-25
648,집근처포장마차,일반음식점,2024-11-12,,42.97,"경기도 화성시 만세구 우정읍 남양만로 898, 1동 1층 일부호",경기도 화성시 만세구 우정읍 화산리 1199-2 ,2026-06-25
649,고맙소,일반음식점,2024-12-02,,82.98,"경기도 화성시 만세구 우정읍 조암로 22-2, 1층 일부호",경기도 화성시 만세구 우정읍 조암리 218-12 1층 일부호 ,2026-06-25
650,일품양평해장국 화성향남점,일반음식점,2024-12-03,,183.77,"경기도 화성시 만세구 향남읍 3.1만세로 1017, 1층",경기도 화성시 만세구 향남읍 발안리 152-11 ,2026-06-25
651,청춘포차,일반음식점,2024-12-04,,58.6,"경기도 화성시 만세구 향남읍 상신하길로 66, 드림시티 103호",경기도 화성시 만세구 향남읍 상신리 1327-4 ,2026-06-25
652,진제과점,제과점영업,2024-05-03,,70.68,"경기도 화성시 효행구 봉담읍 상리3길 51-9, 유니크센트럴 207호",경기도 화성시 효행구 봉담읍 상리 683-2 유니크센트럴 ,2026-06-25
653,돈까스콕 센트비어,일반음식점,2024-12-05,,60.3,"경기도 화성시 만세구 향남읍 한절이길 24, 1층 일부",경기도 화성시 만세구 향남읍 하길리 1455-6 1층 일부 ,2026-06-25
654,파리바게뜨 화성보보스,제과점영업,2024-05-23,,87.75,"경기도 화성시 효행구 효행로 287, 보보스프라자 108호 (기안동)",경기도 화성시 효행구 기안동 371-2 보보스프라자 ,2026-06-25
655,아이야미 도시락,일반음식점,2024-12-05,,38.94,"경기도 화성시 만세구 향남읍 손개1길 7-3, 102호",경기도 화성시 만세구 향남읍 상신리 1311-4 102호 ,2026-06-25
656,뚜레쥬르 봉담프라이드시티점,제과점영업,2024-09-13,,88.42,"경기도 화성시 효행구 봉담읍 삼봉안길 76, 243동 113호 (힐스테이트봉담프라이드시티)",경기도 화성시 효행구 봉담읍 내리 0 힐스테이트봉담프라이드시티 ,2026-06-25
657,정담한식뷔페,일반음식점,2024-12-09,,180,"경기도 화성시 만세구 향남읍 상신하길로 74, 117,118,119,120호","경기도 화성시 만세구 향남읍 상신리 1327-2 117,118,119,120호 ",2026-06-25
658,레이어,제과점영업,2024-11-26,,397.21,"경기도 화성시 효행구 봉담읍 와우안길 100, 1~4층",경기도 화성시 효행구 봉담읍 와우리 156-125 ,2026-06-25
659,장안이글스크린,일반음식점,2024-12-12,,11.03,"경기도 화성시 만세구 장안면 장안공단2길 18, 2동 1층 일부호",경기도 화성시 만세구 장안면 수촌리 1475 ,2026-06-25
660,라빵누아,제과점영업,2024-12-11,,37.14,"경기도 화성시 효행구 봉담읍 삼천병마로 1283, 엘타워 110호",경기도 화성시 효행구 봉담읍 상리 27-2 ,2026-06-25
661,행복을 담은 한식뷔페,일반음식점,2024-12-12,,206.94,"경기도 화성시 만세구 장안면 장안로 257, 1층 일부호",경기도 화성시 만세구 장안면 어은리 552-1 ,2026-06-25
662,달빛에구운고등어 화성향남점,일반음식점,2024-12-13,031-352 -8892,276.05,"경기도 화성시 만세구 향남읍 푸른들판로 161, 1층 전체호",경기도 화성시 만세구 향남읍 도이리 197-14 ,2026-06-25
663,파리바게뜨 내리지구점,제과점영업,2025-02-04,,101.84,"경기도 화성시 효행구 봉담읍 삼봉안3길 18, 105호,106호","경기도 화성시 효행구 봉담읍 내리 877 105호,106호 ",2026-06-25
664,찐이야숯불치킨 화성향남점,일반음식점,2024-12-18,,45,"경기도 화성시 만세구 향남읍 행정죽전로4길 21, 일부(103)호",경기도 화성시 만세구 향남읍 행정리 505-14 ,2026-06-25
665,버들풍경카페,제과점영업,2025-02-06,,41.54,"경기도 화성시 효행구 비봉면 남이로 383, 1층 일부",경기도 화성시 효행구 비봉면 유포리 77-12 1층 일부 ,2026-06-25
666,이화진감자탕,일반음식점,2024-12-19,,78.32,"경기도 화성시 만세구 팔탄면 무하로 144, 101호",경기도 화성시 만세구 팔탄면 하저리 930-66 101호 ,2026-06-25
667,빵빵케이크,제과점영업,2025-02-13,,40,"경기도 화성시 효행구 봉담읍 참샘길 33, 상가동 111호 (해오름마을봉담그대가2단지아파트)",경기도 화성시 효행구 봉담읍 와우리 240 해오름마을봉담그대가2단지아파트 ,2026-06-25
668,백돈 화성향남점,일반음식점,2024-12-20,,38,"경기도 화성시 만세구 향남읍 한절이1길 26, 102호",경기도 화성시 만세구 향남읍 하길리 1459-8 ,2026-06-25
669,로브아(LAUBEA),제과점영업,2025-04-25,,43,"경기도 화성시 효행구 봉담읍 진등1길 51, 1층 일부호(101호)",경기도 화성시 효행구 봉담읍 수영리 651-17 1층 일부호(101호) ,2026-06-25
670,붕어빵 아저씨네,일반음식점,2024-03-25,,22.32,"경기도 화성시 만세구 향남읍 행정서로1길 35-21, 1층(101호) 일부",경기도 화성시 만세구 향남읍 행정리 450-2 1층(101호) 일부 ,2026-06-25
671,파리바게뜨 화성비봉점,제과점영업,2025-06-25,,92.88,"경기도 화성시 효행구 비봉면 간곡1길 5, 103,104,105호","경기도 화성시 효행구 비봉면 삼화리 1899-1 103,1호",2026-06-25
672,찌고집646,일반음식점,2024-03-21,,148.46,"경기도 화성시 만세구 양감면 토성로 646, 1층 일부호",경기도 화성시 만세구 양감면 송산리 704-1 ,2026-06-25
673,TONE.8(톤에잇),제과점영업,2025-07-02,,67.08,"경기도 화성시 효행구 봉담읍 장등2길 15, 일부호",경기도 화성시 효행구 봉담읍 상리 633-6 ,2026-06-25
674,HSC케어프렌드,일반음식점,2024-04-08,,128.1,"경기도 화성시 만세구 향남읍 행정서로3길 22-14, 1층 전체호",경기도 화성시 만세구 향남읍 행정리 431-5 1층전체호,2026-06-25
675,rang cake 랑케이크,제과점영업,2025-10-15,,33.84,"경기도 화성시 효행구 효행로265번길 14, 신영메디칼센타 1층 102호 (기안동)",경기도 화성시 효행구 기안동 354-5 신영메디칼센타 1층 102호 ,2026-06-25
676,또봉이통닭(화성향남상신점),일반음식점,2025-01-02,,57.2,경기도 화성시 만세구 향남읍 상신하길로144번길 22-13,경기도 화성시 만세구 향남읍 상신리 1298 ,2026-06-25
677,두 크로와상,제과점영업,2026-01-12,,29.24,"경기도 화성시 효행구 봉담읍 장등1길 3-18, 1동 1층 일부호",경기도 화성시 효행구 봉담읍 상리 627-2 1동 1층 일부호 ,2026-06-25
678,한상차림 코다리명가 향남점,일반음식점,2025-01-08,,274.68,"경기도 화성시 만세구 향남읍 푸른들판로 171, 1층 전체호",경기도 화성시 만세구 향남읍 도이리 197-90 1층 전체 ,2026-06-25
679,맛고을 한식뷔페,일반음식점,2025-01-09,,150.5,"경기도 화성시 만세구 장안면 수촌길 120-3, 1층",경기도 화성시 만세구 장안면 수촌리 230-7 1층 ,2026-06-25
680,아시아 호프카페,일반음식점,2025-01-10,,26,"경기도 화성시 만세구 향남읍 3.1만세로 1109-3, 1층 108호",경기도 화성시 만세구 향남읍 평리 89-15 1층 108호 ,2026-06-25
681,해락,일반음식점,2025-01-13,,91.4,"경기도 화성시 만세구 향남읍 상신하길로298번길 7-23, 704호",경기도 화성시 만세구 향남읍 하길리 1470-4 704호 ,2026-06-25
682,김여사네왕갈비탕,일반음식점,2025-01-14,,90.02,"경기도 화성시 만세구 향남읍 서해로535번길 33-1, 1층",경기도 화성시 만세구 향남읍 상신리 87-33 1층 ,2026-06-25
683,대도 계절포차,일반음식점,2025-01-15,,43.74,"경기도 화성시 만세구 향남읍 상신하길로298번길 7-9, 104호",경기도 화성시 만세구 향남읍 하길리 1472-3 104호 ,2026-06-25
684,늘푸른식당,일반음식점,2025-01-17,,165.66,"경기도 화성시 만세구 장안면 3.1만세로 551, 1층 일부호",경기도 화성시 만세구 장안면 수촌리 419-27 ,2026-06-25
685,상하이,일반음식점,2025-01-20,,130.98,"경기도 화성시 만세구 향남읍 행정서로1길 9-6, 1층",경기도 화성시 만세구 향남읍 행정리 457-9 ,2026-06-25
686,청춘생고기왕갈비탕,일반음식점,2025-01-21,,157.5,"경기도 화성시 만세구 팔탄면 3.1만세로 836, 1층 전체",경기도 화성시 만세구 팔탄면 매곡리 132-1 1층 전체 ,2026-06-25
687,닭튜브,일반음식점,2025-02-04,,114.48,"경기도 화성시 만세구 향남읍 상신하길로135번길 6-13, 1층 전체",경기도 화성시 만세구 향남읍 상신리 1284-10 1층 전체 ,2026-06-25
688,우도석갈비&막국수,일반음식점,2025-02-05,,64,"경기도 화성시 만세구 향남읍 행정죽전로1길 10-24, 102호",경기도 화성시 만세구 향남읍 행정리 501-8 ,2026-06-25
689,냉면명가,일반음식점,2025-02-06,,103.6,"경기도 화성시 만세구 향남읍 장안로 851, 1층 일부호",경기도 화성시 만세구 향남읍 상신리 1150-17 ,2026-06-25
690,발안 순대국,일반음식점,2025-02-12,,54.96,"경기도 화성시 만세구 향남읍 발안남로55번길 27, 108호",경기도 화성시 만세구 향남읍 발안리 139-5 ,2026-06-25
691,다다한식뷔페,일반음식점,2025-02-12,,71.28,"경기도 화성시 만세구 향남읍 상신하길로 66, 205호",경기도 화성시 만세구 향남읍 상신리 1327-4 ,2026-06-25
692,김치찜참잘하는집,일반음식점,2025-02-12,,14.4,"경기도 화성시 만세구 향남읍 행정서로1길 35-21, 1층(101호) 일부",경기도 화성시 만세구 향남읍 행정리 450-2 1층(101호) 일부 ,2026-06-25
693,백잔커피,일반음식점,2025-02-14,,62.56,"경기도 화성시 만세구 장안면 돌서지길 144, 1층 일부호",경기도 화성시 만세구 장안면 석포리 675-3 ,2026-06-25
694,밥심,일반음식점,2025-02-19,,94.5,경기도 화성시 만세구 양감면 초록로 497-2,경기도 화성시 만세구 양감면 사창리 543-3 1층 일부 ,2026-06-25
695,따뜻한 밥상 한식뷔페,일반음식점,2025-02-20,,132.96,"경기도 화성시 만세구 장안면 무봉길 166-39, 1층 전체호",경기도 화성시 만세구 장안면 석포리 556-21 ,2026-06-25
696,KIM'S(킴스),일반음식점,2025-02-21,,33.3,"경기도 화성시 만세구 향남읍 행정서로3길 4-28, 1층 일부호(101호)",경기도 화성시 만세구 향남읍 행정리 426-9 1층 일부호(101호) ,2026-06-25
697,그로아쿠(자담치킨 화성팔탄점),일반음식점,2025-02-21,,158.79,"경기도 화성시 만세구 팔탄면 푸른들판로 631, 2층 202호",경기도 화성시 만세구 팔탄면 구장리 117 2층 202호 ,2026-06-25
698,현모네식당,일반음식점,2025-02-24,,34.7,"경기도 화성시 만세구 우정읍 조암남로 47, 1층 일부호",경기도 화성시 만세구 우정읍 조암리 263-1 ,2026-06-25
699,화성 수육 순대국,일반음식점,2025-02-27,,131.08,"경기도 화성시 만세구 향남읍 발안공단로 98, 상신프라자 101, 102호",경기도 화성시 만세구 향남읍 구문천리 924-8 상신프라자 ,2026-06-25
700,쉐프 차이나,일반음식점,2025-02-28,,252,"경기도 화성시 만세구 장안면 포승장안로 1514, 1층 전체호",경기도 화성시 만세구 장안면 어은리 706-18 ,2026-06-25
701,천복집 흑염소(팔탄점),일반음식점,2025-03-06,,197.76,"경기도 화성시 만세구 팔탄면 3.1만세로 737, 1층 전체호",경기도 화성시 만세구 팔탄면 해창리 10-8 ,2026-06-25
702,신통치킨 상신점,일반음식점,2025-03-06,,49.05,"경기도 화성시 만세구 향남읍 손개1길 7-3, 107호",경기도 화성시 만세구 향남읍 상신리 1311-4 107호 ,2026-06-25
703,또와유청정명태간장조림2호점,일반음식점,2025-03-07,,103.31,"경기도 화성시 만세구 향남읍 행정서로1길 51-1, 1층 전체호",경기도 화성시 만세구 향남읍 행정리 446-3 ,2026-06-25
704,밥향기 한식부페,일반음식점,2025-03-10,,212.05,"경기도 화성시 만세구 장안면 장안로227번길 134-4, 1층 전체",경기도 화성시 만세구 장안면 수촌리 1029-42 1층 전체 ,2026-06-25
705,바삭한 진미통닭,일반음식점,2025-03-11,,43.5,"경기도 화성시 만세구 우정읍 기아자동차로 719, 나동 1층 일부",경기도 화성시 만세구 우정읍 화산리 3-18 나동 1층 일부 ,2026-06-25
706,어스 샌드위치,일반음식점,2025-03-12,,49.14,"경기도 화성시 만세구 향남읍 상신하길로298번길 7-8, 106호",경기도 화성시 만세구 향남읍 하길리 1471 ,2026-06-25
707,김가소채관,일반음식점,2025-03-14,,62.74,"경기도 화성시 만세구 향남읍 3.1만세로 1109-4, 1층 일부호",경기도 화성시 만세구 향남읍 평리 89-8 ,2026-06-25
708,태고 철산집,일반음식점,2025-03-14,,34.02,"경기도 화성시 만세구 팔탄면 약수터길 3-1, 1동 1층 101호 (명성로즈빌)",경기도 화성시 만세구 팔탄면 구장리 825-17 명성로즈빌 1동 101호,2026-06-25
709,육해공마을,일반음식점,2025-03-17,,136.5,"경기도 화성시 만세구 향남읍 한절이1길 6-4, 101호",경기도 화성시 만세구 향남읍 하길리 1457-8 ,2026-06-25
710,올라봄,일반음식점,2025-03-20,,97,"경기도 화성시 만세구 향남읍 향봉로 84, 1층",경기도 화성시 만세구 향남읍 도이리 1-1 ,2026-06-25
711,방과후 추억,일반음식점,2025-03-20,,64.51,"경기도 화성시 만세구 향남읍 행정서로2길 28-25, 101호",경기도 화성시 만세구 향남읍 행정리 417-9 ,2026-06-25
712,효자동솥뚜껑 화성향남점,일반음식점,2025-03-31,,137.32,"경기도 화성시 만세구 향남읍 행정서로3길 12-12, 101호",경기도 화성시 만세구 향남읍 행정리 428-4 101호 ,2026-06-25
713,십리양꼬치,일반음식점,2025-03-28,,52.78,"경기도 화성시 만세구 향남읍 한절이1길 26, 101호",경기도 화성시 만세구 향남읍 하길리 1459-8 ,2026-06-25
714,한계령,일반음식점,2025-04-03,,246,"경기도 화성시 만세구 팔탄면 푸른들판로 712-7, DCT-MALL (로비1층)지하1층층",경기도 화성시 만세구 팔탄면 구장리 3-1 DCT-MALL ,2026-06-25
715,대명한식뷔페,일반음식점,2025-04-07,,115.56,"경기도 화성시 만세구 팔탄면 무하로 187-1, 1층 일부",경기도 화성시 만세구 팔탄면 하저리 942-1 1층 일부 ,2026-06-25
716,걸작떡볶이 향남상신점,일반음식점,2025-04-08,,47.06,"경기도 화성시 만세구 향남읍 상신하길로144번길 21-13, 102호",경기도 화성시 만세구 향남읍 상신리 1296-6 ,2026-06-25
717,피자알볼로 발안향남점,일반음식점,2025-04-08,,61.68,"경기도 화성시 만세구 향남읍 한절이2길 5-22, 102호",경기도 화성시 만세구 향남읍 하길리 1454-8 ,2026-06-25
718,통큰아재삼겹살,일반음식점,2025-04-09,,78.31,"경기도 화성시 만세구 향남읍 상신하길로126번길 21, 109,110호",경기도 화성시 만세구 향남읍 상신리 1295-5 ,2026-06-25
719,도이제,일반음식점,2025-04-10,,168,"경기도 화성시 만세구 향남읍 향남로 130-1, 1층",경기도 화성시 만세구 향남읍 하길리 384-19 ,2026-06-25
720,어탐한상,일반음식점,2025-04-11,,134.6,"경기도 화성시 만세구 향남읍 한절이2길 15, 1층",경기도 화성시 만세구 향남읍 하길리 1453-5 1층 ,2026-06-25
721,역전할머니맥주 화성향남상신점,일반음식점,2025-04-14,,78.31,"경기도 화성시 만세구 향남읍 상신하길로126번길 21, 111, 112호",경기도 화성시 만세구 향남읍 상신리 1295-5 ,2026-06-25
722,마당손칼국수,일반음식점,2025-04-17,,128,"경기도 화성시 만세구 향남읍 서봉로 122, 102호",경기도 화성시 만세구 향남읍 하길리 666-9 ,2026-06-25
723,킹윤,일반음식점,2025-04-18,,49.5,"경기도 화성시 만세구 향남읍 상신하길로328번길 26, 115호",경기도 화성시 만세구 향남읍 하길리 1467 ,2026-06-25
724,파씨오네,일반음식점,2025-04-24,,66.99,"경기도 화성시 만세구 우정읍 조암북로67번길 5, 1층",경기도 화성시 만세구 우정읍 조암리 232-9 1층 ,2026-06-25
725,신의주순대와쭈꾸미,일반음식점,2025-04-24,,105.7,"경기도 화성시 만세구 향남읍 상신하길로328번길 8-13, 114,115호","경기도 화성시 만세구 향남읍 하길리 1466 114,115호 ",2026-06-25
726,꾸석지 향남2지구점,일반음식점,2025-04-25,,124.19,경기도 화성시 만세구 향남읍 한절이1길 6-18,경기도 화성시 만세구 향남읍 하길리 1456-8 ,2026-06-25
727,"베트남쌀국수,향남돌솥쌀국수",일반음식점,2025-04-28,,121.6,"경기도 화성시 만세구 향남읍 행정서로1길 31-10, 1층",경기도 화성시 만세구 향남읍 행정리 450-13 1층 ,2026-06-25
728,커피,일반음식점,2025-04-29,,36,"경기도 화성시 만세구 팔탄면 온천로 437, 103호",경기도 화성시 만세구 팔탄면 율암리 835-10 ,2026-06-25
729,딸기카페,일반음식점,2025-04-30,,56,"경기도 화성시 만세구 향남읍 평2길 10, 101호",경기도 화성시 만세구 향남읍 평리 81-57 ,2026-06-25
730,88짬뽕,일반음식점,2025-04-30,,159.85,"경기도 화성시 만세구 팔탄면 3.1만세로 656, 1동 1층 전체",경기도 화성시 만세구 팔탄면 해창리 166-6 1동 1층 전체 ,2026-06-25
731,선영 간장게장,일반음식점,2025-05-02,,198,"경기도 화성시 만세구 향남읍 향남로 42-11, 1층 전체",경기도 화성시 만세구 향남읍 상신리 698-5 1층 전체 ,2026-06-25
732,카카오프렌즈 향남읍,일반음식점,2025-05-02,,80.45,"경기도 화성시 만세구 향남읍 상신하길로144번길 4, 201호 일부호",경기도 화성시 만세구 향남읍 상신리 1294-2 ,2026-06-25
733,돌카페,일반음식점,2025-05-09,,45.2,경기도 화성시 만세구 팔탄면 서촌길 14,경기도 화성시 만세구 팔탄면 구장리 527-32 ,2026-06-25
734,육미 정육식당,일반음식점,2025-05-13,,144.18,"경기도 화성시 만세구 향남읍 한절이2길 10, 1층 일부",경기도 화성시 만세구 향남읍 하길리 1451-5 1층 일부 ,2026-06-25
735,두레밥상둥근,일반음식점,2025-05-14,,231,"경기도 화성시 만세구 팔탄면 제암고주로 112, 1층 전체",경기도 화성시 만세구 팔탄면 고주리 197-2 1층 전체 ,2026-06-25
736,명품한정식뷔페,일반음식점,2025-05-16,,198,"경기도 화성시 만세구 장안면 수정로 147-3, 1층 일부호",경기도 화성시 만세구 장안면 독정리 660-14 ,2026-06-25
737,황제찹쌀꽈배기,일반음식점,2025-05-16,,24.38,"경기도 화성시 만세구 향남읍 발안로 611, 102호",경기도 화성시 만세구 향남읍 송곡리 305-1 ,2026-06-25
738,삼삼오오 맛집,일반음식점,2025-05-19,,127.1,"경기도 화성시 만세구 팔탄면 온천로 68, 1층 일부",경기도 화성시 만세구 팔탄면 덕우리 220-15 1층 일부 ,2026-06-25
739,BAR(태),일반음식점,2025-05-20,,97.7,"경기도 화성시 만세구 향남읍 발안양감로 195, 501호",경기도 화성시 만세구 향남읍 하길리 1465-5 ,2026-06-25
740,곱창의전설,일반음식점,2025-05-22,,26.27,"경기도 화성시 만세구 향남읍 행정서로1길 13-12, 101호의 일부호",경기도 화성시 만세구 향남읍 행정리 456-11 ,2026-06-25
741,외길곱창,일반음식점,2025-05-22,,26.34,"경기도 화성시 만세구 향남읍 행정서로1길 13-12, 101호의 일부호",경기도 화성시 만세구 향남읍 행정리 456-11 ,2026-06-25
742,막창굽는할매곱창&닭발,일반음식점,2025-05-22,,26.27,"경기도 화성시 만세구 향남읍 행정서로1길 13-12, 101호의 일부호",경기도 화성시 만세구 향남읍 행정리 456-11 ,2026-06-25
743,구백냥곱창,일반음식점,2025-05-22,,32.87,"경기도 화성시 만세구 향남읍 행정서로1길 13-12, 101호의 일부",경기도 화성시 만세구 향남읍 행정리 456-11 ,2026-06-25
744,탐나는 피자,일반음식점,2025-05-30,,45.66,"경기도 화성시 만세구 향남읍 행정서로1길 31-4, 102호",경기도 화성시 만세구 향남읍 행정리 450-11 ,2026-06-25
745,와트 앙코르,일반음식점,2025-06-02,,125.36,"경기도 화성시 만세구 향남읍 3.1만세로 1126, 2층 일부호",경기도 화성시 만세구 향남읍 평리 30-4 2층 일부호 ,2026-06-25
746,썸타는 쭈꾸미,일반음식점,2025-06-02,,57.6,"경기도 화성시 만세구 향남읍 발안양감로 193, 에코프라자 101호",경기도 화성시 만세구 향남읍 하길리 1465-4 에코프라자 101호 ,2026-06-25
747,주훈최고다국밥(행정점),일반음식점,2025-06-04,,178.3,"경기도 화성시 만세구 향남읍 행정죽전로 41, 1층 전체호",경기도 화성시 만세구 향남읍 행정리 503-2 ,2026-06-25
748,파인,일반음식점,2025-06-09,,458.02,"경기도 화성시 만세구 향남읍 토성로 383-43, 2동 3층 전체호 및 1층 일부호",경기도 화성시 만세구 향남읍 요리 91-2 ,2026-06-25
749,율고을 향남점,일반음식점,2025-06-10,,134.92,"경기도 화성시 만세구 향남읍 상신하길로 2-12, 102호",경기도 화성시 만세구 향남읍 상신리 842 ,2026-06-25
750,해마루순대국,일반음식점,2025-06-16,,119.87,"경기도 화성시 만세구 우정읍 조암북로68번길 12-5, 103,104,105호",경기도 화성시 만세구 우정읍 조암리 810-2 ,2026-06-25
751,하누가미소,일반음식점,2025-06-16,,182.6,"경기도 화성시 만세구 향남읍 서봉로 62, 1층",경기도 화성시 만세구 향남읍 상신리 726-2 ,2026-06-25
752,한끼대접 향남점,일반음식점,2025-06-17,,127.38,"경기도 화성시 만세구 향남읍 상신하길로135번길 10-12, 1층 101호",경기도 화성시 만세구 향남읍 상신리 1284-3 1층 전체 ,2026-06-25
753,오짬뽕,일반음식점,2025-06-18,031-354 -3777,136.68,"경기도 화성시 만세구 향남읍 행정서로1길 31-22, 1층",경기도 화성시 만세구 향남읍 행정리 450-17 ,2026-06-25
754,소바랑 화성향남점,일반음식점,2025-06-19,,220,"경기도 화성시 만세구 향남읍 향남로 52, 1층",경기도 화성시 만세구 향남읍 상신리 685-4 ,2026-06-25
755,복무대로 냉면,일반음식점,2025-06-24,,92.8,"경기도 화성시 만세구 향남읍 발안남로55번길 20, 101호",경기도 화성시 만세구 향남읍 발안리 409 ,2026-06-25
756,뽁당볶음밥&나혼자카츠나베 향남점,일반음식점,2025-06-24,,32,"경기도 화성시 만세구 향남읍 한절이길 23, 1층 일부(104호)호",경기도 화성시 만세구 향남읍 하길리 1456-2 ,2026-06-25
757,또봉이통닭 화성하길점,일반음식점,2025-06-25,,31.36,"경기도 화성시 만세구 향남읍 방죽로 22-7, S001동 3호",경기도 화성시 만세구 향남읍 하길리 1495 외 3필지 ,2026-06-25
758,춘향전,일반음식점,2025-06-26,,88.93,"경기도 화성시 만세구 향남읍 행정죽전로1길 42, 102호",경기도 화성시 만세구 향남읍 행정리 497-9 ,2026-06-25
759,샘의나라 레스토랑,일반음식점,2025-06-26,,130.27,"경기도 화성시 만세구 우정읍 조암남로 34-1, 지하1층 전체호",경기도 화성시 만세구 우정읍 조암리 270-21 ,2026-06-25
760,봉울채,일반음식점,2025-06-27,,96.55,"경기도 화성시 만세구 장안면 기아자동차로 781, 1층",경기도 화성시 만세구 장안면 사곡리 166-6 ,2026-06-25
761,스시선,일반음식점,2025-06-27,,99.84,"경기도 화성시 만세구 향남읍 상신하길로298번길 7-21, 1동 301호",경기도 화성시 만세구 향남읍 하길리 1470-2 ,2026-06-25
762,반값족발 향남점,일반음식점,2025-06-30,,81.8,"경기도 화성시 만세구 향남읍 상신하길로135번길 5-10, 101호",경기도 화성시 만세구 향남읍 상신리 1289-8 ,2026-06-25
763,황비홍,일반음식점,2025-06-30,,164.2,"경기도 화성시 만세구 장안면 사랑길 110-4, 1층",경기도 화성시 만세구 장안면 사랑리 430 ,2026-06-25
764,"감성칼국수,맛있지아니한가",일반음식점,2025-06-30,,165.6,"경기도 화성시 만세구 장안면 장안로 363-4, 1층 일부호",경기도 화성시 만세구 장안면 독정리 643-1 1층 일부호 ,2026-06-25
765,하피랜드푸드,일반음식점,2025-06-30,,144,"경기도 화성시 만세구 팔탄면 시청로 888, 1층 일부",경기도 화성시 만세구 팔탄면 율암리 483-26 1층 일부 ,2026-06-25
766,동네포차,일반음식점,2025-07-01,,37.51,"경기도 화성시 만세구 향남읍 행정서로 18, 향남시범 한우물마을 휴먼시아 상가동 101호",경기도 화성시 만세구 향남읍 행정리 463 향남시범 한우물마을 휴먼시아 ,2026-06-25
767,장안국수 향남점,일반음식점,2025-07-01,,123.84,"경기도 화성시 만세구 향남읍 서봉로 560, 1층 일부호",경기도 화성시 만세구 향남읍 관리 217-4 ,2026-06-25
768,이씨네 호프,일반음식점,2025-07-02,,46,"경기도 화성시 만세구 향남읍 상신하길로 326, 탑스프라자 1동 108호",경기도 화성시 만세구 향남읍 하길리 1465 탑스프라자 1동 108호 ,2026-06-25
769,율암국수,일반음식점,2025-07-07,,62.8,"경기도 화성시 만세구 팔탄면 노하길 518, 105호",경기도 화성시 만세구 팔탄면 율암리 483-14 ,2026-06-25
770,우가든 참숯소갈비향남점,일반음식점,2025-07-09,,168.36,"경기도 화성시 만세구 향남읍 발안양감로 201, 206호",경기도 화성시 만세구 향남읍 하길리 1467-4 ,2026-06-25
771,부하라카페(BUKHARA KAFE),일반음식점,2025-07-09,,42.38,"경기도 화성시 만세구 향남읍 평3길 18, 아시아나빌딩 102호",경기도 화성시 만세구 향남읍 평리 80-36 아시아나빌딩 ,2026-06-25
772,츄잉당,일반음식점,2025-07-11,,43.4,"경기도 화성시 만세구 향남읍 행정동로 95, 101호",경기도 화성시 만세구 향남읍 행정리 477-2 ,2026-06-25
773,전주한식,일반음식점,2025-07-11,,49.17,"경기도 화성시 만세구 양감면 은행나무로62번길 26, 1층 일부호",경기도 화성시 만세구 양감면 요당리 110-63 ,2026-06-25
774,도토리호프,일반음식점,2025-07-17,,39.7,"경기도 화성시 만세구 향남읍 상신하길로273번길 57, 상가1동 105호 (모아미래도에듀파크서봉마을4단지)",경기도 화성시 만세구 향남읍 하길리 1515 모아미래도에듀파크서봉마을4단지 ,2026-06-25
775,일품양평해장국 화성조암점,일반음식점,2025-07-21,,138.05,"경기도 화성시 만세구 우정읍 3.1만세로 45-6, 1층 일부호",경기도 화성시 만세구 우정읍 조암리 270-48 ,2026-06-25
776,월간맥주 향남지구점,일반음식점,2025-07-22,,126.93,"경기도 화성시 만세구 향남읍 한절이1길 9, 1층",경기도 화성시 만세구 향남읍 하길리 1462-5 ,2026-06-25
777,나랑羊꼬치,일반음식점,2025-07-29,,41.25,"경기도 화성시 만세구 향남읍 발안남로55번길 19, 107호",경기도 화성시 만세구 향남읍 발안리 127-16 107호 ,2026-06-25
778,꼴통밥상,일반음식점,2025-07-30,,40.5,"경기도 화성시 만세구 향남읍 발안남로55번길 26-6, 일부(102)호",경기도 화성시 만세구 향남읍 발안리 413 ,2026-06-25
779,매직,일반음식점,2025-07-31,,90.6,"경기도 화성시 만세구 장안면 기아자동차로 756, 2층",경기도 화성시 만세구 장안면 사곡리 187-6 2층 ,2026-06-25
780,족발야시장 향남점 무청감자탕 향남점,일반음식점,2025-07-31,,79.82,"경기도 화성시 만세구 향남읍 행정죽전로4길 5, 103호",경기도 화성시 만세구 향남읍 행정리 505-3 ,2026-06-25
781,좋은하루,일반음식점,2025-08-04,,40.4,"경기도 화성시 만세구 향남읍 평2길 4, 1층",경기도 화성시 만세구 향남읍 평리 81-30 1층 ,2026-06-25
782,백암진순대국 왕뼈해장국,일반음식점,2025-08-07,,98.68,"경기도 화성시 만세구 향남읍 장안로 894, 1층 일부호(101,102,103호)","경기도 화성시 만세구 향남읍 상신리 944-4 1층 일부호(101,102,103호) ",2026-06-25
783,돈필살(향남점),일반음식점,2025-08-11,,99,"경기도 화성시 만세구 향남읍 상신하길로328번길 26, 1층 116, 117호",경기도 화성시 만세구 향남읍 하길리 1467 ,2026-06-25
784,태산부대찌개,일반음식점,2025-08-13,,262.24,"경기도 화성시 만세구 장안면 장안로 101, A동 1층",경기도 화성시 만세구 장안면 어은리 332 ,2026-06-25
785,남도고기밥상,일반음식점,2025-08-14,,199.74,"경기도 화성시 만세구 양감면 초록로 20-6, 2동",경기도 화성시 만세구 양감면 신왕리 605-4 2동 ,2026-06-25
786,향남와인팜,일반음식점,2025-08-14,,40.18,"경기도 화성시 만세구 향남읍 한절이2길 38, 1층 일부호",경기도 화성시 만세구 향남읍 하길리 1448-1 ,2026-06-25
787,썬다방(카페),일반음식점,2025-08-14,,39.67,"경기도 화성시 만세구 향남읍 평3길 12, 1층 일부호",경기도 화성시 만세구 향남읍 평리 81-40 ,2026-06-25
788,통삼국 향남점,일반음식점,2025-08-18,,96.18,"경기도 화성시 만세구 향남읍 발안양감로 187, 105,106호",경기도 화성시 만세구 향남읍 하길리 1465-2 ,2026-06-25
789,피카소 다방,일반음식점,2025-08-19,,54.18,"경기도 화성시 만세구 향남읍 평1길 15, 지하 1층",경기도 화성시 만세구 향남읍 평리 86-7 ,2026-06-25
790,온담,일반음식점,2025-08-27,,164.2,"경기도 화성시 만세구 장안면 3.1만세로 431, 1층",경기도 화성시 만세구 장안면 수촌리 939-9 ,2026-06-25
791,도래,일반음식점,2025-08-27,,31.91,"경기도 화성시 만세구 향남읍 방죽로 22-7, 2호 (화성향남 22단지)",경기도 화성시 만세구 향남읍 하길리 1495 화성향남 22단지 2호,2026-06-25
792,회담,일반음식점,2025-08-28,,134.36,"경기도 화성시 만세구 향남읍 한절이1길 6-12, 101호",경기도 화성시 만세구 향남읍 하길리 1457 ,2026-06-25
793,냉칼 연구소,일반음식점,2025-08-29,,148.46,"경기도 화성시 만세구 향남읍 행정서로3길 12-2, 1층 전체호",경기도 화성시 만세구 향남읍 행정리 428-2 ,2026-06-25
794,인생아구찜 향남점,일반음식점,2025-09-02,,47.58,"경기도 화성시 만세구 향남읍 행정중앙1로 14, 제이에스플라자 113호",경기도 화성시 만세구 향남읍 행정리 462-5 제이에스플라자 ,2026-06-25
795,방가네한우정육식당,일반음식점,2025-09-02,,342.5,"경기도 화성시 만세구 향남읍 행정죽전로2길 22-23, 1층 일부호",경기도 화성시 만세구 향남읍 방축리 146-1 ,2026-06-25
796,본점 산낙지마을,일반음식점,2025-09-03,,118,"경기도 화성시 만세구 팔탄면 버들로 1553, 1동 일부호",경기도 화성시 만세구 팔탄면 월문리 197-6 1동 일부호 ,2026-06-25
797,명랑부대찌개&밀키트 화성향남점,일반음식점,2025-09-08,,48,"경기도 화성시 만세구 향남읍 하길로 69, 101-1호 (화성향남오색마을사랑으로부영9단지)",경기도 화성시 만세구 향남읍 하길리 1507 화성향남오색마을사랑으로부영9단지 ,2026-06-25
798,탕화쿵푸마라탕 향남2지구점,일반음식점,2025-09-08,,75.01,"경기도 화성시 만세구 향남읍 발안양감로 211, 108호",경기도 화성시 만세구 향남읍 하길리 1467-2 ,2026-06-25
799,이가네부대찌개,일반음식점,2025-09-11,,165.6,"경기도 화성시 만세구 장안면 장안로 363-4, 1동 1층 일부호(2호)",경기도 화성시 만세구 장안면 독정리 643-1 1동 1층 일부호(2호) ,2026-06-25
800,노랑통닭 향남1지구점,일반음식점,2025-09-11,,122,"경기도 화성시 만세구 향남읍 행정서로1길 31-19, 1층 전체호",경기도 화성시 만세구 향남읍 행정리 451-5 ,2026-06-25
801,플러스82 화성향남점,일반음식점,2025-09-15,,38.7,"경기도 화성시 만세구 향남읍 한절이2길 30, 1층 일부호",경기도 화성시 만세구 향남읍 하길리 1449-1 ,2026-06-25
802,오나봄,일반음식점,2025-09-15,,75.75,"경기도 화성시 만세구 향남읍 상신하길로135번길 10-14, 1층 일부호(101호)",경기도 화성시 만세구 향남읍 상신리 1284-4 1층 일부호(101호) ,2026-06-25
803,PHO SAIGON91(퍼사이공91),일반음식점,2025-09-16,,89.1,"경기도 화성시 만세구 우정읍 쌍봉로 36, 102호",경기도 화성시 만세구 우정읍 조암리 374 ,2026-06-25
804,한끼밥,일반음식점,2025-09-17,,41.6,"경기도 화성시 만세구 향남읍 행정죽전로 11, 1층 일부호",경기도 화성시 만세구 향남읍 행정리 502-8 ,2026-06-25
805,통닭싸롱 옛날통닭,일반음식점,2025-09-17,,82.72,"경기도 화성시 만세구 향남읍 행정동로 7, 1층 일부호",경기도 화성시 만세구 향남읍 행정리 518-2 ,2026-06-25
806,카페데이지,일반음식점,2025-09-18,,81,"경기도 화성시 만세구 팔탄면 온천로 460, 1층 일부호",경기도 화성시 만세구 팔탄면 율암리 842-18 ,2026-06-25
807,플로라Flora,일반음식점,2025-09-18,,260.37,"경기도 화성시 만세구 향남읍 푸른들판로 169, 1층",경기도 화성시 만세구 향남읍 도이리 197-16 ,2026-06-25
808,옛날경성순대국 화성발안점,일반음식점,2025-09-19,,191.5,"경기도 화성시 만세구 장안면 3.1만세로 543, 1층 일부호",경기도 화성시 만세구 장안면 수촌리 419-31 ,2026-06-25
809,선창목포회수산,일반음식점,2025-09-23,,101.2,"경기도 화성시 만세구 우정읍 쌍봉로 653, 1층 일부호",경기도 화성시 만세구 우정읍 주곡리 161-237 1층 일부호 ,2026-06-25
810,오렌지다방,일반음식점,2025-09-25,,35.37,"경기도 화성시 만세구 향남읍 평6길 56-1, 1층 일부",경기도 화성시 만세구 향남읍 평리 81-53 ,2026-06-25
811,진수성찬 한식뷔페,일반음식점,2025-09-30,,154.4,"경기도 화성시 만세구 팔탄면 버들로1362번길 23, 1층",경기도 화성시 만세구 팔탄면 서근리 224-22 ,2026-06-25
812,베노커피,일반음식점,2025-09-30,,38.66,"경기도 화성시 만세구 팔탄면 삼천병마로 518-11, 2동 1층 일부호",경기도 화성시 만세구 팔탄면 가재리 293 ,2026-06-25
813,벳남반미,일반음식점,2025-09-30,,136.48,"경기도 화성시 만세구 향남읍 상신하길로298번길 7-13, 2층 206호",경기도 화성시 만세구 향남읍 하길리 1472-5 ,2026-06-25
814,바른나무푸드,일반음식점,2025-09-30,,352.8,"경기도 화성시 만세구 양감면 발안로 834, 1동 1층 일부호",경기도 화성시 만세구 양감면 송산리 5-25 1동 1층 일부호 ,2026-06-25
815,대한 쭈꾸미,일반음식점,2025-10-10,,143.5,"경기도 화성시 만세구 장안면 수정로 147-3, 2동 1층 일부호",경기도 화성시 만세구 장안면 독정리 660-14 ,2026-06-25
816,단골집,일반음식점,2025-10-14,,111.41,"경기도 화성시 만세구 향남읍 행정서로3길 14-3, 1층",경기도 화성시 만세구 향남읍 행정리 430-12 1층 ,2026-06-25
817,통큰흑염소(향남점),일반음식점,2025-10-15,,99.77,"경기도 화성시 만세구 향남읍 삼천병마로 169, 1동 1층",경기도 화성시 만세구 향남읍 평리 172-3 1동 1층 ,2026-06-25
818,산해진미,일반음식점,2025-10-16,,108.19,"경기도 화성시 만세구 향남읍 상신하길로144번길 32-4, 1층 전체(101,102호)","경기도 화성시 만세구 향남읍 상신리 1299-8 1층 전체(101,102호) ",2026-06-25
819,떡밀밀 향남1지구점,일반음식점,2025-10-20,,70.98,"경기도 화성시 만세구 향남읍 발안로 112, 삼성프라자 1층 107호",경기도 화성시 만세구 향남읍 행정리 487-2 삼성프라자 1층 107호 ,2026-06-25
820,떡밀밀 향남2지구점,일반음식점,2025-10-20,,35.2,"경기도 화성시 만세구 향남읍 상신하길로298번길 7-13, 골든프라자1동 1층 107호",경기도 화성시 만세구 향남읍 하길리 1472-5 골든프라자1동 1층 107호 ,2026-06-25
821,하길리 분식,일반음식점,2025-10-21,,35.2,"경기도 화성시 만세구 향남읍 상신하길로298번길 7-13, 109호",경기도 화성시 만세구 향남읍 하길리 1472-5 ,2026-06-25
822,선창횟집,일반음식점,2025-10-21,,100,"경기도 화성시 만세구 우정읍 쌍봉로 650, 1층 일부호",경기도 화성시 만세구 우정읍 주곡리 161-229 ,2026-06-25
823,도현 한식뷔페,일반음식점,2025-10-21,,199.12,"경기도 화성시 만세구 향남읍 토성로 343, 1층",경기도 화성시 만세구 향남읍 요리 8-8 ,2026-06-25
824,코지하우스 화성향남점,일반음식점,2025-10-27,,397.6,"경기도 화성시 만세구 향남읍 상신하길로 378, 1동 1층",경기도 화성시 만세구 향남읍 하길리 28 1동 1층 ,2026-06-25
825,24시 숯불포장마차,일반음식점,2025-10-27,,57.74,"경기도 화성시 만세구 향남읍 배터길 6-3, 1층",경기도 화성시 만세구 향남읍 평리 97-1 ,2026-06-25
826,다사랑 상신점,일반음식점,2025-10-28,,123.24,"경기도 화성시 만세구 향남읍 상신하길로135번길 6-21, 1층",경기도 화성시 만세구 향남읍 상신리 1284-8 ,2026-06-25
827,행정농장,일반음식점,2025-10-29,,97.36,"경기도 화성시 만세구 향남읍 토성로 36-32, 1층",경기도 화성시 만세구 향남읍 행정리 44-3 ,2026-06-25
828,두레밥상둥근,일반음식점,2025-10-29,,253.2,"경기도 화성시 만세구 양감면 정문송산로 160-7, 104호",경기도 화성시 만세구 양감면 송산리 461-5 ,2026-06-25
829,한내 옛날통닭,일반음식점,2025-10-29,,68.9,"경기도 화성시 만세구 우정읍 조암남로 28, 1층",경기도 화성시 만세구 우정읍 조암리 270-7 ,2026-06-25
830,최고복집,일반음식점,2025-10-31,,122.27,"경기도 화성시 만세구 향남읍 상신하길로298번길 7-7, 1동 201호",경기도 화성시 만세구 향남읍 하길리 1472-2 ,2026-06-25
831,정성얼큰한 오징어와 짜글이,일반음식점,2025-10-31,,105,"경기도 화성시 만세구 팔탄면 푸른들판로 712-7, DCT-MALL 지하1층 일부호",경기도 화성시 만세구 팔탄면 구장리 3-1 DCT-MALL 지하1층 일부호 ,2026-06-25
832,잭슨피자 향남점,일반음식점,2025-11-03,,79.08,"경기도 화성시 만세구 향남읍 행정서로1길 4, 1층 일부호",경기도 화성시 만세구 향남읍 행정리 459-7 ,2026-06-25
833,장금이한식뷔페 서근리점,일반음식점,2025-11-05,,57.6,"경기도 화성시 만세구 팔탄면 버들로1362번길 6, A동 1층 일부호",경기도 화성시 만세구 팔탄면 서근리 214-7 A동 1층 일부호 ,2026-06-25
834,다희정,일반음식점,2025-11-05,,115.63,"경기도 화성시 만세구 장안면 3.1만세로 353-23, 1층",경기도 화성시 만세구 장안면 수촌리 877-36 ,2026-06-25
835,담,일반음식점,2025-11-06,,48,"경기도 화성시 만세구 향남읍 상신하길로328번길 26, 키움프라자 1동 102호",경기도 화성시 만세구 향남읍 하길리 1467 ,2026-06-25
836,제이 제이 7080,일반음식점,2025-11-07,,123.79,"경기도 화성시 만세구 향남읍 상신하길로126번길 21, 테라스스퀘어 1동 305호",경기도 화성시 만세구 향남읍 상신리 1295-5 테라스스퀘어 1동 305호,2026-06-25
837,카페롯지,일반음식점,2025-11-10,,364,"경기도 화성시 만세구 우정읍 한뿌리1길 157-15, 1, 2층",경기도 화성시 만세구 우정읍 한각리 94-3 ,2026-06-25
838,머꼬바,일반음식점,2025-11-10,,34.37,"경기도 화성시 만세구 향남읍 행정중앙1로 15, 향남시범 넓은들마을 신명스카이뷰 상가동 105호",경기도 화성시 만세구 향남읍 행정리 443 향남시범 넓은들마을 신명스카이뷰 ,2026-06-25
839,한식일호삼,일반음식점,2025-11-11,,312.4,"경기도 화성시 만세구 우정읍 호곡길168번길 68, 1동 1층",경기도 화성시 만세구 우정읍 호곡리 230-185 1동 1층 ,2026-06-25
840,깐부카페,일반음식점,2025-11-14,,58.28,"경기도 화성시 만세구 우정읍 조암로 5, B동 1층 일부호",경기도 화성시 만세구 우정읍 조암리 273-3 B동 1층 일부호,2026-06-25
841,동연푸드,일반음식점,2025-11-17,,45.06,"경기도 화성시 만세구 향남읍 행정서로3길 22-13, 1층 일부호",경기도 화성시 만세구 향남읍 행정리 432-10 1층 일부호 ,2026-06-25
842,육식사관학교 화성향남점,일반음식점,2025-11-20,,53.55,"경기도 화성시 만세구 향남읍 한절이1길 30, 1층 일부호",경기도 화성시 만세구 향남읍 하길리 1459 1층 일부호 ,2026-06-25
843,마왕족발 화성 향남점,일반음식점,2025-11-26,,33.67,"경기도 화성시 만세구 향남읍 한절이2길 20, 1층 일부호",경기도 화성시 만세구 향남읍 하길리 1450-1 1층 일부호 ,2026-06-25
844,가마솥 닭한마리 화성기아자동차로점,일반음식점,2025-12-01,,245.68,"경기도 화성시 만세구 우정읍 기아자동차로 527, 나동 일부호",경기도 화성시 만세구 우정읍 화산리 1198-8 ,2026-06-25
845,엉터리무한대패 향남롯데시네마점,일반음식점,2025-12-02,,165.36,"경기도 화성시 만세구 향남읍 상신하길로298번길 7-23, 409호",경기도 화성시 만세구 향남읍 하길리 1470-4 ,2026-06-25
846,달의객잔,일반음식점,2025-12-03,,45.45,"경기도 화성시 만세구 향남읍 상신하길로298번길 7-27, 향남 시티프라자 1동 110호 일부호",경기도 화성시 만세구 향남읍 하길리 1470-5 향남 시티프라자 1동 110호 일부호 ,2026-06-25
847,동숙이네 한우국밥,일반음식점,2025-12-09,,125.96,"경기도 화성시 만세구 우정읍 버들로 34, 1동 1층",경기도 화성시 만세구 우정읍 조암리 480-7 1동 1층 ,2026-06-25
848,동태사랑,일반음식점,2025-12-11,,94.8,"경기도 화성시 만세구 우정읍 기아자동차로 602, 1층 일부호",경기도 화성시 만세구 우정읍 화산리 595 ,2026-06-25
849,닭한마리,일반음식점,2025-12-12,,69.72,"경기도 화성시 만세구 향남읍 한절이1길 22, 1층 일부(103)호",경기도 화성시 만세구 향남읍 하길리 1459-6 1층 일부(103)호 ,2026-06-25
850,광자네(향남점),일반음식점,2025-12-24,,91.92,"경기도 화성시 만세구 향남읍 상신하길로144번길 22-8, 1동 1층 일부호",경기도 화성시 만세구 향남읍 상신리 1297-3 1동 1층 일부호 ,2026-06-25
851,뚱보 햄버거&커피,일반음식점,2025-12-24,,37.5,"경기도 화성시 만세구 팔탄면 3.1만세로 729, C동 1층 101호 일부호",경기도 화성시 만세구 팔탄면 해창리 10-4 ,2026-06-25
852,향남분식,일반음식점,2026-01-02,,41,"경기도 화성시 만세구 향남읍 발안양감로 195, 1동 1층 103호",경기도 화성시 만세구 향남읍 하길리 1465-5 1동 1층 103호 ,2026-06-25
853,대복중화요리,일반음식점,2026-01-06,,81.8,"경기도 화성시 만세구 향남읍 행정서로1길 13-15, 1층",경기도 화성시 만세구 향남읍 행정리 457-2 1층 ,2026-06-25
854,화목정,일반음식점,2026-01-09,031-547 -9442,499.31,"경기도 화성시 만세구 향남읍 서봉로 151, 1동 1,2층","경기도 화성시 만세구 향남읍 하길리 660-1 1동 1,2층 ",2026-06-25
855,하얼빈로,일반음식점,2026-01-09,,178.08,"경기도 화성시 만세구 향남읍 발안양감로 201, 1동 2층 204호",경기도 화성시 만세구 향남읍 하길리 1467-4 ,2026-06-25
856,도림관,일반음식점,2026-01-13,,112.05,"경기도 화성시 만세구 향남읍 서봉로 50, 1동 1층 일부호",경기도 화성시 만세구 향남읍 상신리 702-2 1동 1층 일부호 ,2026-06-25
857,감탄회수산,일반음식점,2026-01-13,,117.72,"경기도 화성시 만세구 향남읍 상신하길로144번길 22-12, 1층",경기도 화성시 만세구 향남읍 상신리 1297-1 1층 ,2026-06-25
858,120겹파이,일반음식점,2026-01-13,,11.22,"경기도 화성시 만세구 향남읍 발안로 64, 복남프라자 3층 일부(306호 일부)호",경기도 화성시 만세구 향남읍 행정리 425-8 복남프라자 3층 일부(306호 일부)호 ,2026-06-25
859,외계인 피자 향남점,일반음식점,2026-01-14,,47.79,"경기도 화성시 만세구 향남읍 행정죽전로4길 10, 1층 일부(103)호",경기도 화성시 만세구 향남읍 행정리 506-6 1층 일부(103)호 ,2026-06-25
860,도로시 파스타,일반음식점,2026-01-19,,23.97,"경기도 화성시 만세구 향남읍 한절이길 23, 일부호",경기도 화성시 만세구 향남읍 하길리 1456-2 ,2026-06-25
861,NHA HANG DUC DUY(나항덕두이),일반음식점,2026-01-19,,421.68,"경기도 화성시 만세구 향남읍 3.1만세로 1124, 지하1층 일부",경기도 화성시 만세구 향남읍 평리 35-14 ,2026-06-25
862,마라365 향남점,일반음식점,2026-01-19,,116,"경기도 화성시 만세구 향남읍 행정서로3길 26-16, 1층",경기도 화성시 만세구 향남읍 행정리 432-6 ,2026-06-25
863,하이탠탠마라탕,일반음식점,2026-01-20,,58.04,"경기도 화성시 만세구 향남읍 한절이2길 10-1, 일부(101)호",경기도 화성시 만세구 향남읍 하길리 1450-7 ,2026-06-25
864,장원갑칼국수 화성향남점,일반음식점,2026-01-21,,264,"경기도 화성시 만세구 향남읍 행정죽전로2길 22-27, 1동 1층",경기도 화성시 만세구 향남읍 방축리 146-17 1동 1층 ,2026-06-25
865,페리카나 향남2지구점,일반음식점,2026-01-21,,35.11,"경기도 화성시 만세구 향남읍 방죽로 22-8, 근린생활시설동 1층 3호 (화성향남 21단지)",경기도 화성시 만세구 향남읍 하길리 1494 화성향남 21단지 근린생활시설동 1층 3호,2026-06-25
866,318로스터리,일반음식점,2026-01-22,,156,"경기도 화성시 만세구 팔탄면 온천로 318, 1동 1층",경기도 화성시 만세구 팔탄면 덕천리 117-1 ,2026-06-25
867,꿀꿀이꼬치구이,일반음식점,2026-01-23,,63,"경기도 화성시 만세구 향남읍 한절이1길 31, 1층 일부(101호)",경기도 화성시 만세구 향남읍 하길리 1460-2 1층 일부(101호) ,2026-06-25
868,오늘은 불닭발 치킨,일반음식점,2026-01-23,,44.44,"경기도 화성시 만세구 우정읍 조암죽말길 243, 1층 일부호",경기도 화성시 만세구 우정읍 조암리 455-14 ,2026-06-25
869,정찬,일반음식점,2026-01-27,,197.34,"경기도 화성시 만세구 장안면 석포로 57, 1층 일부호",경기도 화성시 만세구 장안면 석포리 675-15 외 1필지 ,2026-06-25
870,쉐프 강정열 차이나,일반음식점,2026-01-28,,199.97,"경기도 화성시 만세구 향남읍 푸른들판로 159, 1동 1층",경기도 화성시 만세구 향남읍 도이리 197-95 1동 1층 ,2026-06-25
871,정여사 생선구이,일반음식점,2026-01-28,,45.05,"경기도 화성시 만세구 장안면 수정로 324, 1층 일부호",경기도 화성시 만세구 장안면 수촌리 365-2 1층 일부호 ,2026-06-25
872,우리집밥상,일반음식점,2026-01-28,,48,"경기도 화성시 만세구 향남읍 하길로 69, 상가동 103호 (화성향남오색마을사랑으로부영9단지)",경기도 화성시 만세구 향남읍 하길리 1507 화성향남오색마을사랑으로부영9단지 상가동 103호,2026-06-25
873,날개먹고날개,일반음식점,2026-02-02,,34.62,"경기도 화성시 만세구 향남읍 3.1만세로 1069-11, 1층",경기도 화성시 만세구 향남읍 발안리 127-24 1층 ,2026-06-25
874,밤밤맥주,일반음식점,2026-02-02,,155,"경기도 화성시 만세구 향남읍 행정죽전로 44, 1층",경기도 화성시 만세구 향남읍 행정리 506-14 ,2026-06-25
875,ON BAR 온바,일반음식점,2026-02-03,,99.8,"경기도 화성시 만세구 향남읍 상신하길로298번길 7-21, 케이티 시네마원 1동 2층 201호",경기도 화성시 만세구 향남읍 하길리 1470-2 1동 201호,2026-06-25
876,발안맛집,일반음식점,2026-02-04,,59,"경기도 화성시 만세구 향남읍 평3길 5-3, 1층 일부호",경기도 화성시 만세구 향남읍 평리 76-41 ,2026-06-25
877,리틀모어스윗,일반음식점,2026-02-04,,66.38,"경기도 화성시 만세구 향남읍 상신하길로135번길 5-3, 1층 일부(101호)",경기도 화성시 만세구 향남읍 상신리 1291-4 1층 일부(101호) ,2026-06-25
878,(주)초원하우스 설맥 향남점,일반음식점,2026-02-09,,99.17,경기도 화성시 만세구 향남읍 평6길 58,경기도 화성시 만세구 향남읍 평리 81-35 1층 일부 ,2026-06-25
879,와이앤웍(Y&WOK),일반음식점,2026-02-11,,136.11,"경기도 화성시 만세구 향남읍 한절이2길 37, 1층 101호호",경기도 화성시 만세구 향남읍 하길리 1455-1 ,2026-06-25
880,별난돼지김치찌개&뒷고기(조암점),일반음식점,2026-02-11,031-3584-861,184.8,"경기도 화성시 만세구 장안면 3.1만세로 534-5, 1동 1층 전체호",경기도 화성시 만세구 장안면 수촌리 428-10 1동 1층전체호,2026-06-25
881,진리옥 팔탄점,일반음식점,2026-02-11,,284.85,"경기도 화성시 만세구 팔탄면 푸른들판로 616, 1동 1층 전체",경기도 화성시 만세구 팔탄면 구장리 146-1 1동 1층 전체 ,2026-06-25
882,황태집,일반음식점,2026-02-12,,140,"경기도 화성시 만세구 팔탄면 3.1만세로 779, 1층 일부호",경기도 화성시 만세구 팔탄면 매곡리 190-5 1층일부호,2026-06-25
883,진하정,일반음식점,2026-02-12,,92.87,"경기도 화성시 만세구 우정읍 조암북로67번길 6-13, 1동 1층 일부호",경기도 화성시 만세구 우정읍 조암리 803-3 ,2026-06-25
884,설우정가든,일반음식점,2026-02-13,,485.7,"경기도 화성시 만세구 향남읍 향남로 128, 1동 1,2층 전부호",경기도 화성시 만세구 향남읍 하길리 383-4 ,2026-06-25
885,친구네,일반음식점,2026-02-19,,33,"경기도 화성시 만세구 향남읍 3.1만세로 1062, 1층 일부",경기도 화성시 만세구 향남읍 발안리 136 1층 일부 ,2026-06-25
886,아방이네 옛날통닭 화성향남점,일반음식점,2026-02-24,,30,"경기도 화성시 만세구 향남읍 행정서로3길 4-56, 1층 103호",경기도 화성시 만세구 향남읍 행정리 433-6 103호,2026-06-25
887,DS디에스,일반음식점,2026-02-24,,16.5,"경기도 화성시 만세구 향남읍 상신하길로298번길 7-11, 1동 4층 402호 일부",경기도 화성시 만세구 향남읍 하길리 1472-4 1동 4층 402호 일부 ,2026-06-25
888,소풍김밥,일반음식점,2026-02-26,,56.16,"경기도 화성시 만세구 장안면 매바위로 350, 1층 일부호",경기도 화성시 만세구 장안면 석포리 785-85 ,2026-06-25
889,작은아지트,일반음식점,2026-03-03,,58.32,"경기도 화성시 만세구 향남읍 행정죽전로4길 19-1, 1층 일부(102호)호",경기도 화성시 만세구 향남읍 행정리 505-13 ,2026-06-25
890,다밥,일반음식점,2026-03-04,,66,"경기도 화성시 만세구 향남읍 한절이1길 20, 1층 일부(102호)호",경기도 화성시 만세구 향남읍 하길리 1458 일부호,2026-06-25
891,우정분식,일반음식점,2026-03-06,,27.14,"경기도 화성시 만세구 향남읍 행정서로2길 2-10, 1층 일부(103호)",경기도 화성시 만세구 향남읍 행정리 421-4 1층 일부(103호) ,2026-06-25
892,교촌치킨 발안1호점,일반음식점,2026-03-06,,120.33,"경기도 화성시 만세구 향남읍 행정서로3길 18-20, 1층 전체호",경기도 화성시 만세구 향남읍 행정리 430-7 1층전체호,2026-06-25
893,이모네,일반음식점,2026-03-06,,62.32,"경기도 화성시 만세구 우정읍 조암동로10번길 13, 1층 일부(103호)",경기도 화성시 만세구 우정읍 조암리 798-9 1층 일부(103호) ,2026-06-25
894,향남멸치국수,일반음식점,2026-03-12,,49.5,"경기도 화성시 만세구 향남읍 상신하길로328번길 26, 키움프라자 1동 1층 114호",경기도 화성시 만세구 향남읍 하길리 1467 1동 114호,2026-06-25
895,한마음정육식당 팔탄점,일반음식점,2026-03-17,,265,"경기도 화성시 만세구 팔탄면 3.1만세로 862-6, 1동 1층 일부호",경기도 화성시 만세구 팔탄면 매곡리 115-5 1동 일부호,2026-06-25
896,담원갈비,일반음식점,2026-03-17,,232.7,"경기도 화성시 만세구 향남읍 장안로 858, 1층 일부",경기도 화성시 만세구 향남읍 상신리 1150-28 1층 일부 ,2026-06-25
897,두껍집 화성향남점,일반음식점,2026-03-19,,107.3,"경기도 화성시 만세구 향남읍 상신하길로328번길 8-13, 플러스타워 1동 1층 108, 109호","경기도 화성시 만세구 향남읍 하길리 1466 플러스타워 1동 1층 108, 109호 ",2026-06-25
898,우리즉석손칼국수,일반음식점,2026-03-30,,50,"경기도 화성시 만세구 팔탄면 푸른들판로 953, 1층 일부",경기도 화성시 만세구 팔탄면 창곡리 265-5 1층 일부 ,2026-06-25
899,거창숯불쪽갈비,일반음식점,2026-03-30,,79.9,"경기도 화성시 만세구 향남읍 상신하길로 326, 탐스프라자 1동 114, 115호","경기도 화성시 만세구 향남읍 하길리 1465 탐스프라자 1동 114, 115호 ",2026-06-25
900,컴포리피자 우정조암점,일반음식점,2026-03-31,,56,"경기도 화성시 만세구 우정읍 조암동로10번길 19, 1층 일부(102호)",경기도 화성시 만세구 우정읍 조암리 798-3 ,2026-06-25
901,주훈 최고다곰탕,일반음식점,2026-04-02,,92.4,"경기도 화성시 만세구 양감면 초록로 850, 1동 1층 일부호",경기도 화성시 만세구 양감면 송산리 82-2 ,2026-06-25
902,토리메로 화성향남,일반음식점,2026-04-08,,51.68,"경기도 화성시 만세구 향남읍 행정죽전로4길 15, 1층 일부(102호)",경기도 화성시 만세구 향남읍 행정리 505-10 1층 일부(102호) ,2026-06-25
903,마포소금구이,일반음식점,2026-04-08,,84,"경기도 화성시 만세구 향남읍 은행나무로802번길 5, B동 1층",경기도 화성시 만세구 향남읍 방축리 299-1 ,2026-06-25
904,육식대가 향남점,일반음식점,2026-04-09,,25.68,"경기도 화성시 만세구 향남읍 한절이1길 6-18, 1층 일부호",경기도 화성시 만세구 향남읍 하길리 1456-8 ,2026-06-25
905,백암 시골 순대국,일반음식점,2026-04-10,,199.2,"경기도 화성시 만세구 장안면 남양호로 14, 1층 전체",경기도 화성시 만세구 장안면 수촌리 92 1층 전체 ,2026-06-25
906,돌아이키친 향남점,일반음식점,2026-04-14,,34.2,"경기도 화성시 만세구 향남읍 한절이1길 6-15, 1층 일부",경기도 화성시 만세구 향남읍 하길리 1459-4 1층 일부 ,2026-06-25
907,YeNa(예나),일반음식점,2026-04-14,,37.35,"경기도 화성시 만세구 향남읍 3.1만세로 1109-30, 1동 1층",경기도 화성시 만세구 향남읍 평리 99-3 1동 1층 ,2026-06-25
908,더담한식뷔페,일반음식점,2026-04-14,,228,"경기도 화성시 만세구 향남읍 만년로 144, 1층 전체",경기도 화성시 만세구 향남읍 증거리 323-4 1층 전체 ,2026-06-25
909,장미카페,일반음식점,2026-04-17,,24,"경기도 화성시 만세구 향남읍 3.1만세로 1109-6, 1층 일부",경기도 화성시 만세구 향남읍 평리 89-3 1층 일부 ,2026-06-25
910,숙성그리들,일반음식점,2026-04-20,,127.64,"경기도 화성시 만세구 향남읍 한절이1길 5-1, 1층 전체호",경기도 화성시 만세구 향남읍 하길리 1463-2 ,2026-06-25
911,금미푸드,일반음식점,2026-04-21,,42.36,"경기도 화성시 만세구 향남읍 행정서로1길 13-17, 1층일부(101호)",경기도 화성시 만세구 향남읍 행정리 457-1 ,2026-06-25
912,고수의 덮밥,일반음식점,2026-04-21,,50.49,"경기도 화성시 만세구 향남읍 행정서로1길 13-17, 1층일부(101호)",경기도 화성시 만세구 향남읍 행정리 457-1 ,2026-06-25
913,노리터 포차,일반음식점,2026-04-23,,40.92,"경기도 화성시 만세구 향남읍 행정죽전로4길 21, 1층 일부(101호)",경기도 화성시 만세구 향남읍 행정리 505-14 1층 일부(101호) ,2026-06-25
914,토핑몬스터피자 향남점,일반음식점,2026-04-28,,67.49,"경기도 화성시 만세구 향남읍 한절이1길 35-1, 1층 일부(101호)호",경기도 화성시 만세구 향남읍 하길리 1460-4 ,2026-06-25
915,향미정,일반음식점,2026-04-29,,213,"경기도 화성시 만세구 향남읍 향남로 521, 1동 1층 전체호",경기도 화성시 만세구 향남읍 도이리 167-30 ,2026-06-25
916,일미식당,일반음식점,2026-04-30,,215.75,"경기도 화성시 만세구 장안면 장안공단2길 6-14, 1동 1층",경기도 화성시 만세구 장안면 수촌리 1474-4 ,2026-06-25
917,태양양탕집,일반음식점,2026-04-30,,52.25,"경기도 화성시 만세구 우정읍 3.1만세로 51-9, 1층일부",경기도 화성시 만세구 우정읍 조암리 270-35 ,2026-06-25
918,미담도시락,일반음식점,2026-05-11,,194.36,"경기도 화성시 만세구 향남읍 배터길 58, 1동 1층 전체",경기도 화성시 만세구 향남읍 장짐리 289 1동 1층 전체 ,2026-06-25
919,야화 혼술바 향남직영점,일반음식점,2026-05-14,,66.65,"경기도 화성시 만세구 향남읍 상신하길로298번길 11, 지비앤티 타워 1동 1층 112호",경기도 화성시 만세구 향남읍 하길리 1471-4 ,2026-06-25
920,추억의 통골뱅이,일반음식점,2026-05-15,,90.3,"경기도 화성시 만세구 향남읍 한절이길 7, 1층 일부(101호)",경기도 화성시 만세구 향남읍 하길리 1457-5 1층 일부(101호) ,2026-06-25
921,라성돌판오리 향남점,일반음식점,2026-05-15,,92.4,"경기도 화성시 만세구 향남읍 상신하길로328번길 26, 키움프라자 1동 1층 112호, 113호","경기도 화성시 만세구 향남읍 하길리 1467 키움프라자 1동 1층 112호, 113호 ",2026-06-25
922,카페 비니즈,일반음식점,2026-05-19,,75.55,"경기도 화성시 만세구 향남읍 상신하길로144번길 22-14, 지1층",경기도 화성시 만세구 향남읍 상신리 1297 ,2026-06-25
923,삼동소바 화성향남점,일반음식점,2026-05-21,,285,"경기도 화성시 만세구 향남읍 은행나무로 821-23, 1동 1층 전체",경기도 화성시 만세구 향남읍 하길리 101-1 1동 1층 전체 ,2026-06-25
924,만세쭈꾸미,일반음식점,2026-05-21,,194.48,"경기도 화성시 만세구 향남읍 행정서로3길 30, 1층 전체",경기도 화성시 만세구 향남읍 행정리 434-1 1층 전체 ,2026-06-25
925,1번지통닭,일반음식점,2026-05-26,,75.48,"경기도 화성시 만세구 향남읍 행정죽전로4길 7, 1층 일부호(101, 102호)","경기도 화성시 만세구 향남읍 행정리 505-4 1층 일부호(101, 102호) ",2026-06-25
926,마을회관,일반음식점,2026-05-26,,266.03,"경기도 화성시 만세구 우정읍 조암남로 24, 가동 1층 전체",경기도 화성시 만세구 우정읍 조암리 350-21 가동 1층 전체 ,2026-06-25
927,수산포차,일반음식점,2026-05-26,,33,"경기도 화성시 만세구 우정읍 조암남로 42, 1층 일부",경기도 화성시 만세구 우정읍 조암리 262-24 1층 일부 ,2026-06-25
928,마이푸드(MYFOOD),일반음식점,2026-05-29,,33.6,"경기도 화성시 만세구 장안면 장안로 388, 1층 일부",경기도 화성시 만세구 장안면 독정리 635-2 1층 일부 ,2026-06-25
929,NADINE(나딘),일반음식점,2026-05-29,,124.05,"경기도 화성시 만세구 향남읍 행정서로2길 18, 1층 전체",경기도 화성시 만세구 향남읍 행정리 418-8 1층 전체 ,2026-06-25
930,고품달,일반음식점,2026-05-29,,92,"경기도 화성시 만세구 향남읍 상신하길로 326, 탑스프라자 1동 1층 109호, 110호","경기도 화성시 만세구 향남읍 하길리 1465 탑스프라자 1동 1층 109호, 110호 ",2026-06-25
931,다나한식뷔페,일반음식점,2026-06-01,,199.2,"경기도 화성시 만세구 장안면 장안로 485, 1층 전체",경기도 화성시 만세구 장안면 독정리 231-1 1층 전체 ,2026-06-25
932,아지매 통 금치찜,일반음식점,2026-06-02,,36.56,"경기도 화성시 만세구 향남읍 한절이길 9, 1층일부(103호)",경기도 화성시 만세구 향남읍 하길리 1457-4 ,2026-06-25
933,우민회관,일반음식점,2026-06-08,,48.07,"경기도 화성시 만세구 향남읍 향남로 430-16, 향남 중흥 에스스퀘어2차 1층 106호",경기도 화성시 만세구 향남읍 행정리 472-2 ,2026-06-25
934,낭만&moon,일반음식점,2026-06-11,,42.88,"경기도 화성시 만세구 향남읍 행정서로1길 47-2, 1층 일부(101호)",경기도 화성시 만세구 향남읍 행정리 446-4 ,2026-06-25
935,닭집아줌마,일반음식점,2026-06-12,,49.92,"경기도 화성시 만세구 팔탄면 시청로 1049, B동 1층 일부(1호)호",경기도 화성시 만세구 팔탄면 구장리 75-29 ,2026-06-25
936,호맥 화성향남점,일반음식점,2026-06-12,,79.38,"경기도 화성시 만세구 향남읍 발안양감로 201, 1동 1층 111호, 112호","경기도 화성시 만세구 향남읍 하길리 1467-4 1동 1층 111호, 112호 ",2026-06-25
937,추오정 남원추어탕 구문천점,일반음식점,2026-06-15,,135,"경기도 화성시 만세구 향남읍 발안공단로 92-33, 1층 일부(102호, 103호)","경기도 화성시 만세구 향남읍 구문천리 924-12 1층 일부(102호, 103호) ",2026-06-25
938,발안 개밥 하우스(발안 KEBAB HOUSE),일반음식점,2026-06-17,,110.64,"경기도 화성시 만세구 향남읍 행정서로3길 22, 1층 전체",경기도 화성시 만세구 향남읍 행정리 432-1 1층 전체 ,2026-06-25
939,무지개,일반음식점,2026-06-19,,23.69,"경기도 화성시 만세구 장안면 기아자동차로 788, 1층 일부",경기도 화성시 만세구 장안면 사곡리 164-1 1층 일부 ,2026-06-25
940,가마치통닭 향남도이점,일반음식점,2026-06-19,,127.1,"경기도 화성시 만세구 향남읍 행정동로 99, 1층 일부(105,106,107호)호",경기도 화성시 만세구 향남읍 행정리 477-1 ,2026-06-25
941,메가엠지씨커피 화성팔탄산업단지점,휴게음식점,2024-01-12,031-353-3169,37.8,"경기도 화성시 만세구 팔탄면 푸른들판로 665, 103호",경기도 화성시 만세구 팔탄면 구장리 21 ,2026-06-25
942,메가엠지씨커피 화성동오점,휴게음식점,2024-01-12,,148,"경기도 화성시 만세구 향남읍 서봉로 556, 1,2층 일부호",경기도 화성시 만세구 향남읍 관리 217-17 ,2026-06-25
943,GS25 향남서해로점,휴게음식점,2024-01-17,,3.3,"경기도 화성시 만세구 향남읍 검정골1길 1-2, 1층",경기도 화성시 만세구 향남읍 상신리 627-16 ,2026-06-25
944,블리스카페,휴게음식점,2024-01-19,,179.3,"경기도 화성시 만세구 팔탄면 노하길116번길 200, 1층",경기도 화성시 만세구 팔탄면 노하리 598-1 1층 ,2026-06-25
945,지에스25 화성수촌점,휴게음식점,2024-01-23,,6.6,"경기도 화성시 만세구 장안면 3.1만세로 551, 1호",경기도 화성시 만세구 장안면 수촌리 419-27 ,2026-06-25
946,메가엠지씨커피화성향남꽃마을점,휴게음식점,2024-02-02,,62.1,"경기도 화성시 만세구 향남읍 행정동로 91, 1층 일부호",경기도 화성시 만세구 향남읍 행정리 477-3 1층 일부호 ,2026-06-25
947,언더더트리,휴게음식점,2024-02-22,,882.63,"경기도 화성시 만세구 팔탄면 무하로 142, 1,2층",경기도 화성시 만세구 팔탄면 하저리 930-20 ,2026-06-25
948,천씨씨커피 화성향남점,휴게음식점,2024-02-26,,125.46,"경기도 화성시 만세구 향남읍 발안공단로 119, 1층",경기도 화성시 만세구 향남읍 구문천리 927-1 ,2026-06-25
949,씨유(CU)발안공단원룸점,휴게음식점,2024-02-28,,3.3,"경기도 화성시 만세구 향남읍 발안공단로6길 3, 1층 일부호",경기도 화성시 만세구 향남읍 구문천리 165-5 ,2026-06-25
950,컴포즈커피 화성드림파크점,휴게음식점,2024-03-05,,97.46,"경기도 화성시 만세구 우정읍 기아자동차로 237, 101~103호",경기도 화성시 만세구 우정읍 매향리 636-1 ,2026-06-25
951,씨유 화성가온산업단지점,휴게음식점,2024-03-08,,9,경기도 화성시 만세구 장안면 돌서지길 141,경기도 화성시 만세구 장안면 석포리 665-50 ,2026-06-25
952,스타세븐,휴게음식점,2024-03-13,,15,"경기도 화성시 만세구 향남읍 향남로 470, 화성종합경기타운 내 푸드트럭 지정 장소",경기도 화성시 만세구 향남읍 도이리 668 화성종합경기타운 ,2026-06-25
953,야다방,휴게음식점,2024-03-13,,33,"경기도 화성시 만세구 향남읍 배터길 10, 1층 일부호",경기도 화성시 만세구 향남읍 평리 95-1 1층 일부호 ,2026-06-25
954,cafe de 가을,휴게음식점,2024-03-25,,38,"경기도 화성시 만세구 팔탄면 마곡길 64, 1동 105호",경기도 화성시 만세구 팔탄면 구장리 678 ,2026-06-25
955,씨유 향남행정동로점,휴게음식점,2024-03-27,,3.3,"경기도 화성시 만세구 향남읍 행정동로 5, 1층 일부호",경기도 화성시 만세구 향남읍 행정리 518-3 ,2026-06-25
956,모던코드,휴게음식점,2024-04-03,,481.98,"경기도 화성시 만세구 향남읍 서봉로 323-5, 1동 2층",경기도 화성시 만세구 향남읍 화리현리 214-1 ,2026-06-25
957,피자파는집 팔탄점,휴게음식점,2024-04-03,,189,"경기도 화성시 만세구 팔탄면 서해로 1264-2, 가동 1층",경기도 화성시 만세구 팔탄면 창곡리 1013-11 ,2026-06-25
958,다유과일&cafe,휴게음식점,2024-04-04,070-7608-9389,111.06,"경기도 화성시 만세구 향남읍 대밭로 47, 304호",경기도 화성시 만세구 향남읍 하길리 1467-1 ,2026-06-25
959,컴포즈커피 화성팔탄점,휴게음식점,2024-04-04,,67.2,"경기도 화성시 만세구 팔탄면 푸른들판로 701, 1층 일부호",경기도 화성시 만세구 팔탄면 구장리 8-9 ,2026-06-25
960,지에스25 화성발리오스점,휴게음식점,2024-04-05,,3.3,"경기도 화성시 만세구 팔탄면 버들로 1442, 에이동 1층",경기도 화성시 만세구 팔탄면 월문리 64-1 ,2026-06-25
961,지에스25 화성초록로점,휴게음식점,2024-04-15,,10,"경기도 화성시 만세구 양감면 초록로 793, B동 1층",경기도 화성시 만세구 양감면 송산리 213-1 ,2026-06-25
962,카페베즐리3호점,휴게음식점,2024-04-16,031-351-4510,46.08,"경기도 화성시 만세구 우정읍 기아자동차로 95, 181동 1층 일부호",경기도 화성시 만세구 우정읍 매향리 966 ,2026-06-25
963,세븐일레븐 향남부영점,휴게음식점,2024-04-17,02-3284-8120,3.3,"경기도 화성시 만세구 향남읍 하길로 70, 1층 일부(101)호 (화성향남오색마을사랑으로부영10단지)",경기도 화성시 만세구 향남읍 하길리 1502 화성향남오색마을사랑으로부영10단지 ,2026-06-25
964,도원,휴게음식점,2024-04-22,,287.08,"경기도 화성시 만세구 팔탄면 3.1만세로 845, 101호",경기도 화성시 만세구 팔탄면 매곡리 150-9 ,2026-06-25
965,히어로커피,휴게음식점,2024-04-25,,48.91,"경기도 화성시 만세구 팔탄면 푸른들판로 951, 1층 일부호(105호)",경기도 화성시 만세구 팔탄면 창곡리 265-11 1층 일부호(105호) ,2026-06-25
966,부부츄,휴게음식점,2024-04-26,,15,"경기도 화성시 만세구 향남읍 향남로 470, 화성종합경기타운 푸드트럭 지정장소호",경기도 화성시 만세구 향남읍 도이리 668 화성종합경기타운 ,2026-06-25
967,하삼동커피 화성향남점,휴게음식점,2024-05-07,,45.1,"경기도 화성시 만세구 향남읍 행정중앙2로 33, 성지프라자 103호",경기도 화성시 만세구 향남읍 행정리 435-2 성지프라자 ,2026-06-25
968,씨유 화성양감사창리점,휴게음식점,2024-05-20,,3.3,"경기도 화성시 만세구 양감면 초록로 453-3, 1층 일부호",경기도 화성시 만세구 양감면 사창리 502 ,2026-06-25
969,더포레스트퀸,휴게음식점,2024-05-20,,324.38,"경기도 화성시 만세구 향남읍 토성로 25-27, 2,3층",경기도 화성시 만세구 향남읍 행정리 17-16 ,2026-06-25
970,테라커피,휴게음식점,2024-05-22,,385.98,"경기도 화성시 만세구 우정읍 궁평항로 65, 2,3층",경기도 화성시 만세구 우정읍 매향리 76-34 ,2026-06-25
971,씨유 화성르호봇점,휴게음식점,2024-05-23,,3.3,"경기도 화성시 만세구 팔탄면 시청로 547, 1동 1층 일부(101)호",경기도 화성시 만세구 팔탄면 하저리 915-2 ,2026-06-25
972,내안애 감자탕,휴게음식점,2024-05-28,,8.25,"경기도 화성시 만세구 향남읍 사챙이1길 12, 1층 일부호",경기도 화성시 만세구 향남읍 하길리 1541-1 ,2026-06-25
973,카페 요아정 향남점,휴게음식점,2024-06-04,,38.51,"경기도 화성시 만세구 향남읍 상신하길로298번길 7-9, 1동 1층 110호",경기도 화성시 만세구 향남읍 하길리 1472-3 1동 1층110호,2026-06-25
974,씨유 화성율암뷰타운점,휴게음식점,2024-06-10,,3.3,"경기도 화성시 만세구 팔탄면 시청로 831, 율암뷰타운 1층 일부(101)호",경기도 화성시 만세구 팔탄면 율암리 177-10 율암뷰타운 ,2026-06-25
975,지에스25 화성향남상신점,휴게음식점,2024-06-17,,6.6,"경기도 화성시 만세구 향남읍 상신하길로144번길 21, 1층",경기도 화성시 만세구 향남읍 상신리 1296 ,2026-06-25
976,메가엠지씨커피 화성발안산업단지점,휴게음식점,2024-06-21,,123.2,"경기도 화성시 만세구 향남읍 발안공단로 97, 1동 1층 일부호",경기도 화성시 만세구 향남읍 구문천리 927-8 1동 1층일부호,2026-06-25
977,테디스로드,휴게음식점,2024-06-26,031-354-3000,561.67,"경기도 화성시 만세구 향남읍 은행나무로802번길 92-8, 1,2층",경기도 화성시 만세구 향남읍 방축리 222-1 ,2026-06-25
978,지에스25 조암우리점,휴게음식점,2024-07-03,,3.3,"경기도 화성시 만세구 우정읍 조암동로36번길 8, 상가동 지하1층 107호",경기도 화성시 만세구 우정읍 조암리 797-2 상가동 지하1층 107호 ,2026-06-25
979,(카페무무)MUMU,휴게음식점,2024-07-05,,50,"경기도 화성시 만세구 향남읍 만년로 70-3, 1층",경기도 화성시 만세구 향남읍 갈천리 129-18 104호,2026-06-25
980,씨유 향남화리현리점,휴게음식점,2024-07-17,,3.3,"경기도 화성시 만세구 향남읍 서봉로 372, 2동 1층 일부호",경기도 화성시 만세구 향남읍 화리현리 166-4 ,2026-06-25
981,못난이꽈배기(향남신도시점),휴게음식점,2024-07-22,,33.6,경기도 화성시 만세구 향남읍 한절이1길 13,경기도 화성시 만세구 향남읍 하길리 1462-3 ,2026-06-25
982,지에스25 화성진우점,휴게음식점,2024-07-29,,3.3,"경기도 화성시 만세구 팔탄면 삼천병마로 582, 진우아파트 상가동 101호",경기도 화성시 만세구 팔탄면 가재리 692-1 진우아파트 상가동 101호,2026-06-25
983,지에스25 회화로점,휴게음식점,2024-07-30,,10,"경기도 화성시 만세구 양감면 정문회화로 41-1, 3동 1층 일부",경기도 화성시 만세구 양감면 사창리 310-1 3동 1층 일부 ,2026-06-25
984,CU향남수자인점,휴게음식점,2024-07-30,,3.3,"경기도 화성시 만세구 향남읍 향남로39번길 19-17, 112호,113호 일부호","경기도 화성시 만세구 향남읍 상신리 663-8 112호,113호 일부호 ",2026-06-25
985,울엄마 호두과자,휴게음식점,2024-08-21,,16.1,"경기도 화성시 만세구 팔탄면 서해로 1409-9, 1층 일부호",경기도 화성시 만세구 팔탄면 창곡리 437-4 ,2026-06-25
986,CU 향남케이티씨네마점,휴게음식점,2024-09-05,,3.3,"경기도 화성시 만세구 향남읍 상신하길로298번길 7-21, 101호",경기도 화성시 만세구 향남읍 하길리 1470-2 101호,2026-06-25
987,Cream blossom 크림블라썸,휴게음식점,2024-09-10,,149.68,"경기도 화성시 만세구 향남읍 행정서로2길 12, 1층",경기도 화성시 만세구 향남읍 행정리 420-14 ,2026-06-25
988,씨유 발안마을점,휴게음식점,2024-09-11,,3.3,"경기도 화성시 만세구 향남읍 발안남로 35, 도화빌딩 1층 일부",경기도 화성시 만세구 향남읍 발안리 65-2 도화빌딩 1층 일부 ,2026-06-25
989,허만두,휴게음식점,2024-09-11,,34.71,"경기도 화성시 만세구 향남읍 행정서로3길 4-30, 1층 103호",경기도 화성시 만세구 향남읍 행정리 426-10 103호,2026-06-25
990,세븐일레븐 화성노하점,휴게음식점,2024-09-12,,3.3,경기도 화성시 만세구 팔탄면 노하길 125,경기도 화성시 만세구 팔탄면 노하리 1178-4 ,2026-06-25
991,케밥전문점,휴게음식점,2024-09-23,,18,"경기도 화성시 만세구 향남읍 평1길 12, 1층 일부",경기도 화성시 만세구 향남읍 평리 85-9 1층 일부 ,2026-06-25
992,호두당 향남마루점,휴게음식점,2024-09-24,,49.4,"경기도 화성시 만세구 향남읍 발안로 303, 1층 일부",경기도 화성시 만세구 향남읍 동오리 556-4 1층 일부 ,2026-06-25
993,메가엠지씨커피 화성양감산업단지점,휴게음식점,2024-09-24,,204.55,"경기도 화성시 만세구 양감면 은행나무로62번길 22, 1층",경기도 화성시 만세구 양감면 요당리 110-61 ,2026-06-25
994,씨유 화성장안금의점,휴게음식점,2024-09-25,,3.3,"경기도 화성시 만세구 장안면 버들로 982, 1층",경기도 화성시 만세구 장안면 금의리 571-59 ,2026-06-25
995,대한국밥만세 화성향남점,휴게음식점,2024-10-10,,53.55,"경기도 화성시 만세구 향남읍 한절이1길 30, 1층 일부호",경기도 화성시 만세구 향남읍 하길리 1459 1층 일부호 ,2026-06-25
996,ZAM-ZAM(잠잠),휴게음식점,2024-10-17,,143.82,"경기도 화성시 만세구 향남읍 3.1만세로 1130, 2층",경기도 화성시 만세구 향남읍 평리 30-23 2층 ,2026-06-25
997,이지스PC방,휴게음식점,2024-10-21,031-8047-0477,10,"경기도 화성시 만세구 향남읍 발안로 113, 아스날 메디컬프라자 3층 일부호",경기도 화성시 만세구 향남읍 행정리 474-9 아스날 메디컬프라자 3층 일부호,2026-06-25
998,지에스25 향남센터점,휴게음식점,2024-10-21,,3.3,"경기도 화성시 만세구 향남읍 행정죽전로1길 27, 1층 일부호",경기도 화성시 만세구 향남읍 행정리 495-2 ,2026-06-25
999,정다함,휴게음식점,2024-10-21,,10,경기도 화성시 만세구 향남읍 상신하길로328번길 21 (화성향남서봉마을사랑으로부영3단지),경기도 화성시 만세구 향남읍 하길리 1464 화성향남서봉마을사랑으로부영3단지 알뜰장터 내 ,2026-06-25
1000,고고푸드트럭,휴게음식점,2024-10-23,,10,"경기도 화성시 만세구 향남읍 향남로 470, 화성종합경기타운",경기도 화성시 만세구 향남읍 도이리 668 화성종합경기타운 ,2026-06-25
1001,별빛가애,휴게음식점,2024-11-05,,20,"경기도 화성시 만세구 우정읍 월지동길 26-6, 1층 일부호",경기도 화성시 만세구 우정읍 원안리 211-1 ,2026-06-25
1002,옥빛가애,휴게음식점,2024-11-05,,20,"경기도 화성시 만세구 우정읍 월지동길 26-8, 1층 일부호",경기도 화성시 만세구 우정읍 원안리 211-2 ,2026-06-25
1003,분식창꼬,휴게음식점,2024-11-19,,36,"경기도 화성시 만세구 향남읍 상신하길로273번길 57, 상가동 118호 (모아미래도에듀파크서봉마을4단지)",경기도 화성시 만세구 향남읍 하길리 1515 모아미래도에듀파크서봉마을4단지 상가동 118호,2026-06-25
1004,떡볶이에 빠진 꼬마김밥,휴게음식점,2024-11-22,,36,"경기도 화성시 만세구 향남읍 삼천병마로 206, 103호",경기도 화성시 만세구 향남읍 평리 81-22 ,2026-06-25
1005,화성치즈학교,휴게음식점,2024-11-25,,590.7,경기도 화성시 만세구 우정읍 기아자동차로 189,경기도 화성시 만세구 우정읍 매향리 986 ,2026-06-25
1006,키울커피바,휴게음식점,2024-11-29,,92.93,"경기도 화성시 만세구 팔탄면 건달산로 132-6, 1층 일부",경기도 화성시 만세구 팔탄면 기천리 242-2 1층 일부 ,2026-06-25
1007,이마트24 화성석포점,휴게음식점,2024-12-02,,6.6,"경기도 화성시 만세구 팔탄면 석포로 10-2, 2층 일부호",경기도 화성시 만세구 팔탄면 서근리 48-5 2층 일부호 ,2026-06-25
1008,아빠분식,휴게음식점,2024-12-04,,40.5,"경기도 화성시 만세구 향남읍 손개1길 7-3, 104호",경기도 화성시 만세구 향남읍 상신리 1311-4 ,2026-06-25
1009,AL-ISLAM HALAL 음식,휴게음식점,2024-12-27,,76.03,"경기도 화성시 만세구 향남읍 3.1만세로 1109-3, 1층 101호",경기도 화성시 만세구 향남읍 평리 89-15 1층 101호 ,2026-06-25
1010,제로백피씨 발안산단점,휴게음식점,2025-01-03,,17.4,"경기도 화성시 만세구 향남읍 발안공단로3길 2, 다인블루 204호 일부호",경기도 화성시 만세구 향남읍 구문천리 927-9 다인블루 204호호,2026-06-25
1011,이마트24 향남스타점,휴게음식점,2025-01-10,,3.3,"경기도 화성시 만세구 향남읍 행정서로1길 31-15, 1층 일부호",경기도 화성시 만세구 향남읍 행정리 451-6 1층 일부호 ,2026-06-25
1012,여유와당,휴게음식점,2025-01-23,,267.3,"경기도 화성시 만세구 향남읍 당너머길 45, 1층(1동,2동 전체)","경기도 화성시 만세구 향남읍 상두리 264-1 1층(1동,2동 전체) ",2026-06-25
1013,할리스 화성만세DT점,휴게음식점,2025-02-03,,466.45,"경기도 화성시 만세구 향남읍 서해로 191, 1,2층",경기도 화성시 만세구 향남읍 구문천리 19-3 ,2026-06-25
1014,야신,휴게음식점,2025-02-18,,59.97,"경기도 화성시 만세구 향남읍 평3길 10, 102호",경기도 화성시 만세구 향남읍 평리 81-42 ,2026-06-25
1015,씨유 장안수정로점,휴게음식점,2025-02-18,,3.3,"경기도 화성시 만세구 장안면 수정로 387, 1층 일부호",경기도 화성시 만세구 장안면 수촌리 428-26 ,2026-06-25
1016,씨유 화성상신중학교점,휴게음식점,2025-02-20,,3.3,"경기도 화성시 만세구 향남읍 장안로 938, 1층 일부호",경기도 화성시 만세구 향남읍 상신리 567 ,2026-06-25
1017,화성시니어클럽 노노카페 향남복합문화센터점,휴게음식점,2025-02-21,,19.94,"경기도 화성시 만세구 향남읍 상신하길로273번길 17, 2층 일부",경기도 화성시 만세구 향남읍 하길리 1512 2층 일부 ,2026-06-25
1018,윤스커피,휴게음식점,2025-02-24,,94.07,"경기도 화성시 만세구 향남읍 서봉로101번길 21, 1층 일부호",경기도 화성시 만세구 향남읍 상신리 740-2 ,2026-06-25
1019,올스테이블(예그리나),휴게음식점,2025-02-28,,10,"경기도 화성시 만세구 향남읍 향남로 470, 화성종합경기타운",경기도 화성시 만세구 향남읍 도이리 668 화성종합경기타운 ,2026-06-25
1020,스타플러스(F&B),휴게음식점,2025-02-28,,10,"경기도 화성시 만세구 향남읍 향남로 470, 화성종합경기타운",경기도 화성시 만세구 향남읍 도이리 668 화성종합경기타운 ,2026-06-25
1021,디디푸드,휴게음식점,2025-03-10,,10,경기도 화성시 만세구 향남읍 상신하길로328번길 21 (화성향남서봉마을사랑으로부영3단지),경기도 화성시 만세구 향남읍 하길리 1464 화성향남서봉마을사랑으로부영3단지 ,2026-06-25
1022,허그컵카페(반다비점),휴게음식점,2025-03-10,,18.8,"경기도 화성시 만세구 향남읍 향남로 489, 1층 일부",경기도 화성시 만세구 향남읍 도이리 산 32 1층 일부 ,2026-06-25
1023,넘버원 푸드,휴게음식점,2025-03-12,,10,"경기도 화성시 만세구 향남읍 향남로 470, 화성종합경기타운",경기도 화성시 만세구 향남읍 도이리 668 화성종합경기타운 ,2026-06-25
1024,카페여유,휴게음식점,2025-03-13,,45,"경기도 화성시 만세구 팔탄면 온천로 56-4, 1층 일부(104호)",경기도 화성시 만세구 팔탄면 덕우리 220-4 1층 일부(104호) ,2026-06-25
1025,씨유 향남상신점,휴게음식점,2025-03-14,,3.3,"경기도 화성시 만세구 향남읍 상신하길로135번길 6-16, 102호",경기도 화성시 만세구 향남읍 상신리 1292-7 ,2026-06-25
1026,비디하우스,휴게음식점,2025-03-24,,37.08,"경기도 화성시 만세구 향남읍 발안공단로5길 114, 1층 일부호(101호)",경기도 화성시 만세구 향남읍 구문천리 151-22 1층 일부호(101호) ,2026-06-25
1027,카페루나로,휴게음식점,2025-04-02,,64.67,"경기도 화성시 만세구 양감면 초록로 21, 2동 1, 2층",경기도 화성시 만세구 양감면 신왕리 602-1 ,2026-06-25
1028,천씨씨커피 향남티지점,휴게음식점,2025-04-08,,96.12,"경기도 화성시 만세구 향남읍 초록로 889, 1층 일부호",경기도 화성시 만세구 향남읍 수직리 114-19 ,2026-06-25
1029,맘마미아,휴게음식점,2025-04-15,,10,"경기도 화성시 만세구 향남읍 향남로 470, 화성종합경기타운 지정장소호",경기도 화성시 만세구 향남읍 도이리 668 화성종합경기타운 ,2026-06-25
1030,수408,휴게음식점,2025-04-29,,120,"경기도 화성시 만세구 우정읍 버들로 182, 1동 1층",경기도 화성시 만세구 우정읍 조암리 666 ,2026-06-25
1031,더벤티 현대기아로점,휴게음식점,2025-05-01,,38.2,"경기도 화성시 만세구 팔탄면 현대기아로 42, 1층 일부호(102호)",경기도 화성시 만세구 팔탄면 노하리 450-19 1층 일부호(102호) ,2026-06-25
1032,compory pizza(컴포리 피자),휴게음식점,2025-05-09,,61.19,"경기도 화성시 만세구 향남읍 한절이1길 16, 1층 일부(102호)",경기도 화성시 만세구 향남읍 하길리 1458-10 1층 일부(102호) ,2026-06-25
1033,화니네 커피,휴게음식점,2025-05-12,,75.55,경기도 화성시 만세구 우정읍 버들로 337,경기도 화성시 만세구 우정읍 운평리 668-4 ,2026-06-25
1034,북카페 만화산책,휴게음식점,2025-05-14,,135.65,"경기도 화성시 만세구 향남읍 행정중앙2로 69-19, 백현프라자 602호",경기도 화성시 만세구 향남읍 행정리 486-2 백현프라자 602호,2026-06-25
1035,LOT(로트),휴게음식점,2025-05-20,,63,"경기도 화성시 만세구 향남읍 서해로 314, 1층 일부호(104호)",경기도 화성시 만세구 향남읍 상신리 1167-6 1층 일부호(104호) ,2026-06-25
1036,메가원탑PC방,휴게음식점,2025-05-26,,35,"경기도 화성시 만세구 향남읍 발안양감로 211, 201~204호의 일부호 2층",경기도 화성시 만세구 향남읍 하길리 1467-2 ,2026-06-25
1037,카페베즐리 4호점,휴게음식점,2025-06-05,,22.88,"경기도 화성시 만세구 우정읍 기아자동차로 95, 7동 조립2부 일부호",경기도 화성시 만세구 우정읍 매향리 966 ,2026-06-25
1038,스트렝스커피 화성점,휴게음식점,2025-06-09,,61.95,"경기도 화성시 만세구 우정읍 매화길 5-24, 일부호",경기도 화성시 만세구 우정읍 이화리 1105-52 ,2026-06-25
1039,메가엠지씨커피 화성조암시장점,휴게음식점,2025-06-18,,56.12,"경기도 화성시 만세구 우정읍 조암남로 28, 1층",경기도 화성시 만세구 우정읍 조암리 270-7 ,2026-06-25
1040,라운지브이카페,휴게음식점,2025-06-23,,76.42,"경기도 화성시 만세구 장안면 장안공단로 104-62, 1층 일부호",경기도 화성시 만세구 장안면 석포리 19 ,2026-06-25
1041,마이츄,휴게음식점,2025-06-26,,10,"경기도 화성시 만세구 향남읍 향남로 470, 화성종합경기타운",경기도 화성시 만세구 향남읍 도이리 668 화성종합경기타운 ,2026-06-25
1042,그랑푸드,휴게음식점,2025-06-26,,10,"경기도 화성시 만세구 향남읍 향남로 470, 화성종합경기타운",경기도 화성시 만세구 향남읍 도이리 668 화성종합경기타운 ,2026-06-25
1043,하피랜드푸드,휴게음식점,2025-06-30,,72,"경기도 화성시 만세구 팔탄면 시청로 888, 1층 일부",경기도 화성시 만세구 팔탄면 율암리 483-26 1층 일부 ,2026-06-25
1044,GS25 화성화산점,휴게음식점,2025-07-02,,3.3,"경기도 화성시 만세구 우정읍 기아자동차로 719, 나동 1층 일부호",경기도 화성시 만세구 우정읍 화산리 3-18 ,2026-06-25
1045,씨유 장안수촌리점,휴게음식점,2025-07-03,,3.3,"경기도 화성시 만세구 장안면 장안공단2길 18, 1동 1층 일부호",경기도 화성시 만세구 장안면 수촌리 1475 ,2026-06-25
1046,발도스 커피 화성율암점,휴게음식점,2025-07-03,,72,"경기도 화성시 만세구 팔탄면 시청로 826, 2층 일부",경기도 화성시 만세구 팔탄면 율암리 481-3 2층 일부 ,2026-06-25
1047,세븐일레븐 화성팔탄지월점,휴게음식점,2025-07-14,,3.3,"경기도 화성시 만세구 팔탄면 서해로 961, 팔탄 자동차정비공장 5동 1층 일부호",경기도 화성시 만세구 팔탄면 지월리 550-13 팔탄 자동차정비공장 5동 1층 일부호,2026-06-25
1048,세븐일레븐 화성서봉마을점,휴게음식점,2025-07-14,,3.3,"경기도 화성시 만세구 향남읍 상신하길로273번길 60, 상가동 103호 일부호 (서봉마을5단지)",경기도 화성시 만세구 향남읍 하길리 1477 서봉마을5단지 ,2026-06-25
1049,투르크멘 타가미(Turkmen tagamy),휴게음식점,2025-07-28,,43,"경기도 화성시 만세구 향남읍 발안남로55번길 1, 일부(106)호",경기도 화성시 만세구 향남읍 발안리 123-2 ,2026-06-25
1050,지에스25 뉴하길부영점,휴게음식점,2025-08-05,,3.3,"경기도 화성시 만세구 향남읍 상신하길로328번길 21, 상가동 102호 일부호 (화성향남서봉마을사랑으로부영3단지)",경기도 화성시 만세구 향남읍 하길리 1464 화성향남서봉마을사랑으로부영3단지 ,2026-06-25
1051,라이스랩(Rice Lab),휴게음식점,2025-08-13,,31.41,"경기도 화성시 만세구 향남읍 방죽로 22-8, 상가동 1호 (화성향남 21단지)",경기도 화성시 만세구 향남읍 하길리 1494 화성향남 21단지 ,2026-06-25
1052,또와커피,휴게음식점,2025-08-13,,34.86,"경기도 화성시 만세구 팔탄면 버들로 1245, 1동 106호",경기도 화성시 만세구 팔탄면 서근리 53 ,2026-06-25
1053,감성커피 화성서근리점,휴게음식점,2025-08-18,,50.6,"경기도 화성시 만세구 팔탄면 버들로 1361, 1층 일부",경기도 화성시 만세구 팔탄면 서근리 220-8 1층 일부 ,2026-06-25
1054,씨유 우정본점,휴게음식점,2025-08-19,,3.3,"경기도 화성시 만세구 우정읍 쌍봉로 36, 1층 일부호",경기도 화성시 만세구 우정읍 조암리 374 ,2026-06-25
1055,39번국도1등로또,휴게음식점,2025-08-25,,49.56,"경기도 화성시 만세구 팔탄면 서해로 1399-1, 2동 1층 5호",경기도 화성시 만세구 팔탄면 창곡리 437-2 ,2026-06-25
1056,메가엠지씨커피 화성증거리점,휴게음식점,2025-08-28,,73.5,"경기도 화성시 만세구 향남읍 만년로 146, 1층 일부호",경기도 화성시 만세구 향남읍 증거리 323-1 ,2026-06-25
1057,BANH BAO 93(베트남찐빵),휴게음식점,2025-09-01,,36,"경기도 화성시 만세구 우정읍 장안로 20, 1층 일부호",경기도 화성시 만세구 우정읍 조암리 148-4 ,2026-06-25
1058,레드로그,휴게음식점,2025-09-04,,10,"경기도 화성시 만세구 향남읍 향남로 470, 화성종합경기타운",경기도 화성시 만세구 향남읍 도이리 668 화성종합경기타운 ,2026-06-25
1059,꼬빵이,휴게음식점,2025-09-08,,83.7,"경기도 화성시 만세구 향남읍 발안공단로 115, 102호",경기도 화성시 만세구 향남읍 구문천리 927-2 ,2026-06-25
1060,컴포즈커피 향남점,휴게음식점,2025-09-10,,32.4,"경기도 화성시 만세구 향남읍 행정중앙2로 39, 태성메디컬프라자 105호",경기도 화성시 만세구 향남읍 행정리 435-4 태성메디컬프라자 ,2026-06-25
1061,달프샾,휴게음식점,2025-09-19,,10,"경기도 화성시 만세구 향남읍 향남로 470, 화성종합경기타운",경기도 화성시 만세구 향남읍 도이리 668 화성종합경기타운 ,2026-06-25
1062,씨유 팔탄지월본점,휴게음식점,2025-09-26,,3.3,"경기도 화성시 만세구 팔탄면 서해로 954, A동 1층",경기도 화성시 만세구 팔탄면 지월리 550-5 ,2026-06-25
1063,씨유 향남도이점,휴게음식점,2025-09-26,,3.3,"경기도 화성시 만세구 향남읍 발안로 189-1, 1층",경기도 화성시 만세구 향남읍 도이리 471-4 ,2026-06-25
1064,컴포즈커피 화성석포점,휴게음식점,2025-09-30,,60,"경기도 화성시 만세구 팔탄면 석포로 10-2, 2층 일부호",경기도 화성시 만세구 팔탄면 서근리 48-5 ,2026-06-25
1065,그랜드뷰 아일랜드,휴게음식점,2025-10-02,,385.2,"경기도 화성시 만세구 장안면 황골길 141-5, 2동 1,2층","경기도 화성시 만세구 장안면 수촌리 391-4 2동 1,2층 ",2026-06-25
1066,그랜드뷰 아일랜드,휴게음식점,2025-10-02,,250.86,"경기도 화성시 만세구 장안면 황골길 141-5, 1동 1층",경기도 화성시 만세구 장안면 수촌리 391-4 1동 1층 ,2026-06-25
1067,카페오얏리,휴게음식점,2025-10-02,,37.8,"경기도 화성시 만세구 팔탄면 마당바위로 111-1, 1층 일부호",경기도 화성시 만세구 팔탄면 구장리 846-3 1층 일부호 ,2026-06-25
1068,세븐일레븐 향남행정마을점,휴게음식점,2025-10-17,,3.3,"경기도 화성시 만세구 향남읍 행정서로3길 4-16, 1층 일부호",경기도 화성시 만세구 향남읍 행정리 426-5 ,2026-06-25
1069,사과당 향남점,휴게음식점,2025-10-28,,45.51,"경기도 화성시 만세구 향남읍 행정중앙2로 63-3, 102호",경기도 화성시 만세구 향남읍 행정리 487-5 ,2026-06-25
1070,메가원탑PC향남1지구,휴게음식점,2025-10-28,,23.8,"경기도 화성시 만세구 향남읍 행정중앙2로 63-34, 명신프라자2 501호 일부, 502호 일부호","경기도 화성시 만세구 향남읍 행정리 486-1 명신프라자2 501호 일부, 502호 일부호 ",2026-06-25
1071,CU 기아복지관점,휴게음식점,2025-10-31,,3.3,"경기도 화성시 만세구 우정읍 기아자동차로 559, 기아 카렌스쎈타 1층 일부호",경기도 화성시 만세구 우정읍 화산리 617-15 기아 카렌스쎈타 ,2026-06-25
1072,우지커피 화성향남점,휴게음식점,2025-11-13,,32.6,"경기도 화성시 만세구 향남읍 행정서로3길 4-42, 1층 일부호",경기도 화성시 만세구 향남읍 행정리 433-2 ,2026-06-25
1073,수커피,휴게음식점,2025-11-17,,14.4,"경기도 화성시 만세구 향남읍 만년로 24, 1층 일부",경기도 화성시 만세구 향남읍 수직리 270 1층 일부 ,2026-06-25
1074,다올,휴게음식점,2025-11-17,,33,"경기도 화성시 만세구 팔탄면 시청로 1049, A동 1층 일부(4호 일부)",경기도 화성시 만세구 팔탄면 구장리 75-29 A동 1층 일부(4호 일부) ,2026-06-25
1075,GS25 우정이화점,휴게음식점,2025-11-17,,3.3,"경기도 화성시 만세구 우정읍 남양만로 593, 1동 1층 일부호",경기도 화성시 만세구 우정읍 이화리 1224-2 1동 1층 일부호 ,2026-06-25
1076,참숯뜰매점,휴게음식점,2025-11-19,,10,"경기도 화성시 만세구 팔탄면 온천로 434-14, 1동 1층 일부호",경기도 화성시 만세구 팔탄면 율암리 842-9 1동 1층 일부 ,2026-06-25
1077,SALAM BURGER(살람버거),휴게음식점,2025-11-19,,37.2,"경기도 화성시 만세구 향남읍 삼천병마로 206, 1층 일부(102)호",경기도 화성시 만세구 향남읍 평리 81-22 1층 일부(102)호 ,2026-06-25
1078,무스키스,휴게음식점,2025-11-24,,23.94,"경기도 화성시 만세구 향남읍 발안남로55번길 4-11, 1층 일부호",경기도 화성시 만세구 향남읍 발안리 407 ,2026-06-25
1079,지에스25 향남상신중앙점,휴게음식점,2025-11-27,,3.3,"경기도 화성시 만세구 향남읍 상신하길로175번나길 3-5, 1동 1층 일부(101)호",경기도 화성시 만세구 향남읍 상신리 1276 1동 1층 일부(101)호 ,2026-06-25
1080,지에스25 우정쌍봉점,휴게음식점,2025-12-02,,3.3,"경기도 화성시 만세구 우정읍 쌍봉로 160-3, 1층",경기도 화성시 만세구 우정읍 멱우리 523-5 ,2026-06-25
1081,마루빛,휴게음식점,2025-12-05,,40.66,"경기도 화성시 만세구 향남읍 행정죽전로4길 19, 1층 일부호",경기도 화성시 만세구 향남읍 행정리 505-12 1층 일부호 ,2026-06-25
1082,씨유 화성대양점,휴게음식점,2025-12-11,,3.3,"경기도 화성시 만세구 양감면 윗생이길 2, 1층 일부",경기도 화성시 만세구 양감면 대양리 511-1 1층 일부 ,2026-06-25
1083,씨유 향남퍼스트점,휴게음식점,2025-12-22,,3.3,"경기도 화성시 만세구 향남읍 방죽로 22-8, 상가동 5, 6호 (화성향남 21단지)",경기도 화성시 만세구 향남읍 하길리 1494 화성향남 21단지 ,2026-06-25
1084,소로,휴게음식점,2026-01-09,,141.92,"경기도 화성시 만세구 향남읍 서봉로 151, 1동 3층",경기도 화성시 만세구 향남읍 하길리 660-1 1동 3층 ,2026-06-25
1085,카페여원,휴게음식점,2026-01-09,,12.5,"경기도 화성시 만세구 팔탄면 3.1만세로 751, 1층 일부호",경기도 화성시 만세구 팔탄면 해창리 19 ,2026-06-25
1086,지에스25 향남백운점,휴게음식점,2026-01-13,,3.3,"경기도 화성시 만세구 향남읍 행정죽전로3길 25, 1층",경기도 화성시 만세구 향남읍 행정리 507-10 ,2026-06-25
1087,코리아세븐 화성서해로점,휴게음식점,2026-01-13,,3.3,"경기도 화성시 만세구 팔탄면 서해로 1278, A동 1층 일부호",경기도 화성시 만세구 팔탄면 창곡리 1013-3 A동 1층 일부호 ,2026-06-25
1088,두바이유학생,휴게음식점,2026-01-23,,53.53,"경기도 화성시 만세구 향남읍 발안양감로 211, 케이티 시네마쓰리 1층 102호",경기도 화성시 만세구 향남읍 하길리 1467-2 케이티 시네마쓰리 1층 102호,2026-06-25
1089,지에스25우정기아로점,휴게음식점,2026-02-02,,3.3,"경기도 화성시 만세구 우정읍 기아자동차로 535, 1동 1층 일부호",경기도 화성시 만세구 우정읍 화산리 1198-4 ,2026-06-25
1090,우지커피 화성향남2지구점,휴게음식점,2026-02-06,,49.22,"경기도 화성시 만세구 향남읍 상신하길로298번길 7-13, 골든프라자 1동 1층 106호",경기도 화성시 만세구 향남읍 하길리 1472-5 1동 106호,2026-06-25
1091,라임이네문구점,휴게음식점,2026-02-06,,36.9,"경기도 화성시 만세구 향남읍 상신하길로273번길 57, 상가2동 지2층 119호 (모아미래도에듀파크서봉마을4단지)",경기도 화성시 만세구 향남읍 하길리 1515 모아미래도에듀파크서봉마을4단지 상가2동 지2층 119호 ,2026-06-25
1092,휴대폰서비스센터,휴게음식점,2026-02-09,,9.2,"경기도 화성시 만세구 향남읍 상신하길로 326, 탑스프라자 1동 1층 112호 일부호",경기도 화성시 만세구 향남읍 하길리 1465 ,2026-06-25
1093,떡볶이나라,휴게음식점,2026-02-23,,25.2,"경기도 화성시 만세구 향남읍 발안서로 15, 1층 108호",경기도 화성시 만세구 향남읍 발안리 297 1층 108호 ,2026-06-25
1094,K꼬꼬닭강정,휴게음식점,2026-02-25,,9.9,"경기도 화성시 만세구 향남읍 향남로 470, 화성종합경기타운 내 일부",경기도 화성시 만세구 향남읍 도이리 668 화성종합경기타운 내 일부 ,2026-06-25
1095,크레마렙타일&카페,휴게음식점,2026-03-12,,128.35,"경기도 화성시 만세구 향남읍 대밭로 47, 로데오프라자 1동 6층 603호",경기도 화성시 만세구 향남읍 하길리 1467-1 1동 603호,2026-06-25
1096,갤런브로스Galanbros,휴게음식점,2026-03-17,,10,경기도 화성시 만세구 향남읍 상신하길로273번길 57 (모아미래도에듀파크서봉마을4단지),경기도 화성시 만세구 향남읍 하길리 1515 모아미래도에듀파크서봉마을4단지 ,2026-06-25
1097,라운지카페,휴게음식점,2026-03-19,,33,"경기도 화성시 만세구 양감면 사격장길 142, 화성경기종합사격장 경기도 사격테마파크 통합관리동 1층 일부호",경기도 화성시 만세구 양감면 사창리 810-2 화성경기종합사격장 경기도 사격테마파크 통합관리동 1층 일부 ,2026-06-25
1098,씨유 화성독정점,휴게음식점,2026-03-19,,3.3,"경기도 화성시 만세구 장안면 수정로 140, 1동 1층 일부호",경기도 화성시 만세구 장안면 독정리 658 1동 일부호,2026-06-25
1099,辛가네 충무김밥,휴게음식점,2026-03-19,,19.96,"경기도 화성시 만세구 향남읍 행정서로1길 14, 1층 일부(103호 일부)",경기도 화성시 만세구 향남읍 행정리 459-2 ,2026-06-25
1100,매머드커피 익스프레스 화성발안산업단지점,휴게음식점,2026-03-19,,49.68,"경기도 화성시 만세구 향남읍 발안공단로3길 2, 다인블루 1층 103호",경기도 화성시 만세구 향남읍 구문천리 927-9 다인블루 103호,2026-06-25
1101,지에스25 발안샤르밍,휴게음식점,2026-03-19,,3.3,"경기도 화성시 만세구 향남읍 발안남로55번길 4-13, 1층 일부호",경기도 화성시 만세구 향남읍 발안리 408 1층 일부호 ,2026-06-25
1102,지에스25 화성어은리점,휴게음식점,2026-03-19,,3.3,"경기도 화성시 만세구 장안면 장안로 231, 1동 1층 일부호",경기도 화성시 만세구 장안면 어은리 567-1 1동 1층 일부호 ,2026-06-25
1103,지에스25 석포산단입구,휴게음식점,2026-03-19,,3.3,"경기도 화성시 만세구 장안면 석포로 114, 1동 1층 일부호",경기도 화성시 만세구 장안면 석포리 681-20 1동 1층 일부호 ,2026-06-25
1104,마마 케이크(MAMA CAKE),휴게음식점,2026-03-27,,31.16,"경기도 화성시 만세구 향남읍 행정서로3길 4-22, 1층 일부",경기도 화성시 만세구 향남읍 행정리 426-8 1층 일부 ,2026-06-25
1105,만나국수,휴게음식점,2026-04-09,,20,"경기도 화성시 만세구 우정읍 조암남로 24-3, 1동 1층 1호",경기도 화성시 만세구 우정읍 조암리 270-43 ,2026-06-25
1106,woody(카페우디),휴게음식점,2026-04-09,,36,"경기도 화성시 만세구 우정읍 기아자동차로 559, 기아 카렌스쎈타 1층 일부호",경기도 화성시 만세구 우정읍 화산리 617-15 기아 카렌스쎈타 ,2026-06-25
1107,가나다방,휴게음식점,2026-04-22,,38.85,"경기도 화성시 만세구 향남읍 배터길 6-5, 1층 일부",경기도 화성시 만세구 향남읍 평리 96-2 1층 일부 ,2026-06-25
1108,에이바우트 화성향남점,휴게음식점,2026-04-24,,187.62,"경기도 화성시 만세구 향남읍 상신하길로298번길 7-5, 백마프라자 1층 104,105,106,107호",경기도 화성시 만세구 향남읍 하길리 1472-1 ,2026-06-25
1109,떡의작품 향남점,휴게음식점,2026-05-07,,35.04,"경기도 화성시 만세구 향남읍 행정서로3길 4-56, 1층 일부(101호)",경기도 화성시 만세구 향남읍 행정리 433-6 1층 일부(101호) ,2026-06-25
1110,이디야커피 화성팔탄중앙점,휴게음식점,2026-05-11,,215.25,"경기도 화성시 만세구 팔탄면 푸른들판로 712-7, DCT-MALL 지하1층 일부(L01호)",경기도 화성시 만세구 팔탄면 구장리 3-1 DCT-MALL 지하1층 일부(L01호) ,2026-06-25
1111,메가엠지씨커피 화성서봉마을점,휴게음식점,2026-05-28,,69,"경기도 화성시 만세구 향남읍 한절이길 8, 1층 일부(102호)",경기도 화성시 만세구 향남읍 하길리 1452-5 ,2026-06-25
1112,혜정푸드2,휴게음식점,2026-05-29,,29.09,"경기도 화성시 만세구 향남읍 3.1만세로 1092, 1층 일부",경기도 화성시 만세구 향남읍 평리 106 1층 일부 ,2026-06-25
1113,명류당티에프,휴게음식점,2026-06-08,,,"경기도 화성시 만세구 향남읍 향남로 402, 홈플러스 화성향남점 1층",경기도 화성시 만세구 향남읍 행정리 487-1 홈플러스 화성향남점 ,2026-06-25
1114,야미야미꼬마김밥,휴게음식점,2026-06-11,,16,"경기도 화성시 만세구 향남읍 분향동길 4-10, 2동 1층",경기도 화성시 만세구 향남읍 상신리 63-22 ,2026-06-25
1115,코로스(KOLOS),휴게음식점,2026-06-15,,111.13,"경기도 화성시 만세구 향남읍 발안로 31, 1동 1층 일부",경기도 화성시 만세구 향남읍 평리 68-5 1동 1층 일부 ,2026-06-25
1116,유학메디컬,휴게음식점,2026-06-18,,14.85,"경기도 화성시 만세구 향남읍 3.1만세로 1126, 1층 일부(1칸)호",경기도 화성시 만세구 향남읍 평리 30-4 ,2026-06-25
1117,마크로,제과점영업,2024-02-07,,10.89,"경기도 화성시 만세구 향남읍 3.1만세로 1124, 101호",경기도 화성시 만세구 향남읍 평리 35-14 ,2026-06-25
1118,카페요리,제과점영업,2024-06-19,,32.2,"경기도 화성시 만세구 향남읍 토성로 363, 105호",경기도 화성시 만세구 향남읍 요리 32 ,2026-06-25
1119,THE BISCUIT(더 비스퀴),제과점영업,2024-11-22,,36.86,"경기도 화성시 만세구 향남읍 행정중앙2로 33, 성지프라자 107호",경기도 화성시 만세구 향남읍 행정리 435-2 성지프라자 107호,2026-06-25
1120,베이커리 윤슬,제과점영업,2025-03-26,,33.75,"경기도 화성시 만세구 향남읍 행정중앙2로 83, 1층 105호 (향남시범 살구꽃마을 대방 노블랜드 아파트)",경기도 화성시 만세구 향남읍 행정리 485 향남시범 살구꽃마을 대방 노블랜드 아파트 105호,2026-06-25
1121,오브,제과점영업,2025-09-10,,73.18,"경기도 화성시 만세구 향남읍 행정중앙2로 39, 태성메디컬프라자 103,104호",경기도 화성시 만세구 향남읍 행정리 435-4 태성메디컬프라자 ,2026-06-25
1122,단밤,제과점영업,2025-11-06,,31.08,"경기도 화성시 만세구 향남읍 발안로 101, 정 메디 프라자 107호",경기도 화성시 만세구 향남읍 행정리 474-3 정 메디 프라자 107호,2026-06-25
1123,디어유 베이크샵(Dear.U),제과점영업,2025-12-12,,491.37,"경기도 화성시 만세구 향남읍 향남로 128-1, 1동 1,2층",경기도 화성시 만세구 향남읍 하길리 383 ,2026-06-25
1124,하나로제과점,제과점영업,2026-01-19,,48.91,"경기도 화성시 만세구 향남읍 행정서남로 67, 1층 일부호",경기도 화성시 만세구 향남읍 평리 152 ,2026-06-25
1125,하나로제과점,제과점영업,2026-01-19,,46.66,"경기도 화성시 만세구 향남읍 행정서남로 67, 1층 일부호",경기도 화성시 만세구 향남읍 평리 152 ,2026-06-25
1126,"다과,소운",제과점영업,2026-04-20,,60,"경기도 화성시 만세구 향남읍 상신하길로328번길 26, 키움프라자 1동 1층 110호",경기도 화성시 만세구 향남읍 하길리 1467 1동 110호,2026-06-25
1127,안녕포차,일반음식점,2024-01-02,,83.54,"경기도 화성시 병점구 장조2로 12, 205호 (안녕동)",경기도 화성시 병점구 안녕동 0 205호,2026-06-25
1128,진오뎅,일반음식점,2024-01-02,,65.57,"경기도 화성시 병점구 영통로 56, 1층일부(103호전부,104호일부) (반월동)",경기도 화성시 병점구 반월동 31-1 ,2026-06-25
1129,우도갈비·막국수,일반음식점,2024-01-04,,42,"경기도 화성시 병점구 병점로 72, 1층 전체 (병점동)",경기도 화성시 병점구 병점동 832-1 ,2026-06-25
1130,뚱스네식당,일반음식점,2024-01-10,,53.09,"경기도 화성시 병점구 병점중앙로242번길 15-16, 1층 일부호 (진안동)",경기도 화성시 병점구 진안동 922-1 1층 일부호 ,2026-06-25
1131,담은샤브칼국수(진안점),일반음식점,2024-01-12,,148.52,"경기도 화성시 병점구 병점로 37-6, 메트로 프라자 101호,102호 (진안동)",경기도 화성시 병점구 진안동 524-1 메트로 프라자 ,2026-06-25
1132,카쿠,일반음식점,2024-01-16,,46.99,"경기도 화성시 병점구 효행로 1056, 탑프라자 109호 (병점동)",경기도 화성시 병점구 병점동 844-2 ,2026-06-25
1133,추닭집 병점점,일반음식점,2024-01-19,,34.88,"경기도 화성시 병점구 병점노을4로 5, 병점노블레스 1층 101호 (병점동)",경기도 화성시 병점구 병점동 884-4 1층101호 ,2026-06-25
1134,빽보이피자화성병점점,일반음식점,2024-02-01,,32.76,"경기도 화성시 병점구 병점2로 77, 1층 일부호(102호) (병점동)",경기도 화성시 병점구 병점동 842-17 1층 일부호(102호) ,2026-06-25
1135,(주)이에이치푸드,일반음식점,2024-02-02,,195.81,"경기도 화성시 병점구 동탄지성로 408-7, 1층 (반월동)",경기도 화성시 병점구 반월동 248-20 ,2026-06-25
1136,우백탄 반월점,일반음식점,2024-02-05,,103.36,"경기도 화성시 병점구 영통로26번길 20, 101호,102호 (반월동)",경기도 화성시 병점구 반월동 83 ,2026-06-25
1137,더 온전히,일반음식점,2024-02-06,,138.83,"경기도 화성시 병점구 효심2길 28, 삼월 1동 1층 (송산동)",경기도 화성시 병점구 송산동 0 ,2026-06-25
1138,한솥도시락 병점점,일반음식점,2024-02-13,031 -224 -5502,47.2,"경기도 화성시 병점구 효행로 1060, 이타운4 1층 103호 (병점동)",경기도 화성시 병점구 병점동 844-3 이타운4 ,2026-06-25
1139,홍가불타는닭갈비,일반음식점,2024-02-13,,92,"경기도 화성시 병점구 병점중앙로170번길 8-7, 1층 일부호 (진안동)",경기도 화성시 병점구 진안동 872-11 ,2026-06-25
1140,못골가마솥해장국,일반음식점,2024-02-14,,42.51,"경기도 화성시 병점구 병점2로 65, 우남프라자 1층 102호 (병점동)",경기도 화성시 병점구 병점동 259-15 우남프라자 102호,2026-06-25
1141,서부 청기와 감자탕 화성병점점,일반음식점,2024-02-15,,163.11,"경기도 화성시 병점구 병점로 81, 해피타운 D동 1층 전체 (진안동)",경기도 화성시 병점구 진안동 888-7 ,2026-06-25
1142,여우초밥&늑대돈까스,일반음식점,2024-02-23,,48.38,"경기도 화성시 병점구 병점중앙로156번길 15-5, 1층 일부호(103호) (진안동)",경기도 화성시 병점구 진안동 884-6 1층 일부호(103호) ,2026-06-25
1143,스텔라떡볶이 경기화성병점점,일반음식점,2024-02-27,,53.28,"경기도 화성시 병점구 병점서로 33, 두산탑 프라자 108호 (병점동)",경기도 화성시 병점구 병점동 431-3 두산탑 프라자 ,2026-06-25
1144,진안옥 국밥집,일반음식점,2024-02-28,,86.94,"경기도 화성시 병점구 병점중앙로 195, 삼동 1층 일부(102,103)호 (진안동)","경기도 화성시 병점구 진안동 431-13 삼동 1층 일부(102,103)호 ",2026-06-25
1145,초선마라화성(병점점),일반음식점,2024-02-29,,26,"경기도 화성시 병점구 병점동로 147, 1층 일부(102)호 (진안동)",경기도 화성시 병점구 진안동 193-1 ,2026-06-25
1146,장안통닭,일반음식점,2024-03-04,031 -273 -7797,45.54,"경기도 화성시 병점구 영통로61번길 11, 골드프라자 1층 114호 (반월동)",경기도 화성시 병점구 반월동 869-4 골드프라자 1층114호,2026-06-25
1147,누구나홀딱반한닭 병점점,일반음식점,2024-03-06,,107.25,"경기도 화성시 병점구 병점중앙로 83, 1층 일부(106)호 (병점동)",경기도 화성시 병점구 병점동 438 1층 일부(106)호 ,2026-06-25
1148,강릉초당짬뽕순두부 병점점,일반음식점,2024-03-07,,53.11,"경기도 화성시 병점구 병점노을5로 20, 골든스퀘어 107호 (병점동)",경기도 화성시 병점구 병점동 887-2 ,2026-06-25
1149,수누리감자탕 병점점,일반음식점,2024-03-07,,127.65,"경기도 화성시 병점구 병점노을5로 20, 골든스퀘어 104~106호 (병점동)",경기도 화성시 병점구 병점동 887-2 ,2026-06-25
1150,어해랑 왕코다리,일반음식점,2024-03-07,,157.56,"경기도 화성시 병점구 영통로 66, 반월메디컬프라자 209~210호 (반월동)",경기도 화성시 병점구 반월동 28-1 ,2026-06-25
1151,오도닭발,일반음식점,2024-03-11,,42,"경기도 화성시 병점구 병점중앙로156번길 11-8, 1층 일부호 (진안동)",경기도 화성시 병점구 진안동 884-7 ,2026-06-25
1152,디저트39 병점복합타운점,일반음식점,2024-03-12,,101.59,"경기도 화성시 병점구 병점노을7로 5, 테라스-M1동 109,110호 (진안동)","경기도 화성시 병점구 진안동 939-1 테라스-M1동 109,110호 109,1호",2026-06-25
1153,도담한식뷔페,일반음식점,2024-03-12,,211.08,"경기도 화성시 병점구 삼성1로6길 27, 2층 (반월동)",경기도 화성시 병점구 반월동 359-1 ,2026-06-25
1154,술속의밤 화성병점점,일반음식점,2024-03-13,,85.71,"경기도 화성시 병점구 병점노을5로 20, 2층 210호 (병점동)",경기도 화성시 병점구 병점동 887-2 2층 210호 ,2026-06-25
1155,명가순대국,일반음식점,2024-03-19,,49.49,"경기도 화성시 병점구 병점노을5로 26, 1동 104호 (병점동)",경기도 화성시 병점구 병점동 887-4 ,2026-06-25
1156,리얼돈,일반음식점,2024-03-25,,42.9,"경기도 화성시 병점구 삼성1로 278-2, 3층 일부호 (반월동)",경기도 화성시 병점구 반월동 364-5 ,2026-06-25
1157,천향,일반음식점,2024-03-25,,326,"경기도 화성시 병점구 효행로 490-6, 1층 2층 전체호 (안녕동)",경기도 화성시 병점구 안녕동 188-645 ,2026-06-25
1158,몬도커피츄러스 화성병점점,일반음식점,2024-03-26,,48.49,"경기도 화성시 병점구 병점2로 71, 1층 일부호(102호) (병점동)",경기도 화성시 병점구 병점동 842-20 1층 일부호(102호) ,2026-06-25
1159,유어버터 병점점,일반음식점,2024-03-28,,100.98,"경기도 화성시 병점구 병점로 56, 1층일부호(102호) (병점동)",경기도 화성시 병점구 병점동 828-1 ,2026-06-25
1160,신가게맥주,일반음식점,2024-03-28,,63.6,"경기도 화성시 병점구 동탄지성로 310, 행복프라자 1층 101호 일부(2)호 (반월동)",경기도 화성시 병점구 반월동 718-1 행복프라자 ,2026-06-25
1161,누구나 홀딱 반한닭 병점역복합타운점,일반음식점,2024-04-04,,85.84,"경기도 화성시 병점구 병점노을4로 19, 골든스퀘어Ⅰ 115~116호 (병점동)",경기도 화성시 병점구 병점동 887-10 ,2026-06-25
1162,보드게임카페 홈즈앤루팡 병점점,일반음식점,2024-04-05,,40.09,"경기도 화성시 병점구 효행로 1051, 메인프라자 3층 302호 일부호 (진안동)",경기도 화성시 병점구 진안동 914-1 메인프라자 ,2026-06-25
1163,불닭발땡초동대문엽기떡볶이 병점역점,일반음식점,2024-04-09,,56.2,"경기도 화성시 병점구 경기대로 1011, 병점역써밋프라움 A동 101호 (병점동)",경기도 화성시 병점구 병점동 376-11 ,2026-06-25
1164,투다리 병점복합타운점,일반음식점,2024-04-11,,89.91,"경기도 화성시 병점구 병점노을5로 26, 더시그니쳐스퀘어 2층 205호 (병점동)",경기도 화성시 병점구 병점동 887-4 ,2026-06-25
1165,역북집병점역점,일반음식점,2024-04-12,,76.42,"경기도 화성시 병점구 병점노을로 31, 1층 15,16호 (병점동, 병점역 아이파크 캐슬)","경기도 화성시 병점구 병점동 881 병점역 아이파크 캐슬 근린생활시설-1 1층 15,16호",2026-06-25
1166,마라365 병점점,일반음식점,2024-04-15,,33,"경기도 화성시 병점구 병점로 16, 1층 일부호 (병점동)",경기도 화성시 병점구 병점동 347-1 ,2026-06-25
1167,전주콩뿌리콩나물국밥&보쌈,일반음식점,2024-04-18,,213.75,"경기도 화성시 병점구 영통로 53, 1동 1층 전체 (반월동)",경기도 화성시 병점구 반월동 164-1 1동 1층 전체 ,2026-06-25
1168,족발더하기(병점점),일반음식점,2024-04-19,,49.13,"경기도 화성시 병점구 병점중앙로169번길 5-2, 1층 101호 (진안동, 현인)",경기도 화성시 병점구 진안동 507-12 현인 ,2026-06-25
1169,옛날경성순대국 병점역한신대점,일반음식점,2024-04-22,,131.3,"경기도 화성시 병점구 병점노을7로 5, 테라스-M 1동 1층 113호, 114호, 115호 (진안동)","경기도 화성시 병점구 진안동 939-1 테라스-M 1동 1층 113호, 114호, 115호 ",2026-06-25
1170,쥬향원,일반음식점,2024-04-23,,38.94,"경기도 화성시 병점구 경기대로 1025-5, 병점제일타운 112호 (병점동)",경기도 화성시 병점구 병점동 381-17 병점제일타운 112호,2026-06-25
1171,해탄 화성안녕직영점,일반음식점,2024-04-23,,240,"경기도 화성시 병점구 효행로 439-5, 1동 1층 (안녕동)",경기도 화성시 병점구 안녕동 188-406 1동 1층 ,2026-06-25
1172,마라섬 화성 반월점,일반음식점,2024-04-24,,44.1,"경기도 화성시 병점구 영통로60번길 7, 신동탄헤센IT타워 1층 107호 (반월동)",경기도 화성시 병점구 반월동 976 ,2026-06-25
1173,김밥공방 도마소리,일반음식점,2024-04-25,,108.67,"경기도 화성시 병점구 병점동로70번길 5, 1층 전체 (병점동)",경기도 화성시 병점구 병점동 831-5 ,2026-06-25
1174,뚱보아저씨 수제돈가스 병점역점,일반음식점,2024-04-26,,73.08,"경기도 화성시 병점구 병점노을4로 19, 골든스퀘어Ⅰ 2층 213호 (병점동)",경기도 화성시 병점구 병점동 887-10 골든스퀘어Ⅰ 2층 213호 ,2026-06-25
1175,대구막창,일반음식점,2024-04-29,,50.4,"경기도 화성시 병점구 병점중앙로170번길 8-3, 1층 일부호 (진안동)",경기도 화성시 병점구 진안동 872-13 1층 일부호 ,2026-06-25
1176,미친삼겹살집 미우네 병점점,일반음식점,2024-05-01,,126.03,"경기도 화성시 병점구 경기대로 1014, 병점프라자 101,102,103호 (병점동)",경기도 화성시 병점구 병점동 379-10 병점프라자 ,2026-06-25
1177,김밥앤김밥,일반음식점,2024-05-03,,33.51,"경기도 화성시 병점구 용주로 16, 1동 1층 일부호(106호) (안녕동)",경기도 화성시 병점구 안녕동 19-1 1동 1층 일부호(106호) ,2026-06-25
1178,호프킹,일반음식점,2024-05-03,,156,"경기도 화성시 병점구 동탄지성로 190, 2동 1,2층 전부호 (능동)","경기도 화성시 병점구 능동 460-2 2동 1,2층전부호 ",2026-06-25
1179,쉐이크 비어,일반음식점,2024-05-07,,54.99,"경기도 화성시 병점구 병점동로 96-3, 1층 101호 (진안동)",경기도 화성시 병점구 진안동 877-9 1층 101호 ,2026-06-25
1180,호랑이족발 병점점,일반음식점,2024-05-08,,137.61,"경기도 화성시 병점구 효행로 1029, 1층 전체호 (진안동)",경기도 화성시 병점구 진안동 874-8 ,2026-06-25
1181,반석생갈비,일반음식점,2024-05-13,,108.4,"경기도 화성시 병점구 효행로 1043, 1층 일부호 (진안동)",경기도 화성시 병점구 진안동 875-5 1층 일부호 ,2026-06-25
1182,봉영순대국,일반음식점,2024-05-16,,88.2,"경기도 화성시 병점구 영통로60번길 7, 신동탄 헤센IT타워 131호, 132호 (반월동)",경기도 화성시 병점구 반월동 976 ,2026-06-25
1183,골프존파크구찌진안점,일반음식점,2024-05-17,,6.6,"경기도 화성시 병점구 병점로 55, 3동 1층 일부호 (진안동)",경기도 화성시 병점구 진안동 885-3 3동 1층 일부호 ,2026-06-25
1184,온밥 동탄 기흥점,일반음식점,2024-05-20,,263.9,"경기도 화성시 병점구 병점중앙로156번길 14, 1층 전체 (진안동)",경기도 화성시 병점구 진안동 879-10 ,2026-06-25
1185,참한우맛집,일반음식점,2024-05-21,,124.8,"경기도 화성시 병점구 영통로 74, 대흥프라자 1층 일부호 (반월동)",경기도 화성시 병점구 반월동 977-3 ,2026-06-25
1186,박귀녀할매,일반음식점,2024-05-21,,50.47,"경기도 화성시 병점구 병점중앙로 138-5, 1층 102(일부)호 (병점동)",경기도 화성시 병점구 병점동 827-2 1층 102(일부)호 ,2026-06-25
1187,짬뽕관 화성병점점,일반음식점,2024-05-27,,192.17,"경기도 화성시 병점구 효행로 1018, 1층 (진안동)",경기도 화성시 병점구 진안동 878-5 ,2026-06-25
1188,쿠우쿠우수원병점점,일반음식점,2024-05-28, 031- 236-3110,833.14,"경기도 화성시 병점구 병점노을7로 5, 테라스-M 1동 5층 전체 501호~511호 (진안동)",경기도 화성시 병점구 진안동 939-1 테라스-M 1동 5층 전체 501호~511호 ,2026-06-25
1189,시선 화성반월점,일반음식점,2024-06-03,,79,"경기도 화성시 병점구 영통로60번길 16-13, 1층 일부호(102호) (반월동)",경기도 화성시 병점구 반월동 982-1 ,2026-06-25
1190,alludo(알루도),일반음식점,2024-06-05,,80.66,"경기도 화성시 병점구 용주로 37, 1층 일부호 (안녕동)",경기도 화성시 병점구 안녕동 37-118 1층 일부호 ,2026-06-25
1191,백미가양꼬치,일반음식점,2024-06-07,,68.4,"경기도 화성시 병점구 경기대로 1011, 병점역 써밋프라움 A동 1층 120호, 121호 (병점동)","경기도 화성시 병점구 병점동 376-11 병점역 써밋프라움 A동 1층 120호, 121호 ",2026-06-25
1192,오늘도빙수 망포점,일반음식점,2024-06-10,031 -546 -1613,35.44,"경기도 화성시 병점구 영통로 59, 현대프라자 1층 102-1호 (반월동)",경기도 화성시 병점구 반월동 869 현대프라자 1층 102-1호 ,2026-06-25
1193,착한 막창,일반음식점,2024-06-12,,80,"경기도 화성시 병점구 영통로60번길 16-11, 1층 일부호 (반월동)",경기도 화성시 병점구 반월동 982 1층 일부호 ,2026-06-25
1194,신알쌈쭈꾸미가 병점직영점,일반음식점,2024-06-12, 031- 232-1288,52.65,"경기도 화성시 병점구 병점1로 221, 화인메디컬프라자 1층 110호 (진안동)",경기도 화성시 병점구 진안동 876-4 화인메디컬프라자 1층 110호 ,2026-06-25
1195,해물제철소,일반음식점,2024-06-14,,112,"경기도 화성시 병점구 영통로60번길 16-13, 1층 일부호 (반월동)",경기도 화성시 병점구 반월동 982-1 ,2026-06-25
1196,보드람치킨 동탄능동점,일반음식점,2024-06-17,,253.46,"경기도 화성시 병점구 동탄지성로 185, 1층,2층 전부호 (능동)","경기도 화성시 병점구 능동 460-27 1층,2층 전부호 ",2026-06-25
1197,문어스토리해천,일반음식점,2024-06-18,,198,"경기도 화성시 병점구 삼성1로 303, 1층 (반월동)",경기도 화성시 병점구 반월동 110-10 1층 ,2026-06-25
1198,갈비꽃,일반음식점,2024-06-20,,167.16,"경기도 화성시 병점구 병점노을8로 4, Orange COUNTY 1층 106호~109호 (진안동)",경기도 화성시 병점구 진안동 943-1 ,2026-06-25
1199,뜨돈 화성반월점,일반음식점,2024-06-20,,69.3,"경기도 화성시 병점구 영통로60번길 7, 신동탄 헤센IT타워 1층 133호 (반월동)",경기도 화성시 병점구 반월동 976 ,2026-06-25
1200,동백연화 화성반월점,일반음식점,2024-06-24,,99.48,"경기도 화성시 병점구 영통로60번길 16-11, 1층 일부(101,102)호 (반월동)",경기도 화성시 병점구 반월동 982 ,2026-06-25
1201,대복,일반음식점,2024-06-25,,157.95,"경기도 화성시 병점구 병점4로 74, 1층 (진안동)",경기도 화성시 병점구 진안동 863-15 1층 ,2026-06-25
1202,영서가 반월헤센아이티타워점,일반음식점,2024-06-27,,44.1,"경기도 화성시 병점구 영통로60번길 7, 신동탄 헤센IT타워 1층 129호 (반월동)",경기도 화성시 병점구 반월동 976 ,2026-06-25
1203,낭만야키토리,일반음식점,2024-06-27,,36.3,"경기도 화성시 병점구 병점동로 114, 1층 일부호 (진안동)",경기도 화성시 병점구 진안동 871-1 ,2026-06-25
1204,마루,일반음식점,2024-07-03,,168.19,"경기도 화성시 병점구 병점3로 95, 1층 전체호 (병점동)",경기도 화성시 병점구 병점동 833-2 ,2026-06-25
1205,감성카츠,일반음식점,2024-07-03,,38.8,"경기도 화성시 병점구 경기대로 1011, 병점역 써밋프라움 A동 1층 105호 (병점동)",경기도 화성시 병점구 병점동 376-11 ,2026-06-25
1206,병점교자,일반음식점,2024-07-04,,42.92,"경기도 화성시 병점구 병점노을4로 19, 골든스퀘어 I 1층 114호 (병점동)",경기도 화성시 병점구 병점동 887-10 골든스퀘어 I 114호,2026-06-25
1207,바이덴,일반음식점,2024-07-05,,35.84,"경기도 화성시 병점구 병점3로 45, 1층 전체호 (병점동)",경기도 화성시 병점구 병점동 345-22 1층전체호,2026-06-25
1208,양은이네 신영통반월점,일반음식점,2024-07-05,,108.15,"경기도 화성시 병점구 영통로60번길 7, 신동탄 헤센IT타워 2층 220,221호 (반월동)","경기도 화성시 병점구 반월동 976 신동탄 헤센IT타워 220,221호",2026-06-25
1209,김사부의곱창명가병점점,일반음식점,2024-07-10,,12.22,"경기도 화성시 병점구 병점중앙로 155, 렉스몰 1층 103일부호 (진안동)",경기도 화성시 병점구 진안동 514-2 렉스몰 103일부호,2026-06-25
1210,메가엠지씨커피 삼성전자DSR타워점,일반음식점,2024-07-12,031 -206 -0656,53.7,경기도 화성시 병점구 삼성전자로 1 (113)부품연구동 3층 일부호 (반월동),경기도 화성시 병점구 반월동 948 ,2026-06-25
1211,춘훈브라더스,일반음식점,2024-07-12,,53.05,"경기도 화성시 병점구 떡전골로 72-3, 1층 109호전부,110호일부호 (병점동)","경기도 화성시 병점구 병점동 400-6 109호전부,110호일부 ",2026-06-25
1212,덕스 바베큐,일반음식점,2024-07-15,,41.3,"경기도 화성시 병점구 경기대로 1025-5, 병점제일타운 111호 (병점동)",경기도 화성시 병점구 병점동 381-17 병점제일타운 111호,2026-06-25
1213,일품 양평해장국,일반음식점,2024-07-15,,60.37,"경기도 화성시 병점구 병점노을4로 19, 골든스퀘어Ⅰ 1층 108호 (병점동)",경기도 화성시 병점구 병점동 887-10 ,2026-06-25
1214,해물포차,일반음식점,2024-07-16,,234.13,"경기도 화성시 병점구 효행로 1326, 1층 전부호 (반월동)",경기도 화성시 병점구 반월동 458 1층전부호,2026-06-25
1215,태장식당 병점 직영점,일반음식점,2024-07-18,,80.56,"경기도 화성시 병점구 효행로 1032, 102,103호 (진안동, 루벤타워)",경기도 화성시 병점구 진안동 877-2 루벤타워 ,2026-06-25
1216,들밥차반 신동탄반월점,일반음식점,2024-07-19,,784.18,"경기도 화성시 병점구 영통로60번길 7, 신동탄 헤센IT타워 지1층 B111호, B113호, B114호 (반월동)","경기도 화성시 병점구 반월동 976 신동탄 헤센IT타워 지1층 B111호, B113호, B114호 ",2026-06-25
1217,달밤호프,일반음식점,2024-07-23,,98.76,"경기도 화성시 병점구 병점서로 56-3, 1층 일부호 (병점동)",경기도 화성시 병점구 병점동 357-14 1층일부호,2026-06-25
1218,왕창퍼주는집,일반음식점,2024-07-24,,81.21,"경기도 화성시 병점구 장조1로 46, 1동 1층 (안녕동)",경기도 화성시 병점구 안녕동 254-2 1동 1층 ,2026-06-25
1219,피자먹다 망포점,일반음식점,2024-07-31,,44.1,"경기도 화성시 병점구 영통로60번길 7, 신동탄 헤센IT타워 1층 112호 (반월동)",경기도 화성시 병점구 반월동 976 신동탄 헤센IT타워 1층 112호 ,2026-06-25
1220,동월반,일반음식점,2024-08-01,,47.25,"경기도 화성시 병점구 영통로60번길 7, 1층 135호 (반월동)",경기도 화성시 병점구 반월동 976 135호,2026-06-25
1221,대구막창,일반음식점,2024-08-01,031 -221 -1117,66.78,"경기도 화성시 병점구 효행로 1051, 메인프라자 1층 125호 (진안동)",경기도 화성시 병점구 진안동 914-1 메인프라자 1층 125호 ,2026-06-25
1222,제주할망동가 반월점,일반음식점,2024-08-08,,191.58,"경기도 화성시 병점구 영통로60번길 7, 신동탄 헤센IT타워 2층 242~245호 (반월동)",경기도 화성시 병점구 반월동 976 ,2026-06-25
1223,삼동소바 화성융건릉점,일반음식점,2024-08-09,031 -235 -2353,185,"경기도 화성시 병점구 세자로441번길 2, 1층 전체 (안녕동)",경기도 화성시 병점구 안녕동 180-126 1층 전체 ,2026-06-25
1224,역전주막,일반음식점,2024-08-16,,125.4,"경기도 화성시 병점구 떡전골로 105, 2층 전체 (진안동)",경기도 화성시 병점구 진안동 824-6 2층 전체 ,2026-06-25
1225,이바돔감자탕 신동탄헤센타워점,일반음식점,2024-08-16,,88.2,"경기도 화성시 병점구 영통로60번길 7, 신동탄 헤센IT타워 1층 137호, 138호 (반월동)","경기도 화성시 병점구 반월동 976 신동탄 헤센IT타워 1층 137호, 138호 ",2026-06-25
1226,광장맥주,일반음식점,2024-08-16,,89.1,"경기도 화성시 병점구 떡전골로 106-1, 1층 일부호 (진안동)",경기도 화성시 병점구 진안동 537-3 1층 일부호 ,2026-06-25
1227,홍대장 소고기집 화성반월점,일반음식점,2024-08-19,,69.16,"경기도 화성시 병점구 영통로60번길 16-6, 1층 일부호 (반월동)",경기도 화성시 병점구 반월동 980 ,2026-06-25
1228,코지하우스 화성동탄점,일반음식점,2024-08-28,,378.3,"경기도 화성시 병점구 여울로 108, 1,2층 전부호 (능동)",경기도 화성시 병점구 능동 526 ,2026-06-25
1229,밥상천하,일반음식점,2024-08-29,031 -222 -0015,366.03,"경기도 화성시 병점구 세자로 442, 301~305호 (안녕동)",경기도 화성시 병점구 안녕동 188-332 301~305호 ,2026-06-25
1230,한우소머리국밥,일반음식점,2024-08-30,,39.9,"경기도 화성시 병점구 병점중앙로170번길 16-5, 1층 일부호 (진안동)",경기도 화성시 병점구 진안동 867-9 1층 일부호 ,2026-06-25
1231,본죽&비빔밥 화성안녕동점,일반음식점,2024-09-03,,47.84,"경기도 화성시 병점구 장조2로 29, 라온힐조 제1동 1층 103호 (안녕동)",경기도 화성시 병점구 안녕동 271-2 라온힐조 제1동 1층 103호 ,2026-06-25
1232,대나무식당,일반음식점,2024-09-09,,121.56,"경기도 화성시 병점구 장조2로 29, 라온힐조 제1동 1층 110~112호 (안녕동)",경기도 화성시 병점구 안녕동 271-2 라온힐조 제1동 1층 110~112호 ,2026-06-25
1233,초밥선수,일반음식점,2024-09-19,,42.84,"경기도 화성시 병점구 영통로60번길 7, 신동탄 헤센IT타워 116호 (반월동)",경기도 화성시 병점구 반월동 976 신동탄 헤센IT타워 116호,2026-06-25
1234,처갓집양념치킨 병점점,일반음식점,2024-09-23,,52.26,"경기도 화성시 병점구 병점로 37-6, 메트로 프라자 1층 125호 (진안동)",경기도 화성시 병점구 진안동 524-1 메트로 프라자 1층 125호 ,2026-06-25
1235,역북집 신영통점,일반음식점,2024-09-24,,95.58,"경기도 화성시 병점구 영통로 66, 반월메디컬프라자1동 1층 102,103호 (반월동)","경기도 화성시 병점구 반월동 977-5 반월메디컬프라자1동, 102,103호 ",2026-06-25
1236,샤브르 정원 신동탄점,일반음식점,2024-09-25,031 -546 -0511,346.08,"경기도 화성시 병점구 영통로60번길 7, 신동탄 헤센IT타워 2층 231~238호 (반월동)",경기도 화성시 병점구 반월동 976 신동탄 헤센IT타워 2층 231~238호 ,2026-06-25
1237,진안염소탕,일반음식점,2024-09-27,031 -273 -2730,85.4,"경기도 화성시 병점구 영통로26번길 15, 명성프라자 1층 108호, 117호 (반월동)","경기도 화성시 병점구 반월동 66-9 명성프라자 1층 108호, 117호 ",2026-06-25
1238,깡우동 신영통점,일반음식점,2024-09-30,,46.3,"경기도 화성시 병점구 영통로60번길 16-8, SUN HEE 1층 일부호 (반월동)",경기도 화성시 병점구 반월동 980-1 SUN HEE 1층 일부호 ,2026-06-25
1239,채선당 병점역점,일반음식점,2024-10-11,031 -234 -8008,233.15,"경기도 화성시 병점구 병점노을7로 5, 테라스-M 1동 2층 207호~210호 (진안동)",경기도 화성시 병점구 진안동 939-1 테라스-M 1동 2층 207호~210호 ,2026-06-25
1240,보넛(BONUT),일반음식점,2024-10-16,,52.42,"경기도 화성시 병점구 떡전골로 72-3, 1층 101호 (병점동)",경기도 화성시 병점구 병점동 400-6 1층 101호 ,2026-06-25
1241,종가집 남원추어탕,일반음식점,2024-10-18,031 -273 -8568,173.04,"경기도 화성시 병점구 영통로60번길 7, 신동탄 헤센IT타워 2층 213호~216호 (반월동)",경기도 화성시 병점구 반월동 976 신동탄 헤센IT타워 2층 213호~216호 ,2026-06-25
1242,나나우육면,일반음식점,2024-10-18,,44.88,"경기도 화성시 병점구 영통로60번길 7, 신동탄 헤센IT타워 1층 117호 (반월동)",경기도 화성시 병점구 반월동 976 신동탄 헤센IT타워 1층 117호 ,2026-06-25
1243,동춘돌곱창 반월점,일반음식점,2024-10-18,,44.1,"경기도 화성시 병점구 영통로60번길 7, 신동탄 헤센IT타워 1층 136호 (반월동)",경기도 화성시 병점구 반월동 976 신동탄 헤센IT타워 136호,2026-06-25
1244,빠콘버거,일반음식점,2024-10-22,,17.05,"경기도 화성시 병점구 병점서로 31-6, 신창프라자 202-3호 (병점동)",경기도 화성시 병점구 병점동 431-9 신창프라자 202-3호,2026-06-25
1245,에이스호프바,일반음식점,2024-10-23,,91.67,"경기도 화성시 병점구 세자로 442, 청명센트럴프라자 4층 401호 (안녕동)",경기도 화성시 병점구 안녕동 188-332 ,2026-06-25
1246,춘천철판닭갈비,일반음식점,2024-10-29,,273.31,"경기도 화성시 병점구 장조2로 29, 라온힐조 제1동 1층 113~118호 (안녕동)",경기도 화성시 병점구 안녕동 271-2 113~118 ,2026-06-25
1247,walkin(워킨),일반음식점,2024-10-29,,76.3,"경기도 화성시 병점구 영통로60번길 7, 신동탄 헤센IT타워 1층 147호 (반월동)",경기도 화성시 병점구 반월동 976 신동탄 헤센IT타워 1층 147호 ,2026-06-25
1248,명품달인김밥(병점점),일반음식점,2024-11-01,,45.27,"경기도 화성시 병점구 효행로 1068, 리더스프라자 1층 107호 (병점동)",경기도 화성시 병점구 병점동 844-5 리더스프라자 1층 107호 ,2026-06-25
1249,긴자료코 병점점,일반음식점,2024-11-04,,36.96,"경기도 화성시 병점구 효행로 1076-8, 한마음프라자 1층 109호 (병점동)",경기도 화성시 병점구 병점동 845-2 한마음프라자 1층 109호 ,2026-06-25
1250,신대박집,일반음식점,2024-11-06,,123.76,"경기도 화성시 병점구 병점동로 92-5, 1층 전체호 (진안동)",경기도 화성시 병점구 진안동 881-10 1층 전체호 ,2026-06-25
1251,완미족발 반월점,일반음식점,2024-11-07,,88.2,"경기도 화성시 병점구 영통로60번길 7, 신동탄 헤센IT타워 1층 151,152호 (반월동)","경기도 화성시 병점구 반월동 976 신동탄 헤센IT타워 1층 151,152호 ",2026-06-25
1252,누구나홀딱반한닭 화성반월헤센IT타워점,일반음식점,2024-11-08,,88.2,"경기도 화성시 병점구 영통로60번길 7, 신동탄 헤센IT타워 103~104호 (반월동)",경기도 화성시 병점구 반월동 976 신동탄 헤센IT타워 103~104호 ,2026-06-25
1253,끼니마루,일반음식점,2024-11-11,,41.04,"경기도 화성시 병점구 효행로 1075-7, 뱅뱅프라자 1층 101호 (진안동)",경기도 화성시 병점구 진안동 914-8 뱅뱅프라자 1층 101호 ,2026-06-25
1254,돌담보리밥,일반음식점,2024-11-12,,684.3,"경기도 화성시 병점구 세자로 442, 청명프라자 2층 201~207호 (안녕동)",경기도 화성시 병점구 안녕동 188-332 청명프라자 2층 201~207호 ,2026-06-25
1255,먹고보자 양꼬치,일반음식점,2024-11-13,,96,"경기도 화성시 병점구 영통로 74, 대흥프라자 1층 일부호 (반월동)",경기도 화성시 병점구 반월동 977-3 대흥프라자 1층 일부호 ,2026-06-25
1256,맛오름,일반음식점,2024-11-19,,82.96,"경기도 화성시 병점구 장조1로 70, 1동 1층 일부호 (안녕동)",경기도 화성시 병점구 안녕동 261-3 1동 1층일부호,2026-06-25
1257,우마주 동탄점,일반음식점,2024-11-21,,132.3,"경기도 화성시 병점구 영통로60번길 7, 신동탄 헤센IT타워 1층 108~110호 (반월동)",경기도 화성시 병점구 반월동 976 신동탄 헤센IT타워 1층 108~110호 ,2026-06-25
1258,맨날국수 화성점,일반음식점,2024-11-25,,200,"경기도 화성시 병점구 효행로 439-6, 2동 1층 전체호 (안녕동)",경기도 화성시 병점구 안녕동 188-738 ,2026-06-25
1259,속초회집,일반음식점,2024-11-26,,100.14,"경기도 화성시 병점구 효행로1040번길 21-4, 1층 일부호 (진안동)",경기도 화성시 병점구 진안동 888-2 1층 일부호 ,2026-06-25
1260,샤브20 동탄능동점,일반음식점,2024-11-27,,619.4,"경기도 화성시 병점구 동탄지성로 202, 1층 전체호 (능동)",경기도 화성시 병점구 능동 470-1 ,2026-06-25
1261,라돌이 마라탕&딤섬,일반음식점,2024-11-28,,45.54,"경기도 화성시 병점구 영통로61번길 11, 골드프라자 1층 113호 (반월동)",경기도 화성시 병점구 반월동 869-4 골드프라자 1층 113호 ,2026-06-25
1262,안녕리 만두전골,일반음식점,2024-12-02,,82.37,"경기도 화성시 병점구 장조2로 12, MD센터프라자 1동 2층 208호 (안녕동)",경기도 화성시 병점구 안녕동 270 MD센터프라자 1동 2층 208호 ,2026-06-25
1263,담다,일반음식점,2024-12-02,,147.65,"경기도 화성시 병점구 장조1로 68-1, 안녕동 263-3 근린생활시설 1동 4층 401호 (안녕동)",경기도 화성시 병점구 안녕동 263-3 안녕동 263-3 근린생활시설 1동 401호,2026-06-25
1264,압구정화로구이 병점역점,일반음식점,2024-12-04,,124.4,"경기도 화성시 병점구 병점노을5로 26, 1동 1층 113,114호 (병점동)","경기도 화성시 병점구 병점동 887-4 113,114호 ",2026-06-25
1265,팔구분식,일반음식점,2024-12-05,,47.25,"경기도 화성시 병점구 영통로60번길 7, 신동탄 헤센IT타워 1층 153호 (반월동)",경기도 화성시 병점구 반월동 976 신동탄 헤센IT타워 153호,2026-06-25
1266,에이스 라이브카페,일반음식점,2024-12-10,,133.98,"경기도 화성시 병점구 세자로 442, 청명프라자 4층 402호 (안녕동)",경기도 화성시 병점구 안녕동 188-332 청명프라자 402호,2026-06-25
1267,또래오래화성동탄능동점,일반음식점,2024-12-10,,39.65,"경기도 화성시 병점구 효행로1156번길 21, 신미주아파트 상가동 1층 102호 (병점동)",경기도 화성시 병점구 병점동 201-2 신미주아파트 상가동 ,2026-06-25
1268,스텔라,일반음식점,2024-12-10,,60.94,"경기도 화성시 병점구 용주로46번길 5, 1층 일부호 (안녕동)",경기도 화성시 병점구 안녕동 25-11 1층일부호,2026-06-25
1269,김치찜 참잘하는집(병점점),일반음식점,2024-12-12,,10,"경기도 화성시 병점구 한신대길 97-24, G동 1층 일부호 (안녕동, 대광빌라)",경기도 화성시 병점구 안녕동 1-20 대광빌라 G동 1층 일부호 ,2026-06-25
1270,우주연합 F&B,일반음식점,2024-12-12,,62.6,"경기도 화성시 병점구 병점1로 216-13, 태안프라자 118일부, 119전부호 (병점동)","경기도 화성시 병점구 병점동 846 태안프라자 118일부호, 119전부호 ",2026-06-25
1271,홍익돈까스 병점점,일반음식점,2024-12-12,,244.62,"경기도 화성시 병점구 병점중앙로 100-3, 1층 일부호 (병점동)",경기도 화성시 병점구 병점동 307-4 ,2026-06-25
1272,계근상 화성병점점,일반음식점,2024-12-12,,35.67,"경기도 화성시 병점구 병점중앙로169번길 11, 1층 일부호 (진안동)",경기도 화성시 병점구 진안동 494-21 ,2026-06-25
1273,전주현대옥 화성안녕점,일반음식점,2024-12-16,,190,"경기도 화성시 병점구 효행로 518-5, 1층 (안녕동)",경기도 화성시 병점구 안녕동 186-16 1층 ,2026-06-25
1274,우리동네스시신조 반월점,일반음식점,2024-12-17,,86.52,"경기도 화성시 병점구 영통로60번길 7, 신동탄 헤센IT타워 2층 240호, 241호 (반월동)","경기도 화성시 병점구 반월동 976 신동탄 헤센IT타워 2층 240호, 241호 ",2026-06-25
1275,소바랑 화성삼성전자점,일반음식점,2024-12-24,,198.9,"경기도 화성시 병점구 효행로 1223, 1층 전체호 (반월동)",경기도 화성시 병점구 반월동 641-1 ,2026-06-25
1276,하노이거리,일반음식점,2024-12-27,,147.18,"경기도 화성시 병점구 병점4로 72, 1층 전부호 (진안동)",경기도 화성시 병점구 진안동 863-4 1층 전부호 ,2026-06-25
1277,후니네 뒷고기,일반음식점,2025-01-02,,88,"경기도 화성시 병점구 영통로50번길 4, B동 1층 일부호(3,4호) (반월동)","경기도 화성시 병점구 반월동 62-2 B동 1층 일부호(3,4호) ",2026-06-25
1278,카페보타바,일반음식점,2025-01-08,,51.3,"경기도 화성시 병점구 경기대로 990, 105동 1층 S126호 (병점동, 병점역SK뷰아파트)",경기도 화성시 병점구 병점동 870 병점역SK뷰아파트 105동 1층 S126호 ,2026-06-25
1279,아빠분식,일반음식점,2025-01-09,,38.11,"경기도 화성시 병점구 병점1로 66-12, 하이코아 1층 103호 (병점동)",경기도 화성시 병점구 병점동 490-2 하이코아 1층 103호 ,2026-06-25
1280,오공김밥 병점점,일반음식점,2025-01-13,,47.58,"경기도 화성시 병점구 효행로 1051, 메인프라자 1층 116호 (진안동)",경기도 화성시 병점구 진안동 914-1 메인프라자 1층 116호 ,2026-06-25
1281,양마니 명동 찌개마을 병점점,일반음식점,2025-01-13,,47.13,"경기도 화성시 병점구 병점2로 3, 1층 일부호(102호 일부) (병점동)",경기도 화성시 병점구 병점동 373-1 1층 일부호(102호 일부) ,2026-06-25
1282,은선생,일반음식점,2025-02-05,,32.76,"경기도 화성시 병점구 병점2로 79, 1층 104호 (병점동)",경기도 화성시 병점구 병점동 842-16 ,2026-06-25
1283,파스타예요 병점동탄점,일반음식점,2025-02-05,,16.9,"경기도 화성시 병점구 병점서로 31-6, 신창프라자 2층 202-4호 (병점동)",경기도 화성시 병점구 병점동 431-9 신창프라자 ,2026-06-25
1284,쎄시봉식당,일반음식점,2025-02-06,,56.8,"경기도 화성시 병점구 떡전골로 86, 병점하나로 빌딩 3층 303호 (병점동)",경기도 화성시 병점구 병점동 381-9 병점하나로 빌딩 3층 303호 ,2026-06-25
1285,일품 양평해장국(진안점),일반음식점,2025-02-10,,110.16,"경기도 화성시 병점구 효행로 1011, 1층 일부호 (진안동)",경기도 화성시 병점구 진안동 873-3 1층 일부호 ,2026-06-25
1286,지구떡볶이 화성병점점,일반음식점,2025-02-10,,31.62,"경기도 화성시 병점구 병점2로 73, 1층 일부호(103호) (병점동)",경기도 화성시 병점구 병점동 842-19 1층 일부호(103호) ,2026-06-25
1287,맛찜랭킹 병점점,일반음식점,2025-02-12,,40,"경기도 화성시 병점구 병점로 52, 1층 103호 (병점동)",경기도 화성시 병점구 병점동 826-5 ,2026-06-25
1288,사거리 포차,일반음식점,2025-02-13,,121.6,"경기도 화성시 병점구 병점동로 110-11, 1층 일부호 (진안동)",경기도 화성시 병점구 진안동 871-6 1층 일부호 ,2026-06-25
1289,아롬푸드,일반음식점,2025-02-13,,44.8,"경기도 화성시 병점구 병점중앙로170번길 13-1, 1층 일부호 (진안동)",경기도 화성시 병점구 진안동 868-14 1층 일부호 ,2026-06-25
1290,이제일순대국,일반음식점,2025-02-13,,74.4,"경기도 화성시 병점구 작현길 14-1, 1층 전체호 (송산동)",경기도 화성시 병점구 송산동 97-122 1층 전체호 ,2026-06-25
1291,삼부자 돼지국밥,일반음식점,2025-02-21,,231.86,"경기도 화성시 병점구 장조1로 68-1, 1동 2층 201~202호 (안녕동)",경기도 화성시 병점구 안녕동 263-3 201~202호 1동 ,2026-06-25
1292,가마치통닭 수원반정아이파크캐슬점,일반음식점,2025-02-25,,64,"경기도 화성시 병점구 동탄지성로469번길 59, 제상가1동 108, 109호 (반정동, 반정아이파크캐슬4단지)","경기도 화성시 병점구 반정동 623 반정아이파크캐슬4단지 제상가1동 108, 109호",2026-06-25
1293,담담흑염소요리전문점,일반음식점,2025-02-25,,191.4,"경기도 화성시 병점구 효행로614번길 9-2, E동 1층 (안녕동)",경기도 화성시 병점구 안녕동 154-19 E동 1층 ,2026-06-25
1294,삼백한식뷔페,일반음식점,2025-02-28,031 -309 -0404,162.32,"경기도 화성시 병점구 떡전골로 86, 병점하나로 빌딩 3층 305호 (병점동)",경기도 화성시 병점구 병점동 381-9 병점하나로 빌딩 3층 305호 ,2026-06-25
1295,바른족발보쌈,일반음식점,2025-03-05,,48.08,"경기도 화성시 병점구 경기대로 990, 1층 S101호 일부호,S102-1호 (병점동, 병점역SK뷰아파트)",경기도 화성시 병점구 병점동 870 병점역SK뷰아파트 ,2026-06-25
1296,을지로 연탄구이 병점점,일반음식점,2025-03-07,,149.17,"경기도 화성시 병점구 병점3로 34, 1층 일부(102)호 (병점동)",경기도 화성시 병점구 병점동 348-25 1층 일부(102)호 ,2026-06-25
1297,두껍집(병점복합타운점),일반음식점,2025-03-17,,85.1,"경기도 화성시 병점구 병점노을4로 19, 골든스퀘어Ⅰ 1층 105,106호 (병점동)","경기도 화성시 병점구 병점동 887-10 골든스퀘어Ⅰ1층 105,106호 ",2026-06-25
1298,두찜 화성병점점,일반음식점,2025-03-17,,34.91,"경기도 화성시 병점구 병점동로 84-11, 1층 일부호 (진안동)",경기도 화성시 병점구 진안동 886-14 1층 일부호 ,2026-06-25
1299,아빠애김밥,일반음식점,2025-03-21,,43,"경기도 화성시 병점구 동탄원천로 382-46, 연진빌딩 1층 일부호(104호) (반월동)",경기도 화성시 병점구 반월동 607-12 연진빌딩 1층 일부호(104호) ,2026-06-25
1300,노블치킨,일반음식점,2025-03-25,,33.33,"경기도 화성시 병점구 병점2로 94, 정든마을 신창2차 비바패밀리 상가1(주상가)동 1층 104호 (병점동)",경기도 화성시 병점구 병점동 858 정든마을 신창2차 비바패밀리 상가1(주상가)동 104호,2026-06-25
1301,스텔라,일반음식점,2025-03-27,,205.5,"경기도 화성시 병점구 효행로1040번길 3, 2층 전체호 (진안동)",경기도 화성시 병점구 진안동 876-7 2층 전체호 ,2026-06-25
1302,족발로일등하는집 화성본점,일반음식점,2025-04-01,,77.47,"경기도 화성시 병점구 경기대로 1025-5, 병점제일타운 117호 (병점동)",경기도 화성시 병점구 병점동 381-17 병점제일타운 117호,2026-06-25
1303,인덕원비빔국수 화성동탄점,일반음식점,2025-04-02,,198.5,"경기도 화성시 병점구 효행로 1336, 1층 전부호 (반월동)",경기도 화성시 병점구 반월동 453 ,2026-06-25
1304,이춘봉인생치킨,일반음식점,2025-04-08,,70.67,"경기도 화성시 병점구 병점노을7로 5, 테라스-M 1동 2층 214호 (진안동)",경기도 화성시 병점구 진안동 939-1 테라스-M 1동 2층 214호 ,2026-06-25
1305,대포한우곱창,일반음식점,2025-04-10,,42.84,"경기도 화성시 병점구 영통로60번길 7, 신동탄헤센IT타워 1층 119호 (반월동)",경기도 화성시 병점구 반월동 976 신동탄헤센IT타워 1층 119호 ,2026-06-25
1306,DOUCE VAGUE BAKE SHOP(두스바그 베이크샵),일반음식점,2025-04-11,,38.47,"경기도 화성시 병점구 병점노을1로 14, 화성병점 행복주택 근린생활시설 1층 103호 (병점동, 화성병점 행복주택)",경기도 화성시 병점구 병점동 901 화성병점 행복주택 근린생활시설 1층 103호 ,2026-06-25
1307,병점 떡볶이,일반음식점,2025-04-14,,32.76,"경기도 화성시 병점구 병점4로 52, 1층 일부호 (진안동)",경기도 화성시 병점구 진안동 862-1 1층 일부호 ,2026-06-25
1308,에피소드7080,일반음식점,2025-04-16,,146.85,"경기도 화성시 병점구 효행로 1029, 흥왕빌딩 4층 전체 (진안동)",경기도 화성시 병점구 진안동 874-8 흥왕빌딩 4층 전체 ,2026-06-25
1309,동맛면가100,일반음식점,2025-04-21,,43.26,"경기도 화성시 병점구 영통로60번길 7, 신동탄 헤센IT타워 1층 141호 (반월동)",경기도 화성시 병점구 반월동 976 신동탄 헤센IT타워 1층 141호 ,2026-06-25
1310,영희네시골반찬,일반음식점,2025-04-28,,54.94,"경기도 화성시 병점구 병점로 37-6, 메트로 프라자 1층 126호 (진안동)",경기도 화성시 병점구 진안동 524-1 메트로 프라자 126호,2026-06-25
1311,든든밥차,일반음식점,2025-04-29,,55.65,"경기도 화성시 병점구 효행로 1051, 메인프라자 1층 120호 (진안동)",경기도 화성시 병점구 진안동 914-1 메인프라자 120호,2026-06-25
1312,제이당구장,일반음식점,2025-05-02,,16,"경기도 화성시 병점구 병점중앙로156번길 11-12, 2층 일부호 (진안동)",경기도 화성시 병점구 진안동 884-8 2층 일부호 ,2026-06-25
1313,아담스 꼬마김밥 병점점,일반음식점,2025-05-08,,64.8,"경기도 화성시 병점구 떡전골로 60, 106동 108, 109호 (병점동, 병점역효성해링턴플레이스)","경기도 화성시 병점구 병점동 871 병점역효성해링턴플레이스 106동 108, 109호",2026-06-25
1314,갈비마루,일반음식점,2025-05-09,,773.05,"경기도 화성시 병점구 병점노을2로 8, 1층 (병점동)",경기도 화성시 병점구 병점동 892-8 1층 ,2026-06-25
1315,오정쭈꾸미,일반음식점,2025-05-12,,60.45,"경기도 화성시 병점구 효행로 1012, 1층 일부호 (진안동)",경기도 화성시 병점구 진안동 878-3 1층 일부호 ,2026-06-25
1316,오늘 김밥 어때,일반음식점,2025-05-13,,38.88,"경기도 화성시 병점구 효행로 1076-8, 한마음프라자 1층 105호 (병점동)",경기도 화성시 병점구 병점동 845-2 한마음프라자 1층 105호 ,2026-06-25
1317,향리원마라탕 화성진안동병점점,일반음식점,2025-05-13,,56.36,"경기도 화성시 병점구 효행로 1059, 미래프라자 1층 105호 (진안동)",경기도 화성시 병점구 진안동 914-2 미래프라자 105호,2026-06-25
1318,미르2039,일반음식점,2025-05-13,,156.8,"경기도 화성시 병점구 병점중앙로156번길 3, 4층 전부호 (진안동)",경기도 화성시 병점구 진안동 878-17 4층전부호,2026-06-25
1319,강정이닭,일반음식점,2025-05-14,,71.35,"경기도 화성시 병점구 효행로 1065, 나라프라자 1층 일부호(101호) (진안동)",경기도 화성시 병점구 진안동 914-5 나라프라자 1층 일부호(101호) ,2026-06-25
1320,돈스테이블,일반음식점,2025-05-20,,77.76,"경기도 화성시 병점구 효행로763번길 3, 1층 일부호 (안녕동)",경기도 화성시 병점구 안녕동 37-87 1층일부호,2026-06-25
1321,처갓집양념치킨 망포아이파크캐슬점,일반음식점,2025-05-23,,40,"경기도 화성시 병점구 동탄지성로469번길 60, 상가1동 1층 102호 (반정동, 반정아이파크캐슬5단지)",경기도 화성시 병점구 반정동 637 반정아이파크캐슬5단지 상가1동 1층 102호 ,2026-06-25
1322,비은,일반음식점,2025-05-30,,46.8,"경기도 화성시 병점구 병점동로 114-1, 김재성씨근생주택1 1층 일부호(101호) (진안동)",경기도 화성시 병점구 진안동 870-10 김재성씨근생주택1 1층 일부호(101호) ,2026-06-25
1323,돈기부여 병점점,일반음식점,2025-06-11,,74.48,"경기도 화성시 병점구 효행로 1059, 미래프라자 1층 101호 (진안동)",경기도 화성시 병점구 진안동 914-2 미래프라자 1층 101호 ,2026-06-25
1324,우리식당,일반음식점,2025-06-11,,61.23,"경기도 화성시 병점구 병점동로164번길 10, 1층 102호 (진안동)",경기도 화성시 병점구 진안동 854-2 1층 102호 ,2026-06-25
1325,펀비어킹 화성병점점,일반음식점,2025-06-13,,194.99,"경기도 화성시 병점구 병점로81번길 26, 2층 전체 (진안동)",경기도 화성시 병점구 진안동 876-6 2층 전체 ,2026-06-25
1326,아카네 초밥전문점,일반음식점,2025-06-13,,45.24,"경기도 화성시 병점구 경기대로 1014, 병점프라자 1층 111호 (병점동)",경기도 화성시 병점구 병점동 379-10 병점프라자 1층 111호 ,2026-06-25
1327,제담돈,일반음식점,2025-06-20,,62.37,"경기도 화성시 병점구 영통로60번길 7, 신동탄 헤센IT타워 2층246호 (반월동)",경기도 화성시 병점구 반월동 976 신동탄 헤센IT타워 2층246호 ,2026-06-25
1328,장안순대국,일반음식점,2025-06-25,,95.76,"경기도 화성시 병점구 경기대로 1036, 금성빌딩 B동 102호,103호 (진안동)","경기도 화성시 병점구 진안동 527-16 금성빌딩 B동 102호,103호 ",2026-06-25
1329,대한식당 제육 청국장 김치찌개 병점본점,일반음식점,2025-06-26,,124.46,"경기도 화성시 병점구 병점동로 88-3, 1층 101호 (진안동)",경기도 화성시 병점구 진안동 883-3 1층 101호 ,2026-06-25
1330,서민정육식당,일반음식점,2025-07-02,,264.3,"경기도 화성시 병점구 삼성1로6길 11-8, 1, 2층 전체 (반월동)","경기도 화성시 병점구 반월동 360-14 1, 2층 전체 ",2026-06-25
1331,술주인,일반음식점,2025-07-03,,29.4,"경기도 화성시 병점구 병점서로 31-6, 신창프라자 2층 202일부(202-7)호 (병점동)",경기도 화성시 병점구 병점동 431-9 신창프라자 2층 202일부(202-7)호 ,2026-06-25
1332,순찌마을(병점역점),일반음식점,2025-07-09,,61.42,"경기도 화성시 병점구 병점노을5로 28, 우남퍼스트빌 더펜트 2층 213~215호 (병점동)",경기도 화성시 병점구 병점동 887-5 우남퍼스트빌 더펜트 213~215호 ,2026-06-25
1333,누구나 홀딱 반한닭 화성안녕점,일반음식점,2025-07-14,,95.68,"경기도 화성시 병점구 장조2로 29, 라온힐조 제1동 1층 108,109호 (안녕동)","경기도 화성시 병점구 안녕동 271-2 라온힐조 제1동 1층 108,109호 ",2026-06-25
1334,육회바른연어 병점복합타운점,일반음식점,2025-07-14,,36.12,"경기도 화성시 병점구 병점노을5로 28, 우남퍼스트빌 더펜트 1층 108호 (병점동)",경기도 화성시 병점구 병점동 887-5 우남퍼스트빌 더펜트 1층 108호 ,2026-06-25
1335,술퍼,일반음식점,2025-07-23,,27.9,"경기도 화성시 병점구 병점중앙로156번길 5-12, 도천빌 102호 (진안동)",경기도 화성시 병점구 진안동 880-7 도천빌 102호 ,2026-06-25
1336,잭슨피자 신영통점,일반음식점,2025-07-23,,53.2,"경기도 화성시 병점구 영통로 59, 현대프라자 1층 109호 (반월동)",경기도 화성시 병점구 반월동 869 현대프라자 1층 109호 ,2026-06-25
1337,비에이치씨 병점아이파크캐슬점,일반음식점,2025-07-30,,58,"경기도 화성시 병점구 병점노을4로 5, 병점노블레스 2층 207호 (병점동)",경기도 화성시 병점구 병점동 884-4 병점노블레스 2층 207호 ,2026-06-25
1338,노랑통닭 화성반월점,일반음식점,2025-08-08,,43.26,"경기도 화성시 병점구 영통로60번길 7, 신동탄허센IT타워 1층 146호 (반월동)",경기도 화성시 병점구 반월동 976 신동탄허센IT타워 1층 146호 ,2026-06-25
1339,우리동네분식 소풍,일반음식점,2025-08-11,,30.6,"경기도 화성시 병점구 화산중앙로 45, 1층 일부(A-2)호 (송산동)",경기도 화성시 병점구 송산동 158-72 1층 일부(A-2)호 ,2026-06-25
1340,브라더버거(BROTHER BURGER),일반음식점,2025-08-12,,40.15,"경기도 화성시 병점구 병점서로 63-1, 1층 전부호 (병점동)",경기도 화성시 병점구 병점동 356-10 1층전부호,2026-06-25
1341,썬파닭치킨 화성반월점,일반음식점,2025-08-12,,45.6,"경기도 화성시 병점구 영통로26번길 20, 1층 104호 (반월동)",경기도 화성시 병점구 반월동 83 104호,2026-06-25
1342,더온전히 정조효공원점,일반음식점,2025-08-12,,190.83,"경기도 화성시 병점구 장조1로 54, 1동 1층, 지하1층 전부호 (안녕동)","경기도 화성시 병점구 안녕동 254-6 1층, 지하1층 전부호 ",2026-06-25
1343,삼춘네연탄집,일반음식점,2025-08-14,,37.2,"경기도 화성시 병점구 병점중앙로170번길 16-22, 1층 일부(102)호 (진안동)",경기도 화성시 병점구 진안동 869-5 1층 일부(102)호 ,2026-06-25
1344,카페시그니쳐 병점점,일반음식점,2025-08-20,,26,"경기도 화성시 병점구 병점동로70번길 12, 1층 101호 (병점동)",경기도 화성시 병점구 병점동 833-3 1층 101호 ,2026-06-25
1345,대패촌 동탄점,일반음식점,2025-08-22,,194.4,"경기도 화성시 병점구 효행로 1249-4, 1층 전체 (반월동)",경기도 화성시 병점구 반월동 631 1층 전체 ,2026-06-25
1346,청명옥,일반음식점,2025-08-28,,45.79,"경기도 화성시 병점구 병점3로 24, 그린씨티 1층 109호 (병점동)",경기도 화성시 병점구 병점동 348-4 그린씨티 1층 109호 ,2026-06-25
1347,선명희피자 화성병점점,일반음식점,2025-09-01,,73.14,"경기도 화성시 병점구 병점중앙로 155, 렉스몰 1층 105호 (진안동)",경기도 화성시 병점구 진안동 514-2 렉스몰 1층 105호 ,2026-06-25
1348,오광부대찌개,일반음식점,2025-09-02,,103.35,"경기도 화성시 병점구 병점중앙로156번길 5-8, 1층 전체 (진안동)",경기도 화성시 병점구 진안동 880-5 1층 전체 ,2026-06-25
1349,정성키친,일반음식점,2025-09-04,,55.61,"경기도 화성시 병점구 병점동로 88-9, 1층 일부호 (진안동)",경기도 화성시 병점구 진안동 883-10 1층 일부호 ,2026-06-25
1350,더밥상 병점점,일반음식점,2025-09-04,,55.61,"경기도 화성시 병점구 병점동로 88-9, 1층 일부호 (진안동)",경기도 화성시 병점구 진안동 883-10 1층 일부호 ,2026-06-25
1351,맥파이에프엔비(까치네),일반음식점,2025-09-04,,59.31,"경기도 화성시 병점구 병점동로42번길 1, 1층 전체 (병점동)",경기도 화성시 병점구 병점동 259-6 1층 전체 ,2026-06-25
1352,전설낙곱새 화성반월점,일반음식점,2025-09-04,,17.2,"경기도 화성시 병점구 영통로61번길 30-12, 신영통현대아파트 상가동 105호 (반월동)",경기도 화성시 병점구 반월동 865-1 신영통현대아파트 상가동 105호 ,2026-06-25
1353,조개야 해물포차,일반음식점,2025-09-04,,99.57,"경기도 화성시 병점구 병점4로 87, 제1동 1층 (진안동)",경기도 화성시 병점구 진안동 859-3 제1동 1층 ,2026-06-25
1354,바다,일반음식점,2025-09-04,,67.22,"경기도 화성시 병점구 효행로1040번길 11-1, 1층 일부호 (진안동)",경기도 화성시 병점구 진안동 882-8 1층 일부호 ,2026-06-25
1355,미끼,일반음식점,2025-09-04,,78.72,"경기도 화성시 병점구 병점동로 114, 1층 일부호 (진안동)",경기도 화성시 병점구 진안동 871-1 1층 일부호 ,2026-06-25
1356,반티엔야오 카오위 동탄점,일반음식점,2025-09-05,,88.6,"경기도 화성시 병점구 반월체육공원길 22, 1층 일부호 (반월동)",경기도 화성시 병점구 반월동 660-4 1층일부호,2026-06-25
1357,스시무타,일반음식점,2025-09-18,,275.45,"경기도 화성시 병점구 안녕길 7, 1층 (안녕동)",경기도 화성시 병점구 안녕동 185-2 1층 ,2026-06-25
1358,엄마칼국수,일반음식점,2025-09-18,,80,"경기도 화성시 병점구 용주로32번길 9, 1층 일부호 (안녕동)",경기도 화성시 병점구 안녕동 25-21 1층 일부호 ,2026-06-25
1359,메이비해피,일반음식점,2025-09-19,,19.8,"경기도 화성시 병점구 영통로26번길 33, 2층 202일부호 (반월동)",경기도 화성시 병점구 반월동 77 202일부호,2026-06-25
1360,크림,일반음식점,2025-09-23,,131.55,"경기도 화성시 병점구 효행로 1029, 2층 전부호 (진안동)",경기도 화성시 병점구 진안동 874-8 2층전부호,2026-06-25
1361,바지락왕창칼국수(화성안녕점),일반음식점,2025-09-23,,200,"경기도 화성시 병점구 효행로 439-2, 2층 전부호 (안녕동)",경기도 화성시 병점구 안녕동 188-728 2층전부호,2026-06-25
1362,담가화로구이 화성병점점,일반음식점,2025-09-24,,236.57,"경기도 화성시 병점구 병점2로 45, AA참교육문화센터 1층 전체호 (병점동)",경기도 화성시 병점구 병점동 813 AA참교육문화센터 1층 전체호 ,2026-06-25
1363,삼별식당,일반음식점,2025-09-29,,144.09,"경기도 화성시 병점구 효행로 1318-2, 2층 전부호 (반월동)",경기도 화성시 병점구 반월동 462 2층전부호,2026-06-25
1364,바른곱창 병점역점,일반음식점,2025-10-01,,97.28,"경기도 화성시 병점구 병점노을5로 17, 한길타워 1층 104,105호 (병점동)","경기도 화성시 병점구 병점동 886-2 한길타워 104호, 105호 ",2026-06-25
1365,잭슨피자 병점점,일반음식점,2025-10-02,031 -223 -0717,78.24,"경기도 화성시 병점구 병점중앙로 155, 렉스몰 108호 (진안동)",경기도 화성시 병점구 진안동 514-2 렉스몰 108호,2026-06-25
1366,튀긴치킨 싫어서 구운치킨만 파는집 병점중앙점,일반음식점,2025-10-10,,14.6,"경기도 화성시 병점구 병점동로 114-8, 1층(102호) 일부호 (진안동)",경기도 화성시 병점구 진안동 871-3 1층(102호) 일부호 ,2026-06-25
1367,케이비빔밥(K비빔밥)병점점,일반음식점,2025-10-16,,33,"경기도 화성시 병점구 병점동로42번길 26-6, 1층 103호 (병점동)",경기도 화성시 병점구 병점동 842-3 1층 103호 ,2026-06-25
1368,푸라닭 화성안녕점,일반음식점,2025-10-17,,40,"경기도 화성시 병점구 효행로 755, 1층 일부호(102호) (안녕동)",경기도 화성시 병점구 안녕동 37-98 1층 일부호(102호) ,2026-06-25
1369,맘스터치 병점중심상가점,일반음식점,2025-10-17,,98.28,"경기도 화성시 병점구 효행로 1051, 메인프라자 1층 109호, 110호 (진안동)","경기도 화성시 병점구 진안동 914-1 메인프라자 1층 109호, 110호 ",2026-06-25
1370,육분도,일반음식점,2025-10-20,,99.84,"경기도 화성시 병점구 병점1로 216-13, 태안프라자(114, 115호) (병점동)","경기도 화성시 병점구 병점동 846 태안프라자(114, 115호) ",2026-06-25
1371,노랑통닭(화성화산점),일반음식점,2025-10-20,,68.98,"경기도 화성시 병점구 화산북로 12, 우남블루존아파트 상가동 1층 101호, 102호 (송산동)","경기도 화성시 병점구 송산동 200-38 우남블루존아파트 상가동 1층 101호, 102호 ",2026-06-25
1372,만도리 동탄직영점,일반음식점,2025-10-22,,196.86,"경기도 화성시 병점구 여울로 133, 1층 (능동)",경기도 화성시 병점구 능동 481-1 ,2026-06-25
1373,리얼돈 구워본전,일반음식점,2025-10-24,,235.05,"경기도 화성시 병점구 삼성1로 278-2, 2층 전부호 (반월동)",경기도 화성시 병점구 반월동 364-5 2층전부호,2026-06-25
1374,마라공방,일반음식점,2025-10-29,,63.94,"경기도 화성시 병점구 병점노을5로 16, 병점역 서영 더엘 1차 1동 1층 111호, 112호 (병점동)","경기도 화성시 병점구 병점동 887-1 병점역 서영 더엘 1차 1동 1층 111호, 112호 ",2026-06-25
1375,수지네 한우곱창,일반음식점,2025-10-29,,42.55,"경기도 화성시 병점구 병점노을4로 19, 골든스퀘어1차 107호 (병점동)",경기도 화성시 병점구 병점동 887-10 골든스퀘어1차 107호 ,2026-06-25
1376,오늘은 오므라이스,일반음식점,2025-10-29,,33,"경기도 화성시 병점구 병점3로 19-29, 1층 101호 (진안동)",경기도 화성시 병점구 진안동 525-74 1층 101호 ,2026-06-25
1377,야수각 병점점,일반음식점,2025-11-04,,45.08,"경기도 화성시 병점구 효행로 990, 비젼월드 1층 110호 (진안동)",경기도 화성시 병점구 진안동 512-1 비젼월드 110호,2026-06-25
1378,오투 닭갈비 부대찌개 병점역점,일반음식점,2025-11-05,,93.07,"경기도 화성시 병점구 병점노을5로 26, 1동 108호, 109호 (병점동)","경기도 화성시 병점구 병점동 887-4 1동 108호, 109호 ",2026-06-25
1379,귀한족발 화성병점점,일반음식점,2025-11-10,,53.31,"경기도 화성시 병점구 병점중앙로 155, 렉스몰 1층 102호 (진안동)",경기도 화성시 병점구 진안동 514-2 렉스몰 1층 102호 ,2026-06-25
1380,배달의쌀국수,일반음식점,2025-11-10,,27.94,"경기도 화성시 병점구 병점노을7로 38, 병점역 우남퍼스트빌스위트 1동 1층 123호 (진안동)",경기도 화성시 병점구 진안동 941-7 병점역 우남퍼스트빌스위트 1동 123호,2026-06-25
1381,한식밥상&도시락,일반음식점,2025-11-18,,14.85,"경기도 화성시 병점구 병점로6번길 6-2, 1층 전체 (병점동)",경기도 화성시 병점구 병점동 345-74 1층 전체 ,2026-06-25
1382,위험한 피자 병점점,일반음식점,2025-11-20,,33,"경기도 화성시 병점구 병점동로 120-10, 이스페이스 1층 일부호(101호) (진안동)",경기도 화성시 병점구 진안동 870-4 이스페이스 1층 일부호(101호) ,2026-06-25
1383,펀비어킹 화성신동탄헤센IT점,일반음식점,2025-11-24,,90.68,"경기도 화성시 병점구 영통로60번길 16-10, 1동 1층 일부호 (반월동)",경기도 화성시 병점구 반월동 980-2 1동 1층 일부호 ,2026-06-25
1384,먹's,일반음식점,2025-12-02,,165.48,"경기도 화성시 병점구 병점중앙로156번길 8, 1층 일부호 (진안동)",경기도 화성시 병점구 진안동 879-2 1층일부호,2026-06-25
1385,바다정원,일반음식점,2025-12-02,,44.08,"경기도 화성시 병점구 병점노을4로 5, 병점노블레스 1층 107호 (병점동)",경기도 화성시 병점구 병점동 884-4 병점노블레스 1층 107호 ,2026-06-25
1386,스낵팩멜번 병점점,일반음식점,2025-12-03,,34.44,"경기도 화성시 병점구 병점노을4로 29, 엘타워 1동 1층 113호 (병점동)",경기도 화성시 병점구 병점동 887-7 엘타워 1동 113호,2026-06-25
1387,창업원스톱서비스<삼부자국밥>,일반음식점,2025-12-08,,161.5,"경기도 화성시 병점구 정조로 166, 2동 전체 (반정동)",경기도 화성시 병점구 반정동 444-3 2동 전체 ,2026-06-25
1388,온밥&샐러드,일반음식점,2025-12-08,,67.22,"경기도 화성시 병점구 병점중앙로156번길 11-2, 101호 (진안동)",경기도 화성시 병점구 진안동 884-1 101호 ,2026-06-25
1389,슈퍼크리스피 병점점,일반음식점,2025-12-09,031 -222 -6038,39.14,"경기도 화성시 병점구 병점1로 66-12, 하이코아 1층 102호 (병점동)",경기도 화성시 병점구 병점동 490-2 하이코아 1층 102호 ,2026-06-25
1390,메가 폭탄 김치찜(화성기산점),일반음식점,2025-12-11,,86.4,"경기도 화성시 병점구 효행로1191번길 6, 1층 전체호 (기산동)",경기도 화성시 병점구 기산동 41-1 ,2026-06-25
1391,또또닭강정,일반음식점,2025-12-12,,29.4,"경기도 화성시 병점구 병점중앙로 102, 1층 일부호 (병점동)",경기도 화성시 병점구 병점동 305-1 1층일부호,2026-06-25
1392,대동생막창 병점직영점,일반음식점,2025-12-12,,72.19,"경기도 화성시 병점구 병점노을4로 19, 골든스퀘어Ⅰ 1층 111~112호 (병점동)","경기도 화성시 병점구 병점동 887-10 골든스퀘어Ⅰ, 111~112호 ",2026-06-25
1393,서경숯불막창,일반음식점,2025-12-15,,226.45,"경기도 화성시 병점구 병점동로 84-1, 101호 (진안동)",경기도 화성시 병점구 진안동 886-12 101호 ,2026-06-25
1394,버거웨이 화성병점점,일반음식점,2025-12-15,,56.8,"경기도 화성시 병점구 병점동로 78, 유진클라우스 115호 일부호 (병점동)",경기도 화성시 병점구 병점동 829-1 유진클라우스 115호 일부호 ,2026-06-25
1395,돈방석,일반음식점,2025-12-17,,80.36,"경기도 화성시 병점구 효행로 1249-6, 성광빌딩 1층 102호,103호 (반월동)","경기도 화성시 병점구 반월동 629-3 성광빌딩 1층 102호,103호 ",2026-06-25
1396,경동집 국물두루치기 화성병점점,일반음식점,2025-12-17,,46.96,"경기도 화성시 병점구 병점동로 120-10, 이-스페이스 1층 일부호 (진안동)",경기도 화성시 병점구 진안동 870-4 이-스페이스 1층 일부호 ,2026-06-25
1397,여운재 병점점,일반음식점,2025-12-23,,17.05,"경기도 화성시 병점구 병점서로 31-6, 신창프라자 2층 202-2호 (병점동)",경기도 화성시 병점구 병점동 431-9 신창프라자 202-2호,2026-06-25
1398,베스트 파크골프,일반음식점,2025-12-23,,221.28,"경기도 화성시 병점구 병점노을5로 26, 1동 10층 1001호 (병점동)",경기도 화성시 병점구 병점동 887-4 동 10층 1001호 ,2026-06-25
1399,(주)윈드라운지,일반음식점,2025-12-24,,366.88,"경기도 화성시 병점구 병점노을5로 26, 1동 9층, 908호~913호 (병점동)","경기도 화성시 병점구 병점동 887-4 1동 9층, 908호~913호 ",2026-06-25
1400,속초오징어어시장병점점,일반음식점,2025-12-31,,202.5,"경기도 화성시 병점구 병점노을5로 17, 한길타워 1층 117호~120호 (병점동)",경기도 화성시 병점구 병점동 886-2 한길타워 1층 117호~120호 ,2026-06-25
1401,어반상회,일반음식점,2026-01-08,,623.6,"경기도 화성시 병점구 동탄지성로 202, 2층 전체호 (능동)",경기도 화성시 병점구 능동 470-1 2층 전체호 ,2026-06-25
1402,동탄함바,일반음식점,2026-01-19,,92.56,"경기도 화성시 병점구 여울로 120, 2층 일부호(202호) (능동)",경기도 화성시 병점구 능동 528-3 2층 일부호(202호) ,2026-06-25
1403,"카페, 320 뜰",일반음식점,2026-01-21,,92.4,"경기도 화성시 병점구 동탄지성로 320, 신풍프라자 1층 101호,102호 (반월동)","경기도 화성시 병점구 반월동 717 신풍프라자 1층 101호,102호 ",2026-06-25
1404,행컵,일반음식점,2026-01-23,,48.56,"경기도 화성시 병점구 효행로 1072, 상록프라자1층 101호 (병점동)",경기도 화성시 병점구 병점동 844-7 상록프라자1층 101호 ,2026-06-25
1405,인생역전,일반음식점,2026-01-23,,54.06,"경기도 화성시 병점구 병점중앙로170번길 8-10, 1층 101호 (진안동)",경기도 화성시 병점구 진안동 873-7 1층 101호 ,2026-06-25
1406,블루레드,일반음식점,2026-01-06,,37.42,"경기도 화성시 병점구 병점1로 216-21, 태안병점 e-TOWN3, 2층 208호 (병점동)","경기도 화성시 병점구 병점동 845-1 태안병점 e-TOWN3, 2층 208호 ",2026-06-25
1407,개성손만두 반월영통점,일반음식점,2026-01-28,,160,"경기도 화성시 병점구 영통로 73-1, A동 1층 일부호 (반월동)",경기도 화성시 병점구 반월동 169-1 A동 1층 일부호 ,2026-06-25
1408,탕화쿵푸 병점아이파크점,일반음식점,2026-01-28,,78.02,"경기도 화성시 병점구 병점노을4로 5, 병점노블레스 2층 210호, 211호 (병점동)","경기도 화성시 병점구 병점동 884-4 병점노블레스 2층 210호, 211호 ",2026-06-25
1409,까몬 화성반월점,일반음식점,2026-01-30,,45.32,"경기도 화성시 병점구 영통로60번길 7, 신동탄 헤센IT타워 143호 (반월동)",경기도 화성시 병점구 반월동 976 신동탄 헤센IT타워 143호 ,2026-06-25
1410,카즈키,일반음식점,2026-02-04,,74.93,"경기도 화성시 병점구 효행로 1027, 104호 (진안동)",경기도 화성시 병점구 진안동 874-9 104호,2026-06-25
1411,바나프레소 화성반월점,일반음식점,2026-02-06,,29.81,"경기도 화성시 병점구 영통로26번길 33, 1층 102호 (반월동)",경기도 화성시 병점구 반월동 77 ,2026-06-25
1412,케이에프씨 화성병점점,일반음식점,2026-02-09,,149.61,"경기도 화성시 병점구 효행로 1035, 명민빌딩 1층 (진안동)",경기도 화성시 병점구 진안동 874-5 명민빌딩 ,2026-06-25
1413,중앙즉석닭발,일반음식점,2026-02-10,,100.12,"경기도 화성시 병점구 장조2로 29, 106, 107호 (안녕동)","경기도 화성시 병점구 안녕동 271-2 106, 107호 ",2026-06-25
1414,잭아저씨족발보쌈 병점역점,일반음식점,2026-02-19,,85.1,"경기도 화성시 병점구 병점노을5로 20, 101,102호 (병점동)","경기도 화성시 병점구 병점동 887-2 101,102호 ",2026-06-25
1415,네모푸드 병점점,일반음식점,2026-02-23,,38.26,"경기도 화성시 병점구 병점동로 135, 1층 103호 일부(A) (진안동)",경기도 화성시 병점구 진안동 409-4 1층 103호 일부(A) ,2026-06-25
1416,율푸드 병점점,일반음식점,2026-02-23,,38.26,"경기도 화성시 병점구 병점동로 135, 1층 103호 일부(B) (진안동)",경기도 화성시 병점구 진안동 409-4 1층 103호 일부(B) ,2026-06-25
1417,계룡산업(주) 화성능동 현장식당,일반음식점,2026-02-26,042 -719 -7100,253.49,"경기도 화성시 병점구 서동탄로남길 7, 현장식당(2동) (능동)",경기도 화성시 병점구 능동 1292 ,2026-06-25
1418,호주에서온스시 화성안녕점,일반음식점,2026-02-26,,51.07,"경기도 화성시 병점구 장조1로 75, 1층 일부호(101호) (안녕동)",경기도 화성시 병점구 안녕동 260-1 1층 일부호(101호) ,2026-06-25
1419,물총칼국수 융건릉점,일반음식점,2026-03-05,,114.06,"경기도 화성시 병점구 장조1로 44, 1층 전체호 (안녕동)",경기도 화성시 병점구 안녕동 254-1 1층 전체호 ,2026-06-25
1420,한우로,일반음식점,2026-03-11,,244.8,"경기도 화성시 병점구 효행로1156번길 7, 2층 (병점동)",경기도 화성시 병점구 병점동 206 2층 ,2026-06-25
1421,돈카츠 한식당,일반음식점,2026-03-16,031 -236 -3336,63.25,"경기도 화성시 병점구 떡전골로 96-4, 미라클 프라자 107호 (병점동)",경기도 화성시 병점구 병점동 382-2 미라클 프라자 107호 ,2026-06-25
1422,슈퍼크리스피 병점중심상가점,일반음식점,2026-03-17,,36.27,"경기도 화성시 병점구 효행로 1062, 센타 프라자 105호 (병점동)",경기도 화성시 병점구 병점동 844-4 센타 프라자 ,2026-06-25
1423,우키키,일반음식점,2026-03-17,,44.37,"경기도 화성시 병점구 병점노을4로 17, 212호 (병점동)",경기도 화성시 병점구 병점동 887-11 212호 ,2026-06-25
1424,써니1977,일반음식점,2026-03-18,,30.2,"경기도 화성시 병점구 경기대로 1011, A동 1층 108호 (병점동)",경기도 화성시 병점구 병점동 376-11 A동 1층 108호 ,2026-06-25
1425,직화상회,일반음식점,2026-03-20,,147.3,"경기도 화성시 병점구 태안로226번길 4-7, 1층 전체호 (진안동)",경기도 화성시 병점구 진안동 712-14 ,2026-06-25
1426,효자석갈비,일반음식점,2026-04-01,,294,"경기도 화성시 병점구 효행로 576, 1층 (안녕동)",경기도 화성시 병점구 안녕동 170-113 1층 ,2026-06-25
1427,진안순대국,일반음식점,2026-04-02,,125.62,"경기도 화성시 병점구 병점1로 236-12, 1층 일부호 (진안동)",경기도 화성시 병점구 진안동 913 ,2026-06-25
1428,금잔 커피앤디저트,일반음식점,2026-04-06,,372.94,경기도 화성시 병점구 세자로 465 (안녕동),경기도 화성시 병점구 안녕동 180-120 ,2026-06-25
1429,타코로 병점역점,일반음식점,2026-04-15,,132.98,"경기도 화성시 병점구 병점노을5로 26, 더시그니처스퀘어 207, 208호 (병점동)","경기도 화성시 병점구 병점동 887-4 더시그니처스퀘어 207, 208호 ",2026-06-25
1430,텐미미,일반음식점,2026-04-16,,191.1,"경기도 화성시 병점구 삼성1로 307, 1층 (반월동)",경기도 화성시 병점구 반월동 110-9 1층 ,2026-06-25
1431,주식회사남남푸드(NAMNAMFOOD),일반음식점,2026-04-16,,49.08,"경기도 화성시 병점구 병점중앙로 155, 렉스몰 1층 111호 (진안동)",경기도 화성시 병점구 진안동 514-2 렉스몰 1층 111호 ,2026-06-25
1432,윤반장,일반음식점,2026-04-22,,26.74,"경기도 화성시 병점구 병점서로 31-6, 신창프라자 202-6호 (병점동)",경기도 화성시 병점구 병점동 431-9 신창프라자 ,2026-06-25
1433,피자헛 병점점,일반음식점,2026-04-27,,66.05,"경기도 화성시 병점구 병점2로 83, 1층 일부호 (병점동)",경기도 화성시 병점구 병점동 842-13 1층 일부호 ,2026-06-25
1434,포민(PHO MIN),일반음식점,2026-04-27,,33,"경기도 화성시 병점구 화산중앙로 37, 1층 일부호(104호) (송산동)",경기도 화성시 병점구 송산동 158-82 1층 일부호(104호) ,2026-06-25
1435,야화 혼술바 병점점,일반음식점,2026-04-28,,39.28,"경기도 화성시 병점구 효행로 1032, 루벤타워 2층 201-2호 일부호 (진안동, 루벤타워)",경기도 화성시 병점구 진안동 877-2 루벤타워 2층 201-2호 일부 ,2026-06-25
1436,먹죽칼국수,일반음식점,2026-04-30,,43.74,"경기도 화성시 병점구 병점중앙로156번길 15-4, 1층 일부호(101호) (진안동)",경기도 화성시 병점구 진안동 885-2 1층 일부호(101호) ,2026-06-25
1437,노모어피자 병점점,일반음식점,2026-05-04,,61.8,"경기도 화성시 병점구 병점노을7로 5, 테라스-M 1동 104-1호, 104-2호 (진안동)","경기도 화성시 병점구 진안동 939-1 테라스-M 1동 104-1호, 104-2호 ",2026-06-25
1438,유씨네본가 누룽지삼계탕(안녕점),일반음식점,2026-05-04,,239.48,"경기도 화성시 병점구 효행로 437-10, 1층 (안녕동)",경기도 화성시 병점구 안녕동 188-741 1층 ,2026-06-25
1439,마미(MAMI)마라탕&쌀국수,일반음식점,2026-05-06,,51.3,"경기도 화성시 병점구 떡전골로 60, 106동 107호 (병점동, 병점역효성해링턴플레이스)",경기도 화성시 병점구 병점동 871 병점역효성해링턴플레이스 106동 107호 ,2026-06-25
1440,백두산 감자탕·뼈숯불구이,일반음식점,2026-05-08,,109.08,"경기도 화성시 병점구 영통로 60, 한성프라자 1동 103,104,105호 (반월동)",경기도 화성시 병점구 반월동 983-1 ,2026-06-25
1441,양은이네 동태탕,일반음식점,2026-05-11,,105.3,"경기도 화성시 병점구 효행로 1051, 메인프라자 119호 (진안동)",경기도 화성시 병점구 진안동 914-1 메인프라자 119호 ,2026-06-25
1442,퀸스타로,일반음식점,2026-05-11,,36.24,"경기도 화성시 병점구 경기대로 990, 104동 S119호 (병점동, 병점역SK뷰아파트)",경기도 화성시 병점구 병점동 870 병점역SK뷰아파트 104동 S119호 ,2026-06-25
1443,가마치통닭 병점지점,일반음식점,2026-05-13,,68.76,"경기도 화성시 병점구 병점2로 75, 102호 (병점동)",경기도 화성시 병점구 병점동 842-18 102호,2026-06-25
1444,병점호프포차,일반음식점,2026-05-18,,29.12,"경기도 화성시 병점구 병점1로 218, 씨네샤르망 117호 (병점동)",경기도 화성시 병점구 병점동 844-1 씨네샤르망 ,2026-06-25
1445,초밥셔틀,일반음식점,2026-05-19,,91.2,"경기도 화성시 병점구 안녕북길 109, 1층 (안녕동)",경기도 화성시 병점구 안녕동 180-463 ,2026-06-25
1446,다온전주돌솥비빔밥,일반음식점,2026-05-20,,299,경기도 화성시 병점구 안녕길 6 (3동 1층) (안녕동),경기도 화성시 병점구 안녕동 180-135 (3동 1층) ,2026-06-25
1447,스페이스531(SPACE531),일반음식점,2026-05-20,,144.23,"경기도 화성시 병점구 병점3로 4, 2층 (진안동)",경기도 화성시 병점구 진안동 531 ,2026-06-25
1448,광부맥주 병점역복합타운점,일반음식점,2026-05-27,,124.4,"경기도 화성시 병점구 병점노을5로 26, 113호, 114호 (병점동)","경기도 화성시 병점구 병점동 887-4 113호, 114호 ",2026-06-25
1449,멜로피자 병점점,일반음식점,2026-05-29,,38.8,"경기도 화성시 병점구 경기대로 1011, 병점역 써밋프라움 A동 103호 (병점동)",경기도 화성시 병점구 병점동 376-11 ,2026-06-25
1450,에덴반점,일반음식점,2026-06-01,,67.6,"경기도 화성시 병점구 작현길 19, 1층 일부호 (송산동)",경기도 화성시 병점구 송산동 102-2 ,2026-06-25
1451,진안곰탕,일반음식점,2026-06-01,,144.6,"경기도 화성시 병점구 효행로 990, 비젼월드101, 102, 103호 (진안동)","경기도 화성시 병점구 진안동 512-1 비젼월드101, 102, 103호 ",2026-06-25
1452,백선당F&B,일반음식점,2026-06-01,,269.42,"경기도 화성시 병점구 병점노을4로 19, 201,202,203,204,205호 (병점동)",경기도 화성시 병점구 병점동 887-10 ,2026-06-25
1453,음매점 화성병점점,일반음식점,2026-06-02,,38.61,"경기도 화성시 병점구 병점동로 126, 109호 (진안동)",경기도 화성시 병점구 진안동 863-1 ,2026-06-25
1454,솥뚜껑 삼겹살,일반음식점,2026-06-05,,99.17,"경기도 화성시 병점구 삼성1로6길 27, 103호 (반월동)",경기도 화성시 병점구 반월동 359-1 103호,2026-06-25
1455,오늘은 분식이네,일반음식점,2026-06-08,,28.56,"경기도 화성시 병점구 한신대길 67-10, 태안성호2차아파트 상가 2층 203호 (안녕동)",경기도 화성시 병점구 안녕동 2 태안성호2차아파트 상가 2층 203호 ,2026-06-25
1456,포포만두,일반음식점,2026-06-15,031 -2380-203,34.71,"경기도 화성시 병점구 병점2로 65, 우남프라자 106호 (병점동)",경기도 화성시 병점구 병점동 259-15 우남프라자 106호 ,2026-06-25
1457,달빛경성맥주,일반음식점,2026-06-17,,71.39,"경기도 화성시 병점구 경기대로 1011, A동 112,113호 (병점동)","경기도 화성시 병점구 병점동 376-11 A동 112,113호 ",2026-06-25
1458,족발대식가,일반음식점,2026-06-18,,50.88,"경기도 화성시 병점구 병점노을5로 26, 1동 105호 (병점동)",경기도 화성시 병점구 병점동 887-4 1동 105호,2026-06-25
1459,화성시니어클럽 노노카페(정조효노인복지관점),휴게음식점,2024-01-02,,56.68,"경기도 화성시 병점구 용주로152번길 27, 1층 (송산동)",경기도 화성시 병점구 송산동 190-7 ,2026-06-25
1460,텐퍼센트커피,휴게음식점,2024-01-11,,31.98,"경기도 화성시 병점구 병점노을4로 29, 엘타워 115호 (병점동)",경기도 화성시 병점구 병점동 887-7 ,2026-06-25
1461,CU화성융건릉점,휴게음식점,2024-01-24,,6,"경기도 화성시 병점구 효행로481번길 20, 1층 일부호 (안녕동)",경기도 화성시 병점구 안녕동 187-11 1층 일부호 ,2026-06-25
1462,카페보스 화성병점점,휴게음식점,2024-01-26,,43.89,"경기도 화성시 병점구 병점동로 79, 101호 (병점동)",경기도 화성시 병점구 병점동 828-4 ,2026-06-25
1463,지에스25 병점한일점,휴게음식점,2024-01-31,,6.6,"경기도 화성시 병점구 태안로 89, 한일타운 상가동 101호 일부호 (병점동)",경기도 화성시 병점구 병점동 520-2 한일타운 상가동 101호 일부호 ,2026-06-25
1464,마스PC까페,휴게음식점,2024-02-02,,20,"경기도 화성시 병점구 병점동로 109, 2층 일부호 (진안동)",경기도 화성시 병점구 진안동 873-8 ,2026-06-25
1465,카페화산,휴게음식점,2024-02-02,,102.06,"경기도 화성시 병점구 용주로 136, 용주사 2동 종교집회장 (송산동)",경기도 화성시 병점구 송산동 188 용주사 2동 종교집회장 ,2026-06-25
1466,지니김밥,휴게음식점,2024-02-02,,30.24,"경기도 화성시 병점구 동탄지성로 292, 행복마을 참누리 에듀파크 상가 1층 105호 (기산동)",경기도 화성시 병점구 기산동 468 행복마을 참누리 에듀파크 상가 1층 105호 ,2026-06-25
1467,이삭토스트,휴게음식점,2024-02-08,,34.88,"경기도 화성시 병점구 병점노을4로 5, 병점노블레스 1층 102호 (병점동)",경기도 화성시 병점구 병점동 884-4 ,2026-06-25
1468,작은,휴게음식점,2024-02-20,,56.26,"경기도 화성시 병점구 용주로 16, 1동 1,2층 101호, 201호 (안녕동)",경기도 화성시 병점구 안녕동 19-1 ,2026-06-25
1469,빽다방병점역복합타운점,휴게음식점,2024-02-21,,45.57,"경기도 화성시 병점구 병점노을5로 26, 1층 110호 (병점동)",경기도 화성시 병점구 병점동 887-4 ,2026-06-25
1470,메가엠지씨커피 병점에듀포레점,휴게음식점,2024-02-22,,68.76,"경기도 화성시 병점구 병점2로 75, 101호 (병점동)",경기도 화성시 병점구 병점동 842-18 101호,2026-06-25
1471,세븐일레븐 병점시네마점,휴게음식점,2024-02-29,,3.3,"경기도 화성시 병점구 효행로 1052, 씨네샤르망 A동 111호 일부호 (병점동)",경기도 화성시 병점구 병점동 844-1 씨네샤르망 ,2026-06-25
1472,김종구부산어묵 병점점,휴게음식점,2024-03-05,,36.96,"경기도 화성시 병점구 효행로 1076-8, 한마음프라자 108호 (병점동)",경기도 화성시 병점구 병점동 845-2 한마음프라자 108호,2026-06-25
1473,빽다방 병점역SK뷰점,휴게음식점,2024-03-05,,58.08,"경기도 화성시 병점구 경기대로 990, 104동 115호, 115-1호 (병점동, 병점역SK뷰아파트)",경기도 화성시 병점구 병점동 870 병점역SK뷰아파트 ,2026-06-25
1474,꽃갈피,휴게음식점,2024-03-07,,95.22,"경기도 화성시 병점구 효심2길 25, 1동 1층 (송산동)",경기도 화성시 병점구 송산동 225-4 ,2026-06-25
1475,커피엠박스반월점,휴게음식점,2024-03-13,,14.94,"경기도 화성시 병점구 반월남길 6, 1층 일부호 (반월동)",경기도 화성시 병점구 반월동 524 1층 일부호 ,2026-06-25
1476,메가엠지씨커피 수원반정아이파크캐슬점,휴게음식점,2024-03-14,,32,"경기도 화성시 병점구 동탄지성로469번길 59, 상가1동 103호 (반정동, 반정아이파크캐슬4단지)",경기도 화성시 병점구 반정동 623 반정아이파크캐슬4단지 ,2026-06-25
1477,봉명동내커피,휴게음식점,2024-03-28,,27.3,"경기도 화성시 병점구 경기대로1010번길 24, 1층 일부호 (병점동)",경기도 화성시 병점구 병점동 358-1 ,2026-06-25
1478,카페루킨 CAFE LOOKIN,휴게음식점,2024-03-29,,33.33,"경기도 화성시 병점구 병점2로 94, 정든마을 신창2차 비바패밀리 상가1 1층 102호 (병점동)",경기도 화성시 병점구 병점동 858 정든마을 신창2차 비바패밀리 상가1 1층 102호 ,2026-06-25
1479,이요베이,휴게음식점,2024-04-15,,59.28,"경기도 화성시 병점구 효행로 1075-7, 뱅뱅프라자 1층 122호, 123호 (진안동)","경기도 화성시 병점구 진안동 914-8 뱅뱅프라자 1층 122호, 123호 ",2026-06-25
1480,CU병점한신점,휴게음식점,2024-04-17,,1,"경기도 화성시 병점구 병점1로 66-12, 하이코아 1층 101-2호 일부호 (병점동)",경기도 화성시 병점구 병점동 490-2 하이코아 1층 101-2호 일부호 ,2026-06-25
1481,이마트24 서천반월점,휴게음식점,2024-04-22,,3.3,"경기도 화성시 병점구 영통로26번길 33, 1층 101호 일부호 (반월동)",경기도 화성시 병점구 반월동 77 1층 101호 일부호 ,2026-06-25
1482,텐퍼센트 신영통 헤센아이티점,휴게음식점,2024-04-29,,44.1,"경기도 화성시 병점구 영통로60번길 7, 헤센아이티타워 1층 113호 (반월동)",경기도 화성시 병점구 반월동 976 ,2026-06-25
1483,하리케이크,휴게음식점,2024-05-07,,46.92,"경기도 화성시 병점구 영통로61번길 11, 골드프라자 112호 (반월동)",경기도 화성시 병점구 반월동 869-4 골드프라자 112호,2026-06-25
1484,씨유 반월헤센IT타워점,휴게음식점,2024-05-08,,3.3,"경기도 화성시 병점구 영통로60번길 7, 114호 일부호 (반월동)",경기도 화성시 병점구 반월동 976 ,2026-06-25
1485,이마트24 R병점중앙점,휴게음식점,2024-05-08,,3.3,"경기도 화성시 병점구 병점중앙로156번길 3, 1층 일부호 (진안동)",경기도 화성시 병점구 진안동 878-17 ,2026-06-25
1486,진부엉이 꼬마김밥,휴게음식점,2024-05-08,,48.46,"경기도 화성시 병점구 병점노을로 31, 근린생활시설-1동 1층 17호 (병점동, 병점역 아이파크 캐슬)",경기도 화성시 병점구 병점동 881 병점역 아이파크 캐슬 ,2026-06-25
1487,백억커피반월점,휴게음식점,2024-05-20,,55.46,"경기도 화성시 병점구 영통로 66, 반월메디컬프라자 1동 1층 105호 (반월동)",경기도 화성시 병점구 반월동 977-5 반월메디컬프라자 1동 1층 105호 ,2026-06-25
1488,투썸플레이스 화성신영통점,휴게음식점,2024-05-24,,176.4,"경기도 화성시 병점구 영통로60번길 7, 신동탄 헤센IT타워 1층 125호~128호 (반월동)",경기도 화성시 병점구 반월동 976 신동탄 헤센IT타워 1층 125호~128호 ,2026-06-25
1489,폴바셋 삼성전자DSR점,휴게음식점,2024-05-24,,44.24,경기도 화성시 병점구 삼성전자로 1 (113)부품연구동 지1층 일부호 (반월동),경기도 화성시 병점구 반월동 948 (113)부품연구동 지1층 일부호 ,2026-06-25
1490,THE DARAM 커피,휴게음식점,2024-05-27,,40,"경기도 화성시 병점구 병점중앙로 195, 창현빌딩 1층 일부호(108호) (진안동)",경기도 화성시 병점구 진안동 431-13 ,2026-06-25
1491,공차 삼성전자DSR타워점,휴게음식점,2024-06-03,,32.4,"경기도 화성시 병점구 삼성전자로 1, 부품연구동 지하1층 일부(172)호 (반월동)",경기도 화성시 병점구 반월동 948 ,2026-06-25
1492,화성지역자활센터토리빈 병점점,휴게음식점,2024-07-09,,32.4,"경기도 화성시 병점구 떡전골로 60, 107동 114호 (병점동, 병점역효성해링턴플레이스)",경기도 화성시 병점구 병점동 871 병점역효성해링턴플레이스 ,2026-06-25
1493,배스킨라빈스 화성기산점,휴게음식점,2024-07-11,,103.6,"경기도 화성시 병점구 동탄지성로 315, 106,107호 (기산동)",경기도 화성시 병점구 기산동 183 ,2026-06-25
1494,가을이네 먹거리,휴게음식점,2024-07-11,,5,"경기도 화성시 병점구 반월체육공원길 92, 반월체육센터 주차장 내 지정장소 (반월동)",경기도 화성시 병점구 반월동 968 반월체육센터 주차장 내 지정장소 ,2026-06-25
1495,패밀리푸드(꼬치천국),휴게음식점,2024-07-11,,5,"경기도 화성시 병점구 반월체육공원길 92, 반월체육센터 주차장 내 지정장소 (반월동)",경기도 화성시 병점구 반월동 968 ,2026-06-25
1496,요거트 아이스크림의 정석,휴게음식점,2024-07-17,,39.69,"경기도 화성시 병점구 영통로 66, 반월메디컬프라자 1동 1층 116호 (반월동)",경기도 화성시 병점구 반월동 977-5 ,2026-06-25
1497,현이푸드,휴게음식점,2024-07-17,,5,"경기도 화성시 병점구 반월체육공원길 92, 반월체육센터 주차장 내 지정장소 (반월동)",경기도 화성시 병점구 반월동 968 ,2026-06-25
1498,츄잉 츄러스,휴게음식점,2024-07-17,,5,"경기도 화성시 병점구 반월체육공원길 92, 반월체육센터 주차장 내 지정장소 (반월동)",경기도 화성시 병점구 반월동 968 ,2026-06-25
1499,빽다방 신동탄헤센타워점,휴게음식점,2024-07-18,,44.1,"경기도 화성시 병점구 영통로60번길 7, 신동탄헤센IT타워 102호 (반월동)",경기도 화성시 병점구 반월동 976 ,2026-06-25
1500,욜로pc방 화성병점점,휴게음식점,2024-07-23,,25.08,"경기도 화성시 병점구 효행로 1052, 씨네샤르망A동 307호 (병점동)",경기도 화성시 병점구 병점동 844-1 씨네샤르망A동 307호,2026-06-25
1501,카페요아정 화성병점점,휴게음식점,2024-08-16,,50.31,"경기도 화성시 병점구 병점2로 65, 우남프라자 1층 116호 (병점동)",경기도 화성시 병점구 병점동 259-15 우남프라자 1층 116호 ,2026-06-25
1502,메가엠지씨커피화성시립병점도서관점,휴게음식점,2024-08-21,,49.13,"경기도 화성시 병점구 병점3로 133, 안화동마을우남퍼스트빌 상가B동 1층 104호 (병점동)",경기도 화성시 병점구 병점동 847 안화동마을우남퍼스트빌 상가B동 1층 104호 ,2026-06-25
1503,호호번,휴게음식점,2024-08-22,,44.4,"경기도 화성시 병점구 효행로 1028, 삼성프라자 1층 103호 (진안동)",경기도 화성시 병점구 진안동 877-1 삼성프라자 ,2026-06-25
1504,스위티케이크,휴게음식점,2024-08-26,,23.76,"경기도 화성시 병점구 병점노을4로 19, 골든스퀘어Ⅰ 6층 622호 (병점동)",경기도 화성시 병점구 병점동 887-10 골든스퀘어Ⅰ 6층 622호 ,2026-06-25
1505,바라다과,휴게음식점,2024-09-09,,24.94,"경기도 화성시 병점구 영통로50번길 41, 반달마을두산위브 상가1동 113호 (반월동)",경기도 화성시 병점구 반월동 882 반달마을두산위브 상가1동 113호 ,2026-06-25
1506,주식회사 한마음사랑,휴게음식점,2024-09-25,031 -226 -3788,20.4,"경기도 화성시 병점구 떡전골로 96-5, 1층 일부호 (병점동)",경기도 화성시 병점구 병점동 382-16 ,2026-06-25
1507,솔커피(SOL COFFEE),휴게음식점,2024-09-26,,42.9,"경기도 화성시 병점구 동탄원천로 382-46, 연진빌딩 1층 103호 (반월동)",경기도 화성시 병점구 반월동 607-12 연진빌딩 1층 103호 ,2026-06-25
1508,스타벅스 삼성전자DSR,휴게음식점,2024-09-26,031 -202 -4599,108.8,경기도 화성시 병점구 삼성전자로 1 (113)부품연구동(DSR동 B-C타워) 지하1층 일부호 (반월동),경기도 화성시 병점구 반월동 948 (113)부품연구동(DSR동 B-C타워) 지하1층 일부호 ,2026-06-25
1509,해피타이거,휴게음식점,2024-09-27,,10,"경기도 화성시 병점구 반월체육공원길 92, 반월체육센터 주차장 내 지정장소 (반월동)",경기도 화성시 병점구 반월동 968 반월체육센터 주차장 내 지정장소 ,2026-06-25
1510,강남푸드,휴게음식점,2024-09-27,,10,,경기도 화성시 병점구 병점동 815 주공아파트와 대창아파트 사이 거주자우선주차장 ,2026-06-25
1511,마식당,휴게음식점,2024-10-02,,10,"경기도 화성시 병점구 장조1로 34, 정조효공원 내 2024 화성시 정조효문화제 행사장 내 (안녕동)",경기도 화성시 병점구 안녕동 228 ,2026-06-25
1512,어메이징 데이,휴게음식점,2024-10-02,,10,"경기도 화성시 병점구 장조1로 34, 정조효공원 내 2024 화성시 정조효문화제 행사장 내 (안녕동)",경기도 화성시 병점구 안녕동 228 ,2026-06-25
1513,오빠다 야채과일,휴게음식점,2024-10-04,,16.83,"경기도 화성시 병점구 경기대로 1025, 1층 일부호 (병점동)",경기도 화성시 병점구 병점동 353-7 ,2026-06-25
1514,Self tea cafe(셀프 티 카페),휴게음식점,2024-10-11,,41.31,"경기도 화성시 병점구 용주로 12, 가동 1층 일부호 (송산동)",경기도 화성시 병점구 송산동 100-59 가동 1층 일부호 ,2026-06-25
1515,하이오커피 화성반월점,휴게음식점,2024-10-15,,44.1,"경기도 화성시 병점구 영통로60번길 7, 신동탄 헤센IT타워 106호 (반월동)",경기도 화성시 병점구 반월동 976 신동탄 헤센IT타워 106호,2026-06-25
1516,미미라면,휴게음식점,2024-11-01,,23.76,"경기도 화성시 병점구 동탄지성로 336, 행림마을엘디삼성래미안-2차 상가동 1층 103호 (반월동)",경기도 화성시 병점구 반월동 872 행림마을엘디삼성래미안-2차 상가동 1층 103호 ,2026-06-25
1517,애월빵공장(융건릉점),휴게음식점,2024-11-04,,404.88,"경기도 화성시 병점구 세자로 442, 103,104,105,106,107,108호 (안녕동)",경기도 화성시 병점구 안녕동 180-229 ,2026-06-25
1518,애월빵공장(융건릉점),휴게음식점,2024-11-04,,164.22,"경기도 화성시 병점구 세자로 442, 101,102호 (안녕동)",경기도 화성시 병점구 안녕동 180-229 ,2026-06-25
1519,슈프림PC,휴게음식점,2024-11-07,,23.45,"경기도 화성시 병점구 병점노을7로 5, 테라스-M 1동 3층 311~313호 일부호 (진안동)",경기도 화성시 병점구 진안동 939-1 테라스-M 1동 3층 311~313호 일부호 ,2026-06-25
1520,폰&카페,휴게음식점,2024-11-12,,70.66,"경기도 화성시 병점구 병점로 33, 1동 1층 전부호 (진안동)",경기도 화성시 병점구 진안동 524-14 ,2026-06-25
1521,짱PC방,휴게음식점,2024-11-20,,19.76,"경기도 화성시 병점구 경기대로 1025-5, 병점제일타운 지하1층 B101호 (병점동)",경기도 화성시 병점구 병점동 381-17 병점제일타운 지하1층 B101호 ,2026-06-25
1522,씨유 병점아이파크캐슬점,휴게음식점,2024-11-25,,6.4,"경기도 화성시 병점구 병점노을로 31, 1층 2호 일부호 (병점동, 병점역 아이파크 캐슬)",경기도 화성시 병점구 병점동 881 병점역 아이파크 캐슬 근린생활시설-3 1층 2호 일부호 ,2026-06-25
1523,GS25 병점써밋점,휴게음식점,2024-12-16,,3.3,"경기도 화성시 병점구 경기대로 1011, 병점역 써밋프라움 A동 1층 116호 일부호 (병점동)",경기도 화성시 병점구 병점동 376-11 병점역 써밋프라움 A동 1층 116호 일부호 ,2026-06-25
1524,우지커피 병점진안점,휴게음식점,2025-01-09,,60.69,"경기도 화성시 병점구 효행로 1059, 미래프라자 1층 109호 (진안동)",경기도 화성시 병점구 진안동 914-2 미래프라자 1층 109호 ,2026-06-25
1525,컴포즈커피 기흥삼성반도체점,휴게음식점,2025-01-09,,52.16,"경기도 화성시 병점구 삼성1로6길 27, 1층 일부호 (반월동)",경기도 화성시 병점구 반월동 359-1 ,2026-06-25
1526,제로백 PC병점점,휴게음식점,2025-01-15,,19.5,"경기도 화성시 병점구 효행로 1011, 4층 일부호 (진안동)",경기도 화성시 병점구 진안동 873-3 4층 일부호,2026-06-25
1527,씨유 병점서영더엘점,휴게음식점,2025-01-16,,3.3,"경기도 화성시 병점구 병점노을5로 16, 병점역 서영 더엘1차 1동 1층 101호 (병점동)",경기도 화성시 병점구 병점동 887-1 병점역 서영 더엘1차 1동 1층 101호 ,2026-06-25
1528,프소미,휴게음식점,2025-01-22,,42.86,"경기도 화성시 병점구 병점노을5로 28, 우남퍼스트빌 더펜트 1층 112호 (병점동)",경기도 화성시 병점구 병점동 887-5 우남퍼스트빌 더펜트 1층 112호 ,2026-06-25
1529,씨유 병점서영3차점,휴게음식점,2025-02-21,,3.3,"경기도 화성시 병점구 병점노을3로 4, 병점역 서영 더엘3차 1층 105호 일부호 (병점동)",경기도 화성시 병점구 병점동 892-6 병점역 서영 더엘3차 1층 105호 일부호 ,2026-06-25
1530,정다함 27호,휴게음식점,2025-02-28,,13,"경기도 화성시 병점구 영통로27번길 53 (반월동, 신영통 현대타운)",경기도 화성시 병점구 반월동 868 신영통 현대타운 202동 앞 지정위치 ,2026-06-25
1531,컴포즈커피 삼성전자 화성(17L)점,휴게음식점,2025-03-05,,59.5,"경기도 화성시 병점구 삼성전자로 1, 삼성전자 내 (123)S3동 1층 일부호 (반월동)",경기도 화성시 병점구 반월동 948 삼성전자 내 (123)S3동 1층일부호,2026-06-25
1532,세븐일레븐 롯데뉴스테이반월점,휴게음식점,2025-03-11,,13,"경기도 화성시 병점구 효행로 1338-44, 1층 상가2,3호 (반월동, 신동탄 롯데캐슬)",경기도 화성시 병점구 반월동 962 신동탄 롯데캐슬 ,2026-06-25
1533,컴포즈커피 화성반월SK뷰파크1차점,휴게음식점,2025-03-18,,36.4,"경기도 화성시 병점구 동탄원천로 382-37, 1층 112호 (반월동, 에스케이뷰파크)",경기도 화성시 병점구 반월동 944 에스케이뷰파크 상가2동 112호,2026-06-25
1534,메가엠지씨커피 삼성V1점,휴게음식점,2025-03-28,,35.18,"경기도 화성시 병점구 삼성전자로 1, 삼성전자(주) (175)18라인동 지하1층 일부호 (반월동)",경기도 화성시 병점구 반월동 948 삼성전자(주) (175)18라인동 지하1층일부호 ,2026-06-25
1535,잇츠커피,휴게음식점,2025-04-02,,49.5,"경기도 화성시 병점구 효행로414번길 16, 1층 일부호 104호 (안녕동)",경기도 화성시 병점구 안녕동 188-440 1층 일부호 ,2026-06-25
1536,씨제이프레시웨이 세메스카페점,휴게음식점,2025-04-07,,41.69,"경기도 화성시 병점구 효행로 1339, 나동 1층 일부호 (반월동)",경기도 화성시 병점구 반월동 493 나동 1층일부호,2026-06-25
1537,마이그랑(my grang),휴게음식점,2025-04-11,,72,"경기도 화성시 병점구 세자로406번길 25, 1동 2층 일부호 (안녕동)",경기도 화성시 병점구 안녕동 180-258 1동 2층 일부호 ,2026-06-25
1538,카페연두,휴게음식점,2025-04-16,,10,"경기도 화성시 병점구 장조1로 34, 정조효공원 일원 1층 (안녕동)",경기도 화성시 병점구 안녕동 228 ,2026-06-25
1539,봉구네,휴게음식점,2025-04-17,,10,"경기도 화성시 병점구 화산로 9 (송산동, 화성송산 동원로얄듀크포레)",경기도 화성시 병점구 송산동 202-344 화성송산 동원로얄듀크포레 아파트 단지 내 ,2026-06-25
1540,레드포스PC아레나 반월점,휴게음식점,2025-05-13,,33,"경기도 화성시 병점구 영통로 74, 대흥프라자 3층 일부호 (반월동)",경기도 화성시 병점구 반월동 977-3 대흥프라자 3층일부호,2026-06-25
1541,죠스Topokki 서동탄파크자이능동점,휴게음식점,2025-05-13,,34.2,"경기도 화성시 병점구 서동탄로 53, 302동 1층 108호 (능동, 서동탄역파크자이)",경기도 화성시 병점구 능동 1282 서동탄역파크자이 302동 108호 ,2026-06-25
1542,컴포즈커피 병점송화초점,휴게음식점,2025-06-16,,72.6,"경기도 화성시 병점구 병점1로 66-12, 하이코아 1층 101-1호 (병점동)",경기도 화성시 병점구 병점동 490-2 하이코아 1층 101-1호 ,2026-06-25
1543,GS25 병점새싹점,휴게음식점,2025-06-20,,4,"경기도 화성시 병점구 병점중앙로211번길 10, 1층 일부호 (진안동)",경기도 화성시 병점구 진안동 571-2 1층 일부호 ,2026-06-25
1544,카페에이스,휴게음식점,2025-07-01,,37.37,"경기도 화성시 병점구 병점1로 216-21, 태안병점 e-TOWN3 1층 106호 (병점동)",경기도 화성시 병점구 병점동 845-1 태안병점 e-TOWN3 106호,2026-06-25
1545,김밥선물,휴게음식점,2025-07-03,,25.92,"경기도 화성시 병점구 병점1로 66-11, 한신아파트 상가A동 1층 104호 (병점동)",경기도 화성시 병점구 병점동 485 한신아파트 상가A동 1층 104호 ,2026-06-25
1546,시온,휴게음식점,2025-07-03,,10,"경기도 화성시 병점구 화산중앙로 34, 1차 107동 (송산동, 솔뫼마을한승미메이드)",경기도 화성시 병점구 송산동 222 솔뫼마을한승미메이드 1차 107동앞 ,2026-06-25
1547,JOA 카페,휴게음식점,2025-07-03,,44.1,"경기도 화성시 병점구 반월남길 10, 1층 일부호 (반월동)",경기도 화성시 병점구 반월동 525-2 1층 일부호 ,2026-06-25
1548,투썸플레이스 병점복합타운점,휴게음식점,2025-07-21,,302.87,"경기도 화성시 병점구 병점노을7로 7, 아르스비아1동 1,2층 101~103, 201~203호 (진안동)","경기도 화성시 병점구 진안동 939-2 아르스비아1동 1,2층(101~103, 201~203호) ",2026-06-25
1549,그의날개아래(Under His Wing),휴게음식점,2025-07-25,,44.78,"경기도 화성시 병점구 효행로 1011, 3층 일부호 (진안동)",경기도 화성시 병점구 진안동 873-3 3층일부호,2026-06-25
1550,까페 힘,휴게음식점,2025-07-28,,16.6,"경기도 화성시 병점구 병점2로 30, 명신프라자 3층 305 일부호 (병점동)",경기도 화성시 병점구 병점동 317-3 명신프라자 3층 305일부호 ,2026-06-25
1551,로이로스터스 랩,휴게음식점,2025-07-31,,38.4,"경기도 화성시 병점구 반정로150번길 2, 1동 1층 일부(103)호 (반정동)",경기도 화성시 병점구 반정동 139-2 1동 1층 일부(103)호 ,2026-06-25
1552,노브랜드버거 병점역점,휴게음식점,2025-08-04,,57.09,"경기도 화성시 병점구 병점노을5로 28, 우남퍼스트빌 더펜트 1층 106호 (병점동)",경기도 화성시 병점구 병점동 887-5 우남퍼스트빌 더펜트 1층 106호 ,2026-06-25
1553,우지커피 병점역점,휴게음식점,2025-08-06,,133.04,"경기도 화성시 병점구 병점3로 2, 1층 전부호 (진안동)",경기도 화성시 병점구 진안동 533 1층전부호,2026-06-25
1554,우지커피 화성반월점,휴게음식점,2025-08-08,,46.06,"경기도 화성시 병점구 영통로 66, 반월메디컬프라자1동 1층 114호 (반월동)",경기도 화성시 병점구 반월동 977-5 반월메디컬프라자1동 1층 114호 ,2026-06-25
1555,미르커피,휴게음식점,2025-08-26,,61.6,"경기도 화성시 병점구 영통로 14-10, 토마토프라자 1층 일부호(110호) (반월동)",경기도 화성시 병점구 반월동 88-4 토마토프라자 1층 일부호(110호) ,2026-06-25
1556,쿠모커피하우스,휴게음식점,2025-08-27,,12.25,"경기도 화성시 병점구 떡전골로 60, 106동 1층 114호 (병점동, 병점역효성해링턴플레이스)",경기도 화성시 병점구 병점동 871 병점역효성해링턴플레이스 106동 114호,2026-06-25
1557,던킨 화성병점점,휴게음식점,2025-09-01,,69.36,"경기도 화성시 병점구 효행로 1059, 미래프라자 108호 (진안동)",경기도 화성시 병점구 진안동 914-2 미래프라자 108호 ,2026-06-25
1558,배스킨라빈스 화성병점2,휴게음식점,2025-09-11,,83.5,"경기도 화성시 병점구 병점2로 44, 1층 일부(104,105)호 (병점동)","경기도 화성시 병점구 병점동 314-3 1층 일부(104,105)호 ",2026-06-25
1559,컴포즈커피 병점역복합타운점,휴게음식점,2025-10-17,,42.92,"경기도 화성시 병점구 병점노을4로 19, 골든스퀘어Ⅰ 1층 117호 (병점동)",경기도 화성시 병점구 병점동 887-10 골든스퀘어Ⅰ 1층 117호 ,2026-06-25
1560,해비푸드,휴게음식점,2025-10-27,,6.6,"경기도 화성시 병점구 장조4로 34 (안녕동, 화성태안엘에이치2단지아파트)",경기도 화성시 병점구 안녕동 247 화성태안엘에이치2단지아파트 ,2026-06-25
1561,김민현 청춘닭강정,휴게음식점,2025-11-03,,10,"경기도 화성시 병점구 효행로 1338-44 (반월동, 신동탄 롯데캐슬)",경기도 화성시 병점구 반월동 962 신동탄 롯데캐슬 107동 앞 ,2026-06-25
1562,붕家 분식마니아,휴게음식점,2025-11-14,,32.4,"경기도 화성시 병점구 떡전골로 60, 107동 1층 104호 (병점동, 병점역효성해링턴플레이스)",경기도 화성시 병점구 병점동 871 병점역효성해링턴플레이스 107동 1층 104호 ,2026-06-25
1563,디저트39 화성융건릉점,휴게음식점,2025-11-14,,570.46,"경기도 화성시 병점구 세자로475번길 14-3, 안녕동475제1동 2층 일부, 3층 일부 (안녕동)","경기도 화성시 병점구 안녕동 188-320 안녕동475제1동 2층 일부, 3층 일부 ",2026-06-25
1564,피자스쿨 병점복합타운점,휴게음식점,2025-11-20,,33.07,"경기도 화성시 병점구 병점노을4로 17, 병점역 서영 더엘2차 1동 1층 111호 (병점동)",경기도 화성시 병점구 병점동 887-11 병점역 서영 더엘2차 1동 1층 111호 ,2026-06-25
1565,브라운넛(brown nut),휴게음식점,2025-11-21,02  -6925-2879,41.2,경기도 화성시 병점구 삼성전자로 1 (113)부품연구동 지1층 일부호 (반월동),경기도 화성시 병점구 반월동 948 (113)부품연구동 지1층 일부호 ,2026-06-25
1566,롯데리아 병점역점,휴게음식점,2025-11-27,,128.76,"경기도 화성시 병점구 병점노을5로 20, 골든스퀘어Ⅱ 116~118호 (병점동)",경기도 화성시 병점구 병점동 887-2 골든스퀘어Ⅱ 116~118호 ,2026-06-25
1567,꿈,휴게음식점,2025-12-29,,39.2,"경기도 화성시 병점구 병점동로 40, 1층 103호 (병점동)",경기도 화성시 병점구 병점동 259-14 1층 103호 ,2026-06-25
1568,논개김밥,휴게음식점,2026-01-05,,32.2,"경기도 화성시 병점구 효행로1350번길 60, 1층 일부호(101호) (반월동)",경기도 화성시 병점구 반월동 370-1 1층 일부호(101호) ,2026-06-25
1569,이마트24 병점주공7단지점,휴게음식점,2026-01-09,,3.3,"경기도 화성시 병점구 병점3로 146-11, 안화동마을주공아파트 나상가동 1층 102호 일부호 (병점동)",경기도 화성시 병점구 병점동 849 안화동마을주공아파트 나상가동 1층 102호 일부호 ,2026-06-25
1570,404 베이커리카페,휴게음식점,2026-01-13,,173.71,"경기도 화성시 병점구 효행로 437-15, 1층 일부(근린생활시설-2)호 (안녕동)",경기도 화성시 병점구 안녕동 188-404 (근린생활시설-2호) 1층일부호,2026-06-25
1571,404 베이커리카페,휴게음식점,2026-01-13,,311.36,"경기도 화성시 병점구 효행로 437-15 (근린생활시설-2,3호) 1층 일부호 (안녕동)","경기도 화성시 병점구 안녕동 188-404 (근린생활시설-2,3호) 1층일부호",2026-06-25
1572,404 베이커리카페,휴게음식점,2026-01-13,,382.71,"경기도 화성시 병점구 효행로 437-15 (근린생활시설-2,4호) 1층 일부호 (안녕동)","경기도 화성시 병점구 안녕동 188-404 (근린생활시설-2,4호) 1층일부호",2026-06-25
1573,404 베이커리카페,휴게음식점,2026-01-13,,543.52,"경기도 화성시 병점구 효행로 437-15 (근린생활시설-1,2호) 1층 일부호 (안녕동)","경기도 화성시 병점구 안녕동 188-404 (근린생활시설-1,2호) 1층일부호",2026-06-25
1574,지에스25 화성신한점,휴게음식점,2026-01-22,,3.3,"경기도 화성시 병점구 효행로707번길 35, 아름마을 신한미지엔아파트 상가동 1층 103호 일부호 (안녕동)",경기도 화성시 병점구 안녕동 212 아름마을 신한미지엔아파트 상가동 1층 103호 일부호 ,2026-06-25
1575,프프프(FFF),휴게음식점,2026-03-10,,48.15,"경기도 화성시 병점구 장조1로 23, 1층 일부호 (안녕동)",경기도 화성시 병점구 안녕동 252-5 1층 일부호 ,2026-06-25
1576,지에스25 화성용주로점,휴게음식점,2026-03-23,,6,경기도 화성시 병점구 용주로 105 (주)국제가축약품 제2동 1층 일부호 (송산동),경기도 화성시 병점구 송산동 201-7 (주)국제가축약품 제2동 1층 일부호 ,2026-06-25
1577,운조커피,휴게음식점,2026-03-25,,7.92,"경기도 화성시 병점구 동탄지성로306번길 68, 1층 일부 (반월동)",경기도 화성시 병점구 반월동 265-6 1층 일부 ,2026-06-25
1578,튠슐랭 만화카페,휴게음식점,2026-03-31,,239.93,"경기도 화성시 병점구 병점2로 45, AA참교육문화센터 2층 (병점동)",경기도 화성시 병점구 병점동 813 AA참교육문화센터 2층 ,2026-06-25
1579,담소연화,휴게음식점,2026-04-02,,38.52,"경기도 화성시 병점구 병점동로42번길 22, 원호주택 1층일부호(101호) (병점동)",경기도 화성시 병점구 병점동 842-7 원호주택 1층일부호(101호) ,2026-06-25
1580,화성시동탄아르딤복지관 허그컵&뜨랑슈아,휴게음식점,2026-04-03,,58.46,"경기도 화성시 병점구 병점3로 132-6, 1층 카페테리아 (병점동)",경기도 화성시 병점구 병점동 823 1층 카페테리아 ,2026-06-25
1581,왓더버거 화성진안점,휴게음식점,2026-04-10,,46.8,"경기도 화성시 병점구 효행로 1012, 101호 (진안동)",경기도 화성시 병점구 진안동 878-3 ,2026-06-25
1582,세븐일레븐 병점로점,휴게음식점,2026-04-21,,3.3,"경기도 화성시 병점구 병점로 60, 1층 (병점동)",경기도 화성시 병점구 병점동 828-3 ,2026-06-25
1583,팀엔젤스블랙,휴게음식점,2026-04-27,,10,"경기도 화성시 병점구 장조1로 34, 2026 영유아가족 어울림 행사 푸드트럭 지정구역 (안녕동)",경기도 화성시 병점구 안녕동 228 ,2026-06-25
1584,와플레이,휴게음식점,2026-04-30,,61.44,"경기도 화성시 병점구 병점1로 216-13, 태안프라자 1층 113호 (병점동)",경기도 화성시 병점구 병점동 846 태안프라자 1층 113호 ,2026-06-25
1585,커반카페,휴게음식점,2026-05-04,,6.6,"경기도 화성시 병점구 떡전골로 109-1, 1층 일부호 (진안동)",경기도 화성시 병점구 진안동 824-11 1층 일부호 ,2026-06-25
1586,결미당,휴게음식점,2026-05-08,,28.68,"경기도 화성시 병점구 효행로 1051, 메인프라자 101호 일부호 (진안동)",경기도 화성시 병점구 진안동 914-1 메인프라자 ,2026-06-25
1587,우지커피 병점역복합타운점,휴게음식점,2026-05-14,,47.71,"경기도 화성시 병점구 병점노을5로 20, 골든스퀘어Ⅱ 109호 (병점동)",경기도 화성시 병점구 병점동 887-2 ,2026-06-25
1588,병점역 토스트,휴게음식점,2026-05-20,,4.8,"경기도 화성시 병점구 떡전골로 96-5, 1층 105호 (병점동)",경기도 화성시 병점구 병점동 382-16 1층 105호 ,2026-06-25
1589,세븐일레븐 화성송산한승점,휴게음식점,2026-05-22,,3.3,"경기도 화성시 병점구 화산중앙로 31, 1층 일부호 (송산동)",경기도 화성시 병점구 송산동 158-20 1층 일부호 ,2026-06-25
1590,지에스25 병점복합타운점,휴게음식점,2026-06-02,,3.3,"경기도 화성시 병점구 병점노을5로 28, 104호 (병점동)",경기도 화성시 병점구 병점동 887-5 ,2026-06-25
1591,따숨온열힐링카페,휴게음식점,2026-06-16,,30.96,"경기도 화성시 병점구 병점동로42번길 22, 원호주택 102호 (병점동)",경기도 화성시 병점구 병점동 842-7 원호주택 ,2026-06-25
1592,몽블랑제 행사매대,제과점영업,2024-05-08,031 -283 -2081,6,"경기도 화성시 병점구 경기대로 985, 홈플러스 병점점 지하1층 일부호 (병점동)",경기도 화성시 병점구 병점동 399-4 홈플러스 병점점 지하1층 일부호 ,2026-06-25
1593,소식 베이커리,제과점영업,2025-01-23,,42.4,"경기도 화성시 병점구 병점동로 78, 유진클라우스 1층 108-1호 (병점동)",경기도 화성시 병점구 병점동 829-1 유진클라우스 1층 108-1호 ,2026-06-25
1594,베르벨 수원영통점,제과점영업,2025-02-18,,42.94,"경기도 화성시 병점구 영통로 59, 현대프라자 1층 129호 (반월동)",경기도 화성시 병점구 반월동 869 현대프라자 129호,2026-06-25
1595,뉴본케이크,제과점영업,2025-04-02,,40.19,"경기도 화성시 병점구 효심2나길 12, 대현빌딩 제1동 1층 일부(102호)호 (송산동)",경기도 화성시 병점구 송산동 228-1 ,2026-06-25
1596,꿈빵 병점역점,제과점영업,2025-04-02,,52.26,"경기도 화성시 병점구 경기대로 1025-5, 병점제일타운 1층 105호, 105-1호 (병점동)","경기도 화성시 병점구 병점동 381-17 병점제일타운 1층 105호, 105-1호 ",2026-06-25
1597,카페예배당,제과점영업,2025-05-27,,84.82,"경기도 화성시 병점구 효행로 1076-8, 한마음프라자 2층 201호 (병점동)",경기도 화성시 병점구 병점동 845-2 한마음프라자 2층 201호 ,2026-06-25
1598,후무케이크,제과점영업,2026-04-24,,49.13,"경기도 화성시 병점구 화산로 57, 101호 (송산동)",경기도 화성시 병점구 송산동 148-3 ,2026-06-25
1599,댄스댄스댄스 삼성전자 DSR타워점,제과점영업,2026-04-30,,41.2,경기도 화성시 병점구 삼성전자로 1 (113)부품연구동 지하1층 일부호 (반월동),경기도 화성시 병점구 반월동 948 (113)부품연구동 지하1층 일부호 ,2026-06-25
1600,백정家,일반음식점,2024-01-02,,81,"경기도 화성시 만세구 수노을중앙로 293, 1층 406,407호 (새솔동, 모아미래도 에듀포레)","경기도 화성시 만세구 새솔동 27 모아미래도 에듀포레 상가4동 1층 406,407호 ",2026-06-25
1601,베베토(BEBE-TO),일반음식점,2024-01-03,,117.88,"경기도 화성시 만세구 남양읍 시청로202번길 54-9, 102호",경기도 화성시 만세구 남양읍 남양리 2161-3 ,2026-06-25
1602,짜글이미식회 남양점,일반음식점,2024-01-05,,18,"경기도 화성시 만세구 남양읍 시청로202번길 8-24, 1층 일부호",경기도 화성시 만세구 남양읍 남양리 2150-2 ,2026-06-25
1603,송산감자탕뼈해장국,일반음식점,2024-01-09,,126.18,경기도 화성시 만세구 송산면 송산포도로 21,경기도 화성시 만세구 송산면 봉가리 218-4 ,2026-06-25
1604,제부수산1호,일반음식점,2024-01-10,,72,"경기도 화성시 만세구 서신면 해안길 421-12, 제부함수산물센터 1,2호",경기도 화성시 만세구 서신면 제부리 289-19 제부함수산물센터 ,2026-06-25
1605,제부수산2호,일반음식점,2024-01-10,,108,"경기도 화성시 만세구 서신면 해안길 421-12, 제부함수산물센터 3~5호",경기도 화성시 만세구 서신면 제부리 289-19 제부함수산물센터 ,2026-06-25
1606,애경수산,일반음식점,2024-01-10,,102.9,"경기도 화성시 만세구 서신면 해안길 421-12, 제부함수산물센터 13~15호",경기도 화성시 만세구 서신면 제부리 289-19 제부함수산물센터 ,2026-06-25
1607,행복8,일반음식점,2024-01-11,,,경기도 화성시 만세구 서신면 궁평항로 1069-31,경기도 화성시 만세구 서신면 궁평리 689 ,2026-06-25
1608,채원이네,일반음식점,2024-01-15,,102.9,"경기도 화성시 만세구 서신면 해안길 421-12, 제부함수산물센터 6~8호",경기도 화성시 만세구 서신면 제부리 289-19 제부함수산물센터 ,2026-06-25
1609,쩌뚜,일반음식점,2024-01-15,,107.59,"경기도 화성시 만세구 남양읍 남양시장로66번길 3-11, 1층",경기도 화성시 만세구 남양읍 남양리 1226-5 ,2026-06-25
1610,삼존리카페,일반음식점,2024-01-15,,72,"경기도 화성시 만세구 송산면 화성로 602, 201~202호",경기도 화성시 만세구 송산면 삼존리 784-3 ,2026-06-25
1611,드루아,일반음식점,2024-01-19,,81.32,"경기도 화성시 만세구 마도면 석교로157번길 17, 1층 일부호",경기도 화성시 만세구 마도면 석교리 249-4 1층 일부호 ,2026-06-25
1612,미노아귀찜,일반음식점,2024-01-22,,143.49,"경기도 화성시 만세구 남양읍 신남동길 106, 1층 일부호(101호)",경기도 화성시 만세구 남양읍 신남리 176-51 1층 일부호(101호) ,2026-06-25
1613,에이에이홀덤펍,일반음식점,2024-01-23,,190.07,"경기도 화성시 만세구 남양읍 역골로 29-27, 3층 전체호",경기도 화성시 만세구 남양읍 남양리 2074-1 ,2026-06-25
1614,청기와&감자탕,일반음식점,2024-01-23,,92.29,"경기도 화성시 만세구 송산면 송산포도로 117-10, 1층",경기도 화성시 만세구 송산면 사강리 684-7 ,2026-06-25
1615,편의점 분식,일반음식점,2024-01-11,,33,"경기도 화성시 만세구 서신면 해안길 478, 1층 일부호",경기도 화성시 만세구 서신면 제부리 3-12 ,2026-06-25
1616,김태현 부대전골,일반음식점,2024-01-25,,117.81,,경기도 화성시 만세구 송산면 육일리 145-14 다동 1층호,2026-06-25
1617,가인스크린골프존,일반음식점,2024-01-29,,47.77,"경기도 화성시 만세구 남양읍 신남로 283-14, 2층 일부호",경기도 화성시 만세구 남양읍 신남리 1342 ,2026-06-25
1618,정貞칼국수,일반음식점,2024-02-01,,57.12,"경기도 화성시 만세구 수노을중앙로 162, 2층 202호 (새솔동)",경기도 화성시 만세구 새솔동 76-14 2층202호,2026-06-25
1619,"선,술집",일반음식점,2024-02-07,,42,"경기도 화성시 만세구 남양읍 남양중앙로 293, 108호",경기도 화성시 만세구 남양읍 남양리 2232-6 ,2026-06-25
1620,불아더숯불바베큐치킨,일반음식점,2024-02-19,,88.92,"경기도 화성시 만세구 남양읍 역골로 16, 태양빌딩 1층 102,103호",경기도 화성시 만세구 남양읍 남양리 2062-10 태양빌딩 ,2026-06-25
1621,두부품은육개장,일반음식점,2024-02-23,,152.1,"경기도 화성시 만세구 남양읍 남양시장로25번길 58-19, 1층 일부호",경기도 화성시 만세구 남양읍 남양리 1149-3 ,2026-06-25
1622,81부부식당,일반음식점,2024-02-23,,50,"경기도 화성시 만세구 남양읍 역골중앙로 68-1, 101호",경기도 화성시 만세구 남양읍 남양리 2049-5 ,2026-06-25
1623,송림복장어 민물장어 무한리필 송산그린시티 새솔직영점,일반음식점,2024-02-28,031-357-0938,133.41,"경기도 화성시 만세구 꽃내음2길 12-2, 111,112,113호 (새솔동)",경기도 화성시 만세구 새솔동 60 ,2026-06-25
1624,사계절,일반음식점,2024-02-28,,350,"경기도 화성시 만세구 서신면 백미길 210-35, 1층 일부호",경기도 화성시 만세구 서신면 백미리 328-2 ,2026-06-25
1625,빠샤수제닭꼬치(사강점),일반음식점,2024-03-05,,13.22,"경기도 화성시 만세구 송산면 사강시장길43번길 15-1, 1층 일부(2호)호",경기도 화성시 만세구 송산면 사강리 660-1 ,2026-06-25
1626,최가네 남양가든 정육식당,일반음식점,2024-03-11,,146.28,"경기도 화성시 만세구 남양읍 역골로 71-21, 1층 일부호",경기도 화성시 만세구 남양읍 남양리 2268-1 1층 일부호 ,2026-06-25
1627,대보식당,일반음식점,2024-03-11,,241.92,"경기도 화성시 만세구 송산면 공룡로 883, 1층 (주)대보건설 공사현장호",경기도 화성시 만세구 송산면 고정리 0 ,2026-06-25
1628,푸라닭 화성송산신도시점,일반음식점,2024-03-11,031-357-9206,77.62,"경기도 화성시 만세구 꽃내음2길 49, 101호 (새솔동)",경기도 화성시 만세구 새솔동 51-9 ,2026-06-25
1629,에이치푸드,일반음식점,2024-03-13,,30.24,"경기도 화성시 만세구 남양읍 역골로60번길 19-14, 지하1층 일부호",경기도 화성시 만세구 남양읍 남양리 2021-7 ,2026-06-25
1630,서해랑품은,일반음식점,2024-03-15,,102.91,"경기도 화성시 만세구 서신면 제부로 228, 101호",경기도 화성시 만세구 서신면 송교리 377-3 ,2026-06-25
1631,재원산업,일반음식점,2024-03-18,,83.13,"경기도 화성시 만세구 서신면 제부로 245, 1층",경기도 화성시 만세구 서신면 송교리 378-5 ,2026-06-25
1632,날돈식당,일반음식점,2024-03-20,,69.72,"경기도 화성시 만세구 마도면 화성로790번길 22-5, 1층 일부(3)호",경기도 화성시 만세구 마도면 두곡리 326-2 ,2026-06-25
1633,오늘도빙수(화성남양점),일반음식점,2024-03-20,,28.42,"경기도 화성시 만세구 남양읍 역골동로 38, 1층 일부호",경기도 화성시 만세구 남양읍 남양리 2055-14 ,2026-06-25
1634,돼지게티 화성남양점,일반음식점,2024-03-21,,28.1,"경기도 화성시 만세구 남양읍 역골중앙로100번길 20-20, 1층",경기도 화성시 만세구 남양읍 남양리 2043-8 ,2026-06-25
1635,효자오리바베큐(화성점),일반음식점,2024-03-25,,126.18,"경기도 화성시 만세구 남양읍 시청로202번길 8-1, 1층",경기도 화성시 만세구 남양읍 남양리 2152-3 ,2026-06-25
1636,아마떼브런치카페,일반음식점,2024-03-25,,108.15,"경기도 화성시 만세구 남양읍 시청로202번길 8-50, 1층",경기도 화성시 만세구 남양읍 남양리 2148-2 ,2026-06-25
1637,모정,일반음식점,2024-03-26,,137.76,"경기도 화성시 만세구 서신면 전곡항로14번길 5-18, 1층",경기도 화성시 만세구 서신면 전곡리 872 ,2026-06-25
1638,마장동 중앙곱창,일반음식점,2024-03-26,,25.44,"경기도 화성시 만세구 남양읍 역골중앙로41번길 5-29, 2동 1층",경기도 화성시 만세구 남양읍 남양리 2032-3 2동 1층 ,2026-06-25
1639,송산원쭈꾸미,일반음식점,2024-03-27,,104.88,"경기도 화성시 만세구 노들길 8, 1층 111,112호 (새솔동)",경기도 화성시 만세구 새솔동 100-2 ,2026-06-25
1640,청기와24시감자탕,일반음식점,2024-03-29,,215.13,"경기도 화성시 만세구 남양읍 역골로 23-23, 1동 1층",경기도 화성시 만세구 남양읍 남양리 2075-3 ,2026-06-25
1641,고기당,일반음식점,2024-04-01,,32.4,"경기도 화성시 만세구 송산면 사강로 194, 1층 일부(102)호",경기도 화성시 만세구 송산면 사강리 648 ,2026-06-25
1642,아하리스,일반음식점,2024-04-02,070-4131-0091,198.6,"경기도 화성시 만세구 마도면 청원산단로 123, 103~106호",경기도 화성시 만세구 마도면 청원리 1357 ,2026-06-25
1643,카페마도,일반음식점,2024-04-03,,138.76,"경기도 화성시 만세구 마도면 해운로 786-4, 1층",경기도 화성시 만세구 마도면 청원리 263 ,2026-06-25
1644,스텔라떡볶이 경기송산그린시티점,일반음식점,2024-04-04,,46.21,"경기도 화성시 만세구 수노을중앙로 122, 106호 (새솔동)",경기도 화성시 만세구 새솔동 76-4 ,2026-06-25
1645,반빗채,일반음식점,2024-04-08,,71.1,"경기도 화성시 만세구 남양읍 역골중앙로41번길 14-3, 1층",경기도 화성시 만세구 남양읍 남양리 2035-5 ,2026-06-25
1646,다정한식뷔페,일반음식점,2024-04-12, 070-8671-4840,83.7,"경기도 화성시 만세구 송산면 화성로 600, 1층 일부호",경기도 화성시 만세구 송산면 삼존리 783 1층 일부호 ,2026-06-25
1647,푸줏간,일반음식점,2024-04-15,,24,"경기도 화성시 만세구 남양읍 역골동로 51, 1층 일부(101)호",경기도 화성시 만세구 남양읍 남양리 2050-8 ,2026-06-25
1648,쏠라카페,일반음식점,2024-04-16,,35.64,"경기도 화성시 만세구 마도면 화성로790번길 22, 1층 일부호",경기도 화성시 만세구 마도면 두곡리 328 ,2026-06-25
1649,굴다리 식당,일반음식점,2024-04-16,,91.2,"경기도 화성시 만세구 남양읍 남양로 387, 1층 일부(104)호",경기도 화성시 만세구 남양읍 신남리 1151-7 ,2026-06-25
1650,따따불냉면,일반음식점,2024-04-18,070-7655-5601,84.97,"경기도 화성시 만세구 남양읍 역골중앙로70번길 4-25, 1층",경기도 화성시 만세구 남양읍 남양리 2050-18 ,2026-06-25
1651,댕코리아,일반음식점,2024-04-19,031-357-7779,74.35,"경기도 화성시 만세구 남양읍 현대기아로 430-2, 103,104호",경기도 화성시 만세구 남양읍 무송리 196-5 ,2026-06-25
1652,피자나라 치킨공주 새솔점,일반음식점,2024-04-22,,33.4,"경기도 화성시 만세구 수노을1로 191, 상가4동 1층 111호 (새솔동, 송산그린시티 이지더원 레이크뷰 아파트)",경기도 화성시 만세구 새솔동 18 송산그린시티 이지더원 레이크뷰 아파트 상가4동 1층111호,2026-06-25
1653,은하수카페,일반음식점,2024-04-23,,51.68,"경기도 화성시 만세구 송산면 사강시장길43번길 21, 지1층",경기도 화성시 만세구 송산면 사강리 660-3 지1층 ,2026-06-25
1654,비비닭강정 화성시청점,일반음식점,2024-04-23,,34.44,"경기도 화성시 만세구 남양읍 시청로202번길 86, 1층 일부(102)호",경기도 화성시 만세구 남양읍 남양리 2164-1 ,2026-06-25
1655,모란카페,일반음식점,2024-04-24,,80.29,"경기도 화성시 만세구 송산면 사강로 193, 지하1층 일부호",경기도 화성시 만세구 송산면 사강리 647-7 ,2026-06-25
1656,미미,일반음식점,2024-04-25,,27.39,"경기도 화성시 만세구 송산면 사강시장길25번길 19, 1층",경기도 화성시 만세구 송산면 사강리 687-21 ,2026-06-25
1657,뜰안에,일반음식점,2024-04-26,,244.99,"경기도 화성시 만세구 남양읍 역골로 29-13, 2층",경기도 화성시 만세구 남양읍 남양리 2074-5 2층 ,2026-06-25
1658,비에이치씨(BHC)제부도점 봄날,일반음식점,2024-05-08,,159.39,"경기도 화성시 만세구 서신면 해안길 256-8, 1층",경기도 화성시 만세구 서신면 제부리 190-141 ,2026-06-25
1659,장닭능이오리,일반음식점,2024-05-08,,67.56,"경기도 화성시 만세구 마도면 석교로 184-1, 1층",경기도 화성시 만세구 마도면 두곡리 349-5 ,2026-06-25
1660,오늘은오므라이스 화성남양점,일반음식점,2024-05-10,,30.81,"경기도 화성시 만세구 남양읍 역골로49번길 6-3, 1동 1층",경기도 화성시 만세구 남양읍 남양리 2016-7 1동 1층 ,2026-06-25
1661,참치대장 참다랑어 화성새솔점,일반음식점,2024-05-14,,36.4,"경기도 화성시 만세구 꽃내음2길 46-3, 1동 1층 122호 (새솔동)",경기도 화성시 만세구 새솔동 54 ,2026-06-25
1662,채소담,일반음식점,2024-05-17,,102.3,"경기도 화성시 만세구 꽃내음1길 19-18, 송산프라자 1동 213,214호 (새솔동)",경기도 화성시 만세구 새솔동 77-3 송산프라자 ,2026-06-25
1663,캠핑고(기),일반음식점,2024-05-24,,122.13,"경기도 화성시 만세구 꽃내음2길 45, 102,103,104호 (새솔동)",경기도 화성시 만세구 새솔동 51-4 ,2026-06-25
1664,가정식 백반,일반음식점,2024-05-29,,13.22,경기도 화성시 만세구 송산면 사강시장길43번길 19,경기도 화성시 만세구 송산면 사강리 660-13 ,2026-06-25
1665,탐나는피자 화성남양점,일반음식점,2024-05-29,,40.07,"경기도 화성시 만세구 남양읍 역골로49번길 42-4, 1층 일부호(102호)",경기도 화성시 만세구 남양읍 남양리 2014-2 1층 일부호(102호) ,2026-06-25
1666,Cafe1369,일반음식점,2024-05-31,,260.52,"경기도 화성시 만세구 큰나래2길 4-2, 1,2층 (새솔동)",경기도 화성시 만세구 새솔동 136-9 ,2026-06-25
1667,소풍분식,일반음식점,2024-06-04,,49.5,"경기도 화성시 만세구 마도면 송정로 20-3, 1층 일부호",경기도 화성시 만세구 마도면 두곡리 287-4 ,2026-06-25
1668,우리집밥상,일반음식점,2024-06-05,,26.4,경기도 화성시 만세구 송산면 사강시장길43번길 17-1,경기도 화성시 만세구 송산면 사강리 660-12 ,2026-06-25
1669,마라루,일반음식점,2024-06-10,,19.83,"경기도 화성시 만세구 남양읍 남양시장로66번길 9-6, 1층 일부호",경기도 화성시 만세구 남양읍 남양리 1216-1 ,2026-06-25
1670,경가양꼬치훠궈 남양점,일반음식점,2024-06-11,,165,"경기도 화성시 만세구 남양읍 남양시장로 21, 1층 일부(101)호",경기도 화성시 만세구 남양읍 남양리 572 ,2026-06-25
1671,역북집,일반음식점,2024-06-14,,73.32,"경기도 화성시 만세구 남양읍 시청로 119, 1층 110,111호",경기도 화성시 만세구 남양읍 남양리 2072-11 ,2026-06-25
1672,소담순대국,일반음식점,2024-06-18,,203.02,"경기도 화성시 만세구 큰나래1길 3-11, 1층 (새솔동)",경기도 화성시 만세구 새솔동 137-5 ,2026-06-25
1673,양노리순대국,일반음식점,2024-06-19,,138.75,"경기도 화성시 만세구 송산면 공룡로 226, 1층",경기도 화성시 만세구 송산면 쌍정리 935-4 ,2026-06-25
1674,정가왕갈비탕,일반음식점,2024-06-20,,122.48,"경기도 화성시 만세구 꽃내음2길 56-2, 1층 (새솔동)",경기도 화성시 만세구 새솔동 53-2 ,2026-06-25
1675,빅쭌부대찌개,일반음식점,2024-06-21,,158.4,"경기도 화성시 만세구 남양읍 신남동길 109-15, 1층",경기도 화성시 만세구 남양읍 신남리 113-3 ,2026-06-25
1676,반올림피자 새솔동점,일반음식점,2024-06-24,,48.8,"경기도 화성시 만세구 꽃내음2길 12-2, 1동 1층 124호 (새솔동)",경기도 화성시 만세구 새솔동 60 1동 1층124호,2026-06-25
1677,불당마라깡패,일반음식점,2024-06-28,,99.84,"경기도 화성시 만세구 남양읍 역골중앙로 10, 1층 101,102호",경기도 화성시 만세구 남양읍 남양리 2073-5 ,2026-06-25
1678,스시에 롤람,일반음식점,2024-07-01,,64.02,"경기도 화성시 만세구 남양읍 역골중앙로100번길 17, 103,104호",경기도 화성시 만세구 남양읍 남양리 2039-13 ,2026-06-25
1679,마장동고기집,일반음식점,2024-07-02,,157,"경기도 화성시 만세구 남양읍 남양성지로 147, 108호",경기도 화성시 만세구 남양읍 남양리 1268 ,2026-06-25
1680,송산한식뷔페,일반음식점,2024-07-03,031 -355 -0665,245.64,"경기도 화성시 만세구 수노을2로 36, 1동 203호 (새솔동)",경기도 화성시 만세구 새솔동 64-5 1동 203호 ,2026-06-25
1681,서대문김치찜&김치찌개 화성시청점,일반음식점,2024-07-03,,82.77,"경기도 화성시 만세구 남양읍 시청로202번길 74-18, 1층",경기도 화성시 만세구 남양읍 남양리 2165-4 ,2026-06-25
1682,한보네 전주 돌솥비빔밥,일반음식점,2024-07-04,,60.03,"경기도 화성시 만세구 남양읍 역골로 42, 101호",경기도 화성시 만세구 남양읍 남양리 2028-10 101호 ,2026-06-25
1683,화성 갈비,일반음식점,2024-07-04,,216.52,"경기도 화성시 만세구 남양읍 역골로 30-11, 1층",경기도 화성시 만세구 남양읍 남양리 2061-6 ,2026-06-25
1684,탕화쿵푸 송산그린시티점,일반음식점,2024-07-05,,76.23,"경기도 화성시 만세구 수노을중앙로 136, 송산메가타워빌딩 1동 107호 (새솔동)",경기도 화성시 만세구 새솔동 76-7 송산메가타워빌딩 1동 107호 ,2026-06-25
1685,훈장골 화성마도점,일반음식점,2024-07-08,,998.97,"경기도 화성시 만세구 마도면 화성로 803, 1-2층",경기도 화성시 만세구 마도면 두곡리 338 1-2 ,2026-06-25
1686,응급실국물떡볶이 화성남양점,일반음식점,2024-07-12,,36.34,"경기도 화성시 만세구 남양읍 남양로 839, B01호",경기도 화성시 만세구 남양읍 남양리 2232-2 B01호 ,2026-06-25
1687,지카페,일반음식점,2024-07-17,,39.94,경기도 화성시 만세구 남양읍 남양천로 45 (시티 프라디움2차아파트),경기도 화성시 만세구 남양읍 남양리 2249 시티프라디움2차아파트 제상가동 제지1층 104호 ,2026-06-25
1688,힘찬비빔밥 새솔점,일반음식점,2024-07-19,,53.42,"경기도 화성시 만세구 수노을중앙로 130, 113, 114호 (새솔동)",경기도 화성시 만세구 새솔동 76-6 ,2026-06-25
1689,인쌩맥주 송산그린시티점,일반음식점,2024-07-24,,84.2,"경기도 화성시 만세구 꽃내음1길 5-20, 106호 (새솔동)",경기도 화성시 만세구 새솔동 78-3 ,2026-06-25
1690,엠지푸드,일반음식점,2024-08-01,,41.07,"경기도 화성시 만세구 남양읍 역골로49번길 42-4, 101-2호",경기도 화성시 만세구 남양읍 남양리 2014-2 101-2호 ,2026-06-25
1691,맛찜랭킹 화성남양점,일반음식점,2024-08-01,,41.07,"경기도 화성시 만세구 남양읍 역골로49번길 42-4, 101-1호",경기도 화성시 만세구 남양읍 남양리 2014-2 101-1호 ,2026-06-25
1692,별난 김치찌개,일반음식점,2024-08-05,,173.62,"경기도 화성시 만세구 송산면 화성로 469-4, 1층 102호",경기도 화성시 만세구 송산면 봉가리 158-8 102호,2026-06-25
1693,그늘집,일반음식점,2024-08-09,,23.8,"경기도 화성시 만세구 꽃내음1길 19-30, 606(일부)호 (새솔동)",경기도 화성시 만세구 새솔동 77-6 ,2026-06-25
1694,정류장,일반음식점,2024-08-16,,33.62,"경기도 화성시 만세구 수노을1로 107, 1층 107호 (새솔동, 송산신도시 대방노블랜드 리버스위트 2차)",경기도 화성시 만세구 새솔동 11 송산신도시 대방노블랜드 리버스위트 2차 107호,2026-06-25
1695,수정커피,일반음식점,2024-08-19,,99,"경기도 화성시 만세구 남양읍 남양시장로66번길 12, 2층",경기도 화성시 만세구 남양읍 남양리 1172-20 ,2026-06-25
1696,다인수완,일반음식점,2024-08-20,,152.41,"경기도 화성시 만세구 남양읍 남양시장로66번길 10-7, 2층 일부",경기도 화성시 만세구 남양읍 남양리 1170 2층 일부 ,2026-06-25
1697,상록회관 연탄구이 새솔점,일반음식점,2024-08-20,,136.24,"경기도 화성시 만세구 꽃내음2길 56-5, 1층 101-103호 (새솔동)",경기도 화성시 만세구 새솔동 52-3 ,2026-06-25
1698,해바라기카페,일반음식점,2024-08-21,,21.32,"경기도 화성시 만세구 송산면 사강시장길43번길 23, 1층 일부호",경기도 화성시 만세구 송산면 사강리 659-1 ,2026-06-25
1699,철원양평해장국,일반음식점,2024-08-21,,193.39,"경기도 화성시 만세구 남양읍 시청로 341-7, 1층",경기도 화성시 만세구 남양읍 무송리 209-12 1층 ,2026-06-25
1700,매화불낙지볶음,일반음식점,2024-08-22,031 -355 -8867,153.15,"경기도 화성시 만세구 서신면 싸리재길 29, 1층 전체",경기도 화성시 만세구 서신면 매화리 621 1층 전체 ,2026-06-25
1701,강고집 일품코다리,일반음식점,2024-08-23,,52.26,"경기도 화성시 만세구 꽃내음1길 19-30, 105호 (새솔동)",경기도 화성시 만세구 새솔동 77-6 ,2026-06-25
1702,일등김밥,일반음식점,2024-08-30,,52.26,"경기도 화성시 만세구 꽃내음1길 19-30, 1층 104호 (새솔동)",경기도 화성시 만세구 새솔동 77-6 104호,2026-06-25
1703,코끼리샐러드(kosal),일반음식점,2024-08-30,,49.14,"경기도 화성시 만세구 꽃내음1길 19-30, 1동 1층 107호 (새솔동)",경기도 화성시 만세구 새솔동 77-6 107호,2026-06-25
1704,진교동 화성남양점,일반음식점,2024-09-02,,39,"경기도 화성시 만세구 남양읍 역골중앙로 118, A동 1층 109호 (동광뷰엘)",경기도 화성시 만세구 남양읍 남양리 2235 동광뷰엘 A동 109호,2026-06-25
1705,예담원 전주 돌솥 비빔밥,일반음식점,2024-09-02,031 -357 -4222,128,"경기도 화성시 만세구 남양읍 화성로 1045, 1층 105,106,107호","경기도 화성시 만세구 남양읍 남양리 311-3 1층 105,106,107호 ",2026-06-25
1706,백년손님,일반음식점,2024-09-05,,99,경기도 화성시 만세구 서신면 궁평항로 1673,경기도 화성시 만세구 서신면 매화리 480-1 ,2026-06-25
1707,닭갈비에 반하다,일반음식점,2024-09-13,,57.12,"경기도 화성시 만세구 수노을중앙로 162, 1동 201호 (새솔동)",경기도 화성시 만세구 새솔동 76-14 ,2026-06-25
1708,천하수제 숯불갈비,일반음식점,2024-09-13,,118.5,경기도 화성시 만세구 송산면 송산포도로 60-6,경기도 화성시 만세구 송산면 봉가리 126 ,2026-06-25
1709,"쉼,터",일반음식점,2024-09-19,,39,"경기도 화성시 만세구 송산면 공룡로487번길 6-2, 1층 101호",경기도 화성시 만세구 송산면 고정리 166-2 101호,2026-06-25
1710,황금통닭,일반음식점,2024-09-23,,58.5,"경기도 화성시 만세구 남양읍 역골로 12, 102호",경기도 화성시 만세구 남양읍 남양리 2070-1 102호,2026-06-25
1711,등촌샤브칼국수 송산점,일반음식점,2024-09-24,,61.78,"경기도 화성시 만세구 수노을중앙로 142, 205호 (새솔동)",경기도 화성시 만세구 새솔동 76-8 205호,2026-06-25
1712,삼도숙성회 남양현대연구소점,일반음식점,2024-09-25,,197.25,"경기도 화성시 만세구 남양읍 현대연구소로 109, 2층",경기도 화성시 만세구 남양읍 장덕리 52 ,2026-06-25
1713,파젠다,일반음식점,2024-09-25,,318.01,"경기도 화성시 만세구 송산면 공룡로487번길 6-5, 2동 1층",경기도 화성시 만세구 송산면 고정리 166-9 ,2026-06-25
1714,만리장성,일반음식점,2024-09-27,,160.65,"경기도 화성시 만세구 남양읍 역골로 30-15, 1층",경기도 화성시 만세구 남양읍 남양리 2061-9 1층 ,2026-06-25
1715,손정혜식당,일반음식점,2024-09-27,,283.9,"경기도 화성시 만세구 서신면 제부로 499-7, 1층 1동, 2동, 3동, 4동, 영업소 앞 야외테이블","경기도 화성시 만세구 서신면 장외리 549-5 1층 1동, 2동, 3동, 4동, 영업소 앞 야외테이블 ",2026-06-25
1716,서신 왕갈비탕,일반음식점,2024-09-30,031 -3577-778,221.93,"경기도 화성시 만세구 서신면 궁평항로 1759, 1층 일부호",경기도 화성시 만세구 서신면 상안리 775-3 ,2026-06-25
1717,별난버섯집 화성시청점,일반음식점,2024-10-02,,192,"경기도 화성시 만세구 남양읍 시청로160번길 52, 1층 104,105,106,107호",경기도 화성시 만세구 남양읍 남양리 2319-1 ,2026-06-25
1718,현진초밥,일반음식점,2024-10-07,,53.32,"경기도 화성시 만세구 남양읍 역골로 47, 1층 102호",경기도 화성시 만세구 남양읍 남양리 2020-2 102호,2026-06-25
1719,주막집,일반음식점,2024-10-10,,40,"경기도 화성시 만세구 남양읍 남양시장로 94, 1층 4호",경기도 화성시 만세구 남양읍 남양리 1267-25 ,2026-06-25
1720,밥싸다구 남양본점,일반음식점,2024-10-10,,33.84,"경기도 화성시 만세구 남양읍 역골로49번길 21, 1층 일부호",경기도 화성시 만세구 남양읍 남양리 2018-3 ,2026-06-25
1721,두찜 송산그린시티점,일반음식점,2024-10-15,,33.4,"경기도 화성시 만세구 수노을1로 191, 상가4동 1층 110호 (새솔동, 송산그린시티 이지더원 레이크뷰 아파트)",경기도 화성시 만세구 새솔동 18 송산그린시티 이지더원 레이크뷰 아파트 ,2026-06-25
1722,시골밥상,일반음식점,2024-10-16,,67.86,"경기도 화성시 만세구 서신면 매화2길 24, 103호",경기도 화성시 만세구 서신면 상안리 878-15 ,2026-06-25
1723,포케올데이 화성시청점,일반음식점,2024-10-18,,50.82,"경기도 화성시 만세구 남양읍 역골중앙로 14, 104호",경기도 화성시 만세구 남양읍 남양리 2073-7 ,2026-06-25
1724,신이천밥상,일반음식점,2024-10-24,,156.8,"경기도 화성시 만세구 남양읍 남양로 549-11, 1동 101호",경기도 화성시 만세구 남양읍 신남리 98 ,2026-06-25
1725,돈우람,일반음식점,2024-10-28,,136.2,"경기도 화성시 만세구 꽃내음2길 13-1, 101호 (새솔동)",경기도 화성시 만세구 새솔동 63-6 ,2026-06-25
1726,우후죽순 화성새솔점,일반음식점,2024-10-28,,60.06,"경기도 화성시 만세구 꽃내음1길 19-6, 113호 (새솔동)",경기도 화성시 만세구 새솔동 77-1 ,2026-06-25
1727,청년가마솥통닭,일반음식점,2024-11-01,,96.13,"경기도 화성시 만세구 남양읍 시청로202번길 74-27, 201,202호",경기도 화성시 만세구 남양읍 남양리 2162 ,2026-06-25
1728,러프아띠장(rough artisan),일반음식점,2024-11-06,,72,"경기도 화성시 만세구 남양읍 남양중앙로 185-49, 1층 일부호",경기도 화성시 만세구 남양읍 남양리 2296-5 1층 일부호 ,2026-06-25
1729,꽃게 담다 블루베리팜,일반음식점,2024-11-07,031 -3579-895,140.6,"경기도 화성시 만세구 남양읍 역골로 56, 1층 전체호",경기도 화성시 만세구 남양읍 남양리 2025-10 ,2026-06-25
1730,피쉬스토리,일반음식점,2024-11-07,,492.71,"경기도 화성시 만세구 서신면 궁평항로 1075, 2층 전체",경기도 화성시 만세구 서신면 궁평리 666-48 2층 전체 ,2026-06-25
1731,이준중화요리,일반음식점,2024-11-08,,40.5,"경기도 화성시 만세구 수노을중앙로 293, 상가4동 409호 (새솔동, 모아미래도 에듀포레)",경기도 화성시 만세구 새솔동 27 모아미래도 에듀포레 ,2026-06-25
1732,경동&辛낙곱새,일반음식점,2024-11-08,031 -356 -0618,40.79,"경기도 화성시 만세구 남양읍 역골로49번길 6-3, 1동 1층 일부호",경기도 화성시 만세구 남양읍 남양리 2016-7 ,2026-06-25
1733,남도술상 화성시청점,일반음식점,2024-11-12,031 -357 -6779,184.38,"경기도 화성시 만세구 남양읍 역골로 3-20, 용진프라자 105호",경기도 화성시 만세구 남양읍 남양리 2077-15 용진프라자 ,2026-06-25
1734,샤브올데이 화성남양점,일반음식점,2024-11-13,,483.6,"경기도 화성시 만세구 남양읍 남양성지로 39, 2동 1층",경기도 화성시 만세구 남양읍 남양리 458 ,2026-06-25
1735,조선 한우촌,일반음식점,2024-11-20,,357.01,"경기도 화성시 만세구 남양읍 역골동로 91, 1층",경기도 화성시 만세구 남양읍 남양리 2044-6 ,2026-06-25
1736,오롯이 담아내다,일반음식점,2024-11-20,,52.74,"경기도 화성시 만세구 꽃내음1길 21, 205호 (새솔동)",경기도 화성시 만세구 새솔동 77-11 ,2026-06-25
1737,김가네김밥 남양1호점,일반음식점,2024-11-22,,61.2,"경기도 화성시 만세구 남양읍 역골로49번길 19-1, 일부(101)호",경기도 화성시 만세구 남양읍 남양리 2018-4 ,2026-06-25
1738,서이네 분식,일반음식점,2024-11-25,,15,"경기도 화성시 만세구 마도면 석교로177번길 4, 1층 일부호",경기도 화성시 만세구 마도면 석교리 232-6 ,2026-06-25
1739,혼마참치,일반음식점,2024-11-25,,105.85,"경기도 화성시 만세구 송산면 사강시장길 67, 1층 일부호",경기도 화성시 만세구 송산면 사강리 647-1 ,2026-06-25
1740,대박 엄마손 꼬마김밥 새솔점,일반음식점,2024-11-29,,70.07,"경기도 화성시 만세구 꽃내음2길 46, 1동 1층 101호 (새솔동)",경기도 화성시 만세구 새솔동 55-2 1동 1층 101호 ,2026-06-25
1741,정원한식뷔페,일반음식점,2024-11-29,,162,"경기도 화성시 만세구 송산면 공룡로 72-9, 1층 일부호",경기도 화성시 만세구 송산면 삼존리 1-3 ,2026-06-25
1742,대박삼겹 김치찜&초대박 등갈비김치찜,일반음식점,2024-12-02,,26.91,"경기도 화성시 만세구 남양읍 역골중앙로100번길 20, 1층 일부호",경기도 화성시 만세구 남양읍 남양리 2044-1 1층 일부호 ,2026-06-25
1743,천해수산 주식회사,일반음식점,2024-12-16,,193.17,"경기도 화성시 만세구 서신면 궁평항로 1075, 1층 일부호",경기도 화성시 만세구 서신면 궁평리 666-48 ,2026-06-25
1744,효자동솥뚜껑 화성남양점,일반음식점,2024-12-17,,137.08,"경기도 화성시 만세구 남양읍 역골동로 9-4, 1층 전체호",경기도 화성시 만세구 남양읍 남양리 2064-9 ,2026-06-25
1745,90카츠,일반음식점,2024-12-26,,125.87,"경기도 화성시 만세구 남양읍 역골중앙로100번길 7-1, 일부(102)호",경기도 화성시 만세구 남양읍 남양리 2039-6 ,2026-06-25
1746,명태애찬,일반음식점,2024-12-26,,137.3,"경기도 화성시 만세구 꽃내음2길 15, 101호 (새솔동)",경기도 화성시 만세구 새솔동 63-5 ,2026-06-25
1747,여름이와 겨울이카페,일반음식점,2024-12-30,,61.21,"경기도 화성시 만세구 남양읍 역골동로 96, 남양 우림필유 아파트 103,104호","경기도 화성시 만세구 남양읍 남양리 2047 남양 우림필유 아파트 103호, 104호 일부 ",2026-06-25
1748,맛봉뼈다귀해장국,일반음식점,2024-12-31,,158.12,"경기도 화성시 만세구 마도면 송정로 8, 1층 일부호",경기도 화성시 만세구 마도면 두곡리 344-3 ,2026-06-25
1749,조새호 수산마켓,일반음식점,2025-01-07,,171,"경기도 화성시 만세구 큰나래2길 53, 디오브1차 1동 113,114,115,116,117,118호 (새솔동)",경기도 화성시 만세구 새솔동 131-2 디오브1차 ,2026-06-25
1750,복차이나 중화요리,일반음식점,2025-01-07,,149.76,"경기도 화성시 만세구 꽃내음1길 19-30, 101,102,103호 (새솔동)",경기도 화성시 만세구 새솔동 77-6 ,2026-06-25
1751,새솔 한우마을,일반음식점,2025-01-13,,304.19,"경기도 화성시 만세구 동이길 5-2, 1층 일부호 (새솔동)",경기도 화성시 만세구 새솔동 47 ,2026-06-25
1752,이모분식,일반음식점,2025-01-14,,33.62,"경기도 화성시 만세구 수노을1로 107, 상가동 1층 110호 (새솔동, 송산신도시 대방노블랜드 리버스위트 2차)",경기도 화성시 만세구 새솔동 11 송산신도시 대방노블랜드 리버스위트 2차 상가동 110호,2026-06-25
1753,샤카스코리아,일반음식점,2025-01-15,,90.4,"경기도 화성시 만세구 남양읍 남양로 695, 화성벤처타 104, 105호",경기도 화성시 만세구 남양읍 남양리 2078-4 화성벤처타 ,2026-06-25
1754,킹오브떡볶이 화성남양점,일반음식점,2025-01-20,,19.5,"경기도 화성시 만세구 남양읍 역골중앙로 56-9, 103호 일부호",경기도 화성시 만세구 남양읍 남양리 2050-17 ,2026-06-25
1755,동대문 닭갈비,일반음식점,2025-01-22,031 -366 -7731,66,경기도 화성시 만세구 남양읍 역골동로 10-9,경기도 화성시 만세구 남양읍 남양리 2068-11 ,2026-06-25
1756,콩이야기콩칼국수,일반음식점,2025-01-22,,69.93,"경기도 화성시 만세구 남양읍 현대기아로 594, 1층 일부호",경기도 화성시 만세구 남양읍 무송리 130-1 ,2026-06-25
1757,순둥이죽 남양점,일반음식점,2025-02-10,,30.84,"경기도 화성시 만세구 남양읍 역골중앙로100번길 12-16, 1층 일부호",경기도 화성시 만세구 남양읍 남양리 2041-3 ,2026-06-25
1758,오늘한끼,일반음식점,2025-02-10,,30.38,"경기도 화성시 만세구 남양읍 역골중앙로100번길 12-16, 1동 일부호",경기도 화성시 만세구 남양읍 남양리 2041-3 ,2026-06-25
1759,SEEZ 시즈,일반음식점,2025-02-11,,198,"경기도 화성시 만세구 남양읍 역골로 12, 2층 전체",경기도 화성시 만세구 남양읍 남양리 2070-1 2층 전체 ,2026-06-25
1760,제이푸드,일반음식점,2025-02-11,,30.24,"경기도 화성시 만세구 남양읍 역골로60번길 19-14, 지하1층 일부호",경기도 화성시 만세구 남양읍 남양리 2021-7 지하1층 일부호 ,2026-06-25
1761,비비닭강정 송산새솔점,일반음식점,2025-02-12,,44.85,"경기도 화성시 만세구 수노을중앙로 150, 107호 (새솔동)",경기도 화성시 만세구 새솔동 76-11 ,2026-06-25
1762,BLOOM(블룸),일반음식점,2025-02-14,,67.5,"경기도 화성시 만세구 남양읍 남양시장로66번길 10-3, 104호",경기도 화성시 만세구 남양읍 남양리 1172-30 ,2026-06-25
1763,할랄바자르(Halal Bazr),일반음식점,2025-02-14,,77.91,"경기도 화성시 만세구 남양읍 남양시장로66번길 9-3, 일부호",경기도 화성시 만세구 남양읍 남양리 1216 ,2026-06-25
1764,블랙콩,일반음식점,2025-02-17,,62.64,"경기도 화성시 만세구 서신면 해양공단로 171, 2층",경기도 화성시 만세구 서신면 장외리 96-2 ,2026-06-25
1765,"뉴 캠핑존 게장,생선구이 참 잘하는 집",일반음식점,2025-02-18,,165.38,"경기도 화성시 만세구 남양읍 역골동로 122, 5층 일부",경기도 화성시 만세구 남양읍 남양리 2230-6 5층 일부 ,2026-06-25
1766,쭈꾸미털레기,일반음식점,2025-02-21,,149.85,"경기도 화성시 만세구 남양읍 시청로201번길 11-17, 2층",경기도 화성시 만세구 남양읍 남양리 1856-81 ,2026-06-25
1767,코다리명가 남양점,일반음식점,2025-02-24,,250.43,"경기도 화성시 만세구 남양읍 화성로 1057-5, 1,2동 1층",경기도 화성시 만세구 남양읍 남양리 295 ,2026-06-25
1768,대포집대포가,일반음식점,2025-02-28,,67.84,"경기도 화성시 만세구 남양읍 남양로862번길 13, 113, 114호 (화성남양 시티프라디움4차)",경기도 화성시 만세구 남양읍 남양리 2191 화성남양 시티프라디움4차 ,2026-06-25
1769,뜰안채,일반음식점,2025-02-28,,103.2,"경기도 화성시 만세구 서신면 바다뜰길 108, 1층",경기도 화성시 만세구 서신면 매화리 301-11 ,2026-06-25
1770,불닭발땡초동대문엽기떡볶이 화성남양점,일반음식점,2025-03-04,031 -355-8597,63,"경기도 화성시 만세구 남양읍 시청로 12, 1층 101호",경기도 화성시 만세구 남양읍 남양리 2253-4 ,2026-06-25
1771,피나치공 화성남양점,일반음식점,2025-03-04,031 -355-8260,50,"경기도 화성시 만세구 남양읍 역골중앙로 66, 102호",경기도 화성시 만세구 남양읍 남양리 2049-6 ,2026-06-25
1772,GH쌀국수,일반음식점,2025-03-05,,35,"경기도 화성시 만세구 남양읍 남양시장로 83, 102호",경기도 화성시 만세구 남양읍 남양리 1267-5 ,2026-06-25
1773,제줏간 송산그린시티점,일반음식점,2025-03-06,,169.5,"경기도 화성시 만세구 꽃내음2길 7, 1층 (새솔동)",경기도 화성시 만세구 새솔동 63-12 ,2026-06-25
1774,수정카페,일반음식점,2025-03-12,,40,"경기도 화성시 만세구 마도면 화성로790번길 30, 1층 일부호",경기도 화성시 만세구 마도면 두곡리 320-3 ,2026-06-25
1775,진리옥 화성시청점,일반음식점,2025-03-13,,221.4,"경기도 화성시 만세구 남양읍 역골로 10, 1층 전체호",경기도 화성시 만세구 남양읍 남양리 2070-10 ,2026-06-25
1776,고기육첩,일반음식점,2025-03-14,,52.45,"경기도 화성시 만세구 남양읍 역골중앙로41번길 28, 1층 일부(101호)",경기도 화성시 만세구 남양읍 남양리 2034-9 1층 일부(101호) ,2026-06-25
1777,카페 리브르,일반음식점,2025-03-12,,296.8,"경기도 화성시 만세구 서신면 해안길 220, 1층 일부, 2층 전체호",경기도 화성시 만세구 서신면 제부리 190-158 ,2026-06-25
1778,상국이네정육식당,일반음식점,2025-03-20,,84.8,"경기도 화성시 만세구 남양읍 화성시청역로 1, 107,109호 (화성시청역 센트럴파크스타힐스 1단지)",경기도 화성시 만세구 남양읍 신남리 1574 화성시청역 센트럴파크스타힐스 1단지 ,2026-06-25
1779,이한월드마트,일반음식점,2025-03-21,,16.24,"경기도 화성시 만세구 송산면 사강로 153-3, 1층 일부호",경기도 화성시 만세구 송산면 사강리 697-13 ,2026-06-25
1780,샤인,일반음식점,2025-03-24,,65.7,"경기도 화성시 만세구 송산면 송산로 13, 3동 1층 일부호",경기도 화성시 만세구 송산면 사강리 732 ,2026-06-25
1781,카페아지트.7,일반음식점,2025-03-24,,165,"경기도 화성시 만세구 남양읍 신남안길 265-7, 2동 1층",경기도 화성시 만세구 남양읍 신남리 102-22 ,2026-06-25
1782,구워랑,일반음식점,2025-03-26,,84.8,"경기도 화성시 만세구 꽃내음2길 12-2, 118호,119호 (새솔동)","경기도 화성시 만세구 새솔동 60 118호,119호 ",2026-06-25
1783,태리라떼(Teari latte),일반음식점,2025-03-26,,99,"경기도 화성시 만세구 남양읍 역골중앙로100번길 17, 1층 일부",경기도 화성시 만세구 남양읍 남양리 2039-13 1층 일부 ,2026-06-25
1784,명가중화요리,일반음식점,2025-04-01,,117.6,"경기도 화성시 만세구 꽃내음2길 7-1, 1층 일부호 (새솔동)",경기도 화성시 만세구 새솔동 63-11 ,2026-06-25
1785,37.5시그니처 화성남양점,일반음식점,2025-04-03,,168.54,"경기도 화성시 만세구 남양읍 화성시청역로 36, 헤르메스몰 106,107,108,109호",경기도 화성시 만세구 남양읍 신남리 1576 ,2026-06-25
1786,또바기 분식,일반음식점,2025-04-09,,28.64,"경기도 화성시 만세구 송산면 사강시장길 39, 102호",경기도 화성시 만세구 송산면 사강리 694-1 ,2026-06-25
1787,뼈대장감자탕,일반음식점,2025-04-14,,99,"경기도 화성시 만세구 남양읍 글판동길 8, 우측상가 2, 3호",경기도 화성시 만세구 남양읍 남양리 304-2 ,2026-06-25
1788,고기로 말하다,일반음식점,2025-04-16,,51.21,"경기도 화성시 만세구 꽃내음1길 19-18, 송산프라자 1동 110호 (새솔동)",경기도 화성시 만세구 새솔동 77-3 송산프라자 1동 110호,2026-06-25
1789,한담한식뷔페,일반음식점,2025-04-21,,274.95,"경기도 화성시 만세구 마도면 청원산단1길 6, 102,103,104호",경기도 화성시 만세구 마도면 청원리 1367 ,2026-06-25
1790,꾸욱버거,일반음식점,2025-04-21,,45.96,"경기도 화성시 만세구 서신면 해안길 18, 302호",경기도 화성시 만세구 서신면 제부리 14-18 ,2026-06-25
1791,동원호,일반음식점,2025-04-23,,78.7,"경기도 화성시 만세구 서신면 전곡항로 21-4, 전곡항어촌관광단지 수산물센터 2층 202호",경기도 화성시 만세구 서신면 전곡리 1080 ,2026-06-25
1792,인쌩맥주 남양점,일반음식점,2025-04-24,,64.38,"경기도 화성시 만세구 남양읍 역골로 9-28, 104,105호",경기도 화성시 만세구 남양읍 남양리 2076-17 ,2026-06-25
1793,전곡호,일반음식점,2025-04-24,,67.12,"경기도 화성시 만세구 서신면 전곡항로 21-4, 103호",경기도 화성시 만세구 서신면 전곡리 1080 ,2026-06-25
1794,양노리순대국,일반음식점,2025-05-07,,339.15,"경기도 화성시 만세구 마도면 마도공단로 262, 1층 일부",경기도 화성시 만세구 마도면 쌍송리 670-25 1층 일부 ,2026-06-25
1795,윤가성,일반음식점,2025-05-09,,174.3,"경기도 화성시 만세구 남양읍 화성로 1063, 1층 일부호",경기도 화성시 만세구 남양읍 남양리 299 ,2026-06-25
1796,찬이랑 빵이랑,일반음식점,2025-05-13,,42,"경기도 화성시 만세구 꽃내음1길 21, 1층 105호 (새솔동)",경기도 화성시 만세구 새솔동 77-11 1층 105호 ,2026-06-25
1797,노랑통닭 남양서희,일반음식점,2025-05-16,,178.23,"경기도 화성시 만세구 남양읍 고향의봄길 36, 214(상가동)동 201,202호 (화성시청역 서희스타힐스4차 숲속마을)",경기도 화성시 만세구 남양읍 신남리 산 96-8 화성시청역 서희스타힐스4차 숲속마을 ,2026-06-25
1798,입가심,일반음식점,2025-05-21,,44,"경기도 화성시 만세구 꽃내음2길 12-2, 107호 (새솔동)",경기도 화성시 만세구 새솔동 60 107호 ,2026-06-25
1799,개성집 사강점,일반음식점,2025-05-21,,149.76,"경기도 화성시 만세구 송산면 사강로 50-2, 1층 전체",경기도 화성시 만세구 송산면 육일리 281-14 1층 전체 ,2026-06-25
1800,미쓰리 냉삼집 송산점,일반음식점,2025-05-23,,108.99,"경기도 화성시 만세구 꽃내음1길 5-4, 105,106호 (새솔동)",경기도 화성시 만세구 새솔동 78-1 ,2026-06-25
1801,우주한식뷔페,일반음식점,2025-05-26,,93.04,"경기도 화성시 만세구 남양읍 현대기아로324번길 27, 1층",경기도 화성시 만세구 남양읍 무송리 522 1층 ,2026-06-25
1802,샤브하우스 화성점,일반음식점,2025-05-26,,49.58,"경기도 화성시 만세구 남양읍 역골로60번길 26, 1층 일부호",경기도 화성시 만세구 남양읍 남양리 2024-3 ,2026-06-25
1803,장덕슈퍼,일반음식점,2025-05-28,,25.9,"경기도 화성시 만세구 남양읍 매바위로 577, 1층 일부호",경기도 화성시 만세구 남양읍 장덕리 786-23 ,2026-06-25
1804,육회바른연어 송산그린시티점,일반음식점,2025-06-09,,41.23,"경기도 화성시 만세구 수노을중앙로 150, 104호 (새솔동)",경기도 화성시 만세구 새솔동 76-11 ,2026-06-25
1805,할매안흥찐빵 화성송산점,일반음식점,2025-06-12,,292.03,"경기도 화성시 만세구 송산면 화성로 585, 화성로583번길 6-5 1층",경기도 화성시 만세구 송산면 삼존리 779 ,2026-06-25
1806,호시타코야끼 송산그린시티점,일반음식점,2025-06-16,,38.55,"경기도 화성시 만세구 수노을중앙로 142, 109호 (새솔동)",경기도 화성시 만세구 새솔동 76-8 ,2026-06-25
1807,한솥도시락 화성송산그린시티점,일반음식점,2025-06-16,,42.51,"경기도 화성시 만세구 수노을중앙로 118, 센텀프라자 1동 109호 (새솔동)",경기도 화성시 만세구 새솔동 76-3 센텀프라자 1동 109호 ,2026-06-25
1808,오늘도빙수&coffee,일반음식점,2025-06-09,,168.6,경기도 화성시 만세구 서신면 해안길 272,경기도 화성시 만세구 서신면 제부리 190-191 190-207 ,2026-06-25
1809,두레통닭 화성시청점,일반음식점,2025-06-17,,36,"경기도 화성시 만세구 남양읍 남양로786번길 15, 상가동 102호 (남양뉴타운엘에이치10단지)",경기도 화성시 만세구 남양읍 남양리 2218 남양뉴타운엘에이치10단지 ,2026-06-25
1810,통큰솥뚜껑닭볶음탕 화성시청점,일반음식점,2025-06-18,,138.86,"경기도 화성시 만세구 남양읍 역골로 9-5, 1동 1층 일부호",경기도 화성시 만세구 남양읍 남양리 2077-6 1층 1동 일부호,2026-06-25
1811,해오름갈비,일반음식점,2025-06-09,,198,"경기도 화성시 만세구 남양읍 글판동길 12, 1층 전체호",경기도 화성시 만세구 남양읍 남양리 306 ,2026-06-25
1812,오늘도 분식,일반음식점,2025-06-24,,35.77,"경기도 화성시 만세구 남양읍 남양중앙로 420, 상가동 103호 (남양뉴타운LH19단지행복주택)",경기도 화성시 만세구 남양읍 남양리 2207 남양뉴타운LH19단지행복주택 ,2026-06-25
1813,복희네집,일반음식점,2025-06-27,,85.12,"경기도 화성시 만세구 송산면 사강시장길 52, 사강쇼핑 일부호",경기도 화성시 만세구 송산면 사강리 662-5 사강쇼핑 ,2026-06-25
1814,민지한식부페,일반음식점,2025-06-27,,234.6,"경기도 화성시 만세구 송산면 삼존로 59, 4동 1층 일부호",경기도 화성시 만세구 송산면 삼존리 648-1 ,2026-06-25
1815,산넘어 털보네 어죽,일반음식점,2025-06-27,,187.2,"경기도 화성시 만세구 남양읍 화성로 1280, 1층 일부호",경기도 화성시 만세구 남양읍 송림리 220-3 ,2026-06-25
1816,베트남쌀국수 HEAPI BANH MI,일반음식점,2025-06-27,,76.06,"경기도 화성시 만세구 꽃내음1길 21, 101, 102호 (새솔동)",경기도 화성시 만세구 새솔동 77-11 ,2026-06-25
1817,미소식당,일반음식점,2025-06-27,,32,"경기도 화성시 만세구 남양읍 남양중앙로 419, S001동 108호 (남양뉴타운LH20단지아파트)",경기도 화성시 만세구 남양읍 남양리 2201 남양뉴타운LH20단지아파트 ,2026-06-25
1818,봉평우리막국수,일반음식점,2025-06-30,,196,"경기도 화성시 만세구 남양읍 남양로368번길 80, 1층",경기도 화성시 만세구 남양읍 안석리 462-4 ,2026-06-25
1819,송탄진버거,일반음식점,2025-06-30,,32.68,"경기도 화성시 만세구 남양읍 남양로 675, 110호",경기도 화성시 만세구 남양읍 남양리 2320-4 ,2026-06-25
1820,모가우동,일반음식점,2025-07-01,,36,"경기도 화성시 만세구 남양읍 남양로786번길 15, 상가동 105호 (남양뉴타운엘에이치10단지)",경기도 화성시 만세구 남양읍 남양리 2218 남양뉴타운엘에이치10단지 ,2026-06-25
1821,성우김밥,일반음식점,2025-07-02,,35.28,"경기도 화성시 만세구 서신면 전곡항로32번길 5-20, 101호",경기도 화성시 만세구 서신면 전곡리 827 ,2026-06-25
1822,푸드박스 프리미엄,일반음식점,2025-07-03,,110.7,경기도 화성시 만세구 남양읍 역골로50번길 16-6,경기도 화성시 만세구 남양읍 남양리 2030-3 외 1필지 ,2026-06-25
1823,가마솥뼈다귀순대국,일반음식점,2025-07-07,,275.21,"경기도 화성시 만세구 마도면 마도로 502, 1층",경기도 화성시 만세구 마도면 청원리 202-7 ,2026-06-25
1824,얏야자,일반음식점,2025-07-08,,58.1,"경기도 화성시 만세구 남양읍 남양시장로 88, 1층 일부호",경기도 화성시 만세구 남양읍 남양리 1267-2 ,2026-06-25
1825,히마레,일반음식점,2025-07-08,,740.94,"경기도 화성시 만세구 남양읍 남양중앙로 243-27, 1,2층",경기도 화성시 만세구 남양읍 남양리 2280-2 ,2026-06-25
1826,청담김치찜&모락로제떡볶이,일반음식점,2025-07-09,,66.27,"경기도 화성시 만세구 남양읍 역골로60번길 19-24, 102호",경기도 화성시 만세구 남양읍 남양리 2021-3 ,2026-06-25
1827,나인블럭 화성시청점,일반음식점,2025-07-16,,388.8,"경기도 화성시 만세구 남양읍 시청로201번길 11-15, 1층,2층","경기도 화성시 만세구 남양읍 남양리 1856-80 1층,2층 ",2026-06-25
1828,포차천국,일반음식점,2025-07-17,,92.56,"경기도 화성시 만세구 송산면 사강시장길43번길 6, 102호",경기도 화성시 만세구 송산면 사강리 671 ,2026-06-25
1829,남양대패,일반음식점,2025-07-25,,231.4,"경기도 화성시 만세구 남양읍 역골로 15-24, 1층 전체호",경기도 화성시 만세구 남양읍 남양리 2075-21 ,2026-06-25
1830,피오르베이크스,일반음식점,2025-08-01,,112.06,"경기도 화성시 만세구 남양읍 시청로32번길 5-18, 1층",경기도 화성시 만세구 남양읍 남양리 2288-9 ,2026-06-25
1831,담가 화로구이 화성 새솔점,일반음식점,2025-08-04,,144.63,"경기도 화성시 만세구 꽃내음2길 51, 1동 1층 (새솔동)",경기도 화성시 만세구 새솔동 51-10 1동 1층 ,2026-06-25
1832,신궁흑염소,일반음식점,2025-08-05,,197.76,"경기도 화성시 만세구 송산면 화성로 459, 1층 전체호",경기도 화성시 만세구 송산면 봉가리 156-10 ,2026-06-25
1833,(주)정성스레,일반음식점,2025-08-05,,68,"경기도 화성시 만세구 남양읍 남양중앙로 185-19, 1층 일부호",경기도 화성시 만세구 남양읍 남양리 2297-5 ,2026-06-25
1834,터널포차,일반음식점,2025-08-06,,149.22,"경기도 화성시 만세구 큰나래2길 4-2, 3층 (새솔동)",경기도 화성시 만세구 새솔동 136-9 3층 ,2026-06-25
1835,에이스푸드 화성시청점,일반음식점,2025-08-07,,58.5,"경기도 화성시 만세구 남양읍 역골로 3-20, 용진프라자 105호",경기도 화성시 만세구 남양읍 남양리 2077-15 용진프라자 ,2026-06-25
1836,진 사강옥 인식당 해장국,일반음식점,2025-08-12,,64.98,"경기도 화성시 만세구 송산면 사강로 173, 1층 일부호",경기도 화성시 만세구 송산면 사강리 673-4 ,2026-06-25
1837,몽바바베큐,일반음식점,2025-08-19,,35,"경기도 화성시 만세구 남양읍 역골동로 54, 1동 1층 일부호",경기도 화성시 만세구 남양읍 남양리 2052-12 1동 1층 일부호 ,2026-06-25
1838,한신우동 송산그린시티점,일반음식점,2025-08-19,,43.71,"경기도 화성시 만세구 수노을중앙로 136, 115호 (새솔동)",경기도 화성시 만세구 새솔동 76-7 ,2026-06-25
1839,손큰할매순대국,일반음식점,2025-08-20,,99,"경기도 화성시 만세구 서신면 궁평항로 1149, 1층 일부호",경기도 화성시 만세구 서신면 궁평리 653-7 ,2026-06-25
1840,돼랑이네장삼이,일반음식점,2025-08-21,,131.48,"경기도 화성시 만세구 꽃내음2길 16-4, 1층 (새솔동)",경기도 화성시 만세구 새솔동 61-6 ,2026-06-25
1841,한우촌 정육식당,일반음식점,2025-08-27,,280.44,"경기도 화성시 만세구 서신면 밸미길 242-39, A동 1층 일부호",경기도 화성시 만세구 서신면 백미리 363-12 A동 1층 일부호 ,2026-06-25
1842,누구나홀딱반한닭 송산그린시티점,일반음식점,2025-08-28,,78.12,"경기도 화성시 만세구 수노을중앙로 136, 119,120호 (새솔동)",경기도 화성시 만세구 새솔동 76-7 ,2026-06-25
1843,자담치킨 화성 서희스타점,일반음식점,2025-09-04,,83.4,"경기도 화성시 만세구 남양읍 화성시청역로 7, 212동 101호 (화성시청역 센트럴파크스타힐스 2단지)",경기도 화성시 만세구 남양읍 신남리 1572 화성시청역 센트럴파크스타힐스 2단지 ,2026-06-25
1844,열정국밥,일반음식점,2025-09-05,,46.08,"경기도 화성시 만세구 남양읍 역골로49번길 21, 1층 일부호",경기도 화성시 만세구 남양읍 남양리 2018-3 ,2026-06-25
1845,어랑,일반음식점,2025-09-08,,198,"경기도 화성시 만세구 서신면 제부로 890-4, 1동 1층 전체호",경기도 화성시 만세구 서신면 상안리 556-4 ,2026-06-25
1846,새솔닭강정,일반음식점,2025-09-08,,40.5,"경기도 화성시 만세구 수노을중앙로 293, 상가3동 1층 306호 (새솔동, 모아미래도 에듀포레)",경기도 화성시 만세구 새솔동 27 모아미래도 에듀포레 ,2026-06-25
1847,청년다방 화성남양점,일반음식점,2025-09-09,,49.39,"경기도 화성시 만세구 남양읍 시청로 11, 105호",경기도 화성시 만세구 남양읍 남양리 2252-3 ,2026-06-25
1848,오사카데스 화성남양점,일반음식점,2025-09-10,,319.95,"경기도 화성시 만세구 남양읍 역골로 23-25, 2층",경기도 화성시 만세구 남양읍 남양리 2075-1 ,2026-06-25
1849,곱땡,일반음식점,2025-09-10,,95.2,"경기도 화성시 만세구 큰나래2길 53, 디오브1차 102,103호 (새솔동)","경기도 화성시 만세구 새솔동 131-2 디오브1차 102,1호",2026-06-25
1850,육초참치,일반음식점,2025-09-11,,76.54,"경기도 화성시 만세구 남양읍 남양로 695, 106호,107호",경기도 화성시 만세구 남양읍 남양리 2078-4 화성벤처타 ,2026-06-25
1851,만년명가교동짬뽕,일반음식점,2025-09-18,,285.05,"경기도 화성시 만세구 남양읍 신남안길 304, 1층 전체호",경기도 화성시 만세구 남양읍 신남리 73 ,2026-06-25
1852,노천민물장어 화성남양점,일반음식점,2025-09-22,,196,"경기도 화성시 만세구 남양읍 남양성지로 38, 1층 일부호",경기도 화성시 만세구 남양읍 남양리 468 ,2026-06-25
1853,브랜드 없는 치킨집,일반음식점,2025-09-24,,49.2,"경기도 화성시 만세구 남양읍 남양중앙로 293, 남양더스퀘어 106호",경기도 화성시 만세구 남양읍 남양리 2232-6 ,2026-06-25
1854,한백,일반음식점,2025-09-29,,13.97,"경기도 화성시 만세구 마도면 송정서길 71-11, 1동 1층 일부호",경기도 화성시 만세구 마도면 송정리 307-3 1동 1층 일부호 ,2026-06-25
1855,김밥&커피,일반음식점,2025-09-30,,44,"경기도 화성시 만세구 마도면 화성로 859, 1층 일부호",경기도 화성시 만세구 마도면 두곡리 413 1층 일부호 ,2026-06-25
1856,하노이연,일반음식점,2025-10-01,,90.16,"경기도 화성시 만세구 남양읍 남양로 691, 1층 일부호",경기도 화성시 만세구 남양읍 남양리 2078-1 1층 일부호 ,2026-06-25
1857,임페리아 푸드(Imperia Foods),일반음식점,2025-10-02,,46.75,"경기도 화성시 만세구 남양읍 남양시장로 86, 1층 일부",경기도 화성시 만세구 남양읍 남양리 1267-11 1층 일부 ,2026-06-25
1858,저스트 치킨,일반음식점,2025-10-14,,40.47,"경기도 화성시 만세구 꽃내음1길 35, 킨슬리오피스텔 104호 (새솔동)",경기도 화성시 만세구 새솔동 77-7 킨슬리오피스텔 ,2026-06-25
1859,육사포차,일반음식점,2025-10-14,,33,"경기도 화성시 만세구 마도면 석교로177번길 7, 1층 일부호",경기도 화성시 만세구 마도면 석교리 234-3 ,2026-06-25
1860,당근손칼국수,일반음식점,2025-10-14,,123.41,"경기도 화성시 만세구 남양읍 역골동로 6-7, 1층",경기도 화성시 만세구 남양읍 남양리 2069-12 ,2026-06-25
1861,청불 천막집포차 화성시청점,일반음식점,2025-10-14,,168.35,"경기도 화성시 만세구 남양읍 역골로 16, 태양빌딩 1층 106, 107. 108, 109호",경기도 화성시 만세구 남양읍 남양리 2062-10 태양빌딩 ,2026-06-25
1862,노여사집밥,일반음식점,2025-10-16,,300,"경기도 화성시 만세구 마도면 마도로 566, 1동 1층",경기도 화성시 만세구 마도면 청원리 66 ,2026-06-25
1863,신동산 특 양평해장국,일반음식점,2025-10-17,,117.72,"경기도 화성시 만세구 남양읍 화성로 979, A동 일부호",경기도 화성시 만세구 남양읍 남양리 367-1 ,2026-06-25
1864,닭앤발 Dak&Bal,일반음식점,2025-10-20,,50.3,"경기도 화성시 만세구 남양읍 역골로 26, 1층 일부호",경기도 화성시 만세구 남양읍 남양리 2062-15 1층 일부 ,2026-06-25
1865,항아리바베큐,일반음식점,2025-10-22,,57.92,"경기도 화성시 만세구 남양읍 역골로 40, 1층 일부호",경기도 화성시 만세구 남양읍 남양리 2028-9 1층 일부호 ,2026-06-25
1866,뉴욕꽈배기 화성시청점,일반음식점,2025-10-31,,38.4,"경기도 화성시 만세구 남양읍 시청로 60, 1층 일부(102)호",경기도 화성시 만세구 남양읍 남양리 2294-6 ,2026-06-25
1867,서진출장요리,일반음식점,2025-11-03,,48.75,"경기도 화성시 만세구 남양읍 하나문길 38, 1층 일부호",경기도 화성시 만세구 남양읍 남양리 1006-5 1층 일부호 ,2026-06-25
1868,두원,일반음식점,2025-11-07,,186.96,"경기도 화성시 만세구 송산면 사강로 173, 2층 전체",경기도 화성시 만세구 송산면 사강리 673-4 2층 전체 ,2026-06-25
1869,송진스낵,일반음식점,2025-11-10,,10,"경기도 화성시 만세구 남양읍 남양서로 65, 송림동불가마 지하1층 일부호",경기도 화성시 만세구 남양읍 송림리 685-1 송림동불가마 지하1층 일부호 ,2026-06-25
1870,주식회사 토지베이커리 앤 브런치카페 새솔직영점,일반음식점,2025-11-13,,299.48,"경기도 화성시 만세구 꽃내음1길 11, 송산센트럴파크 1동 101호 (새솔동)",경기도 화성시 만세구 새솔동 78-5 송산센트럴파크 1동 101호 ,2026-06-25
1871,대왕흑염소,일반음식점,2025-11-18,,138.75,"경기도 화성시 만세구 송산면 공룡로 226, 1층 전체",경기도 화성시 만세구 송산면 쌍정리 935-1 1층 전체 ,2026-06-25
1872,쌍팔통닭,일반음식점,2025-11-19,,216,"경기도 화성시 만세구 서신면 해안길 274, 1동 1층",경기도 화성시 만세구 서신면 제부리 190-326 1동 1층 ,2026-06-25
1873,토핑몬스터피자 화성남양점,일반음식점,2025-11-21,,69.93,"경기도 화성시 만세구 남양읍 역골로60번길 19-14, 1층 일부호",경기도 화성시 만세구 남양읍 남양리 2021-7 1층 일부호 ,2026-06-25
1874,봉구스밥버거 남양점,일반음식점,2025-11-28,,38.13,"경기도 화성시 만세구 남양읍 시청로 12, 성은프라자 1층 일부호(104호)",경기도 화성시 만세구 남양읍 남양리 2253-4 성은프라자 1층 일부호(104호) ,2026-06-25
1875,한우황소곱창,일반음식점,2025-11-28,,79.34,"경기도 화성시 만세구 송산면 사강시장길43번길 2, 1층",경기도 화성시 만세구 송산면 사강리 670-3 ,2026-06-25
1876,빵구네 닭발 사강점,일반음식점,2025-12-02,,67.05,"경기도 화성시 만세구 송산면 송산포도로 102-8, 1층",경기도 화성시 만세구 송산면 사강리 634-3 1층 ,2026-06-25
1877,고기그자리,일반음식점,2025-12-02,,157.23,"경기도 화성시 만세구 남양읍 역골동로 6-3, 1층",경기도 화성시 만세구 남양읍 남양리 2069-1 ,2026-06-25
1878,솔솔 바베큐,일반음식점,2025-12-05,,65.37,"경기도 화성시 만세구 남양읍 송림로92번길 1, 주건축물제1동 1층",경기도 화성시 만세구 남양읍 송림리 325-1 주건축물제1동 1층 ,2026-06-25
1879,오늘의 식탁 제육&도시락,일반음식점,2025-12-09,,47.52,"경기도 화성시 만세구 남양읍 역골중앙로41번길 44, 1층",경기도 화성시 만세구 남양읍 남양리 2033-3 1층 ,2026-06-25
1880,비단 한우 정육식당,일반음식점,2025-12-09,,152.87,"경기도 화성시 만세구 남양읍 남양중앙로 185-73, 1동 1층 일부",경기도 화성시 만세구 남양읍 남양리 2295 1동 1층 일부 ,2026-06-25
1881,서해식당,일반음식점,2025-12-12,,63,"경기도 화성시 만세구 서신면 제부로 719, 1층 일부호",경기도 화성시 만세구 서신면 광평리 236-7 1층 일부호 ,2026-06-25
1882,국밥생각 바이오밸리점,일반음식점,2025-12-12,,125.36,"경기도 화성시 만세구 마도면 청원산단로 207, 베스트프랜드 1층 일부(103,104호)","경기도 화성시 만세구 마도면 청원리 1333 베스트프랜드 1층 일부(103,104호) ",2026-06-25
1883,백년가짬뽕 화성직영점,일반음식점,2025-12-15,,179,"경기도 화성시 만세구 남양읍 글판동길 4, 1층 일부, 글판동길 6 1층 전체","경기도 화성시 만세구 남양읍 남양리 302-1 1층 일부,  남양리 304-3  1층 전체 ",2026-06-25
1884,제임스김밥,일반음식점,2025-12-16,,44.66,"경기도 화성시 만세구 서신면 전곡산단8나길 5, 106호",경기도 화성시 만세구 서신면 전곡리 1113-5 ,2026-06-25
1885,유성집 돼지갈비전문점,일반음식점,2025-12-22,,168.75,"경기도 화성시 만세구 남양읍 역골동로 112-34, 제이앤제이레스터빌딩 1층 일부호(101호, 102호, 103호)","경기도 화성시 만세구 남양읍 남양리 2227-4 제이앤제이레스터빌딩 1층 일부호(101호, 102호, 103호) ",2026-06-25
1886,엄마표김치볶음밥&둥실계란덮밥&내맘대로비빔밥&메가칼국수,일반음식점,2025-12-24,,25.44,"경기도 화성시 만세구 남양읍 역골동로 68, 남양 아이파크 상가동 1층 103호 일부",경기도 화성시 만세구 남양읍 남양리 2048 남양 아이파크 상가동 1층 103호 일부 ,2026-06-25
1887,전주 순대국,일반음식점,2025-12-26,,64.41,"경기도 화성시 만세구 남양읍 남양로920번길 12, 일부(106)호",경기도 화성시 만세구 남양읍 북양리 692-1 ,2026-06-25
1888,통직화 갈비하우스,일반음식점,2025-12-29,,253.1,"경기도 화성시 만세구 남양읍 역골로 72-14, 1동 1층",경기도 화성시 만세구 남양읍 남양리 2269-7 1동 1층 ,2026-06-25
1889,미분당 화성새솔점,일반음식점,2025-12-30,,44.46,"경기도 화성시 만세구 수노을중앙로 156, 폴리프라자2 1층 106호 (새솔동)",경기도 화성시 만세구 새솔동 76-12 폴리프라자2 1층 106호 ,2026-06-25
1890,사강 어무이 해장국,일반음식점,2026-01-07,,20.64,"경기도 화성시 만세구 송산면 송산포도로 133-1, 1층 일부(102)호",경기도 화성시 만세구 송산면 사강리 688 1층 일부(102)호 ,2026-06-25
1891,우리감자탕,일반음식점,2026-01-08,,43.46,"경기도 화성시 만세구 남양읍 남양로 839, 헤븐리2프라자 1동 지1층 B05호",경기도 화성시 만세구 남양읍 남양리 2232-2 헤븐리2프라자 1동 지1층 B05호,2026-06-25
1892,영계소문 옛날통닭 남양점,일반음식점,2026-01-14,,39.78,"경기도 화성시 만세구 남양읍 남양로 671, THE GOOD MATE복합빌딩 1동 109호",경기도 화성시 만세구 남양읍 남양리 2320-5 THE GOOD MATE복합빌딩 1동 109호 ,2026-06-25
1893,뿌리회관,일반음식점,2026-01-19,,115.05,"경기도 화성시 만세구 송산면 사강로 89, 1층",경기도 화성시 만세구 송산면 사강리 467-6 ,2026-06-25
1894,한여사의덤,일반음식점,2026-01-20,,33.21,"경기도 화성시 만세구 마도면 청원산단로 131, 104호",경기도 화성시 만세구 마도면 청원리 1354 ,2026-06-25
1895,짬뽕관 화성남양점,일반음식점,2026-01-22,,140.3,"경기도 화성시 만세구 남양읍 남양성지로 139-1, 202호",경기도 화성시 만세구 남양읍 남양리 1197 ,2026-06-25
1896,우미함바식당,일반음식점,2026-01-23,,180.96,,경기도 화성시 만세구 남양읍 남양리 2198 1동 1층 일부호 ,2026-06-25
1897,루아노아,일반음식점,2026-01-27,,44.52,"경기도 화성시 만세구 남양읍 역골동로 124, 스마트프라자 1층102호",경기도 화성시 만세구 남양읍 남양리 2230-1 스마트프라자 1층102호 ,2026-06-25
1898,노다지찹쌀통닭,일반음식점,2026-01-27,,33.62,"경기도 화성시 만세구 수노을1로 107, 상가동 1층 106호 (새솔동, 송산신도시 대방노블랜드 리버스위트 2차)",경기도 화성시 만세구 새솔동 11 송산신도시 대방노블랜드 리버스위트 2차 상가동 106호,2026-06-25
1899,커피킹,일반음식점,2026-01-28,,99.22,"경기도 화성시 만세구 남양읍 남양성지로 38, 가동 1층 일부호",경기도 화성시 만세구 남양읍 남양리 468 가동 1층 일부호 ,2026-06-25
1900,블루리본 아뜰리에,일반음식점,2026-01-28,,80.3,"경기도 화성시 만세구 남양읍 역골중앙로70번길 3-13, 1층 일부",경기도 화성시 만세구 남양읍 남양리 2045-3 1층 일부 ,2026-06-25
1901,BHC 궁평항점,일반음식점,2026-01-30,,78.4,"경기도 화성시 만세구 서신면 궁평항로 1069-4, 1동 2층 일부호",경기도 화성시 만세구 서신면 궁평리 666-38 ,2026-06-25
1902,카페222 남양점,일반음식점,2026-02-03,,37.09,"경기도 화성시 만세구 남양읍 시청로202번길 74-26, 1동 일부(102)호",경기도 화성시 만세구 남양읍 남양리 2166-1 ,2026-06-25
1903,프레드피자새솔점,일반음식점,2026-02-05,,45.78,"경기도 화성시 만세구 수노을1로 191, 상가4동 1층 105호 (새솔동, 송산그린시티 이지더원 레이크뷰 아파트)",경기도 화성시 만세구 새솔동 18 송산그린시티 이지더원 레이크뷰 아파트 상가4동 1층 105호 ,2026-06-25
1904,오리단길,일반음식점,2026-02-06,,171.12,"경기도 화성시 만세구 남양읍 남양로 500, 1층 일부호",경기도 화성시 만세구 남양읍 신남리 233 ,2026-06-25
1905,모노그레이커피,일반음식점,2026-02-09,,99.83,"경기도 화성시 만세구 남양읍 역골동로 112-34, 제이앤제이레스터빌딩 1층 일부호(105호, 106호)","경기도 화성시 만세구 남양읍 남양리 2227-4 제이앤제이레스터빌딩 1층 일부호(105호, 106호) ",2026-06-25
1906,신풍미참숯양꼬치,일반음식점,2026-02-11,,51.66,"경기도 화성시 만세구 꽃내음1길 19-18, 송산프라자 1층 104호 (새솔동)",경기도 화성시 만세구 새솔동 77-3 송산프라자 ,2026-06-25
1907,태영생막창,일반음식점,2026-02-19,,84.88,"경기도 화성시 만세구 남양읍 역골로 81-28, 1동 1층 일부호",경기도 화성시 만세구 남양읍 남양리 2263-9 1동 1층 일부호 ,2026-06-25
1908,헤일로레빗,일반음식점,2026-02-20,,45.51,"경기도 화성시 만세구 남양읍 시청로160번길 33, 삼익리베리움 110호",경기도 화성시 만세구 남양읍 남양리 2321-1 ,2026-06-25
1909,복돼지국밥,일반음식점,2026-02-26,,67.74,"경기도 화성시 만세구 남양읍 남양시장로 88, 일부(104)호",경기도 화성시 만세구 남양읍 남양리 1267-2 ,2026-06-25
1910,초옹장,일반음식점,2026-02-27,,116.8,"경기도 화성시 만세구 남양읍 역골중앙로41번길 39, 일부(101)호",경기도 화성시 만세구 남양읍 남양리 2021-20 ,2026-06-25
1911,육식사관학교 남양읍점,일반음식점,2026-03-03,,27.72,"경기도 화성시 만세구 남양읍 역골중앙로70번길 3-6, 1층 일부호",경기도 화성시 만세구 남양읍 남양리 2046-15 ,2026-06-25
1912,아이스크림스토리 남양시티1호점,일반음식점,2026-03-09,,7.56,"경기도 화성시 만세구 남양읍 시청로102번길 51, 상가2동 1층 112호일부호 (시티프라디움1차아파트)",경기도 화성시 만세구 남양읍 남양리 2312 시티프라디움1차아파트 상가2동 1층 112호 일부호 ,2026-06-25
1913,담은,일반음식점,2026-03-10,,83.67,"경기도 화성시 만세구 남양읍 시청로202번길 8-48, 1층",경기도 화성시 만세구 남양읍 남양리 2148-3 ,2026-06-25
1914,토종농가밥상,일반음식점,2026-03-12,,329.57,"경기도 화성시 만세구 서신면 영종로안길 24, 화성에코팜테마파크 징검다리활력센터 1층 일부호",경기도 화성시 만세구 서신면 궁평리 749 화성에코팜테마파크 징검다리활력센터 1층 일부호 ,2026-06-25
1915,제부도 씨앗호떡,일반음식점,2026-03-12,,27.35,"경기도 화성시 만세구 서신면 해안길 46, 1동 1층 일부호(4호)",경기도 화성시 만세구 서신면 제부리 20-45 1동 1층 일부호(4호) ,2026-06-25
1916,유씨네 본가 누룽지 삼계탕 화성남양점,일반음식점,2026-03-13,,210.16,"경기도 화성시 만세구 남양읍 남양성지로 48, 1층 일부(3, 4)호","경기도 화성시 만세구 남양읍 남양리 473 1층 일부(3, 4) ",2026-06-25
1917,태백칡냉면,일반음식점,2026-03-16,,32.35,"경기도 화성시 만세구 남양읍 역골로 23-14, 1동 1층 101호 일부호",경기도 화성시 만세구 남양읍 남양리 2074-14 1동 1층 101호 일부호 ,2026-06-25
1918,돼지방,일반음식점,2026-03-18,,96.65,"경기도 화성시 만세구 남양읍 시청로32번길 5-22, 1층 일부호",경기도 화성시 만세구 남양읍 남양리 2291-2 1층 일부호,2026-06-25
1919,둬우쉬따하와이,일반음식점,2026-03-18,,112.67,"경기도 화성시 만세구 남양읍 남양시장로66번길 9-2, 2층 일부호",경기도 화성시 만세구 남양읍 남양리 1172-23 2층 일부호,2026-06-25
1920,서신국밥,일반음식점,2026-03-25,,99.66,"경기도 화성시 만세구 서신면 매화2길 39, 1층",경기도 화성시 만세구 서신면 상안리 868-1 1층 ,2026-06-25
1921,그놈포차 화성시청점,일반음식점,2026-04-08,,99,"경기도 화성시 만세구 남양읍 시청로 113, 센타프라자 2층 201호",경기도 화성시 만세구 남양읍 남양리 2072-7 센타프라자  2층 201호,2026-06-25
1922,한끼정원 한식뷔페,일반음식점,2026-04-08,,189.6,"경기도 화성시 만세구 송산면 화성로 615, 1층 일부호",경기도 화성시 만세구 송산면 삼존리 750-1 1층 일부호,2026-06-25
1923,백산칡냉면,일반음식점,2026-04-13,031 -355 -7482,115.2,"경기도 화성시 만세구 남양읍 역골동로 14-16, 1동 1층",경기도 화성시 만세구 남양읍 남양리 2068-6 1동 1층 ,2026-06-25
1924,장덕사골곰탕,일반음식점,2026-04-14,,226.96,"경기도 화성시 만세구 남양읍 매바위로 531, A, B동",경기도 화성시 만세구 남양읍 장덕리 773-34 ,2026-06-25
1925,제주덕구 새솔점,일반음식점,2026-04-16,,137.76,"경기도 화성시 만세구 꽃내음1길 17, 101, 102, 103호 (새솔동)",경기도 화성시 만세구 새솔동 78-4 ,2026-06-25
1926,복청-흑진원,일반음식점,2026-04-20,031 -355 -7277,280.89,"경기도 화성시 만세구 남양읍 남양성지로 99, 1층 일부호",경기도 화성시 만세구 남양읍 남양리 670-4 1층 일부호 ,2026-06-25
1927,청춘포차,일반음식점,2026-04-20,,111.68,"경기도 화성시 만세구 마도면 마도공단로3길 7-7, 1층 전체",경기도 화성시 만세구 마도면 쌍송리 669-14 1층 전체 ,2026-06-25
1928,장덕식당,일반음식점,2026-04-23,,130.35,"경기도 화성시 만세구 남양읍 남양로 268, 주건축물제1동 2층 일부호(201호)",경기도 화성시 만세구 남양읍 장덕리 106-5 주건축물제1동 2층 일부호(201호) ,2026-06-25
1929,원두막갈비(성림),일반음식점,2026-04-23,,498.92,"경기도 화성시 만세구 송산면 화성로 417, 1층, 2층 전체","경기도 화성시 만세구 송산면 봉가리 406-1 1층, 2층 전체 ",2026-06-25
1930,해적왕 소미포차,일반음식점,2026-04-27,,78.98,"경기도 화성시 만세구 남양읍 역골중앙로70번길 3-16, 1층 일부(101)호",경기도 화성시 만세구 남양읍 남양리 2046-20 ,2026-06-25
1931,플로움(FLOWOOM),일반음식점,2026-05-04,,39.21,"경기도 화성시 만세구 꽃내음1길 19-18, 송산프라자 1층 112호 (새솔동)",경기도 화성시 만세구 새솔동 77-3 송산프라자 1층 112호,2026-06-25
1932,홍콩챠우,일반음식점,2026-05-07,,138.7,"경기도 화성시 만세구 남양읍 남양로 592, 1동 1층 전체호",경기도 화성시 만세구 남양읍 신남리 8-1 1동 1층 전체호 ,2026-06-25
1933,순하담(주),일반음식점,2026-05-18,,49.8,"경기도 화성시 만세구 서신면 전곡항로14번길 2-25, 1층",경기도 화성시 만세구 서신면 전곡리 962 ,2026-06-25
1934,가령이네,일반음식점,2026-05-20,,144.93,"경기도 화성시 만세구 남양읍 시청로 54, 1층 101,102호","경기도 화성시 만세구 남양읍 남양리 2294-2 1층 101,102호 ",2026-06-25
1935,행복밥상,일반음식점,2026-05-20,,114.95,"경기도 화성시 만세구 송산면 사강시장길 46, 1층",경기도 화성시 만세구 송산면 사강리 671-7 1층 ,2026-06-25
1936,만두샾,일반음식점,2026-05-21,,38.12,"경기도 화성시 만세구 수노을중앙로 162, 폴리프라자Ⅰ 1층 107호 (새솔동)",경기도 화성시 만세구 새솔동 76-14 폴리프라자Ⅰ 1층 107호 ,2026-06-25
1937,여우야,일반음식점,2026-05-27,,43.2,"경기도 화성시 만세구 남양읍 남양시장로65번길 3, 1층 일부호",경기도 화성시 만세구 남양읍 남양리 1163-4 ,2026-06-25
1938,한상가득한식뷔페,일반음식점,2026-05-28,,130.51,"경기도 화성시 만세구 남양읍 무하로 65, 1층 일부호",경기도 화성시 만세구 남양읍 무송리 461-4 ,2026-06-25
1939,특공푸드,일반음식점,2026-06-02,,37.43,"경기도 화성시 만세구 남양읍 남양로 675, 센트럴큐브시티 103호",경기도 화성시 만세구 남양읍 남양리 2320-4 ,2026-06-25
1940,딥솔티,일반음식점,2026-06-02,,130.85,"경기도 화성시 만세구 남양읍 남양천로 85, 1층",경기도 화성시 만세구 남양읍 남양리 2242-4 ,2026-06-25
1941,엄마큰아들,일반음식점,2026-06-11,,98.28,"경기도 화성시 만세구 남양읍 남양시장로 85, 2층 일부호",경기도 화성시 만세구 남양읍 남양리 1267-1 2층 일부호 ,2026-06-25
1942,K가든보일링BBQ,일반음식점,2026-06-11,,178.46,"경기도 화성시 만세구 꽃내음1길 19-6, 송산엔젤리움 윈팰리스 7차 1동 8층 801호 (새솔동)",경기도 화성시 만세구 새솔동 77-1 송산엔젤리움 윈팰리스 7차 1동 8층 801호 ,2026-06-25
1943,시골가마솥김치찜,일반음식점,2026-06-15,,68.7,"경기도 화성시 만세구 남양읍 역골중앙로100번길 12-3, 1동 1층 일부호(101호)",경기도 화성시 만세구 남양읍 남양리 2043-1 1동 1층 일부호(101호) ,2026-06-25
1944,카스타만답반사가르(K.BHANSAGHAR),일반음식점,2026-06-15,,27.3,"경기도 화성시 만세구 마도면 마도공단로1길 8, 마도지구유통업무및지원시설 가동 1층 133호",경기도 화성시 만세구 마도면 쌍송리 662 마도지구유통업무및지원시설 가동 1층133호,2026-06-25
1945,호룡각,일반음식점,2026-06-16,,134.82,"경기도 화성시 만세구 남양읍 역골로 23-25, 1층 103호",경기도 화성시 만세구 남양읍 남양리 2075-1 ,2026-06-25
1946,온담숯불국수 화성송산점,일반음식점,2026-06-17,,118.08,"경기도 화성시 만세구 송산면 화성로 267, 1층 일부호",경기도 화성시 만세구 송산면 육일리 427-6 1층 일부호,2026-06-25
1947,제부도서해바지락,일반음식점,2026-06-18,,93,"경기도 화성시 만세구 서신면 제부로 241, 1층 일부",경기도 화성시 만세구 서신면 송교리 378-8 1층 일부 ,2026-06-25
1948,지에스25화성서희스타점,휴게음식점,2024-01-04,,3.3,"경기도 화성시 만세구 남양읍 고향의봄길 36, 지하2층 204호 (화성시청역 서희스타힐스4차 숲속마을)",경기도 화성시 만세구 남양읍 신남리 산 96-8 화성시청역 서희스타힐스4차 숲속마을 ,2026-06-25
1949,K C&C(케이씨앤씨),휴게음식점,2024-01-16,,28,"경기도 화성시 만세구 남양읍 역골로 23-14, 1동 1층 일부호",경기도 화성시 만세구 남양읍 남양리 2074-14 ,2026-06-25
1950,씨유 화성북양공단점,휴게음식점,2024-01-24,,3.3,"경기도 화성시 만세구 남양읍 주석로 58, 3동 1층 일부호",경기도 화성시 만세구 남양읍 북양리 362 ,2026-06-25
1951,냠냠 꼬마김밥,휴게음식점,2024-01-24,,108.97,"경기도 화성시 만세구 남양읍 역골로 75-22, 1층",경기도 화성시 만세구 남양읍 남양리 2265-5 ,2026-06-25
1952,마린보리,휴게음식점,2024-01-26,,96,경기도 화성시 만세구 서신면 전곡항로14번길 11-25,경기도 화성시 만세구 서신면 전곡리 878 ,2026-06-25
1953,과일을부탁해 두리안점,휴게음식점,2024-01-29,,47.19,"경기도 화성시 만세구 수노을중앙로 118, 1층 108호 (새솔동)",경기도 화성시 만세구 새솔동 76-3 ,2026-06-25
1954,발도스커피,휴게음식점,2024-02-05,,58.64,"경기도 화성시 만세구 송산면 송산산단2길 29, 1층 102호",경기도 화성시 만세구 송산면 지화리 683-2 1층102호,2026-06-25
1955,궁평항바삭바삭튀김,휴게음식점,2024-02-06,,39.84,"경기도 화성시 만세구 서신면 궁평항로 1069-8, 103호",경기도 화성시 만세구 서신면 궁평리 666-20 ,2026-06-25
1956,세븐일레븐화성남양은장점,휴게음식점,2024-02-13,,3.3,"경기도 화성시 만세구 남양읍 화성로 979, 101호",경기도 화성시 만세구 남양읍 남양리 367-1 ,2026-06-25
1957,달보드레,휴게음식점,2024-02-14,,58.52,"경기도 화성시 만세구 남양읍 역골동로 20-8, 102호",경기도 화성시 만세구 남양읍 남양리 2067-3 ,2026-06-25
1958,지에스25 송산엘리프점,휴게음식점,2024-02-20,,3.3,"경기도 화성시 만세구 수노을중앙로 337, 1층 101호 (새솔동, 메종 드 엘리프 송산)",경기도 화성시 만세구 새솔동 164 메종 드 엘리프 송산 ,2026-06-25
1959,세븐일레븐 화성송산포도점,휴게음식점,2024-02-22,,3.3,"경기도 화성시 만세구 송산면 송산포도로 496-3, 1층 일부호",경기도 화성시 만세구 송산면 마산리 689-1 1층 일부호 ,2026-06-25
1960,해갓(HAEGOT),휴게음식점,2024-02-22,,495.51,"경기도 화성시 만세구 서신면 살곶이길86번길 53, 지하1~지상2층",경기도 화성시 만세구 서신면 송교리 799-3 지하1~지상2층 ,2026-06-25
1961,라움수영,휴게음식점,2024-02-27,,44.53,"경기도 화성시 만세구 노들길 6-15, 라움퍼스트타워 3층 302호 (새솔동)",경기도 화성시 만세구 새솔동 102-2 라움퍼스트타워 3층 302호 ,2026-06-25
1962,카페잇썸(CAFE EATSOME),휴게음식점,2024-02-28,,34.21,"경기도 화성시 만세구 남양읍 역골동로 61, 1층 일부호(101호)",경기도 화성시 만세구 남양읍 남양리 2050-3 1층 일부호(101호) ,2026-06-25
1963,은혜네텃밭반찬,휴게음식점,2024-03-06,,72.93,"경기도 화성시 만세구 남양읍 남양성지로 22-5, 1층 일부호",경기도 화성시 만세구 남양읍 남양리 465-6 ,2026-06-25
1964,아가뚱밥,휴게음식점,2024-03-15,,40.2,"경기도 화성시 만세구 수노을중앙로 293, 상가1동 103호 (새솔동, 모아미래도 에듀포레)",경기도 화성시 만세구 새솔동 27 모아미래도 에듀포레 ,2026-06-25
1965,creampage(크림페이지),휴게음식점,2024-04-05,,32.6,"경기도 화성시 만세구 남양읍 역골로 48, 1층 일부호",경기도 화성시 만세구 남양읍 남양리 2028-14 ,2026-06-25
1966,GOGO BAKE SHOP(고고베이크샵),휴게음식점,2024-04-05,,101.26,"경기도 화성시 만세구 남양읍 화성시청역로 36, 133, 134, 135호",경기도 화성시 만세구 남양읍 신남리 1576 ,2026-06-25
1967,세븐일레븐 화성남양양우점,휴게음식점,2024-04-08,,3.3,"경기도 화성시 만세구 남양읍 시청로 66, 1층 일부(103)호",경기도 화성시 만세구 남양읍 남양리 2294-9 ,2026-06-25
1968,GS25 화성서희힐스점,휴게음식점,2024-04-12,,3.3,"경기도 화성시 만세구 남양읍 고향의봄길 36, 215동 101호 (화성시청역 서희스타힐스4차 숲속마을)",경기도 화성시 만세구 남양읍 신남리 산 96-8 화성시청역 서희스타힐스4차 숲속마을 ,2026-06-25
1969,스타벅스 송산마도IC DT점,휴게음식점,2024-04-12,  02-3015-1180,476.03,"경기도 화성시 만세구 마도면 화성로 811, 1,2층",경기도 화성시 만세구 마도면 두곡리 312-4 ,2026-06-25
1970,조이커피로스터스,휴게음식점,2024-04-17,,60.76,"경기도 화성시 만세구 남양읍 시청로202번길 74-63, 101호",경기도 화성시 만세구 남양읍 남양리 2156-6 ,2026-06-25
1971,더맑음,휴게음식점,2024-05-03,,52.08,"경기도 화성시 만세구 남양읍 역골로 81-6, 101호",경기도 화성시 만세구 남양읍 남양리 2262-4 ,2026-06-25
1972,메가엠지씨커피 송산이지더원점,휴게음식점,2024-05-10,,45.78,"경기도 화성시 만세구 수노을1로 191, 상가4동 102호 (새솔동, 송산그린시티 이지더원 레이크뷰 아파트)",경기도 화성시 만세구 새솔동 18 송산그린시티 이지더원 레이크뷰 아파트 ,2026-06-25
1973,마리나 매점,휴게음식점,2024-05-17,,57.54,"경기도 화성시 만세구 서신면 전곡항로 5, 전곡마리나클럽하우스 1층 일부(소매점-1)호",경기도 화성시 만세구 서신면 전곡리 1076 전곡마리나클럽하우스 ,2026-06-25
1974,투썸플레이스 송산새솔점,휴게음식점,2024-05-23,031-357-3267,156.57,"경기도 화성시 만세구 큰나래2길 53, 106,107,108,109,110호 (새솔동)",경기도 화성시 만세구 새솔동 131-2 ,2026-06-25
1975,지에스25 화성IC점,휴게음식점,2024-05-29,,3.3,"경기도 화성시 만세구 남양읍 남양로 488, 1동 1층 일부호",경기도 화성시 만세구 남양읍 신남리 239-4 ,2026-06-25
1976,화성시니어클럽 노노카페 송린이음터점,휴게음식점,2024-06-05,031-8059-4348,53.05,"경기도 화성시 만세구 수노을2로 150, 1층 (새솔동)",경기도 화성시 만세구 새솔동 125 ,2026-06-25
1977,味다스:맛도라,휴게음식점,2024-06-10,,36.4,"경기도 화성시 만세구 꽃내음2길 46-3, 1층 110호 (새솔동)",경기도 화성시 만세구 새솔동 54 ,2026-06-25
1978,E12(이일이),휴게음식점,2024-06-12,,66,"경기도 화성시 만세구 남양읍 역골로 82-13, 1층 일부호(102호)",경기도 화성시 만세구 남양읍 남양리 2274-7 1층 일부호(102호) ,2026-06-25
1979,배스킨라빈스 송산그린시티점,휴게음식점,2024-06-21,,59.4,"경기도 화성시 만세구 수노을중앙로 136, 113호 (새솔동)",경기도 화성시 만세구 새솔동 76-7 ,2026-06-25
1980,(주)에이엔 송산지점,휴게음식점,2024-06-26,,221.18,"경기도 화성시 만세구 꽃내음1길 19-22, 1동 1층 106-109호 (새솔동)",경기도 화성시 만세구 새솔동 77-4 1동 1층 106-109호 ,2026-06-25
1981,지에스25 화성남양중앙점,휴게음식점,2024-07-03,,3.3,"경기도 화성시 만세구 남양읍 시청로160번길 52, 110호",경기도 화성시 만세구 남양읍 남양리 2319-1 110호 ,2026-06-25
1982,인식당 마도점,휴게음식점,2024-07-10,,298,"경기도 화성시 만세구 마도면 절골로 52, 일부호",경기도 화성시 만세구 마도면 청원리 110-3 ,2026-06-25
1983,지에스25 남양무송점,휴게음식점,2024-07-12,,3.3,"경기도 화성시 만세구 남양읍 현대기아로 292, 101호",경기도 화성시 만세구 남양읍 무송리 552 101호 ,2026-06-25
1984,CHOI COFFEE(초이커피),휴게음식점,2024-07-16,,43,"경기도 화성시 만세구 마도면 절골로 38, 1층 일부호",경기도 화성시 만세구 마도면 청원리 107-6 ,2026-06-25
1985,지에스25 화성남양신남,휴게음식점,2024-07-25,,3.3,"경기도 화성시 만세구 남양읍 신남로 85, 1층",경기도 화성시 만세구 남양읍 신남리 901-32 ,2026-06-25
1986,스타벅스 남양화성로DT점,휴게음식점,2024-07-26,,585.26,경기도 화성시 만세구 남양읍 화성로 1166,경기도 화성시 만세구 남양읍 남양리 622 ,2026-06-25
1987,카페 파티오,휴게음식점,2024-08-01,031 -355 -0125,389.34,"경기도 화성시 만세구 남양읍 남양시장로25번길 58-7, 1-2층",경기도 화성시 만세구 남양읍 남양리 1150-2 1-2층 ,2026-06-25
1988,호호푸드,휴게음식점,2024-08-07,,10,"경기도 화성시 만세구 꽃내음1길 30, 수노을중앙공원 (새솔동)",경기도 화성시 만세구 새솔동 83 수노을중앙공원 ,2026-06-25
1989,카페 아름,휴게음식점,2024-08-07,,82.99,"경기도 화성시 만세구 남양읍 남양로920번길 6, 1층 일부",경기도 화성시 만세구 남양읍 북양리 691-1 1층 일부 ,2026-06-25
1990,샛별김밥,휴게음식점,2024-08-14,,40.2,"경기도 화성시 만세구 수노을1로 191, 상가2동 B101호 (새솔동, 송산그린시티 이지더원 레이크뷰 아파트)",경기도 화성시 만세구 새솔동 18 송산그린시티 이지더원 레이크뷰 아파트 상가2동 B101호,2026-06-25
1991,하마필름&맛집 화성송산점,휴게음식점,2024-08-20,,32.9,"경기도 화성시 만세구 송산면 송산포도로 148, 1층 일부(103)호",경기도 화성시 만세구 송산면 사강리 567-11 ,2026-06-25
1992,페이브베이커리 화성남양점(fave),휴게음식점,2024-08-20,,401.46,"경기도 화성시 만세구 남양읍 남양성지로 245-1, 1,2층",경기도 화성시 만세구 남양읍 남양리 1393 ,2026-06-25
1993,인사동곱돌쌍화차 남양점,휴게음식점,2024-08-28,,247,"경기도 화성시 만세구 남양읍 남양로 537, 1층",경기도 화성시 만세구 남양읍 신남리 104-4 1층 ,2026-06-25
1994,라메르 커피,휴게음식점,2024-08-28,,32,"경기도 화성시 만세구 남양읍 남양중앙로 419, 상가동 106호",경기도 화성시 만세구 남양읍 남양리 2201 상가동 106호,2026-06-25
1995,카페요아정 송산그린시티점,휴게음식점,2024-09-20,,42,"경기도 화성시 만세구 수노을중앙로 160, 103호 (새솔동)",경기도 화성시 만세구 새솔동 76-13 103호,2026-06-25
1996,요거트월드 송산그린시티점,휴게음식점,2024-10-08,,47.46,"경기도 화성시 만세구 수노을1로 191, 상가4동 101호 (새솔동, 송산그린시티 이지더원 레이크뷰 아파트)",경기도 화성시 만세구 새솔동 18 송산그린시티 이지더원 레이크뷰 아파트 ,2026-06-25
1997,요거트아이스크림의정석 화성남양점,휴게음식점,2024-10-23,,54,"경기도 화성시 만세구 남양읍 역골동로 15-1, 101-1호",경기도 화성시 만세구 남양읍 남양리 2064-7 ,2026-06-25
1998,씨유 화성신남로점,휴게음식점,2024-10-25,,3.3,"경기도 화성시 만세구 남양읍 신남로 320, 1층 일부호",경기도 화성시 만세구 남양읍 신남리 1236-1 ,2026-06-25
1999,컴포즈커피 화성남양로점,휴게음식점,2024-10-30,,52,"경기도 화성시 만세구 남양읍 남양로 589, 1동 3호",경기도 화성시 만세구 남양읍 신남리 47-6 ,2026-06-25
2000,세븐일레븐 화성남양천점,휴게음식점,2024-10-30,,3.3,"경기도 화성시 만세구 남양읍 신남로 53, 2동 1층 일부",경기도 화성시 만세구 남양읍 남양리 963-6 2동 1층 일부 ,2026-06-25
2001,카페호탕,휴게음식점,2024-11-04,,61.79,"경기도 화성시 만세구 꽃내음1길 25, 107호 (새솔동)",경기도 화성시 만세구 새솔동 77-10 ,2026-06-25
2002,우리는 식구,휴게음식점,2024-11-12,,33.18,"경기도 화성시 만세구 송산면 사강시장길25번길 5, 1층 101호 (태성아파트)",경기도 화성시 만세구 송산면 사강리 700-1 태성아파트 ,2026-06-25
2003,제로백PC 화성시청,휴게음식점,2024-11-13,,250.08,"경기도 화성시 만세구 남양읍 시청로 105, 2층 전체",경기도 화성시 만세구 남양읍 남양리 2072-2 2층 전체 ,2026-06-25
2004,이마트24 송산대방점,휴게음식점,2024-11-20,,3.3,"경기도 화성시 만세구 수노을1로 148, 상가동 102호 (새솔동, 송산신도시 대방노블랜드 더퍼스티지 1차)",경기도 화성시 만세구 새솔동 14 송산신도시 대방노블랜드 더퍼스티지 1차 상가동 102호,2026-06-25
2005,배스킨라빈스(화성남양뉴타운점),휴게음식점,2024-11-28,,52.4,"경기도 화성시 만세구 남양읍 남양로 829, 1층 122호",경기도 화성시 만세구 남양읍 남양리 2232-5 1층 122호 ,2026-06-25
2006,GS25 송산대방점,휴게음식점,2024-12-03,,3.3,"경기도 화성시 만세구 수노을1로 107, 상가동 108,109호 (새솔동, 송산신도시 대방노블랜드 리버스위트 2차)",경기도 화성시 만세구 새솔동 11 송산신도시 대방노블랜드 리버스위트 2차 ,2026-06-25
2007,느루한끼,휴게음식점,2024-12-04,,30.6,"경기도 화성시 만세구 남양읍 남양성지로 12, 우림그린빌리지 상가B동 113호",경기도 화성시 만세구 남양읍 남양리 415-3 우림그린빌리지 상가B동 113호,2026-06-25
2008,고향의봄 베이커리 카페 화성남양본점,휴게음식점,2024-12-05,,371.33,"경기도 화성시 만세구 남양읍 고향의봄길 260, 1층 일부, 2층, 옥탑층 전체","경기도 화성시 만세구 남양읍 활초리 603-1 1층 일부, 2층, 옥탑층 전체 ",2026-06-25
2009,씨유 화성서부점,휴게음식점,2024-12-13,,3.3,"경기도 화성시 만세구 송산면 화성로 267, 1층 일부호",경기도 화성시 만세구 송산면 육일리 427-6 ,2026-06-25
2010,이엠방갈리안할랄푸드,휴게음식점,2024-12-16,,37.35,"경기도 화성시 만세구 남양읍 남양시장로 92, 센타프라자 101호",경기도 화성시 만세구 남양읍 남양리 1268-2 센타프라자 ,2026-06-25
2011,씨유 화성엠폴리스점,휴게음식점,2024-12-27,,6.6,"경기도 화성시 만세구 노들길 4, 1층 106호 일부 (새솔동)",경기도 화성시 만세구 새솔동 99-6 1층 106호 일부 ,2026-06-25
2012,세븐일레븐 사강중앙점,휴게음식점,2025-01-02,,6.6,"경기도 화성시 만세구 송산면 사강시장길 52, 사강쇼핑 1층 일부호",경기도 화성시 만세구 송산면 사강리 662-5 사강쇼핑 1층 일부호,2026-06-25
2013,감동까스,휴게음식점,2025-01-08,,35.36,"경기도 화성시 만세구 남양읍 역골로49번길 6-12, 1층",경기도 화성시 만세구 남양읍 남양리 2014-4 ,2026-06-25
2014,세븐일레븐 화성마도북로점,휴게음식점,2025-01-15,,3.3,"경기도 화성시 만세구 마도면 마도북로 390-27, 1층 일부호",경기도 화성시 만세구 마도면 석교리 238-71 ,2026-06-25
2015,빽다방 화성새솔송린점,휴게음식점,2025-01-20,,70.2,"경기도 화성시 만세구 노들길 4, 107, 108호 (새솔동)",경기도 화성시 만세구 새솔동 99-6 ,2026-06-25
2016,세븐일레븐 화성청원산단점,휴게음식점,2025-01-23,,3.3,"경기도 화성시 만세구 마도면 청원산단로 201, 105호 일부",경기도 화성시 만세구 마도면 청원리 1335 105호 일부 ,2026-06-25
2017,with 앨리스,휴게음식점,2025-01-23,,55.55,"경기도 화성시 만세구 수노을2로 11, 2층 203호 (새솔동)",경기도 화성시 만세구 새솔동 76-1 2층 203호 ,2026-06-25
2018,HAMMER STAMP(해머스탬프),휴게음식점,2025-02-10,,45.2,"경기도 화성시 만세구 남양읍 남양로 697, 105호",경기도 화성시 만세구 남양읍 남양리 2078-5 ,2026-06-25
2019,정직유부 화성새솔점,휴게음식점,2025-02-14,,42.56,"경기도 화성시 만세구 수노을중앙로 146, 104호 (새솔동)",경기도 화성시 만세구 새솔동 76-10 ,2026-06-25
2020,세븐일레븐 송산그린시티점,휴게음식점,2025-02-18,02 3-2848-120,3.3,"경기도 화성시 만세구 꽃내음1길 25, 1층 106호 일부 (새솔동)",경기도 화성시 만세구 새솔동 77-10 1층 106호 일부 ,2026-06-25
2021,CU 화성북양점,휴게음식점,2025-02-26,,3.3,경기도 화성시 만세구 남양읍 현대기아로 674,경기도 화성시 만세구 남양읍 북양리 590 ,2026-06-25
2022,엄지분식,휴게음식점,2025-02-26,,25,"경기도 화성시 만세구 송산면 송산포도로 117-3, 1층 일부",경기도 화성시 만세구 송산면 사강리 681-7 1층 일부 ,2026-06-25
2023,TAQWA HALAL MART&RESTAURANT(타크와할랄마트&레스토랑),휴게음식점,2025-03-14,,33,"경기도 화성시 만세구 송산면 송산포도로 93, 2층일부(201호)",경기도 화성시 만세구 송산면 사강리 639-9 2층일부(201호) ,2026-06-25
2024,컴포즈커피 화성사강시장점,휴게음식점,2025-03-18,,78.21,"경기도 화성시 만세구 송산면 사강로 201, B동 1층 1호",경기도 화성시 만세구 송산면 사강리 643 ,2026-06-25
2025,오엑스피시방(OXPC)화성시청점,휴게음식점,2025-03-25,,10,"경기도 화성시 만세구 남양읍 역골로 29, 돈박프라자 3층 일부호",경기도 화성시 만세구 남양읍 남양리 2074-8 돈박프라자 ,2026-06-25
2026,세븐일레븐 마도공단점,휴게음식점,2025-03-26,,2.7,"경기도 화성시 만세구 마도면 마도공단로1길 8, 마도지구유통업무및지원시설 가동 1층 일부(134)호",경기도 화성시 만세구 마도면 쌍송리 662 마도지구유통업무및지원시설 ,2026-06-25
2027,CU화성석교점,휴게음식점,2025-04-01,,3.3,"경기도 화성시 만세구 마도면 화성로 774, 101호 일부",경기도 화성시 만세구 마도면 석교리 229-10 101호 일부 ,2026-06-25
2028,캠프지존캠프마스터,휴게음식점,2025-04-01,,3,"경기도 화성시 만세구 마도면 쌍송길119번길 58, 1층 일부호",경기도 화성시 만세구 마도면 쌍송리 590-15 ,2026-06-25
2029,요거트퍼플 화성시청점,휴게음식점,2025-04-02,,47.5,"경기도 화성시 만세구 남양읍 남양로 829, 1동 1층 113호",경기도 화성시 만세구 남양읍 남양리 2232-5 ,2026-06-25
2030,쉼표,휴게음식점,2025-04-03,,39,"경기도 화성시 만세구 남양읍 주석로 229, 1동 1호",경기도 화성시 만세구 남양읍 북양리 522-3 ,2026-06-25
2031,과일에반하다 프루타 송산신도시점,휴게음식점,2025-04-03,,33.62,"경기도 화성시 만세구 수노을1로 108, 108호 (새솔동, 송산신도시 대방노블랜드 더센트럴 3차)",경기도 화성시 만세구 새솔동 13 송산신도시 대방노블랜드 더센트럴 3차 ,2026-06-25
2032,Egg2000 화성송산점(에그2000),휴게음식점,2025-04-07,,58.81,"경기도 화성시 만세구 송산면 송산서로 149, 1층 일부호",경기도 화성시 만세구 송산면 중송리 225-1 1층 일부호 ,2026-06-25
2033,이두부야 화성남양점,휴게음식점,2025-04-14,,64.87,"경기도 화성시 만세구 남양읍 남양로 829, 116호",경기도 화성시 만세구 남양읍 남양리 2232-5 ,2026-06-25
2034,탐스PC 화성시청점,휴게음식점,2025-04-16,,250.71,"경기도 화성시 만세구 남양읍 시청로 107, 2층 전체",경기도 화성시 만세구 남양읍 남양리 2072-3 2층 전체 ,2026-06-25
2035,박경호육해공스토리떡볶이,휴게음식점,2025-04-18,,76.5,"경기도 화성시 만세구 꽃내음1길 19-26, 104호 (새솔동)",경기도 화성시 만세구 새솔동 77-5 ,2026-06-25
2036,메이플,휴게음식점,2025-04-28,,97.28,"경기도 화성시 만세구 수노을2로 38, 서연프라자 103호,104호 (새솔동)","경기도 화성시 만세구 새솔동 64-6 서연프라자 103호,104호 ",2026-06-25
2037,메가엠지씨커피 화성마도산업단지점,휴게음식점,2025-05-13,,130.1,"경기도 화성시 만세구 마도면 마도공단로 238, 1층 일부호",경기도 화성시 만세구 마도면 쌍송리 669-20 ,2026-06-25
2038,바이츠샌드위치,휴게음식점,2025-05-15,,24.99,"경기도 화성시 만세구 꽃내음1길 19-18, 송산프라자 508-4호 (새솔동)",경기도 화성시 만세구 새솔동 77-3 송산프라자 ,2026-06-25
2039,가온푸드,휴게음식점,2025-05-19,,10,경기도 화성시 만세구 남양읍 화성시청역로 14 (화성시청역 센트럴파크스타힐스 3단지),경기도 화성시 만세구 남양읍 신남리 1573 화성시청역 센트럴파크스타힐스 3단지 ,2026-06-25
2040,좋은날푸드,휴게음식점,2025-05-26,,10,"경기도 화성시 만세구 서신면 전곡항로 5, 전곡항 마리나 클럽하우스",경기도 화성시 만세구 서신면 전곡리 1076 전곡항 마리나 클럽하우스 ,2026-06-25
2041,해미읍성 왕꽈배기 화성시 화성로점,휴게음식점,2025-05-26,,94,"경기도 화성시 만세구 송산면 화성로 322, 1층 일부호",경기도 화성시 만세구 송산면 육일리 370-1 ,2026-06-25
2042,GS25화성바이오,휴게음식점,2025-06-09,,3.3,"경기도 화성시 만세구 마도면 청원산단로 115, 101,102호",경기도 화성시 만세구 마도면 청원리 1365 ,2026-06-25
2043,카페제부,휴게음식점,2025-06-09,,78.5,"경기도 화성시 만세구 서신면 해안길 421-12, 1층",경기도 화성시 만세구 서신면 제부리 289-19 ,2026-06-25
2044,스카이골프,휴게음식점,2025-06-19,,442.72,"경기도 화성시 만세구 남양읍 화성로 1223, 2,3층",경기도 화성시 만세구 남양읍 남양리 1101 ,2026-06-25
2045,스마일꽈배기&문타코 본점,휴게음식점,2025-06-20,,22.8,"경기도 화성시 만세구 수노을중앙로 142, 110호 (새솔동)",경기도 화성시 만세구 새솔동 76-8 110호 ,2026-06-25
2046,빵디빵디남양,휴게음식점,2025-06-20,,32.13,"경기도 화성시 만세구 남양읍 남양성지로 159, 104호",경기도 화성시 만세구 남양읍 남양리 1270-3 ,2026-06-25
2047,씨유 송산에너지점,휴게음식점,2025-06-20,,3.3,"경기도 화성시 만세구 송산면 삼존로 59, 4동 1층 일부호",경기도 화성시 만세구 송산면 삼존리 648-1 ,2026-06-25
2048,씨유 화성파인밸리점,휴게음식점,2025-06-23,,3.3,"경기도 화성시 만세구 남양읍 시청로102번길 82, 대광파인밸리골드 102, 103호",경기도 화성시 만세구 남양읍 신남리 1563 대광파인밸리골드 ,2026-06-25
2049,버치 베이커리 카페,휴게음식점,2025-06-26,,196.9,"경기도 화성시 만세구 서신면 당성로 102, 가동 1층",경기도 화성시 만세구 서신면 전곡리 508-12 가동 1층 ,2026-06-25
2050,버치 브런치 카페,휴게음식점,2025-06-26,,205.56,"경기도 화성시 만세구 서신면 당성로 102, 나동 1층",경기도 화성시 만세구 서신면 전곡리 508-12 나동 1층 ,2026-06-25
2051,카페 스노우문,휴게음식점,2025-07-03,,120.26,"경기도 화성시 만세구 남양읍 남양로621번길 21, 1층",경기도 화성시 만세구 남양읍 남양리 2316 ,2026-06-25
2052,하와이무인카페,휴게음식점,2025-07-09,,61.71,"경기도 화성시 만세구 서신면 해안길 34, 1층 일부호",경기도 화성시 만세구 서신면 제부리 20-9 ,2026-06-25
2053,발도스,휴게음식점,2025-07-14,,29,"경기도 화성시 만세구 남양읍 남양로 570, 화성서부경찰 본관동 1층 일부호",경기도 화성시 만세구 남양읍 신남리 76-1 화성서부경찰 본관동 1층 일부호,2026-06-25
2054,카페노이,휴게음식점,2025-07-31,,188.86,"경기도 화성시 만세구 마도면 마도공단로 262, 1층 일부호",경기도 화성시 만세구 마도면 쌍송리 670-25 ,2026-06-25
2055,간식연구소,휴게음식점,2025-07-31,,18,"경기도 화성시 만세구 서신면 해안길 477, 제부마리나 지정장소",경기도 화성시 만세구 서신면 제부리 303 ,2026-06-25
2056,CHARCOAL(챠콜)굴뚝빵카페,휴게음식점,2025-08-08,,174.87,"경기도 화성시 만세구 서신면 궁평항로 1174, 1층, 2층","경기도 화성시 만세구 서신면 궁평리 589-39 1층, 2층 ",2026-06-25
2057,금호수산,휴게음식점,2025-08-18,,39.28,"경기도 화성시 만세구 송산면 사강로 8, 1층 일부호",경기도 화성시 만세구 송산면 육일리 415-2 ,2026-06-25
2058,야미야미꼬마김밥,휴게음식점,2025-08-21,,10,"경기도 화성시 만세구 서신면 해안길 477, 제부마리나",경기도 화성시 만세구 서신면 제부리 303 ,2026-06-25
2059,지에스25 송산고정리점,휴게음식점,2025-08-22,,3.3,"경기도 화성시 만세구 송산면 공룡로 317-4, 일부(101, 102)호",경기도 화성시 만세구 송산면 고정리 891-2 ,2026-06-25
2060,더퀘스트 PC,휴게음식점,2025-08-28,,365.4,"경기도 화성시 만세구 남양읍 시청로 113, 501호",경기도 화성시 만세구 남양읍 남양리 2072-7 501호 ,2026-06-25
2061,전곡리어촌계 부녀회 푸드점,휴게음식점,2025-09-05,,6.6,경기도 화성시 만세구 서신면 전곡항로 21-4,경기도 화성시 만세구 서신면 전곡리 1080 ,2026-06-25
2062,미세스오키드,휴게음식점,2025-09-09,,167,경기도 화성시 만세구 서신면 수풀오얏1길 9,경기도 화성시 만세구 서신면 장외리 48-5 ,2026-06-25
2063,남양소금빵,휴게음식점,2025-09-12,,54.88,"경기도 화성시 만세구 남양읍 시청로 38, 일부(104)호",경기도 화성시 만세구 남양읍 남양리 2290-3 ,2026-06-25
2064,영진커피로스터스,휴게음식점,2025-09-15,,35.1,"경기도 화성시 만세구 남양읍 남양시장로42번길 7-3, 1층 일부호(101호)",경기도 화성시 만세구 남양읍 남양리 658 1층 일부호(101호) ,2026-06-25
2065,담소,휴게음식점,2025-09-16,,82.3,"경기도 화성시 만세구 마도면 두곡서길26번길 29-4, A,B동",경기도 화성시 만세구 마도면 두곡리 427-4 ,2026-06-25
2066,춘자네 파스타방,휴게음식점,2025-09-24,,50.06,"경기도 화성시 만세구 꽃내음1길 19-18, 송산프라자 101호 (새솔동)",경기도 화성시 만세구 새솔동 77-3 송산프라자 ,2026-06-25
2067,지에스25 송산그린시티점,휴게음식점,2025-09-29,,3.3,"경기도 화성시 만세구 수노을중앙로 122, 106호 (새솔동)",경기도 화성시 만세구 새솔동 76-4 ,2026-06-25
2068,화성 마도산단점,휴게음식점,2025-09-30,,3.3,"경기도 화성시 만세구 남양읍 하나문길 1, 1층 일부호",경기도 화성시 만세구 남양읍 남양리 1064-7 ,2026-06-25
2069,하이퍼슨,휴게음식점,2025-10-10,,152.13,"경기도 화성시 만세구 꽃내음2길 3-6, 1동 1층 (새솔동)",경기도 화성시 만세구 새솔동 63-16 1동 1층 ,2026-06-25
2070,지에스(GS)25남양이편한점,휴게음식점,2025-10-24,,3.3,"경기도 화성시 만세구 남양읍 남양로862번길 42, 근린생활시설동 101호 일부호 (e편한세상 남양뉴타운)",경기도 화성시 만세구 남양읍 남양리 2195 e편한세상 남양뉴타운 근린생활시설동 101일부호,2026-06-25
2071,씨유 화성남양로점,휴게음식점,2025-11-04,,3.3,"경기도 화성시 만세구 남양읍 화성로 1219, 1층",경기도 화성시 만세구 남양읍 남양리 1101-3 ,2026-06-25
2072,에코쉼터,휴게음식점,2025-11-05,,99.6,"경기도 화성시 만세구 서신면 해양공단로 9-1, 1층 일부호",경기도 화성시 만세구 서신면 송교리 380-10 1층 일부호 ,2026-06-25
2073,제로백 피씨 화성뉴타운점,휴게음식점,2025-11-06,,18,"경기도 화성시 만세구 남양읍 역골동로 112-34, 제이 앤 제이 레스터빌딩 2층 일부(206)호",경기도 화성시 만세구 남양읍 남양리 2227-4 제이 앤 제이 레스터빌딩 2층 일부(206)호 ,2026-06-25
2074,주문하담,휴게음식점,2025-11-17,,38.59,"경기도 화성시 만세구 노들길 6-18, 102호 (새솔동)",경기도 화성시 만세구 새솔동 99-1 ,2026-06-25
2075,냠냠분식,휴게음식점,2025-11-27,,25.92,"경기도 화성시 만세구 송산면 사강로 165, 1층 일부호(102호)",경기도 화성시 만세구 송산면 사강리 694-4 1층 일부호(102호) ,2026-06-25
2076,홍과일,휴게음식점,2025-12-10,,45.72,"경기도 화성시 만세구 남양읍 역골중앙로 56-9, 월드주차타워1동 102호",경기도 화성시 만세구 남양읍 남양리 2050-17 월드주차타워1동 102호 ,2026-06-25
2077,파파존스 남양점,휴게음식점,2025-12-10,,37.43,"경기도 화성시 만세구 남양읍 남양로 675, 센트럴 큐브시티 1층 102호",경기도 화성시 만세구 남양읍 남양리 2320-4 센트럴 큐브시티 1층 102호 ,2026-06-25
2078,발도스커피위드 킹스블랑제리,휴게음식점,2025-12-30,,27.3,"경기도 화성시 만세구 마도면 마도공단로1길 8, 마도지구유통업무및지원시설 가동 103호",경기도 화성시 만세구 마도면 쌍송리 662 마도지구유통업무및지원시설 ,2026-06-25
2079,아띠맘,휴게음식점,2026-01-05,,47.5,"경기도 화성시 만세구 수노을중앙로 156, 103호 (새솔동)",경기도 화성시 만세구 새솔동 76-12 ,2026-06-25
2080,씨유 화성송산산단점,휴게음식점,2026-01-05,,3.3,"경기도 화성시 만세구 송산면 송산서로 121, 1동 1층 일부호",경기도 화성시 만세구 송산면 마산리 696-14 ,2026-06-25
2081,달아담,휴게음식점,2026-01-13,,81.36,"경기도 화성시 만세구 남양읍 역골동로 87, 1층 일부호(101호)",경기도 화성시 만세구 남양읍 남양리 2044-9 1층 일부호(101호) ,2026-06-25
2082,텐퍼센트 남양시티점,휴게음식점,2026-01-14,,35.52,"경기도 화성시 만세구 남양읍 시청로102번길 51, 상가2동 지4층 113호 (시티프라디움1차아파트)",경기도 화성시 만세구 남양읍 남양리 2312 시티프라디움1차아파트 상가2동 지4층 113호 ,2026-06-25
2083,수디저트카페,휴게음식점,2026-02-23,,24,"경기도 화성시 만세구 송산면 공룡로 224, 1층 일부호",경기도 화성시 만세구 송산면 쌍정리 936-12 1층 일부호 ,2026-06-25
2084,그린듯,휴게음식점,2026-02-27,,56.25,"경기도 화성시 만세구 송산면 정도길 56-23, 1, 2층",경기도 화성시 만세구 송산면 사강리 455-14 ,2026-06-25
2085,스윙온,휴게음식점,2026-03-06,,57.2,"경기도 화성시 만세구 꽃내음2길 4-5, 103호 (새솔동)",경기도 화성시 만세구 새솔동 59-2 ,2026-06-25
2086,맬랜드,휴게음식점,2026-03-10,,10,경기도 화성시 만세구 남양읍 고향의봄길 36 (화성시청역 서희스타힐스4차 숲속마을),경기도 화성시 만세구 남양읍 신남리 산 96-8 화성시청역 서희스타힐스4차 숲속마을 ,2026-06-25
2087,발도스커피 화성마도점,휴게음식점,2026-03-17,,87.98,"경기도 화성시 만세구 마도면 화성로790번길 18, 1층",경기도 화성시 만세구 마도면 두곡리 330 ,2026-06-25
2088,메고지고 떡창고,휴게음식점,2026-03-26,,50.05,"경기도 화성시 만세구 남양읍 남양시장로42번길 7-7, 1층 일부호(101호)",경기도 화성시 만세구 남양읍 남양리 658-4 1층 일부호(101호) ,2026-06-25
2089,현푸드,휴게음식점,2026-03-26,,5,경기도 화성시 만세구 남양읍 남양로 624-8 (기산베스트빌아파트),경기도 화성시 만세구 남양읍 신남리 25-9 기산베스트빌아파트 101동 앞 ,2026-06-25
2090,만세삼창김밥,휴게음식점,2026-03-26,,28,"경기도 화성시 만세구 남양읍 남양시장로66번길 2, 제일상가 나동 1층 일부호(105호)",경기도 화성시 만세구 남양읍 남양리 1165-8 제일상가 나동 1층 일부호(105호) ,2026-06-25
2091,코너커피,휴게음식점,2026-03-31,,35.26,"경기도 화성시 만세구 노들길 27-27, 서아프라자 103호 (새솔동)",경기도 화성시 만세구 새솔동 123-1 ,2026-06-25
2092,하희호,휴게음식점,2026-04-03,,81,"경기도 화성시 만세구 서신면 궁평항로 1759, 1층 일부호",경기도 화성시 만세구 서신면 상안리 775-3 ,2026-06-25
2093,지에스25 마도화성로점,휴게음식점,2026-04-08,,3.3,"경기도 화성시 만세구 마도면 화성로 671-4, 1층 일부호",경기도 화성시 만세구 마도면 슬항리 214-24 1층 일부호,2026-06-25
2094,사르르온,휴게음식점,2026-04-10,,36,"경기도 화성시 만세구 남양읍 남양로786번길 15, 상가동 101호 (남양뉴타운엘에이치10단지)",경기도 화성시 만세구 남양읍 남양리 2218 남양뉴타운엘에이치10단지 ,2026-06-25
2095,GS25 송산화성로점,휴게음식점,2026-04-13,,3.3,"경기도 화성시 만세구 송산면 화성로 256, 1동 1층 일부호",경기도 화성시 만세구 송산면 육일리 607-2 1동 1층 일부호 ,2026-06-25
2096,일호커피,휴게음식점,2026-04-21,,39,"경기도 화성시 만세구 송산면 공룡로487번길 6-2, 1층 일부(102)호",경기도 화성시 만세구 송산면 고정리 166-2 ,2026-06-25
2097,마이요거트립 화성남양점,휴게음식점,2026-04-24,,40,"경기도 화성시 만세구 남양읍 역골중앙로 56-9, 103호 일부호",경기도 화성시 만세구 남양읍 남양리 2050-17 ,2026-06-25
2098,지에스25 남양온석리점,휴게음식점,2026-04-29,,3.3,"경기도 화성시 만세구 남양읍 현대기아로 163, 1층 일부호",경기도 화성시 만세구 남양읍 온석리 500-14 1층 일부호,2026-06-25
2099,트로피티 아일랜드 화성시청점,휴게음식점,2026-05-06,,11,"경기도 화성시 만세구 남양읍 역골로 9-5, 1동 1층 일부호",경기도 화성시 만세구 남양읍 남양리 2077-6 1층 1동 일부호,2026-06-25
2100,세븐일레븐 화성시청타운점,휴게음식점,2026-05-21,,3.3,"경기도 화성시 만세구 남양읍 시청로160번길 16, 1동 1층 일부호",경기도 화성시 만세구 남양읍 남양리 2323-6 1동 1층 일부호 ,2026-06-25
2101,지에스25 송산중앙,휴게음식점,2026-05-22,,3.3,"경기도 화성시 만세구 수노을중앙로 156, 104, 105호 (새솔동)",경기도 화성시 만세구 새솔동 76-12 ,2026-06-25
2102,서신노을카페,휴게음식점,2026-06-11,,275.47,"경기도 화성시 만세구 서신면 영종로안길 24, 화성에코팜테마파크 징검다리활력센터 1층 일부호",경기도 화성시 만세구 서신면 궁평리 749 화성에코팜테마파크 징검다리활력센터 1층 일부호 ,2026-06-25
2103,배스킨라빈스 화성남양점,휴게음식점,2026-06-15,,50.7,"경기도 화성시 만세구 남양읍 시청로 7, 위더스프라자 1층 107호",경기도 화성시 만세구 남양읍 남양리 2252-1 위더스프라자 1층 107호 ,2026-06-25
2104,우지커피 송산그린시티점,휴게음식점,2026-06-15,,117.69,"경기도 화성시 만세구 꽃내음2길 4-10, DYG 1층 전체 (새솔동)",경기도 화성시 만세구 새솔동 58-1 DYG 1층 전체 ,2026-06-25
2105,conte baking(꽁뜨베이킹),제과점영업,2024-07-01,,62.4,"경기도 화성시 만세구 수노을중앙로 162, 3층 303호 (새솔동)",경기도 화성시 만세구 새솔동 76-14 3층 303호 ,2026-06-25
2106,뚜앙빵집,제과점영업,2024-11-22,,48.85,"경기도 화성시 만세구 남양읍 남양로 671, 108호",경기도 화성시 만세구 남양읍 남양리 2320-5 ,2026-06-25
2107,랑베이크(RANG BAKE),제과점영업,2025-08-28,,64.8,"경기도 화성시 만세구 남양읍 역골로50번길 10-1, 101호",경기도 화성시 만세구 남양읍 남양리 2030-1 ,2026-06-25
2108,모윤,일반음식점,2024-01-02,,77.62,"경기도 화성시 동탄구 동탄역로128,동탄KTX중앙파크뷰1층109,110호(여울동)",경기도 화성시 동탄구 여울동968-7,2026-06-25
2109,라멘모토,일반음식점,2024-01-02,,30.08,"경기도 화성시 동탄구 동탄역로160,동탄역롯데캐슬지하1층일부호(여울동)",경기도 화성시 동탄구 여울동1089동탄역롯데캐슬,2026-06-25
2110,꾸면돼지,일반음식점,2024-01-02,,151.8,"경기도 화성시 동탄구 동탄순환대로3길5-20,1층전체호(송동)",경기도 화성시 동탄구 송동709-8,2026-06-25
2111,포슈아쌀국수,일반음식점,2024-01-03,,41.42,"경기도 화성시 동탄구 동탄신리천로1길73,호반프라자1층112호(산척동)",경기도 화성시 동탄구 산척동787-1,2026-06-25
2112,호미펍,일반음식점,2024-01-03,,29.7,"경기도 화성시 동탄구 지산1길7-2,1층1층일부(102호)호(영천동)",경기도 화성시 동탄구 영천동690-4,2026-06-25
2113,호미분식,일반음식점,2024-01-03,,30.4,"경기도 화성시 동탄구 동탄대로677-10,동탄IT밸리지식산업센터1층110호(영천동)",경기도 화성시 동탄구 영천동846-3,2026-06-25
2114,바른찌개&막창,일반음식점,2024-01-03,,102.06,"경기도 화성시 동탄구 동탄순환대로830,동탄SKV1center1층163호,164호(영천동)",경기도 화성시 동탄구 영천동853-1동탄SKV1center,2026-06-25
2115,유한회사서경에프앤비,일반음식점,2024-01-04,,116.28,"경기도 화성시 동탄구 동탄대로587,2층204호(영천동)",경기도 화성시 동탄구 영천동658-6204호,2026-06-25
2116,목화,일반음식점,2024-01-05,031-373-7732,120.16,"경기도 화성시 동탄구 동탄대로446,동탄역그란비아스타3층3015,3016호(청계동)",경기도 화성시 동탄구 청계동564동탄역그란비아스타,2026-06-25
2117,미소야동탄목동점,일반음식점,2024-01-09,,43.24,"경기도 화성시 동탄구 동탄신리천로407,동탄더리더스1층105호(목동)",경기도 화성시 동탄구 목동487-4105호,2026-06-25
2118,해리푸드동탄지점,일반음식점,2024-01-09,,98.94,"경기도 화성시 동탄구 동탄신리천로254,양지프라자1동3층305호일부호(여울동)",경기도 화성시 동탄구 여울동1039-1,2026-06-25
2119,파티엠,일반음식점,2024-01-10,031-260-4646,531.25,"경기도 화성시 동탄구 동탄첨단산업1로51-9,엠타워지식산업센터1층116호~124호(영천동)",경기도 화성시 동탄구 영천동823-2,2026-06-25
2120,용호동낙지동탄석우점,일반음식점,2024-01-12,,130.81,"경기도 화성시 동탄구 큰재봉길23-12,펠리스타108,109,110호(석우동)",경기도 화성시 동탄구 석우동34-5펠리스타,2026-06-25
2121,타이나컨,일반음식점,2024-01-15,,45.83,"경기도 화성시 동탄구 동탄대로557-9,우성르보아시티A동1층123호(여울동)",경기도 화성시 동탄구 여울동1088-2우성르보아시티,2026-06-25
2122,평화로운집동탄북광장점,일반음식점,2024-01-15,,46,"경기도 화성시 동탄구 동탄지성로14,삼현빌딩1층105호(반송동)",경기도 화성시 동탄구 반송동91-8삼현빌딩,2026-06-25
2123,프랭크버거동탄영천점,일반음식점,2024-01-15,,34.71,"경기도 화성시 동탄구 동탄대로683,SHSQUAREⅡ1층119호(영천동)",경기도 화성시 동탄구 영천동846-2,2026-06-25
2124,할머니돈까스,일반음식점,2024-01-15,,29.25,"경기도 화성시 동탄구 동탄대로677-10,동탄IT밸리지식산업센터1층104호(영천동)",경기도 화성시 동탄구 영천동846-3,2026-06-25
2125,낭만포차,일반음식점,2024-01-16,,43.58,"경기도 화성시 동탄구 동탄순환대로14길7-16,1층일부(102)호(산척동)",경기도 화성시 동탄구 산척동818-1,2026-06-25
2126,데일리샌드,일반음식점,2024-01-16,,26.4,"경기도 화성시 동탄구 지산2길3-5,1층일부(103호)(영천동)",경기도 화성시 동탄구 영천동699-31층일부(103호),2026-06-25
2127,미가마라탕,일반음식점,2024-01-17,,46.21,"경기도 화성시 동탄구 동탄중심상가1길40,엔터프라임빌딩1층102호(반송동)",경기도 화성시 동탄구 반송동103-11엔터프라임빌딩102호,2026-06-25
2128,동탄한증막,일반음식점,2024-01-18,,25.3,"경기도 화성시 동탄구 금곡로163번길12,1층일부(금곡동)",경기도 화성시 동탄구 금곡동473-1,2026-06-25
2129,엉클팜커피,일반음식점,2024-01-19,,81.02,"경기도 화성시 동탄구 동탄첨단산업1로27,금강펜테리움IX타워기숙사동1층M104호,M105호일부호(영천동)",경기도 화성시 동탄구 영천동823-6금강펜테리움IX타워,2026-06-25
2130,cozy-aime(코지아이미),일반음식점,2024-01-22,,51.95,"경기도 화성시 동탄구 동탄산척로2가길28,1층일부(101)호(산척동)",경기도 화성시 동탄구 산척동714-1,2026-06-25
2131,쿠시카츠쿠마,일반음식점,2024-01-23,,80.08,"경기도 화성시 동탄구 동탄중심상가2길26-21,로드프라자1층106,107호(반송동)",경기도 화성시 동탄구 반송동87-3로드프라자,2026-06-25
2132,마시똑,일반음식점,2024-01-25,,18,"경기도 화성시 동탄구 여울로4길67,1층일부호(능동)",경기도 화성시 동탄구 능동1103-17,2026-06-25
2133,라군더그릴,일반음식점,2024-01-25,,118.44,"경기도 화성시 동탄구 동탄순환대로14길50-10,1층전체호(산척동)",경기도 화성시 동탄구 산척동821-12,2026-06-25
2134,치킨인류동탄호수공원점,일반음식점,2024-01-26,,45.6,"경기도 화성시 동탄구 동탄대로6길27,파케이드스텔라1층108호(산척동)",경기도 화성시 동탄구 산척동727-8,2026-06-25
2135,모퉁이한우,일반음식점,2024-01-29,,134.12,"경기도 화성시 동탄구 지산1길19,1층전체호(영천동)",경기도 화성시 동탄구 영천동686-3,2026-06-25
2136,칠구반점,일반음식점,2024-01-29,,136.88,"경기도 화성시 동탄구 동탄순환대로16길88-3,1층일부호(산척동)",경기도 화성시 동탄구 산척동810-2,2026-06-25
2137,탄탄면공방동탄호수공원점,일반음식점,2024-01-29,,44.99,"경기도 화성시 동탄구 동탄대로5길21,2층E230호(송동)",경기도 화성시 동탄구 송동726-1,2026-06-25
2138,우지커피동탄목동점,일반음식점,2024-01-29,,35.1,"경기도 화성시 동탄구 동탄신리천로407,동탄더리더스주건축물1층109호(목동)",경기도 화성시 동탄구 목동487-4,2026-06-25
2139,제주올레국수동탄푸른마을점,일반음식점,2024-01-30,,34.85,"경기도 화성시 동탄구 10용사로343-2,폴리클리닉1층105호(능동)",경기도 화성시 동탄구 능동1152-5폴리클리닉105호,2026-06-25
2140,돈방석,일반음식점,2024-01-31,,140.91,"경기도 화성시 동탄구 동탄장지천5길30-3,민스샵1층105호,106호,107호(장지동)",경기도 화성시 동탄구 장지동955-4,2026-06-25
2141,일면일식우육면,일반음식점,2024-01-31,,33,"경기도 화성시 동탄구 왕배산1길20-3,1층일부(104호)호(목동)",경기도 화성시 동탄구 목동453-2,2026-06-25
2142,레이지오븐(LAZYOVEN),일반음식점,2024-01-31,,72,"경기도 화성시 동탄구 동탄치동천로3길30,주건축물제1동1층일부(101호)호(영천동)",경기도 화성시 동탄구 영천동745-5,2026-06-25
2143,권선동황소곱창3호점,일반음식점,2024-02-01,,50.86,"경기도 화성시 동탄구 동탄문화센터로65,에이스타운1층118호(반송동)",경기도 화성시 동탄구 반송동107-3에이스타운118호,2026-06-25
2144,세모갈비,일반음식점,2024-02-01,,66,"경기도 화성시 동탄구 동탄기흥로257번가길24-9,1층일부(방교동)",경기도 화성시 동탄구 방교동771-5,2026-06-25
2145,가장맛있는족발남동탄점,일반음식점,2024-02-02,,137.75,"경기도 화성시 동탄구 동탄장지천5길4-2,1층전체호(장지동)",경기도 화성시 동탄구 장지동961-3,2026-06-25
2146,강군닭발영천점,일반음식점,2024-02-02,,35.49,"경기도 화성시 동탄구 동탄순환대로25길24,1층105호(영천동)",경기도 화성시 동탄구 영천동675-7,2026-06-25
2147,"포이파이,POYPIE",일반음식점,2024-02-05,,64.95,"경기도 화성시 동탄구 지산1길26-1,지하1층전체호(영천동)",경기도 화성시 동탄구 영천동683-1,2026-06-25
2148,청도미나리식당,일반음식점,2024-02-05,,105.03,"경기도 화성시 동탄구 동탄대로5길9,더샵동탄센텀폴리스2단지그랑파사쥬동1층1047호,1048호(송동)",경기도 화성시 동탄구 송동725-1더샵동탄센텀폴리스2단지,2026-06-25
2149,써먼소프트(someonesoft),일반음식점,2024-02-05,,78,"경기도 화성시 동탄구 동탄대로181,판매시설B동지하3층CB313호(송동,동탄린스트라우스더레이크)",경기도 화성시 동탄구 송동694동탄린스트라우스더레이크,2026-06-25
2150,벌크통닭,일반음식점,2024-02-06,,40.56,"경기도 화성시 동탄구 동탄반석로212,화성동탄센터타워1층103호(반송동)",경기도 화성시 동탄구 반송동86-2화성동탄센터타워103호,2026-06-25
2151,오른쪽갈비,일반음식점,2024-02-07,,55.08,"경기도 화성시 동탄구 지산1길3-6,1층일부(103호,104호)(영천동)",경기도 화성시 동탄구 영천동693-6,2026-06-25
2152,이우철한방누룽지삼계탕동탄점,일반음식점,2024-02-07,,237.33,"경기도 화성시 동탄구 동탄대로446,동탄역그란비아스타2층2009호,2010호(청계동)",경기도 화성시 동탄구 청계동564동탄역그란비아스타,2026-06-25
2153,초이닭칼국수,일반음식점,2024-02-08,,47.17,"경기도 화성시 동탄구 동탄첨단산업1로58,FIRSTKOREA1층104호(영천동)",경기도 화성시 동탄구 영천동827-1104호,2026-06-25
2154,국제닭발,일반음식점,2024-02-08,,42.49,"경기도 화성시 동탄구 동탄대로469-12,1층1034호(여울동,동탄역린스트라우스)",경기도 화성시 동탄구 여울동1020동탄역린스트라우스1034호,2026-06-25
2155,도가원동탄카림점,일반음식점,2024-02-08,,39.6,"경기도 화성시 동탄구 동탄대로시범길134,지1층130호의일부호(청계동,동탄역시범반도유보라아이비파크4.0)",경기도 화성시 동탄구 청계동536동탄역시범반도유보라아이비파크4.0,2026-06-25
2156,스텔라떡볶이(경기동탄호수공원점),일반음식점,2024-02-08,,40.66,"경기도 화성시 동탄구 동탄순환대로263,풍산리치안타워1층112호(산척동)",경기도 화성시 동탄구 산척동723112호,2026-06-25
2157,꼬치리아,일반음식점,2024-02-13,,27.8,"경기도 화성시 동탄구 동탄순환대로10길88,3625동지하1층B106호(산척동,레이크힐반도유보라아이비파크10.2)",경기도 화성시 동탄구 산척동745레이크힐반도유보라아이비파크10.2,2026-06-25
2158,프랭크버거동탄산척점,일반음식점,2024-02-13,,48.71,"경기도 화성시 동탄구 동탄순환대로253,모닝그레이스빌딩1동1층106호(산척동)",경기도 화성시 동탄구 산척동724-2,2026-06-25
2159,금이네식탁,일반음식점,2024-02-13,,48.58,"경기도 화성시 동탄구 동탄순환대로14길17,1층일부(102)호(산척동)",경기도 화성시 동탄구 산척동818-9,2026-06-25
2160,청계교자,일반음식점,2024-02-15,,51.84,"경기도 화성시 동탄구 동탄대로시범길134,지1층0033호(청계동,동탄역시범반도유보라아이비파크4.0)",경기도 화성시 동탄구 청계동536동탄역시범반도유보라아이비파크4.0,2026-06-25
2161,쌈나계닭갈비동탄호수공원점,일반음식점,2024-02-15,,148.11,"경기도 화성시 동탄구 동탄대로5길9,더샵동탄센텀폴리스2단지그랑파사쥬동2층2020,2021,2022호(송동)",경기도 화성시 동탄구 송동725-1더샵동탄센텀폴리스2단지,2026-06-25
2162,처갓집양념치킨동탄호수점,일반음식점,2024-02-16,,36.8,"경기도 화성시 동탄구 동탄대로1길32,상가동1층104호(장지동,금호어울림레이크2차)",경기도 화성시 동탄구 장지동923금호어울림레이크2차,2026-06-25
2163,밀라운지,일반음식점,2024-02-16,,57.34,"경기도 화성시 동탄구 지산2길34-8,덕회P타워1층110호(영천동)",경기도 화성시 동탄구 영천동707-5,2026-06-25
2164,피노키오팩토리,일반음식점,2024-02-20,,2.7,"경기도 화성시 동탄구 동탄기흥로590,동탄센트럴에이스타워1층148호일부호(영천동)",경기도 화성시 동탄구 영천동837동탄센트럴에이스타워,2026-06-25
2165,소행성B-612,일반음식점,2024-02-20,,56.11,"경기도 화성시 동탄구 지산1길22-6,1층일부(102호)호(영천동)",경기도 화성시 동탄구 영천동687-31층일부호,2026-06-25
2166,참치직판장,일반음식점,2024-02-20,,27.76,"경기도 화성시 동탄구 동탄첨단산업1로27,금강펜테리움IX타워지1층MB53호(영천동)",경기도 화성시 동탄구 영천동823-6금강펜테리움IX타워지MB53호,2026-06-25
2167,진원소우동탄목동점,일반음식점,2024-02-21,,222.3,"경기도 화성시 동탄구 동탄순환대로400,우성스타시티A2층201~203호(목동)",경기도 화성시 동탄구 목동487-2,2026-06-25
2168,불닭발땡초동대문엽기떡볶이동탄장지점,일반음식점,2024-02-22,,66,"경기도 화성시 동탄구 동탄장지천5길16-18,1층일부(101,102호)(장지동)","경기도 화성시 동탄구 장지동956-31층일부(101,102호)",2026-06-25
2169,우지커피동탄IX타워점,일반음식점,2024-02-22,,33.53,"경기도 화성시 동탄구 동탄첨단산업1로27,금강펜테리움IX타워지하1층MB24호(영천동)",경기도 화성시 동탄구 영천동823-6금강펜테리움IX타워,2026-06-25
2170,이도짚불갈비동탄11자상가,일반음식점,2024-02-22,,60,"경기도 화성시 동탄구 지산2길3-8,1층일부(103호)호(영천동)",경기도 화성시 동탄구 영천동702-1,2026-06-25
2171,주식회사회식의달인동탄점,일반음식점,2024-02-23,,298.43,"경기도 화성시 동탄구 동탄중심상가1길30,타래프라자2층201,202,203,204호(반송동)",경기도 화성시 동탄구 반송동103-8타래프라자,2026-06-25
2172,신의주찹쌀순대,일반음식점,2024-02-26,,59.76,"경기도 화성시 동탄구 동탄신리천로411,우성스타타워1층104호,105호(목동)",경기도 화성시 동탄구 목동487-5,2026-06-25
2173,노모어피자동탄북광장점,일반음식점,2024-02-27,,38.4,"경기도 화성시 동탄구 동탄반석로212,화성동탄센터타워102호(반송동)",경기도 화성시 동탄구 반송동86-2화성동탄센터타워102호,2026-06-25
2174,부엉이돈가스동탄여울공원점,일반음식점,2024-02-27,,50.16,"경기도 화성시 동탄구 동탄감배산로124-8,1층112호(여울동)",경기도 화성시 동탄구 여울동982-2112호,2026-06-25
2175,국밥참맛있는집,일반음식점,2024-02-27,,48.22,"경기도 화성시 동탄구 동탄감배산로124-8,1층113호(여울동)",경기도 화성시 동탄구 여울동982-2113호,2026-06-25
2176,시루향기동탄목동점,일반음식점,2024-02-29,,69,"경기도 화성시 동탄구 동탄신리천로411,우성스타타워212호(목동)",경기도 화성시 동탄구 목동487-5우성스타타워212호,2026-06-25
2177,소팔소곱창동탄반송점,일반음식점,2024-02-29,,130.2,"경기도 화성시 동탄구 동탄반송2길31-7,1층전체(반송동)",경기도 화성시 동탄구 반송동30-31층전체,2026-06-25
2178,펀비어킹(FunBeerking),일반음식점,2024-02-29,,78.44,"경기도 화성시 동탄구 동탄대로10길76,PNK에듀프라자1층101,102호(산척동)",경기도 화성시 동탄구 산척동706-5,2026-06-25
2179,아임바리스타1동탄점,일반음식점,2024-02-29,,76.7,"경기도 화성시 동탄구 동탄공원로2길33-1,1층일부(101호)(반송동)",경기도 화성시 동탄구 반송동50-101층일부(101호),2026-06-25
2180,호치민포,일반음식점,2024-03-04,,90.7,"경기도 화성시 동탄구 동탄문화센터로71-17,연세프라자2층204호(반송동)",경기도 화성시 동탄구 반송동107-4연세프라자,2026-06-25
2181,본막창명가동탄호수본점,일반음식점,2024-03-04,,70.53,"경기도 화성시 동탄구 동탄대로8길58,파케이드아크지하3층B301,B302호(산척동)",경기도 화성시 동탄구 산척동725-1지하3일부호,2026-06-25
2182,오늘의회전초밥동탄여울공원점,일반음식점,2024-03-05,,77.76,"경기도 화성시 동탄구 동탄감배산로143,203동1층115,116호(여울동,동탄역유림노르웨이숲)",경기도 화성시 동탄구 여울동978동탄역유림노르웨이숲203동,2026-06-25
2183,카메토모,일반음식점,2024-03-06,,138.88,"경기도 화성시 동탄구 동탄기흥로520번가길10,1층전체호(영천동)",경기도 화성시 동탄구 영천동798-1,2026-06-25
2184,온정롯데백화점동탄점,일반음식점,2024-03-06,031-334-7087,28.4,"경기도 화성시 동탄구 동탄역로160,동탄역롯데캐슬롯데백화점동탄점지하1층일부호(여울동)",경기도 화성시 동탄구 여울동1089동탄역롯데캐슬,2026-06-25
2185,도쿄동,일반음식점,2024-03-06,,50.4,"경기도 화성시 동탄구 동탄영천로150,현대실리콘앨리동탄S동B175호(영천동)",경기도 화성시 동탄구 영천동844-1S동B175호,2026-06-25
2186,킹스홀덤,일반음식점,2024-03-07,,61.11,"경기도 화성시 동탄구 동탄순환대로25길24,110호(영천동)",경기도 화성시 동탄구 영천동675-7110호,2026-06-25
2187,포차천국(화성반송점),일반음식점,2024-03-08,,126.68,"경기도 화성시 동탄구 10용사2길14,1층전체호(반송동)",경기도 화성시 동탄구 반송동150-2,2026-06-25
2188,두레통닭(동탄목동점),일반음식점,2024-03-08,,38.16,"경기도 화성시 동탄구 동탄순환대로20길118,우성스타파크B1층119호(목동)",경기도 화성시 동탄구 목동487-9,2026-06-25
2189,지미원&태태커피,일반음식점,2024-03-08,,14,"경기도 화성시 동탄구 동탄대로537,2층229호일부호(여울동)",경기도 화성시 동탄구 여울동1019,2026-06-25
2190,미소야동탄호수공원점,일반음식점,2024-03-11,,41.4,"경기도 화성시 동탄구 동탄순환대로127-23,우성에듀파크1층106호(산척동)",경기도 화성시 동탄구 산척동728-2우성에듀파크1층106호,2026-06-25
2191,의령소바,일반음식점,2024-03-11,,77.93,"경기도 화성시 동탄구 동탄대로5길9,더샵동탄센텀폴리스2단지그랑파사쥬2층2024호(송동)",경기도 화성시 동탄구 송동725-1더샵동탄센텀폴리스2단지그란파사쥬2024호,2026-06-25
2192,짬뽕대세,일반음식점,2024-03-11,,47.19,"경기도 화성시 동탄구 동탄첨단산업1로20,삼성테크노타워1층105호(영천동)",경기도 화성시 동탄구 영천동831-1,2026-06-25
2193,큰집멸치국수,일반음식점,2024-03-12,,78.28,"경기도 화성시 동탄구 동탄순환대로692,에이스플라자1층108,109호(영천동)","경기도 화성시 동탄구 영천동681-6108,1호",2026-06-25
2194,동탄호수칠천면가,일반음식점,2024-03-14,,112.61,"경기도 화성시 동탄구 동탄대로5길15,더샵동탄센텀폴리스1단지2층2012,2013호(송동)",경기도 화성시 동탄구 송동725-4더샵동탄센텀폴리스1단지,2026-06-25
2195,의정부부대찌개,일반음식점,2024-03-14,,109.17,"경기도 화성시 동탄구 큰재봉길23-12,펠리스타118,119호(석우동)","경기도 화성시 동탄구 석우동34-5펠리스타118,119호",2026-06-25
2196,우만동꼬마김밥동탄나루마을직영점,일반음식점,2024-03-15,,41.16,"경기도 화성시 동탄구 동탄솔빛로67,성우프라자1층107호(반송동)",경기도 화성시 동탄구 반송동219-1성우프라자107호,2026-06-25
2197,풍원보리밥동탄레이크꼬모점,일반음식점,2024-03-15,,194.51,"경기도 화성시 동탄구 동탄대로181,판매시설B동지하2층CB201호(송동,동탄린스트라우스더레이크)",경기도 화성시 동탄구 송동694동탄린스트라우스더레이크판매시설B동CB201호,2026-06-25
2198,커플릭스(동탄점),일반음식점,2024-03-18,,48.36,"경기도 화성시 동탄구 동탄첨단산업1로20,삼성테크노타워1층110호(영천동)",경기도 화성시 동탄구 영천동831-1,2026-06-25
2199,고돼지동탄점,일반음식점,2024-03-18,,36.48,"경기도 화성시 동탄구 동탄순환대로701,SR리버스빌1동1층108호(영천동)",경기도 화성시 동탄구 영천동678-3,2026-06-25
2200,리프(riff),일반음식점,2024-03-18,,86.21,"경기도 화성시 동탄구 동탄순환대로14길82-3,1동1층(산척동)",경기도 화성시 동탄구 산척동825-9,2026-06-25
2201,카츠오모이센트럴파크점,일반음식점,2024-03-18,,62.54,"경기도 화성시 동탄구 동탄공원로3길36-13,1층일부(101)호(반송동)",경기도 화성시 동탄구 반송동47-9,2026-06-25
2202,하이컴퍼니,일반음식점,2024-03-18,,18,"경기도 화성시 동탄구 동탄반송1길20-10,패밀리타운1층146호일부호(반송동)",경기도 화성시 동탄구 반송동40패밀리타운,2026-06-25
2203,낮밥밤주,일반음식점,2024-03-18,,61.2,"경기도 화성시 동탄구 동탄영천로108-21,근린생활시설동1층10호(영천동,화성동탄2LH2단지)",경기도 화성시 동탄구 영천동864화성동탄2LH2단지,2026-06-25
2204,범갈비,일반음식점,2024-03-19,,69.68,"경기도 화성시 동탄구 동탄대로시범길148-54,101,102호(청계동)","경기도 화성시 동탄구 청계동534-1101,102호",2026-06-25
2205,덮밥장사장동탄카림점,일반음식점,2024-03-19,,62,"경기도 화성시 동탄구 동탄대로시범길134,지하1층103호일부호(청계동,동탄역시범반도유보라아이비파크4.0)",경기도 화성시 동탄구 청계동536동탄역시범반도유보라아이비파크4.0,2026-06-25
2206,피제리아다문동탄목동점,일반음식점,2024-03-20,,154.74,"경기도 화성시 동탄구 왕배산1길8-5,1층전체호(목동)",경기도 화성시 동탄구 목동450-21층전체호,2026-06-25
2207,밥스토랑,일반음식점,2024-03-20,,20,"경기도 화성시 동탄구 여울로178-5,3층일부호(능동)",경기도 화성시 동탄구 능동1088,2026-06-25
2208,피자애동탄목동점,일반음식점,2024-03-20,,42.48,"경기도 화성시 동탄구 동탄순환대로20길124,우성스타파크A1층106호(목동)",경기도 화성시 동탄구 목동487-8우성스타파크A106호,2026-06-25
2209,제주은희네해장국동탄산단점,일반음식점,2024-03-20,,164.2,"경기도 화성시 동탄구 동탄산단8길19,1층111호(방교동)",경기도 화성시 동탄구 방교동829-1,2026-06-25
2210,돗가비불쭈꾸미동탄점16호점,일반음식점,2024-03-20,,74.06,"경기도 화성시 동탄구 동탄역로102,1층1041호(여울동,동탄역린스트라우스)",경기도 화성시 동탄구 여울동1020동탄역린스트라우스,2026-06-25
2211,보양촌동탄점,일반음식점,2024-03-21,,316.92,"경기도 화성시 동탄구 동탄대로446,동탄역그란비아스타2029,2030,2031호(청계동)","경기도 화성시 동탄구 청계동564동탄역그란비아스타2029,2030,2031호",2026-06-25
2212,족발신선생동탄호수산척점,일반음식점,2024-03-21,,100.44,"경기도 화성시 동탄구 동탄순환대로12길4,102,103,104호(산척동)","경기도 화성시 동탄구 산척동738-1102,103,104호",2026-06-25
2213,오유미당동탄솔빛점,일반음식점,2024-03-21,,49.14,"경기도 화성시 동탄구 동탄솔빛로62,리첸프라자101호(반송동)",경기도 화성시 동탄구 반송동217-1리첸프라자101호,2026-06-25
2214,블루샹하이동탄점,일반음식점,2024-03-21,,251.7,"경기도 화성시 동탄구 동탄대로23길121,우미뉴브1층112,113,114,115,116,117호(영천동)",경기도 화성시 동탄구 영천동851,2026-06-25
2215,연어는못참치,일반음식점,2024-03-21,,57.23,"경기도 화성시 동탄구 동탄대로636-14,상가동D-M120호(영천동,동탄역대방디엠시티더센텀)",경기도 화성시 동탄구 영천동874동탄역대방디엠시티더센텀D-M120호,2026-06-25
2216,빽다방동탄현대실리콘앨리점,일반음식점,2024-03-21,,66.39,"경기도 화성시 동탄구 동탄영천로150,현대실리콘앨리동탄S동지하1층B177호(영천동)",경기도 화성시 동탄구 영천동844-1,2026-06-25
2217,싸다김밥동탄테크노밸리점,일반음식점,2024-03-22,,76.24,"경기도 화성시 동탄구 동탄첨단산업1로27,금강펜테리움IX타워근린생활시설1층M83호,M84호(영천동)",경기도 화성시 동탄구 영천동823-6금강펜테리움IX타워,2026-06-25
2218,국밥도방교점,일반음식점,2024-03-22,,132.01,"경기도 화성시 동탄구 동탄기흥로247번길9-8,1층전체호(방교동)",경기도 화성시 동탄구 방교동768-41층전체호,2026-06-25
2219,노작336,일반음식점,2024-03-22,,124.71,"경기도 화성시 동탄구 노작로4길33-6,1층전체호(반송동)",경기도 화성시 동탄구 반송동116-51층전체호,2026-06-25
2220,어서오뎅,일반음식점,2024-03-25,,63.92,"경기도 화성시 동탄구 동탄지성로18,금정프라자1층103,104호(반송동)",경기도 화성시 동탄구 반송동91-9금정프라자,2026-06-25
2221,삼성한우,일반음식점,2024-03-26,,108.36,"경기도 화성시 동탄구 동탄반송3길55-2,1층전체호(반송동)",경기도 화성시 동탄구 반송동7-161층전체호,2026-06-25
2222,훈장골동탄점,일반음식점,2024-03-26,,1200.55,"경기도 화성시 동탄구 동탄장지천2길27,2층(장지동)",경기도 화성시 동탄구 장지동943-12층,2026-06-25
2223,니즈,일반음식점,2024-03-27,,143.98,"경기도 화성시 동탄구 지산2길16-3,1층전체호(영천동)",경기도 화성시 동탄구 영천동711-41층전체호,2026-06-25
2224,리플로우롯데백화점동탄점,일반음식점,2024-03-27,,66.12,"경기도 화성시 동탄구 동탄역로160,동탄역롯데캐슬판매시설동지하1층일부호(여울동)",경기도 화성시 동탄구 여울동1089동탄역롯데캐슬,2026-06-25
2225,고봉민김밥인화성동탄여울공원점,일반음식점,2024-03-28,,47.88,"경기도 화성시 동탄구 동탄광역환승로62,201동111호(여울동,동탄역삼정그린코아)",경기도 화성시 동탄구 여울동975동탄역삼정그린코아201동111호,2026-06-25
2226,국밥도석우점,일반음식점,2024-03-28,,100.32,"경기도 화성시 동탄구 삼성전자로8,세비앙오피스텔114,115호(석우동)","경기도 화성시 동탄구 석우동32-5세비앙오피스텔114,115호",2026-06-25
2227,픽스치킨(PICK'sCHICKEN),일반음식점,2024-03-29,,106.6,"경기도 화성시 동탄구 동탄반송3길18-13,1층(반송동)",경기도 화성시 동탄구 반송동26-8,2026-06-25
2228,후또,일반음식점,2024-04-01,,30.91,"경기도 화성시 동탄구 동탄순환대로22길14,1동지1층102호(청계동,동탄역대원칸타빌포레지움)",경기도 화성시 동탄구 청계동558동탄역대원칸타빌포레지움근린생활시설1동102호,2026-06-25
2229,김태주선산곱창동탄점,일반음식점,2024-04-01,,79.19,"경기도 화성시 동탄구 동탄대로5길9,더샵동탄센텀폴리스2단지그랑파사쥬동2층2006호(송동)",경기도 화성시 동탄구 송동725-1더샵동탄센텀폴리스2단지2006호,2026-06-25
2230,일월분식byMODAKK,일반음식점,2024-04-02,,42.68,"경기도 화성시 동탄구 동탄대로451,1층일부호(여울동)",경기도 화성시 동탄구 여울동1022,2026-06-25
2231,나인드림,일반음식점,2024-04-02,,78,"경기도 화성시 동탄구 동탄중심상가1길33,동탄미래도프라자4층403호(반송동)",경기도 화성시 동탄구 반송동104-3동탄미래도프라자,2026-06-25
2232,석우국밥,일반음식점,2024-04-04,,49.8,"경기도 화성시 동탄구 삼성1로5길5,1층112호(석우동)",경기도 화성시 동탄구 석우동3-1112호,2026-06-25
2233,도화,일반음식점,2024-04-05,,237.16,"경기도 화성시 동탄구 동탄중심상가1길31,광장타워1동3층303호,304호(반송동)",경기도 화성시 동탄구 반송동104-5광장타워,2026-06-25
2234,분식을품다동탄호수공원점,일반음식점,2024-04-05,,28.3,"경기도 화성시 동탄구 동탄대로6길9,B208호(산척동)",경기도 화성시 동탄구 산척동727-2B208호,2026-06-25
2235,윤이의콩돌,일반음식점,2024-04-08,,16,"경기도 화성시 동탄구 노작로4길22-21,1층일부호(반송동)",경기도 화성시 동탄구 반송동111-5,2026-06-25
2236,스시탄,일반음식점,2024-04-08,,130.4,"경기도 화성시 동탄구 동탄기흥로257번나길8-3,1층전체호(방교동)",경기도 화성시 동탄구 방교동753-4,2026-06-25
2237,장보고국밥,일반음식점,2024-04-08,,40.42,"경기도 화성시 동탄구 동탄순환대로27길30,동탄농수산물종합유통센터가동1층일부호(영천동)",경기도 화성시 동탄구 영천동603-1,2026-06-25
2238,화화돈동탄하나로점,일반음식점,2024-04-08,,40.42,"경기도 화성시 동탄구 동탄순환대로27길30,동탄농수산물종합유통센터가동1층일부호(영천동)",경기도 화성시 동탄구 영천동603-1,2026-06-25
2239,온육집1동탄점,일반음식점,2024-04-09,,44,"경기도 화성시 동탄구 동탄반송1길20-10,패밀리타운114호(반송동)",경기도 화성시 동탄구 반송동40패밀리타운114호,2026-06-25
2240,힘난다버거,일반음식점,2024-04-09,,51.25,"경기도 화성시 동탄구 동탄대로646-2,동탄역메가비즈타워A동117호(영천동)",경기도 화성시 동탄구 영천동873-1동탄역메가비즈타워A동117호,2026-06-25
2241,배가(家)칡냉면,일반음식점,2024-04-09,,45.04,"경기도 화성시 동탄구 경기동로439,브릿지타워1층일부(105호)(장지동)",경기도 화성시 동탄구 장지동712-10브릿지타워1층일부(105호),2026-06-25
2242,타코리코,일반음식점,2024-04-09,,45.2,"경기도 화성시 동탄구 동탄대로5길21,라크몽3층E327호(송동)",경기도 화성시 동탄구 송동726-1라크몽E327호,2026-06-25
2243,오아시스조개동탄영천점,일반음식점,2024-04-09,,152.28,"경기도 화성시 동탄구 지산2길12-9,1층(영천동)",경기도 화성시 동탄구 영천동703-61층,2026-06-25
2244,에제르키친EZERKITCHEN,일반음식점,2024-04-09,,46.27,"경기도 화성시 동탄구 동탄순환대로823,에이팩시티지1층B134호(영천동)",경기도 화성시 동탄구 영천동652-4에이팩시티,2026-06-25
2245,비치리프(BEACHREEF),일반음식점,2024-04-09,,45.1,"경기도 화성시 동탄구 동탄기흥로590,동탄센트럴에이스타워B동161호(영천동)",경기도 화성시 동탄구 영천동837동탄센트럴에이스타워B동161호,2026-06-25
2246,효자동설렁탕동탄아울렛점,일반음식점,2024-04-09,,108.44,"경기도 화성시 동탄구 동탄기흥로257번가길21,동탄프리미엄아울렛F동107,108호(방교동)","경기도 화성시 동탄구 방교동779-4107호,108호F동",2026-06-25
2247,송가네,일반음식점,2024-04-11,,140.4,"경기도 화성시 동탄구 동탄기흥로257번가길30-6,1층(방교동)",경기도 화성시 동탄구 방교동772-5,2026-06-25
2248,간사이등심,일반음식점,2024-04-12,,154.9,"경기도 화성시 동탄구 동탄중심상가2길8,로하스애비뉴2층203호(반송동)",경기도 화성시 동탄구 반송동91-2로하스애비뉴,2026-06-25
2249,정말맛있는갈비(정갈),일반음식점,2024-04-15,,45.36,"경기도 화성시 동탄구 동탄대로시범길134,동탄역시범반도유보라아이비파크4.01층1073호(청계동,동탄역시범반도유보라아이비파크4.0)",경기도 화성시 동탄구 청계동536동탄역시범반도유보라아이비파크4.0,2026-06-25
2250,푸바우반점,일반음식점,2024-04-15,,117.8,"경기도 화성시 동탄구 동탄영천로150,현대실리콘앨리동탄S동지하1층B173호,B174호(영천동)",경기도 화성시 동탄구 영천동844-1,2026-06-25
2251,OTR;OnTheRecord(온더레코드),일반음식점,2024-04-15,,66,"경기도 화성시 동탄구 동탄순환대로5길7,1층일부호(송동)",경기도 화성시 동탄구 송동720-8,2026-06-25
2252,황부자,일반음식점,2024-04-15,,195.81,"경기도 화성시 동탄구 동탄반송3길8,동탄타워1층108,109,110,111호(반송동)",경기도 화성시 동탄구 반송동27동탄타워,2026-06-25
2253,곽장어,일반음식점,2024-04-16,,279.97,"경기도 화성시 동탄구 동탄기흥로257번가길16,1층124,125,126,127,128,129호(방교동)",경기도 화성시 동탄구 방교동777,2026-06-25
2254,치킨플러스동탄1호점,일반음식점,2024-04-16,,43,"경기도 화성시 동탄구 동탄순환대로3길27-31,1층일부호(송동)",경기도 화성시 동탄구 송동712-6,2026-06-25
2255,별난만두카페본점,일반음식점,2024-04-16,,39.01,"경기도 화성시 동탄구 동탄대로5길15,더샵동탄센텀폴리스1단지1층1029호(송동)",경기도 화성시 동탄구 송동725-4더샵동탄센텀폴리스1단지,2026-06-25
2256,양념이맛있는삼일치킨,일반음식점,2024-04-16,,58.96,"경기도 화성시 동탄구 여울로4길65-9,1층102호(능동)",경기도 화성시 동탄구 능동1102-11102호,2026-06-25
2257,노모어피자동탄호수공원점,일반음식점,2024-04-16,,52.65,"경기도 화성시 동탄구 동탄대로5길32,루나갤러리1층127호(송동)",경기도 화성시 동탄구 송동723-1,2026-06-25
2258,신가네매운떡볶이,일반음식점,2024-04-18,,45.95,"경기도 화성시 동탄구 10용사3길21,1층일부호(반송동)",경기도 화성시 동탄구 반송동154-1,2026-06-25
2259,국가대표회센터동탄호수공원점,일반음식점,2024-04-18,031-378-8880,82,"경기도 화성시 동탄구 동탄대로10나길21,유원프라자102,103호(산척동)","경기도 화성시 동탄구 산척동706-6102,103호",2026-06-25
2260,소정,일반음식점,2024-04-18,,59.74,"경기도 화성시 동탄구 동탄영천로150,현대실리콘앨리동탄S동B158호(영천동)",경기도 화성시 동탄구 영천동844-1,2026-06-25
2261,큰집닭강정반송점,일반음식점,2024-04-19,,49.14,"경기도 화성시 동탄구 동탄반송3길8,동탄타워1층135호(반송동)",경기도 화성시 동탄구 반송동27동탄타워,2026-06-25
2262,인정코다리,일반음식점,2024-04-22,,97.86,"경기도 화성시 동탄구 동탄대로489,동탄역우성타워2층210호(여울동)",경기도 화성시 동탄구 여울동969-3동탄역우성타워,2026-06-25
2263,석천아구찜전문점,일반음식점,2024-04-22,,45.6,"경기도 화성시 동탄구 동탄대로6길27,1층107호(산척동)",경기도 화성시 동탄구 산척동727-8,2026-06-25
2264,상하이야시장,일반음식점,2024-04-22,,122.83,"경기도 화성시 동탄구 동탄기흥로247번길10-13,1층(방교동)",경기도 화성시 동탄구 방교동767-2,2026-06-25
2265,지티에스버거,일반음식점,2024-04-22,,54.76,"경기도 화성시 동탄구 동탄기흥로257번가길16,동탄프리미엄아울렛I동1층114호,115호(방교동)",경기도 화성시 동탄구 방교동777,2026-06-25
2266,낭만뒷고기,일반음식점,2024-04-22,,114.87,"경기도 화성시 동탄구 동탄기흥로257번가길20-11,1층(방교동)",경기도 화성시 동탄구 방교동770-4,2026-06-25
2267,메그니피센트원,일반음식점,2024-04-23,,89.17,"경기도 화성시 동탄구 동탄첨단산업1로27,금강펜테리움IX타워근린생활시설동1층M87호,M88호(영천동)",경기도 화성시 동탄구 영천동823-6금강펜테리움IX타워,2026-06-25
2268,명랑부대찌개&낙곱새동탄목동점,일반음식점,2024-04-23,,39,"경기도 화성시 동탄구 동탄신리천로408,M메디컬프라자1동1층113호(목동)",경기도 화성시 동탄구 목동496-4,2026-06-25
2269,헤즈업홀덤펍동탄점,일반음식점,2024-04-23,,124.8,"경기도 화성시 동탄구 동탄중심상가2길35,중앙프라자2층203호(반송동)",경기도 화성시 동탄구 반송동88-3중앙프라자,2026-06-25
2270,한마음정육식당화성동탄능동점,일반음식점,2024-04-24,031-613-9242,566.26,"경기도 화성시 동탄구 동탄하나1길68,1,2층일부호(능동)",경기도 화성시 동탄구 능동1052-6,2026-06-25
2271,광장포차,일반음식점,2024-04-24,,43.9,"경기도 화성시 동탄구 동탄중심상가2길37,필프라자1층105호(반송동)",경기도 화성시 동탄구 반송동88-2필프라자105호,2026-06-25
2272,둘둘치킨반송점,일반음식점,2024-04-24,,48,"경기도 화성시 동탄구 동탄반석로120,제일프라자1층103호(반송동)",경기도 화성시 동탄구 반송동107-8제일프라자,2026-06-25
2273,찐찐꼬마김밥본점,일반음식점,2024-04-24,,35.23,"경기도 화성시 동탄구 동탄광역환승로73,207동지하1층E018호(여울동,동탄역반도유보라아이비파크8.0)",경기도 화성시 동탄구 여울동973동탄역반도유보라아이비파크8.0,2026-06-25
2274,돈까스잔치익스프레스동탄호수공원점(동탄라크몽점),일반음식점,2024-04-25,,30.38,"경기도 화성시 동탄구 동탄대로5길21,라크몽지하1층C11일부(C22)호(송동)",경기도 화성시 동탄구 송동726-1,2026-06-25
2275,규카츠정동탄점,일반음식점,2024-04-25,,45.45,"경기도 화성시 동탄구 동탄반석로156,1층106일부호(반송동,동탄현대하이페리온)",경기도 화성시 동탄구 반송동93-9동탄현대하이페리온,2026-06-25
2276,시드니빌런,일반음식점,2024-04-29,,47.58,"경기도 화성시 동탄구 동탄오산로86-11,GTX광장프라자1층111호(여울동)",경기도 화성시 동탄구 여울동969-5111호,2026-06-25
2277,소주물동탄,일반음식점,2024-04-29,,319.15,"경기도 화성시 동탄구 동탄기흥로614,더퍼스트타워투1층138,139,140,141,142,143호(영천동)",경기도 화성시 동탄구 영천동835-1,2026-06-25
2278,고래맥주창고동탄역파라곤점,일반음식점,2024-04-29,,32.2,"경기도 화성시 동탄구 동탄기흥로393-20,근린생활시설동1층194호(여울동,동탄역파라곤)",경기도 화성시 동탄구 여울동985동탄역파라곤194호,2026-06-25
2279,크라운호프동탄산척점,일반음식점,2024-04-30,,145.31,"경기도 화성시 동탄구 동탄순환대로14길82-15,1층101호(산척동)",경기도 화성시 동탄구 산척동826-5,2026-06-25
2280,핵밥동탄호수공원점,일반음식점,2024-05-02,,56.67,"경기도 화성시 동탄구 동탄대로5길15,더샵동탄센텀폴리스1단지그랑파사쥬1033,1034일부호(송동)",경기도 화성시 동탄구 송동725-4더샵동탄센텀폴리스1단지,2026-06-25
2281,숙성회136동탄북광장점,일반음식점,2024-05-03,,153.79,"경기도 화성시 동탄구 동탄중심상가2길31,성진빌딩2층일부(203)호(반송동)",경기도 화성시 동탄구 반송동88-5성진빌딩,2026-06-25
2282,육회바른연어동탄호수공원점,일반음식점,2024-05-07,,40.46,"경기도 화성시 동탄구 동탄순환대로127-17,동탄2우성메디피아1층120호(산척동)",경기도 화성시 동탄구 산척동728-4동탄2우성메디피아,2026-06-25
2283,만재네동탄점,일반음식점,2024-05-07,,172.45,"경기도 화성시 동탄구 동탄중심상가2길8,로하스애비뉴1층106,107,108호(반송동)",경기도 화성시 동탄구 반송동91-2로하스애비뉴,2026-06-25
2284,청담동말자싸롱화성능동점,일반음식점,2024-05-09,,54.18,"경기도 화성시 동탄구 동탄하나1길61,1층116호(능동)",경기도 화성시 동탄구 능동1065-1,2026-06-25
2285,솝커피하우스,일반음식점,2024-05-10,,49.5,"경기도 화성시 동탄구 동탄순환대로14길10,1층일부(101)호(산척동)",경기도 화성시 동탄구 산척동824-2,2026-06-25
2286,지온커피,일반음식점,2024-05-10,,33.15,"경기도 화성시 동탄구 동탄순환대로14길77,1층106호(산척동)",경기도 화성시 동탄구 산척동830-1,2026-06-25
2287,우수담,일반음식점,2024-05-10,,556.33,"경기도 화성시 동탄구 동탄대로446,동탄역그란비아스타1층1011~1016,1018~1021호(청계동)",경기도 화성시 동탄구 청계동564동탄역그란비아스타,2026-06-25
2288,신룽푸마라탕동탄타임테라스점,일반음식점,2024-05-13,,92.3,"경기도 화성시 동탄구 동탄중앙로220,메타폴리스상가동4층401호일부(401-5)호(반송동,메타폴리스)",경기도 화성시 동탄구 반송동96메타폴리스,2026-06-25
2289,열정국밥,일반음식점,2024-05-13,,40.95,"경기도 화성시 동탄구 동탄대로8길60,리버파크1동1층114호(산척동)",경기도 화성시 동탄구 산척동725-2,2026-06-25
2290,네잎클로버,일반음식점,2024-05-14,,83.46,"경기도 화성시 동탄구 동탄기흥로257번가길20-10,1층일부호(방교동)",경기도 화성시 동탄구 방교동769-8,2026-06-25
2291,뉴욕기사식당,일반음식점,2024-05-14,,24.67,"경기도 화성시 동탄구 동탄대로5길21,라크몽지1층C11호일부(C-23)호(송동)",경기도 화성시 동탄구 송동726-1,2026-06-25
2292,아쌍트베이커리(Assantbakery)동탄점,일반음식점,2024-05-14,,132,"경기도 화성시 동탄구 지산2길4-15,1층일부(102)호(영천동)",경기도 화성시 동탄구 영천동701-13,2026-06-25
2293,탐나는피자동탄병점점,일반음식점,2024-05-16,,44,"경기도 화성시 동탄구 동탄반송1길20-10,패밀리타운1층112호(반송동)",경기도 화성시 동탄구 반송동40패밀리타운,2026-06-25
2294,KFC동탄호수공원점,일반음식점,2024-05-16,,129.6,"경기도 화성시 동탄구 동탄대로181,A동1층127,128,129,130호(송동,동탄린스트라우스더레이크)",경기도 화성시 동탄구 송동694동탄린스트라우스더레이크,2026-06-25
2295,향리원마라탕,일반음식점,2024-05-16,,46.98,"경기도 화성시 동탄구 동탄순환대로127-23,우성에듀파크1층112호(산척동)",경기도 화성시 동탄구 산척동728-2우성에듀파크,2026-06-25
2296,스시선,일반음식점,2024-05-16,,72.82,"경기도 화성시 동탄구 동탄중앙로220,A동4층401-3호(반송동,메타폴리스)",경기도 화성시 동탄구 반송동96메타폴리스,2026-06-25
2297,모어무아동탄점,일반음식점,2024-05-16,,51,"경기도 화성시 동탄구 동탄공원로1길22-24,1층일부(101)호(반송동)",경기도 화성시 동탄구 반송동64-3,2026-06-25
2298,달빛에구운고등어(예당마을점),일반음식점,2024-05-20,,317.25,"경기도 화성시 동탄구 노작로226-7,동탄산타플러스1층101호(석우동)",경기도 화성시 동탄구 석우동59-5,2026-06-25
2299,스테이온,일반음식점,2024-05-20,,66,"경기도 화성시 동탄구 동탄장지천5길16,101호(장지동)",경기도 화성시 동탄구 장지동959-5,2026-06-25
2300,차이(Chai)797롯데동탄점,일반음식점,2024-05-20,,283.64,"경기도 화성시 동탄구 동탄역로160,동탄역롯데캐슬2층일부호(여울동)",경기도 화성시 동탄구 여울동1089동탄역롯데캐슬,2026-06-25
2301,철길부산집동탄목동점,일반음식점,2024-05-20,,36.3,"경기도 화성시 동탄구 왕배산2길4-10,1층일부(101)호(목동)",경기도 화성시 동탄구 목동458-1,2026-06-25
2302,(주)초대받은날영천점,일반음식점,2024-05-21,,266.18,"경기도 화성시 동탄구 동탄영천로150,현대실리콘앨리동탄S동지하1층B159~B164호(영천동)",경기도 화성시 동탄구 영천동844-1,2026-06-25
2303,동탄남광장칠천면가,일반음식점,2024-05-21,,46.8,"경기도 화성시 동탄구 동탄반석로120,제일프라자1층101호(반송동)",경기도 화성시 동탄구 반송동107-8제일프라자,2026-06-25
2304,운향능이백숙,일반음식점,2024-05-22,,36.72,"경기도 화성시 동탄구 동탄신리천로414,경서타워1층117호(목동)",경기도 화성시 동탄구 목동496-5,2026-06-25
2305,백년회관동탄역점,일반음식점,2024-05-22,,272,"경기도 화성시 동탄구 동탄대로21길10,더퍼스트타워161,162,163,164,165호(영천동)",경기도 화성시 동탄구 영천동652-5,2026-06-25
2306,버거리동탄카림점,일반음식점,2024-05-23,,40.28,"경기도 화성시 동탄구 동탄대로시범길134,1층1056호(청계동,동탄역시범반도유보라아이비파크4.0)",경기도 화성시 동탄구 청계동536동탄역시범반도유보라아이비파크4.0,2026-06-25
2307,청담국수,일반음식점,2024-05-23,,38.48,"경기도 화성시 동탄구 동탄영천로101,1층101호(영천동)",경기도 화성시 동탄구 영천동878-3,2026-06-25
2308,금동주막,일반음식점,2024-05-23,,80.66,"경기도 화성시 동탄구 지산2길34-2,1층일부(103)호(영천동)",경기도 화성시 동탄구 영천동708-2,2026-06-25
2309,인생돈가스동탄목동점,일반음식점,2024-05-27,,85.55,"경기도 화성시 동탄구 동탄순환대로20길118,우성스타파크B1층102호,103호(목동)",경기도 화성시 동탄구 목동487-9,2026-06-25
2310,라메인(LAMAIN),일반음식점,2024-05-28,,102.78,"경기도 화성시 동탄구 동탄지성로11,동탄SRGOLDPLAZA1층106호,107호(반송동)",경기도 화성시 동탄구 반송동93-2동탄SRGOLDPLAZA,2026-06-25
2311,빠통치킨동탄점,일반음식점,2024-05-28,,43.66,"경기도 화성시 동탄구 동탄대로4길123,상가동1층105호(장지동,동탄2아이파크)",경기도 화성시 동탄구 장지동1010동탄2아이파크,2026-06-25
2312,또봉이통닭동탄여울공원점,일반음식점,2024-05-29,,50.25,"경기도 화성시 동탄구 동탄광역환승로62,201동1층107호(여울동,동탄역삼정그린코아)",경기도 화성시 동탄구 여울동975동탄역삼정그린코아,2026-06-25
2313,이자카야우규동탄산척점,일반음식점,2024-05-29,,101.9,"경기도 화성시 동탄구 동탄순환대로14길86-6,1층(산척동)",경기도 화성시 동탄구 산척동825-3,2026-06-25
2314,DRACO(디라코),일반음식점,2024-05-29,,23.49,"경기도 화성시 동탄구 동탄첨단산업1로27,금강펜테리움IX타워1층M19호(영천동)",경기도 화성시 동탄구 영천동823-6금강펜테리움IX타워,2026-06-25
2315,정식당,일반음식점,2024-05-30,,57.63,"경기도 화성시 동탄구 동탄기흥로257번나길14-2,1층일부(102)호(방교동)",경기도 화성시 동탄구 방교동754-5,2026-06-25
2316,(주)더온글로벌,일반음식점,2024-05-30,,40.95,"경기도 화성시 동탄구 동탄대로8길60,리버파크1동1층119호(산척동)",경기도 화성시 동탄구 산척동725-2,2026-06-25
2317,박가면장,일반음식점,2024-05-30,,80.17,"경기도 화성시 동탄구 동탄대로10길76,PNK에듀프라자1층104호,105호(산척동)",경기도 화성시 동탄구 산척동706-5,2026-06-25
2318,별바앤카페,일반음식점,2024-05-31,,103.7,"경기도 화성시 동탄구 동탄오산로86-8,로얄클래스4층403호(여울동)",경기도 화성시 동탄구 여울동968-3,2026-06-25
2319,김밥&강정,일반음식점,2024-05-31,,32.47,"경기도 화성시 동탄구 동탄대로시범길134,1층0071호(청계동,동탄역시범반도유보라아이비파크4.0)",경기도 화성시 동탄구 청계동536동탄역시범반도유보라아이비파크4.0,2026-06-25
2320,제육도감동탄본점,일반음식점,2024-05-31,,40,"경기도 화성시 동탄구 동탄순환대로28길17,지하1층B104호(영천동,동탄역이지더원)",경기도 화성시 동탄구 영천동672동탄역이지더원,2026-06-25
2321,하로센동탄역점,일반음식점,2024-05-31,,53.58,"경기도 화성시 동탄구 동탄오산로86-10,112호(여울동)",경기도 화성시 동탄구 여울동968-4,2026-06-25
2322,남도술상동탄영천점,일반음식점,2024-05-31,,147.87,"경기도 화성시 동탄구 지산2길16-8,1층(영천동)",경기도 화성시 동탄구 영천동703-5,2026-06-25
2323,호록칼국수,일반음식점,2024-06-03,,180.4,"경기도 화성시 동탄구 동탄역로102,판매시설동1층1018호,1019호,1020호(여울동,동탄역린스트라우스)",경기도 화성시 동탄구 여울동1020동탄역린스트라우스,2026-06-25
2324,기영이숯불두마리치킨동탄역점,일반음식점,2024-06-04,,40.68,"경기도 화성시 동탄구 동탄역로102,판매시설동1층1027호(여울동,동탄역린스트라우스)",경기도 화성시 동탄구 여울동1020동탄역린스트라우스,2026-06-25
2325,J비어,일반음식점,2024-06-04,,44.08,"경기도 화성시 동탄구 동탄오산로86-10,동탄역리코빌1층109호(여울동)",경기도 화성시 동탄구 여울동968-4,2026-06-25
2326,맛있는코다리,일반음식점,2024-06-04,,143.72,"경기도 화성시 동탄구 동탄치동천로2길3-45,1동1층(영천동)",경기도 화성시 동탄구 영천동757-1,2026-06-25
2327,카페크리미(cafecreamy),일반음식점,2024-06-04,,147.8,"경기도 화성시 동탄구 10용사2길30,1층(반송동)",경기도 화성시 동탄구 반송동150-14,2026-06-25
2328,떡볶이참잘하는집떡참동탄호수공원점,일반음식점,2024-06-05,,41.6,"경기도 화성시 동탄구 동탄대로8길64,상아프라자1층108호(산척동)",경기도 화성시 동탄구 산척동725-4,2026-06-25
2329,고기80,일반음식점,2024-06-05,031-8003-8899,62.24,"경기도 화성시 동탄구 삼성전자로12,프리언스오피스텔1층105호(석우동)",경기도 화성시 동탄구 석우동32-4프리언스오피스텔,2026-06-25
2330,류마동탄파라곤점,일반음식점,2024-06-05,,58.22,"경기도 화성시 동탄구 동탄반석로172,1층112호(반송동,동탄파라곤)",경기도 화성시 동탄구 반송동93-3동탄파라곤,2026-06-25
2331,1키로탕수육,일반음식점,2024-06-05,,17.04,"경기도 화성시 동탄구 동탄대로6길19,파케이드스타1층106호(산척동)",경기도 화성시 동탄구 산척동727-6,2026-06-25
2332,텀즈(THUMBS),일반음식점,2024-06-05,,40.27,"경기도 화성시 동탄구 동탄영천로131,동탄코너원스마트타워1층101호(영천동)",경기도 화성시 동탄구 영천동875-1,2026-06-25
2333,스타팩토리,일반음식점,2024-06-07,,40.96,"경기도 화성시 동탄구 동탄기흥로602,더퍼스트타워3차1층127호(영천동)",경기도 화성시 동탄구 영천동836-1더퍼스트타워,2026-06-25
2334,주류상회Be동탄점,일반음식점,2024-06-07,,45.63,"경기도 화성시 동탄구 노작로143,유정프라자103호(반송동)",경기도 화성시 동탄구 반송동106-5유정프라자,2026-06-25
2335,카시아별관,일반음식점,2024-06-10,,147.68,"경기도 화성시 동탄구 동탄대로14길6-30,1층(여울동)",경기도 화성시 동탄구 여울동1036-14,2026-06-25
2336,모모즈데이(MOMO'SDAY),일반음식점,2024-06-10,,50.1,"경기도 화성시 동탄구 여울로13,1층일부(102,103)호(능동)",경기도 화성시 동탄구 능동1146-1,2026-06-25
2337,료혼동탄호수공원점,일반음식점,2024-06-11,,55.68,"경기도 화성시 동탄구 동탄대로5길32,2층209호(송동)",경기도 화성시 동탄구 송동723-1,2026-06-25
2338,이가주막,일반음식점,2024-06-11,,36.27,"경기도 화성시 동탄구 동탄대로8길64,상아프라자지하2층B202호(산척동)",경기도 화성시 동탄구 산척동725-4,2026-06-25
2339,풍덕천두꺼비집동탄신리천점,일반음식점,2024-06-12,,78,"경기도 화성시 동탄구 동탄대로14길6-46,1층일부호(여울동)",경기도 화성시 동탄구 여울동1036-21,2026-06-25
2340,오븐마루동탄센트럴파크점,일반음식점,2024-06-13,,56,"경기도 화성시 동탄구 동탄반송1길20-10,패밀리타운121호(반송동)",경기도 화성시 동탄구 반송동40패밀리타운,2026-06-25
2341,따뜻한집밥,일반음식점,2024-06-13,,46.8,"경기도 화성시 동탄구 동탄기흥로590,동탄센트럴에이스타워1층107호(영천동)",경기도 화성시 동탄구 영천동837동탄센트럴에이스타워,2026-06-25
2342,나무그늘아마넥스,일반음식점,2024-06-14,,10.86,"경기도 화성시 동탄구 동탄순환대로29길60,강산프라자1층105호일부호(영천동)",경기도 화성시 동탄구 영천동675-4,2026-06-25
2343,입큰야식타운,일반음식점,2024-06-14,,64.48,"경기도 화성시 동탄구 노작로149,화성동탄JO프라자4층401호일부호(반송동)",경기도 화성시 동탄구 반송동106-2화성동탄JO프라자,2026-06-25
2344,로얄,일반음식점,2024-06-17,,157.76,"경기도 화성시 동탄구 동탄오산로86-10,동탄역리코빌3층301호(여울동)",경기도 화성시 동탄구 여울동968-4,2026-06-25
2345,은(EUN),일반음식점,2024-06-17,,99.06,"경기도 화성시 동탄구 삼성전자로8,세비앙오피스텔2층206호(석우동)",경기도 화성시 동탄구 석우동32-5,2026-06-25
2346,선비칼국수동탄영천점,일반음식점,2024-06-18,,95.94,"경기도 화성시 동탄구 동탄대로637,1층110,111호(영천동)",경기도 화성시 동탄구 영천동852-2,2026-06-25
2347,백연게장동탄점,일반음식점,2024-06-21,,33.6,"경기도 화성시 동탄구 노작로177,마젤란오피스텔111호(반송동)",경기도 화성시 동탄구 반송동92-2마젤란오피스텔,2026-06-25
2348,구이구이쪽갈비호수공원점,일반음식점,2024-06-24,,66.45,"경기도 화성시 동탄구 동탄순환대로14길29,1층전체호(산척동)",경기도 화성시 동탄구 산척동819-12,2026-06-25
2349,마조바베큐,일반음식점,2024-06-25,,183.86,"경기도 화성시 동탄구 삼성전자로8,세비앙오피스텔1층105호,106호,2층203호(석우동)",경기도 화성시 동탄구 석우동32-5,2026-06-25
2350,목포식당,일반음식점,2024-06-25,,137.98,"경기도 화성시 동탄구 동탄공원로1길6-15,1층(반송동)",경기도 화성시 동탄구 반송동70-6,2026-06-25
2351,김치찌개미화식당동탄점,일반음식점,2024-06-26,,150.69,"경기도 화성시 동탄구 동탄반송1길30-21,1층전체호(반송동)",경기도 화성시 동탄구 반송동36-10,2026-06-25
2352,대복식당,일반음식점,2024-06-26,031-613-5474,50.7,"경기도 화성시 동탄구 큰재봉길23-11,동탄삼성쉐르빌1층106호(석우동)",경기도 화성시 동탄구 석우동36-1동탄삼성쉐르빌,2026-06-25
2353,크레마노동탄삼성DSR점,일반음식점,2024-06-26,,60.91,"경기도 화성시 동탄구 삼성1로5길6,1층116호(석우동)",경기도 화성시 동탄구 석우동1-9,2026-06-25
2354,라홍방마라탕동탄더퍼스트타워3차점,일반음식점,2024-06-28,,54.99,"경기도 화성시 동탄구 동탄기흥로602,더퍼스트타워III1층124호,125호(영천동)",경기도 화성시 동탄구 영천동836-1더퍼스트타워,2026-06-25
2355,쌈뚜껑,일반음식점,2024-06-28,,202.36,"경기도 화성시 동탄구 동탄영천로105,1층148,149,150,151,152호(영천동)",경기도 화성시 동탄구 영천동878-2,2026-06-25
2356,숯토리동탄영천점,일반음식점,2024-06-28,,52.89,"경기도 화성시 동탄구 지산1길17-11,1층일부(101)호(영천동)",경기도 화성시 동탄구 영천동689-1,2026-06-25
2357,이태리양조장동탄반송점,일반음식점,2024-06-28,,62.15,"경기도 화성시 동탄구 동탄시범한빛길21,103,104호(반송동)",경기도 화성시 동탄구 반송동22-2,2026-06-25
2358,로드락비어동탄2신도시점,일반음식점,2024-07-01,,94.38,"경기도 화성시 동탄구 동탄첨단산업1로20,삼성테크노타워103,104호(영천동)",경기도 화성시 동탄구 영천동831-1,2026-06-25
2359,동서남북김밥,일반음식점,2024-07-01,,34.71,"경기도 화성시 동탄구 동탄대로683,SHSQUARE2121호(영천동)",경기도 화성시 동탄구 영천동846-2,2026-06-25
2360,달롱도르요거트아이스크림영천점,일반음식점,2024-07-02,,52.26,"경기도 화성시 동탄구 동탄대로635,SHTIMESQUAREⅠ1동1층115호(영천동)",경기도 화성시 동탄구 영천동853-3SHTIMESQUAREⅠ,2026-06-25
2361,누트데일리(NootDaily),일반음식점,2024-07-03,,27.79,"경기도 화성시 동탄구 동탄역로54,112동1층1148호(여울동,동탄역헤리엇)",경기도 화성시 동탄구 여울동1023동탄역헤리엇,2026-06-25
2362,한마음정육식당동탄호수공원점,일반음식점,2024-07-04,,463.45,"경기도 화성시 동탄구 동탄대로1길3,2층201~209호(장지동)",경기도 화성시 동탄구 장지동929-1,2026-06-25
2363,연제네동탄목동점,일반음식점,2024-07-04,,44.89,"경기도 화성시 동탄구 동탄신리천로408,M메디컬프라자1동1층108호(목동)",경기도 화성시 동탄구 목동496-4,2026-06-25
2364,커피Pick,일반음식점,2024-07-04,,25.79,"경기도 화성시 동탄구 동탄기흥로520번가길4-9,1층일부(102)호(영천동)",경기도 화성시 동탄구 영천동798-3,2026-06-25
2365,인쌩맥주석우점,일반음식점,2024-07-04,,56.62,"경기도 화성시 동탄구 큰재봉길23-4,석진블루체106호(석우동)",경기도 화성시 동탄구 석우동33-2,2026-06-25
2366,어가수산,일반음식점,2024-07-04,,76.96,"경기도 화성시 동탄구 동탄대로6길23,수피안프라자1층102호,103호(산척동)",경기도 화성시 동탄구 산척동727-7수피안프라자,2026-06-25
2367,천향동탄점,일반음식점,2024-07-04,,26.4,"경기도 화성시 동탄구 동탄순환대로27길30,동탄농수산물종합유통센터가동1층일부호(영천동)",경기도 화성시 동탄구 영천동603-1,2026-06-25
2368,리얼브레드,일반음식점,2024-07-08,,45.9,"경기도 화성시 동탄구 동탄원천로354-11,동탄퍼스트빌스타1층108호(능동)",경기도 화성시 동탄구 능동1065-2,2026-06-25
2369,우이동멸치국수,일반음식점,2024-07-08,,33.3,"경기도 화성시 동탄구 동탄중심상가2길16,1층106호(반송동)",경기도 화성시 동탄구 반송동91-6,2026-06-25
2370,OQpub(오큐펍),일반음식점,2024-07-09,,69,"경기도 화성시 동탄구 동탄기흥로447-54,동탄역스타디움블루1층107호,108호(여울동)",경기도 화성시 동탄구 여울동977-3,2026-06-25
2371,오늘된장(동탄점),일반음식점,2024-07-09,,102.4,"경기도 화성시 동탄구 동탄첨단산업1로58,FIRSTKOREA1층130,131호(영천동)",경기도 화성시 동탄구 영천동827-1,2026-06-25
2372,편백샤브샤브,일반음식점,2024-07-10,,70.51,"경기도 화성시 동탄구 동탄기흥로447-54,204호(여울동)",경기도 화성시 동탄구 여울동977-3,2026-06-25
2373,동탄콩국수,일반음식점,2024-07-15,,128.01,"경기도 화성시 동탄구 노작로4길30-4,1동1층(반송동)",경기도 화성시 동탄구 반송동114-8,2026-06-25
2374,어반샤브,일반음식점,2024-07-15,,114.27,"경기도 화성시 동탄구 동탄순환대로14길32,1동1층(산척동)",경기도 화성시 동탄구 산척동822-5,2026-06-25
2375,셔터,일반음식점,2024-07-15,,51.25,"경기도 화성시 동탄구 동탄순환대로3가길11,1층일부호(송동)",경기도 화성시 동탄구 송동711-2,2026-06-25
2376,느린마을양조장동탄목동점,일반음식점,2024-07-15,,128.8,"경기도 화성시 동탄구 왕배산3길32,1층(목동)",경기도 화성시 동탄구 목동455-9,2026-06-25
2377,몽쉘댕댕,일반음식점,2024-07-16,,76.86,"경기도 화성시 동탄구 동탄광역환승로62,201동1층119호,120호(여울동,동탄역삼정그린코아)",경기도 화성시 동탄구 여울동975동탄역삼정그린코아,2026-06-25
2378,뽁당볶음밥2동탄점,일반음식점,2024-07-17,,31.49,"경기도 화성시 동탄구 동탄대로683,SHSQUAREⅡ1층101호(영천동)",경기도 화성시 동탄구 영천동846-2,2026-06-25
2379,노랑통닭동탄남광장점,일반음식점,2024-07-17,,39.8,"경기도 화성시 동탄구 동탄중심상가1길18,동탄동일하이빌오피스텔1층105호(반송동)",경기도 화성시 동탄구 반송동106-6동탄동일하이빌오피스텔,2026-06-25
2380,합동탄북광장점,일반음식점,2024-07-17,,109.2,"경기도 화성시 동탄구 동탄중심상가2길26-31,가희프라자2층204호(반송동)",경기도 화성시 동탄구 반송동87-1가희프라자,2026-06-25
2381,이가네보쌈,일반음식점,2024-07-17,,125.02,"경기도 화성시 동탄구 동탄산척로2나길16-4,1층(산척동)",경기도 화성시 동탄구 산척동707-9,2026-06-25
2382,걱정돼지,일반음식점,2024-07-18,,82.72,"경기도 화성시 동탄구 동탄대로23길121,우미뉴브1층135호,136호(영천동)",경기도 화성시 동탄구 영천동851우미뉴브,2026-06-25
2383,데일리컵,일반음식점,2024-07-19,,40.95,"경기도 화성시 동탄구 동탄대로8길60,리버파크1동1층118호(산척동)",경기도 화성시 동탄구 산척동725-2,2026-06-25
2384,CAFE스피커,일반음식점,2024-07-22,,74.49,"경기도 화성시 동탄구 동탄기흥로257번나길30-2,1층일부(101)호(방교동)",경기도 화성시 동탄구 방교동758-6,2026-06-25
2385,더타코부스롯데동탄점,일반음식점,2024-07-23,,46.4,"경기도 화성시 동탄구 동탄역로160,동탄역롯데캐슬판매시설지1층일부호(여울동)",경기도 화성시 동탄구 여울동1089동탄역롯데캐슬,2026-06-25
2386,다은,일반음식점,2024-07-23,,41.76,"경기도 화성시 동탄구 지산1길11-6,1층일부호(영천동)",경기도 화성시 동탄구 영천동689-9,2026-06-25
2387,봉래닭발,일반음식점,2024-07-24,,39,"경기도 화성시 동탄구 동탄중심상가1길33,동탄미래도프라자1층108호(반송동)",경기도 화성시 동탄구 반송동104-3동탄미래도프라자,2026-06-25
2388,온도동탄호수공원점,일반음식점,2024-07-24,,77.22,"경기도 화성시 동탄구 동탄순환대로3,1층102,103호(송동)",경기도 화성시 동탄구 송동717-1,2026-06-25
2389,노랑통닭동탄테크노밸리점,일반음식점,2024-07-25,,31.98,"경기도 화성시 동탄구 동탄기흥로520번가길11,1층일부(101호)호(영천동)",경기도 화성시 동탄구 영천동792-7,2026-06-25
2390,동백연화동탄여울공원점,일반음식점,2024-07-25,,95.76,"경기도 화성시 동탄구 동탄광역환승로62,201동1층112호,113호(여울동,동탄역삼정그린코아)",경기도 화성시 동탄구 여울동975동탄역삼정그린코아,2026-06-25
2391,불닭발땡초동대문엽기떡볶이동탄청계점,일반음식점,2024-07-29,,77.22,"경기도 화성시 동탄구 동탄대로시범길148-20,마추프라자1층104호,105호(청계동)",경기도 화성시 동탄구 청계동535-5,2026-06-25
2392,미아리우동집동탄산척점,일반음식점,2024-07-29,,46.8,"경기도 화성시 동탄구 동탄순환대로249,효천프라자1층105호(산척동)",경기도 화성시 동탄구 산척동724-3,2026-06-25
2393,유키산도,일반음식점,2024-07-30,,28.08,"경기도 화성시 동탄구 동탄공원로3길18-8,1층일부(101호)호(반송동)",경기도 화성시 동탄구 반송동49-3,2026-06-25
2394,아이필케이키(Ifeelcakey),일반음식점,2024-07-31,,35.23,"경기도 화성시 동탄구 동탄대로시범길134,판매시설동1층1124호(청계동,동탄역시범반도유보라아이비파크4.0)",경기도 화성시 동탄구 청계동536동탄역시범반도유보라아이비파크4.0,2026-06-25
2395,오늘푸드,일반음식점,2024-07-31,,9.9,"경기도 화성시 동탄구 동탄순환대로29길56,지하1층B03호일부호(영천동)",경기도 화성시 동탄구 영천동675-3,2026-06-25
2396,공원막창,일반음식점,2024-08-01,,43.2,"경기도 화성시 동탄구 동탄역로124,동탄역윤정프라자주건축물제1동1층102호(여울동)",경기도 화성시 동탄구 여울동968-6,2026-06-25
2397,빕스동탄롯데백화점점,일반음식점,2024-08-02,,702.84,"경기도 화성시 동탄구 동탄역로160,동탄역롯데캐슬판매시설지1층쇼핑몰일부호(여울동)",경기도 화성시 동탄구 여울동1089동탄역롯데캐슬,2026-06-25
2398,PLAET(플레트),일반음식점,2024-08-02,,47.25,"경기도 화성시 동탄구 동탄공원로3길18-22,101호(반송동)",경기도 화성시 동탄구 반송동49-9,2026-06-25
2399,가마치통닭동탄신동점,일반음식점,2024-08-02,,46.97,"경기도 화성시 동탄구 동탄신리천로4길48,근린생활시설1동지1층103호(신동,호반써밋동탄)",경기도 화성시 동탄구 신동산179호반써밋동탄,2026-06-25
2400,속초오징어어시장,일반음식점,2024-08-05,,170.4,"경기도 화성시 동탄구 동탄오산로82,동탄역퍼스트프라자1동1층103,104,105호(여울동)",경기도 화성시 동탄구 여울동968-2,2026-06-25
2401,빽보이피자동탄호수공원점,일반음식점,2024-08-05,,28,"경기도 화성시 동탄구 동탄순환대로20,1층일부(107호일부)호(장지동)",경기도 화성시 동탄구 장지동912-7,2026-06-25
2402,할매손충무김밥동탄점,일반음식점,2024-08-06,,40.36,"경기도 화성시 동탄구 동탄지성로121,1층108호(반송동)",경기도 화성시 동탄구 반송동43-2,2026-06-25
2403,소이찬,일반음식점,2024-08-06,,107.69,"경기도 화성시 동탄구 동탄순환대로3가길25,1층전부호(송동)",경기도 화성시 동탄구 송동709-2,2026-06-25
2404,Always위스키바,일반음식점,2024-08-06,,65.54,"경기도 화성시 동탄구 동탄대로6길9,지1층B101호(산척동)",경기도 화성시 동탄구 산척동727-2,2026-06-25
2405,주상낙원,일반음식점,2024-08-06,,87.46,"경기도 화성시 동탄구 동탄중심상가2길32,1층105호(반송동)",경기도 화성시 동탄구 반송동87-6,2026-06-25
2406,편편집동탄점,일반음식점,2024-08-07,,274.66,"경기도 화성시 동탄구 동탄대로446,동탄역그란비아스타3층3005,3006,3007호(청계동)",경기도 화성시 동탄구 청계동564동탄역그란비아스타,2026-06-25
2407,일로칼레동탄IT단지점,일반음식점,2024-08-07,,55.83,"경기도 화성시 동탄구 삼성1로209,동탄삼성디오네오피스텔1층119호일부호(석우동)",경기도 화성시 동탄구 석우동18-4,2026-06-25
2408,태영생막창방교점,일반음식점,2024-08-07,,137.05,"경기도 화성시 동탄구 동탄기흥로247번길9-24,1층(방교동)",경기도 화성시 동탄구 방교동769-4,2026-06-25
2409,요커(yo.kr)동탄영천점,일반음식점,2024-08-07,,49.58,"경기도 화성시 동탄구 동탄기흥로565,YK퍼스트타워1층109호(영천동)",경기도 화성시 동탄구 영천동834-1,2026-06-25
2410,BOMIARI봄봄이아리,일반음식점,2024-08-08,,40.66,"경기도 화성시 동탄구 동탄순환대로8길16,동탄호수공원아이파크상가동동1층112호(장지동)",경기도 화성시 동탄구 장지동968,2026-06-25
2411,나주곰탕동탄여울공원점,일반음식점,2024-08-08,,126,"경기도 화성시 동탄구 동탄기흥로447-30,동탄아피체오피스텔101,102,103호(여울동)",경기도 화성시 동탄구 여울동976-2,2026-06-25
2412,순살혁명치킨동탄본점,일반음식점,2024-08-09,,28,"경기도 화성시 동탄구 동탄대로5길21,지하1층C-64의일부호(송동)",경기도 화성시 동탄구 송동726-1,2026-06-25
2413,24시전주성콩나물국밥,일반음식점,2024-08-14,,103.68,"경기도 화성시 동탄구 동탄대로시범길134,지1층10,11호(청계동,동탄역시범반도유보라아이비파크4.0)",경기도 화성시 동탄구 청계동536동탄역시범반도유보라아이비파크4.0,2026-06-25
2414,꿈꾸는작은바다,일반음식점,2024-08-14,,54.45,"경기도 화성시 동탄구 동탄첨단산업1로20,1층106호(영천동)",경기도 화성시 동탄구 영천동831-1,2026-06-25
2415,바른찌개,일반음식점,2024-08-14,,144.27,"경기도 화성시 동탄구 동탄첨단산업1로27,금강펜테리움IX타워지하1층MB35,36,37,38호(영천동)",경기도 화성시 동탄구 영천동823-6금강펜테리움IX타워,2026-06-25
2416,장대감왕뼈감자탕,일반음식점,2024-08-16,,112,"경기도 화성시 동탄구 동탄반송1길20-10,패밀리타운1층123,124호(반송동)",경기도 화성시 동탄구 반송동40패밀리타운,2026-06-25
2417,멜팅소울롯데백화점동탄점,일반음식점,2024-08-16,,55.8,"경기도 화성시 동탄구 동탄역로160,롯데백화점동탄점지하1층일부호(여울동)",경기도 화성시 동탄구 여울동1089동탄역롯데캐슬,2026-06-25
2418,우월동탄본점,일반음식점,2024-08-16,,121.64,"경기도 화성시 동탄구 동탄대로646-2,동탄역메가비즈타워A동106,107호(영천동)",경기도 화성시 동탄구 영천동873-1,2026-06-25
2419,저스트카츠동탄점,일반음식점,2024-08-19,,41.38,"경기도 화성시 동탄구 지산1길22-4,1층일부호(영천동)",경기도 화성시 동탄구 영천동687-2,2026-06-25
2420,석불한상,일반음식점,2024-08-19,,196.49,"경기도 화성시 동탄구 동탄대로446,동탄역그란비아스타3층3028,3029호(청계동)",경기도 화성시 동탄구 청계동564동탄역그란비아스타,2026-06-25
2421,짬뽕파크005,일반음식점,2024-08-20,,74.9,"경기도 화성시 동탄구 동탄지성로109,골드프라자1층110호(반송동)",경기도 화성시 동탄구 반송동43-6골드프라자,2026-06-25
2422,파스타라비타,일반음식점,2024-08-20,,32,"경기도 화성시 동탄구 동탄순환대로2길13,상가동1층101호(장지동,동탄2엘에이치행복주택28단지)",경기도 화성시 동탄구 장지동913동탄2엘에이치행복주택28단지,2026-06-25
2423,요거트월드동탄영천점,일반음식점,2024-08-20,,48.6,"경기도 화성시 동탄구 동탄순환대로689,1층103호(영천동)",경기도 화성시 동탄구 영천동678-6,2026-06-25
2424,단잔,일반음식점,2024-08-21,,71.82,"경기도 화성시 동탄구 왕배산2길3-4,1층일부(102호)호(목동)",경기도 화성시 동탄구 목동462-2,2026-06-25
2425,오늘도소주집본점,일반음식점,2024-08-21,,105.32,"경기도 화성시 동탄구 지산1길3-4,1층(영천동)",경기도 화성시 동탄구 영천동693-5,2026-06-25
2426,미락848,일반음식점,2024-08-22,,52.49,"경기도 화성시 동탄구 동탄대로677-5,비전IT타워1층110호(영천동)",경기도 화성시 동탄구 영천동848-1,2026-06-25
2427,"여기,맥주집",일반음식점,2024-08-21,,25.6,"경기도 화성시 동탄구 동탄대로4길95,3419동지1층B106호(장지동,레이크반도유보라아이비파크9.0)",경기도 화성시 동탄구 장지동1009레이크반도유보라아이비파크9.0,2026-06-25
2428,육횟집X海,일반음식점,2024-08-23,,43.29,"경기도 화성시 동탄구 동탄중심상가1길31,광장타워1층106호(반송동)",경기도 화성시 동탄구 반송동104-5광장타워,2026-06-25
2429,광안천지식당남동탄점,일반음식점,2024-08-26,031-373-5747,37.62,"경기도 화성시 동탄구 동탄대로8길58,파케이드아크1층102호(산척동)",경기도 화성시 동탄구 산척동725-1,2026-06-25
2430,숙성시대롯데백화점동탄점,일반음식점,2024-08-26,,325.6,"경기도 화성시 동탄구 동탄역로160,동탄역롯데캐슬판매시설동2층일부호(여울동)",경기도 화성시 동탄구 여울동1089동탄역롯데캐슬,2026-06-25
2431,정원양꼬치,일반음식점,2024-08-26,,136.03,"경기도 화성시 동탄구 왕배산2길7-3,1층(목동)",경기도 화성시 동탄구 목동462-5,2026-06-25
2432,뉴욕홀덤펍,일반음식점,2024-08-26,,13,"경기도 화성시 동탄구 동탄중심상가2길26-15,지성프라자7층701,702일부호(반송동)",경기도 화성시 동탄구 반송동87-4지성프라자,2026-06-25
2433,백스비어동탄센트럴파크점,일반음식점,2024-08-27,,49.14,"경기도 화성시 동탄구 동탄지성로94,하나로오피스텔1층101호(반송동)",경기도 화성시 동탄구 반송동42-5하나로오피스텔,2026-06-25
2434,미삼집,일반음식점,2024-08-27,,104.73,"경기도 화성시 동탄구 동탄기흥로393-20,2층206,207,208,209,210호(여울동,동탄역파라곤)",경기도 화성시 동탄구 여울동985동탄역파라곤,2026-06-25
2435,오토김밥동탄점,일반음식점,2024-08-27,,74.55,"경기도 화성시 동탄구 동탄순환대로685,메디피아프라자1층110호(영천동)",경기도 화성시 동탄구 영천동678-7,2026-06-25
2436,자담치킨동탄시범단지점,일반음식점,2024-08-28,,51.84,"경기도 화성시 동탄구 동탄대로시범길134,판매시설동지1층0059호(청계동,동탄역시범반도유보라아이비파크4.0)",경기도 화성시 동탄구 청계동536동탄역시범반도유보라아이비파크4.0,2026-06-25
2437,플래닛블루,일반음식점,2024-08-28,,47.1,"경기도 화성시 동탄구 동탄대로636-14,상가동지1층D-M123호(영천동,동탄역대방디엠시티더센텀)",경기도 화성시 동탄구 영천동874동탄역대방디엠시티더센텀,2026-06-25
2438,불끈불끈꼼장어아나고,일반음식점,2024-08-29,,151.01,"경기도 화성시 동탄구 지산2길12-7,1층전체호(영천동)",경기도 화성시 동탄구 영천동703-4,2026-06-25
2439,모양,일반음식점,2024-08-30,,54.01,"경기도 화성시 동탄구 동탄순환대로3,지오프라자1층일부(101)호(송동)",경기도 화성시 동탄구 송동717-1,2026-06-25
2440,김복남맥주화성능동점,일반음식점,2024-08-30,,48.96,"경기도 화성시 동탄구 동탄원천로354-11,동탄퍼스트빌스타1층112호(능동)",경기도 화성시 동탄구 능동1065-2,2026-06-25
2441,주식회사아이디플랜츠,일반음식점,2024-08-30,,30.96,"경기도 화성시 동탄구 동탄첨단산업1로58,FIRSTKOREA1층123호(영천동)",경기도 화성시 동탄구 영천동827-1,2026-06-25
2442,꽈비어,일반음식점,2024-08-30,,52.26,"경기도 화성시 동탄구 동탄반송3길8,동탄타워1층128호(반송동)",경기도 화성시 동탄구 반송동27동탄타워,2026-06-25
2443,하남돼지집동탄청계점,일반음식점,2024-08-30,,99.78,"경기도 화성시 동탄구 동탄대로시범길148-22,디스퀘어1층108호,109호(청계동)",경기도 화성시 동탄구 청계동535-6,2026-06-25
2444,장위동유성집(동탄점),일반음식점,2024-08-30,,121.64,"경기도 화성시 동탄구 동탄반송2길31-9,1층(반송동)",경기도 화성시 동탄구 반송동30-2,2026-06-25
2445,히든오아시스동탄센트럴파크점,일반음식점,2024-09-02,,79,"경기도 화성시 동탄구 동탄공원로2길45,1층일부호(반송동)",경기도 화성시 동탄구 반송동48-1,2026-06-25
2446,러브앤피스,일반음식점,2024-09-02,,133.19,"경기도 화성시 동탄구 동탄치동천로2길4-1,1층(영천동)",경기도 화성시 동탄구 영천동750-1,2026-06-25
2447,주평리1970,일반음식점,2024-09-03,,107.76,"경기도 화성시 동탄구 동탄반송3길22-9,1층(반송동)",경기도 화성시 동탄구 반송동25-9,2026-06-25
2448,해정식당,일반음식점,2024-09-03,,216.24,"경기도 화성시 동탄구 동탄역로102,판매시설동1층1003,1004,1005,1006호(여울동,동탄역린스트라우스)",경기도 화성시 동탄구 여울동1020동탄역린스트라우스,2026-06-25
2449,래래향,일반음식점,2024-09-03,,377.47,"경기도 화성시 동탄구 동탄지성로11,동탄SRGOLDPLAZA2층202,203,204호(반송동)",경기도 화성시 동탄구 반송동93-2동탄SRGOLDPLAZA,2026-06-25
2450,산청골흑돈,일반음식점,2024-09-03,,66.3,"경기도 화성시 동탄구 동탄대로8길60,리버파크1동지3층B302호,B303호(산척동)",경기도 화성시 동탄구 산척동725-2,2026-06-25
2451,남산갈매기,일반음식점,2024-09-04,,115.23,"경기도 화성시 동탄구 왕배산2길8-3,1층(목동)",경기도 화성시 동탄구 목동464-2,2026-06-25
2452,북극해고등어(동탄호수점),일반음식점,2024-09-05,,139.98,"경기도 화성시 동탄구 동탄순환대로3가길41,1층(송동)",경기도 화성시 동탄구 송동706-3,2026-06-25
2453,콘타이동탄레이크꼬모점,일반음식점,2024-09-09,,234.58,"경기도 화성시 동탄구 동탄대로181,판매시설B동지2층CB207호~CB211호(송동,동탄린스트라우스더레이크)",경기도 화성시 동탄구 송동694동탄린스트라우스더레이크,2026-06-25
2454,별동오징어,일반음식점,2024-09-10,,72.14,"경기도 화성시 동탄구 동탄첨단산업1로27,금강펜테리움IX타워근린생활시설동지하1층MB31,MB32호(영천동)",경기도 화성시 동탄구 영천동823-6금강펜테리움IX타워,2026-06-25
2455,역전우동0410동탄금강IX타워점,일반음식점,2024-09-11,,49.95,"경기도 화성시 동탄구 동탄첨단산업1로27,금강펜테리움IX타워상가동1층M25,M48호(영천동)",경기도 화성시 동탄구 영천동823-6금강펜테리움IX타워,2026-06-25
2456,교동관,일반음식점,2024-09-12,,115.44,"경기도 화성시 동탄구 동탄첨단산업1로51-9,엠타워지식산업센터1층133호,134호(영천동)",경기도 화성시 동탄구 영천동823-2,2026-06-25
2457,산마루감자탕뼈찜,일반음식점,2024-09-13,,136.21,"경기도 화성시 동탄구 동탄순환대로3길27-22,1층전체호(송동)",경기도 화성시 동탄구 송동714-7,2026-06-25
2458,남도술상동탄장지점,일반음식점,2024-09-19,,131.07,"경기도 화성시 동탄구 동탄장지천3길13,1층전체호(장지동)",경기도 화성시 동탄구 장지동932-6,2026-06-25
2459,호시절꽃게보리밥,일반음식점,2024-09-19,,112.13,"경기도 화성시 동탄구 10용사로370,1층전체호(능동)",경기도 화성시 동탄구 능동984-6,2026-06-25
2460,육회바른연어동탄남광장점,일반음식점,2024-09-19,,46.98,"경기도 화성시 동탄구 동탄중심상가1길35,한솔프라자1층105호(반송동)",경기도 화성시 동탄구 반송동104-2한솔프라자,2026-06-25
2461,무휼동탄점,일반음식점,2024-09-20,,35.23,"경기도 화성시 동탄구 동탄광역환승로63,106동1층101호(여울동,동탄역반도유보라아이비파크7.0)",경기도 화성시 동탄구 여울동971동탄역반도유보라아이비파크7.0,2026-06-25
2462,청미석우점,일반음식점,2024-09-23,,53.2,"경기도 화성시 동탄구 삼성1로160,디지털스테이션1층118호(석우동)",경기도 화성시 동탄구 석우동31-2디지털스테이션,2026-06-25
2463,운천,일반음식점,2024-09-24,031-611-8580,64.77,"경기도 화성시 동탄구 동탄순환대로16가길11,1층전체호(산척동)",경기도 화성시 동탄구 산척동815-10,2026-06-25
2464,장남곱창,일반음식점,2024-09-24,,49.4,"경기도 화성시 동탄구 동탄순환대로12길11,1층일부(101)호(산척동)",경기도 화성시 동탄구 산척동831-3,2026-06-25
2465,덮담&볶음밥동탄점,일반음식점,2024-09-25,,35.25,"경기도 화성시 동탄구 동탄순환대로823,에이팩시티1층148호(영천동)",경기도 화성시 동탄구 영천동652-4에이팩시티,2026-06-25
2466,드문,일반음식점,2024-09-25,,59.06,"경기도 화성시 동탄구 동탄역로102,판매시설동1층1048호(여울동,동탄역린스트라우스)",경기도 화성시 동탄구 여울동1020동탄역린스트라우스,2026-06-25
2467,BBQ치킨동탄청계점,일반음식점,2024-09-25,,71.04,"경기도 화성시 동탄구 동탄대로시범길193,1층107,108호(청계동)",경기도 화성시 동탄구 청계동531-4,2026-06-25
2468,영스마일찍.김,일반음식점,2024-09-25,,44.55,"경기도 화성시 동탄구 동탄광역환승로73,207동1층E163호(여울동,동탄역반도유보라아이비파크8.0)",경기도 화성시 동탄구 여울동973동탄역반도유보라아이비파크8.0,2026-06-25
2469,푸줏간(동탄점),일반음식점,2024-09-26,,38.07,"경기도 화성시 동탄구 동탄순환대로17길31,상가1동지1층104호(산척동,중흥에스클래스에듀하이)",경기도 화성시 동탄구 산척동791중흥에스클래스에듀하이,2026-06-25
2470,120츄러스,일반음식점,2024-09-26,,20,"경기도 화성시 동탄구 동탄반송1길35,1층일부(102호)호(반송동)",경기도 화성시 동탄구 반송동1-9,2026-06-25
2471,스시우즈,일반음식점,2024-09-27,,35.23,"경기도 화성시 동탄구 동탄대로시범길134,1층1117호(청계동,동탄역시범반도유보라아이비파크4.0)",경기도 화성시 동탄구 청계동536동탄역시범반도유보라아이비파크4.0,2026-06-25
2472,할매김밥동탄호수공원점,일반음식점,2024-09-30,,23.08,"경기도 화성시 동탄구 동탄대로5길15,더샵동탄센텀폴리스1단지그랑파사쥬동1층1011-1호(송동)",경기도 화성시 동탄구 송동725-4더샵동탄센텀폴리스1단지,2026-06-25
2473,짱구100%순메밀막국수&짱구전선생,일반음식점,2024-09-30,,56.17,"경기도 화성시 동탄구 노작로4길39-2,1층일부(102)호(반송동)",경기도 화성시 동탄구 반송동117-2,2026-06-25
2474,카페플랜츠,일반음식점,2024-09-30,,136.96,"경기도 화성시 동탄구 동탄공원로2길33-16,1층(반송동)",경기도 화성시 동탄구 반송동49-12,2026-06-25
2475,테판유,일반음식점,2024-09-30,,132.59,"경기도 화성시 동탄구 동탄치동천로3길22,1층(영천동)",경기도 화성시 동탄구 영천동739-7,2026-06-25
2476,섶,일반음식점,2024-09-30,,139.49,"경기도 화성시 동탄구 동탄치동천로2길4-9,1층(영천동)",경기도 화성시 동탄구 영천동750-3,2026-06-25
2477,인생맛죽동탄1신도시점,일반음식점,2024-10-02,,36,"경기도 화성시 동탄구 동탄시범한빛길31,1층102호(반송동)",경기도 화성시 동탄구 반송동18-4,2026-06-25
2478,덕스바베큐동탄본점,일반음식점,2024-10-02,,37.35,"경기도 화성시 동탄구 동탄순환대로20길104,2214동지하1층B104호(목동,동탄2신도시호반베르디움22단지)",경기도 화성시 동탄구 목동486동탄2신도시호반베르디움22단지,2026-06-25
2479,한촌설렁탕동탄영천점,일반음식점,2024-10-02,,95.94,"경기도 화성시 동탄구 동탄순환대로708,1층107,108호(영천동)",경기도 화성시 동탄구 영천동681-1,2026-06-25
2480,돈카춘동탄방교점,일반음식점,2024-10-02,,99.56,"경기도 화성시 동탄구 동탄기흥로257번가길21,동탄프리미엄아울렛F동1층109,110호(방교동)",경기도 화성시 동탄구 방교동779-4,2026-06-25
2481,트웰브(TWELVE),일반음식점,2024-10-02,,126.03,"경기도 화성시 동탄구 동탄대로537,B동2층219호(여울동)",경기도 화성시 동탄구 여울동1019,2026-06-25
2482,가마로강정동탄센트럴파크점&시카고츄러스본점,일반음식점,2024-10-08,,48.38,"경기도 화성시 동탄구 동탄공원로1길6-25,1동1층일부(101호)호(반송동)",경기도 화성시 동탄구 반송동71-2,2026-06-25
2483,갯벌의조개동탄목동점,일반음식점,2024-10-08,,133.53,"경기도 화성시 동탄구 왕배산길7,오션타워1층113호,114호(목동)",경기도 화성시 동탄구 목동496-1,2026-06-25
2484,뚝배기양평해장국동탄역점,일반음식점,2024-10-10,,114.32,"경기도 화성시 동탄구 동탄역로124,1층101호(여울동)",경기도 화성시 동탄구 여울동968-6,2026-06-25
2485,윤민스시,일반음식점,2024-10-10,,114.68,"경기도 화성시 동탄구 삼성1로5길6,2층219,220호(석우동)",경기도 화성시 동탄구 석우동1-9,2026-06-25
2486,더맛있는족발보쌈동탄북광장점,일반음식점,2024-10-10,,111.72,"경기도 화성시 동탄구 동탄중심상가2길8,로하스애비뉴1층109,110호(반송동)",경기도 화성시 동탄구 반송동91-2로하스애비뉴,2026-06-25
2487,무슈,일반음식점,2024-10-10,,27,"경기도 화성시 동탄구 동탄대로14길6-6,1층일부(103)호(여울동)",경기도 화성시 동탄구 여울동1036-3,2026-06-25
2488,카사데타코동탄점,일반음식점,2024-10-10,,107.69,"경기도 화성시 동탄구 동탄공원로3길22-1,1층전체호(반송동)",경기도 화성시 동탄구 반송동45-10,2026-06-25
2489,삼동소바화성남동탄점,일반음식점,2024-10-10,070-4291-7547,252.94,"경기도 화성시 동탄구 동탄장지천2길13,드림앤아이빌딩2층일부(202)호(장지동)",경기도 화성시 동탄구 장지동943-8드림앤아이빌딩,2026-06-25
2490,로벤딜리버리,일반음식점,2024-10-11,,46.06,"경기도 화성시 동탄구 동탄대로6길9,2층206호의일부호(산척동)",경기도 화성시 동탄구 산척동727-2,2026-06-25
2491,조이,일반음식점,2024-10-11,,16.36,"경기도 화성시 동탄구 동탄대로24길117,상가동지2층39호일부호(영천동,동탄파크자이)",경기도 화성시 동탄구 영천동892동탄파크자이,2026-06-25
2492,하코다테,일반음식점,2024-10-14,,19.08,"경기도 화성시 동탄구 동탄첨단산업1로58,1층142호(영천동)",경기도 화성시 동탄구 영천동827-1,2026-06-25
2493,마츠노하나롯데백화점동탄점,일반음식점,2024-10-14,,51.94,"경기도 화성시 동탄구 동탄역로160,롯데백화점동탄점지하1층일부(여울동)",경기도 화성시 동탄구 여울동1089동탄역롯데캐슬,2026-06-25
2494,김치찜참잘하는집동탄2점,일반음식점,2024-10-14,,10,"경기도 화성시 동탄구 동탄대로8길60,1층119호일부호(산척동)",경기도 화성시 동탄구 산척동725-2,2026-06-25
2495,에스프레소바카페베르니,일반음식점,2024-10-14,,63.86,"경기도 화성시 동탄구 동탄기흥로353번길76,상가동지하1층102호(여울동,중흥에스클래스더테라스리버파크1차)",경기도 화성시 동탄구 여울동992중흥에스클래스더테라스리버파크1차,2026-06-25
2496,상상오리동탄2호점,일반음식점,2024-10-14,,37.6,"경기도 화성시 동탄구 지산1길18-15,1층일부(101)호(영천동)",경기도 화성시 동탄구 영천동687-8,2026-06-25
2497,더브릿지(TheBridge),일반음식점,2024-10-14,,45.82,"경기도 화성시 동탄구 동탄중심상가1길11,SM프라자1층104호(반송동)",경기도 화성시 동탄구 반송동104-9SM프라자,2026-06-25
2498,삼국지,일반음식점,2024-10-15,,158.4,"경기도 화성시 동탄구 동탄기흥로147-13,1층112호(방교동)",경기도 화성시 동탄구 방교동829-4,2026-06-25
2499,싸멍,일반음식점,2024-10-15,,66.3,"경기도 화성시 동탄구 동탄공원로3길28,1층일부(102,103)호(반송동)",경기도 화성시 동탄구 반송동45-1,2026-06-25
2500,애월빵공장,일반음식점,2024-10-15,,438.9,"경기도 화성시 동탄구 동탄대로676,지하1층B132,133,134,135,136,137,138호(영천동)",경기도 화성시 동탄구 영천동872,2026-06-25
2501,명인시골통닭동탄점,일반음식점,2024-10-16,,144.87,"경기도 화성시 동탄구 동탄공원로28,지송프라자1층108호,109호,110호(반송동)",경기도 화성시 동탄구 반송동61-8지송프라자,2026-06-25
2502,샐러리아동탄한림대학병원점,일반음식점,2024-10-16,,57.2,"경기도 화성시 동탄구 큰재봉길23-11,동탄삼성쉐르빌1층105호(석우동)",경기도 화성시 동탄구 석우동36-1동탄삼성쉐르빌,2026-06-25
2503,버거리동탄반송점,일반음식점,2024-10-16,,35.14,"경기도 화성시 동탄구 동탄반석로130,드림프라자1층102호(반송동)",경기도 화성시 동탄구 반송동104-13드림프라자,2026-06-25
2504,본죽&비빔밥동탄에듀몰점,일반음식점,2024-10-16,,51.5,"경기도 화성시 동탄구 동탄기흥로353번길102,동탄JS에듀타워주건축물제1동1층101호(여울동)",경기도 화성시 동탄구 여울동995-2,2026-06-25
2505,유복해물칼국수동탄직영점,일반음식점,2024-10-17,,121.77,"경기도 화성시 동탄구 동탄공원로3길3,1층전체호(반송동)",경기도 화성시 동탄구 반송동51-6,2026-06-25
2506,숙이냉삼오,일반음식점,2024-10-17,,49.14,"경기도 화성시 동탄구 동탄하나1길61,1층113호(능동)",경기도 화성시 동탄구 능동1065-1,2026-06-25
2507,잡채,일반음식점,2024-10-17,,135.62,"경기도 화성시 동탄구 동탄오산로29,동탄2신도시동탄역디에트르퍼스티지판매시설1층A-117호,A-118호,A-119호(여울동)",경기도 화성시 동탄구 여울동979,2026-06-25
2508,한식예찬,일반음식점,2024-10-17,,27.3,"경기도 화성시 동탄구 동탄반송1길36-8,1층일부호(반송동)",경기도 화성시 동탄구 반송동36-3,2026-06-25
2509,노랑통닭동탄여울공원점,일반음식점,2024-10-17,,42,"경기도 화성시 동탄구 동탄기흥로447-30,1층104호(여울동)",경기도 화성시 동탄구 여울동976-2,2026-06-25
2510,79대포동탄호수점,일반음식점,2024-10-18,,50.56,"경기도 화성시 동탄구 동탄대로5길15,더샵동탄센텀폴리스1단지그랑파사쥬1층1099호(송동)",경기도 화성시 동탄구 송동725-4더샵동탄센텀폴리스1단지,2026-06-25
2511,둘둘치킨,일반음식점,2024-10-21,,38.34,"경기도 화성시 동탄구 동탄대로5길15,더샵동탄센텀폴리스1단지그랑파사쥬1층1094호(송동)",경기도 화성시 동탄구 송동725-4더샵동탄센텀폴리스1단지,2026-06-25
2512,남경막국수가족2,일반음식점,2024-10-21,,120.45,"경기도 화성시 동탄구 동탄순환대로5길15,1층전체호(송동)",경기도 화성시 동탄구 송동720-4,2026-06-25
2513,충청집두배로김치찜&두루치기동탄라크몽점,일반음식점,2024-10-22,,14.3,"경기도 화성시 동탄구 동탄대로5길21,지하1층C-23일부호(송동)",경기도 화성시 동탄구 송동726-1,2026-06-25
2514,어소오리,일반음식점,2024-10-24,,105.74,"경기도 화성시 동탄구 동탄역로102,2층2001호(여울동,동탄역린스트라우스)",경기도 화성시 동탄구 여울동1020동탄역린스트라우스,2026-06-25
2515,더첸차이니즈,일반음식점,2024-10-24,,115.7,"경기도 화성시 동탄구 동탄반송1길20-3,1층일부호(반송동)",경기도 화성시 동탄구 반송동39-14,2026-06-25
2516,CLBar(씨엘바),일반음식점,2024-10-24,,87.4,"경기도 화성시 동탄구 동탄기흥로447-28,1층103,104호(여울동)",경기도 화성시 동탄구 여울동976-3,2026-06-25
2517,영순이네꽃삼겹,일반음식점,2024-10-25,,40.86,"경기도 화성시 동탄구 동탄원천로354-14,동탄아르젠2차1층102호(능동)",경기도 화성시 동탄구 능동1066-2,2026-06-25
2518,고소미김밥동탄호수공원점,일반음식점,2024-10-28,,49.4,"경기도 화성시 동탄구 동탄순환대로127-19,동탄에스비타운1층106호(산척동)",경기도 화성시 동탄구 산척동728-3동탄에스비타운,2026-06-25
2519,롤링파스타동탄호수공원점,일반음식점,2024-10-29,,67.34,"경기도 화성시 동탄구 동탄순환대로127-23,동탄2우성에듀파크2층212호(산척동)",경기도 화성시 동탄구 산척동728-2우성에듀파크,2026-06-25
2520,연제네동탄영천동점,일반음식점,2024-10-29,,46.36,"경기도 화성시 동탄구 동탄순환대로702,성산B타워1층110호(영천동)",경기도 화성시 동탄구 영천동681-4,2026-06-25
2521,떴다쫄떡,일반음식점,2024-10-29,,18,"경기도 화성시 동탄구 동탄기흥로585,1층101호(영천동,힐스테이트동탄역)",경기도 화성시 동탄구 영천동833힐스테이트동탄역,2026-06-25
2522,고기극찬동탄점,일반음식점,2024-10-30,,43.2,"경기도 화성시 동탄구 동탄대로21길10,더퍼스트타워1층142호(영천동)",경기도 화성시 동탄구 영천동652-5,2026-06-25
2523,소라베이글베이커리카페,일반음식점,2024-10-30,,77.34,"경기도 화성시 동탄구 동탄대로5길29,대방엘리움레이크파크판매시설동2층230,231호(송동)",경기도 화성시 동탄구 송동725-9대방엘리움레이크파크,2026-06-25
2524,패티바이번동탄점,일반음식점,2024-10-31,,191.53,"경기도 화성시 동탄구 동탄첨단산업2로43,동탄G타워지식산업센터1층101호,102호,103호(영천동)",경기도 화성시 동탄구 영천동875-2,2026-06-25
2525,제주애월카츠동탄점,일반음식점,2024-10-31,,97,"경기도 화성시 동탄구 동탄첨단산업2로43,동탄G타워지식산업센터1층104호,105호(영천동)",경기도 화성시 동탄구 영천동875-2,2026-06-25
2526,덕스바베큐동탄영천점,일반음식점,2024-10-31,,28.6,"경기도 화성시 동탄구 지산2길3-1,1층일부(103)호(영천동)",경기도 화성시 동탄구 영천동699-1,2026-06-25
2527,양마는김치찜,일반음식점,2024-11-01,,23.94,"경기도 화성시 동탄구 동탄공원로1길22-21,1층일부(101)호(반송동)",경기도 화성시 동탄구 반송동63-6,2026-06-25
2528,샤브올데이동탄신도시점,일반음식점,2024-11-04,,577.74,"경기도 화성시 동탄구 노작로1가길8,2층210~217호(반송동)",경기도 화성시 동탄구 반송동760,2026-06-25
2529,하코스시동탄점,일반음식점,2024-11-04,,87.02,"경기도 화성시 동탄구 동탄순환대로127-27,더제이시티지하1층B103,B104호(산척동)",경기도 화성시 동탄구 산척동728-1,2026-06-25
2530,(주)장지리해장국,일반음식점,2024-11-04,,159.81,"경기도 화성시 동탄구 노작로175,1층101호(반송동)",경기도 화성시 동탄구 반송동92-3,2026-06-25
2531,동탄해포,일반음식점,2024-11-04,,116.78,"경기도 화성시 동탄구 동탄대로시범길134,지1층60호(청계동,동탄역시범반도유보라아이비파크4.0)",경기도 화성시 동탄구 청계동536동탄역시범반도유보라아이비파크4.0,2026-06-25
2532,닭이봉춘천닭갈비동탄역점,일반음식점,2024-11-05,,86.31,"경기도 화성시 동탄구 동탄역로102,판매시설동1층1091호,1092호(여울동,동탄역린스트라우스)",경기도 화성시 동탄구 여울동1020동탄역린스트라우스,2026-06-25
2533,삼겹살의품격동탄점,일반음식점,2024-11-06,,44,"경기도 화성시 동탄구 동탄반송1길20-10,패밀리타운1층111호(반송동)",경기도 화성시 동탄구 반송동40패밀리타운,2026-06-25
2534,메가혼밥동탄점,일반음식점,2024-11-06,,44,"경기도 화성시 동탄구 동탄반송1길20-10,패밀리타운1층111호(반송동)",경기도 화성시 동탄구 반송동40패밀리타운,2026-06-25
2535,메가푸드동탄점,일반음식점,2024-11-06,,44,"경기도 화성시 동탄구 동탄반송1길20-10,패밀리타운1층111호(반송동)",경기도 화성시 동탄구 반송동40패밀리타운,2026-06-25
2536,요리공방,일반음식점,2024-11-07,,26.22,"경기도 화성시 동탄구 동탄반송3길67,1층일부(103호)호(반송동)",경기도 화성시 동탄구 반송동7-24,2026-06-25
2537,모닥집한우동탄점,일반음식점,2024-11-08,,72.73,"경기도 화성시 동탄구 동탄기흥로520번가길4-9,1층일부(101)호(영천동)",경기도 화성시 동탄구 영천동798-3,2026-06-25
2538,주식회사다이닝원동탄직영점,일반음식점,2024-11-08,,988.46,"경기도 화성시 동탄구 동탄대로5길21,3층E306~E320호(송동)",경기도 화성시 동탄구 송동726-1,2026-06-25
2539,장터순대국감자탕동탄점,일반음식점,2024-11-08,,43.68,"경기도 화성시 동탄구 동탄솔빛로48,거택프라자1층114호(반송동)",경기도 화성시 동탄구 반송동217-6거택프라자,2026-06-25
2540,방과후포차,일반음식점,2024-11-11,,70.84,"경기도 화성시 동탄구 동탄순환대로10길88,3628동지1층B149호,B150호(산척동,레이크힐반도유보라아이비파크10.2)",경기도 화성시 동탄구 산척동745레이크힐반도유보라아이비파크10.2,2026-06-25
2541,피자덕동탄호수공원점,일반음식점,2024-11-11,,39.96,"경기도 화성시 동탄구 동탄산척로2나길16-6,1층일부(101)호(산척동)",경기도 화성시 동탄구 산척동707-10,2026-06-25
2542,메종드페,일반음식점,2024-11-12,031-8043-0844,121.52,"경기도 화성시 동탄구 동탄대로21가길14-7,1층전체호(영천동)",경기도 화성시 동탄구 영천동659-6,2026-06-25
2543,Queen(퀸),일반음식점,2024-11-12,,203.25,"경기도 화성시 동탄구 동탄오산로86-7,3층301,302호(여울동)",경기도 화성시 동탄구 여울동969-6,2026-06-25
2544,처갓집양념치킨동탄점,일반음식점,2024-11-13,,49.14,"경기도 화성시 동탄구 동탄반송3길8,동탄타워1층137호(반송동)",경기도 화성시 동탄구 반송동27동탄타워,2026-06-25
2545,우등급동탄호수공원점,일반음식점,2024-11-15,032-372-0497,383.83,"경기도 화성시 동탄구 동탄대로5길21,2층E206~E212호(송동)",경기도 화성시 동탄구 송동726-1,2026-06-25
2546,함지박,일반음식점,2024-11-15,,136.29,"경기도 화성시 동탄구 동탄기흥로257번가길20-12,1층(방교동)",경기도 화성시 동탄구 방교동769-9,2026-06-25
2547,판도,일반음식점,2024-11-18,,106.1,"경기도 화성시 동탄구 동탄대로5길32,루나갤러리3층308호,309호(송동)",경기도 화성시 동탄구 송동723-1,2026-06-25
2548,수국정,일반음식점,2024-11-18,,120.08,"경기도 화성시 동탄구 동학산2길31,1층전체호(석우동)",경기도 화성시 동탄구 석우동6-9,2026-06-25
2549,미정감자탕,일반음식점,2024-11-18,,141.2,"경기도 화성시 동탄구 동탄순환대로14길22-1,1층전체호(산척동)",경기도 화성시 동탄구 산척동823-5,2026-06-25
2550,임곡칼국수,일반음식점,2024-11-18,,111.72,"경기도 화성시 동탄구 동탄역로102,판매시설2층2031호(여울동,동탄역린스트라우스)",경기도 화성시 동탄구 여울동1020동탄역린스트라우스,2026-06-25
2551,처갓집양념치킨남동탄점,일반음식점,2024-11-19,031-376-4492,24.6,"경기도 화성시 동탄구 동탄대로4길95,3417동지하1층B109호(장지동,레이크반도유보라아이비파크9.0)",경기도 화성시 동탄구 장지동1009레이크반도유보라아이비파크9.0,2026-06-25
2552,최고당돈가스동탄호수공원점,일반음식점,2024-11-19,,66.08,"경기도 화성시 동탄구 동탄순환대로127-19,동탄에스비타운2층211호(산척동)",경기도 화성시 동탄구 산척동728-3동탄에스비타운,2026-06-25
2553,분하소,일반음식점,2024-11-20,,32.8,"경기도 화성시 동탄구 동탄중심상가1길5,동탄프라자1층109호(반송동)",경기도 화성시 동탄구 반송동104-12동탄프라자,2026-06-25
2554,청자다방동탄나루점,일반음식점,2024-11-20,,79.76,"경기도 화성시 동탄구 노작로1가길8,1층107,108호(반송동)",경기도 화성시 동탄구 반송동760,2026-06-25
2555,대륙회수산,일반음식점,2024-11-21,,84.24,"경기도 화성시 동탄구 동탄대로6길29,에비뉴223프라자1층105호,106호(산척동)",경기도 화성시 동탄구 산척동727-9,2026-06-25
2556,봉자막창,일반음식점,2024-11-21,,145,"경기도 화성시 동탄구 노작로2길34,1층전체호(반송동)",경기도 화성시 동탄구 반송동122-10,2026-06-25
2557,양철북곱창동탄여울공원점,일반음식점,2024-11-25,,65.18,"경기도 화성시 동탄구 동탄기흥로447-32,1층109호(여울동)",경기도 화성시 동탄구 여울동976-1,2026-06-25
2558,코하(COHA),일반음식점,2024-11-25,,47.5,"경기도 화성시 동탄구 동탄대로537,1층1044호(여울동)",경기도 화성시 동탄구 여울동1019,2026-06-25
2559,가장맛있는족발동탄대로점,일반음식점,2024-11-25,,152.69,"경기도 화성시 동탄구 동탄대로14길5-42,1층(여울동)",경기도 화성시 동탄구 여울동1033-5,2026-06-25
2560,라오충칭훠궈,일반음식점,2024-11-25,,331.42,"경기도 화성시 동탄구 동탄반석로172,1층149호,150호(반송동,동탄파라곤)",경기도 화성시 동탄구 반송동93-3동탄파라곤,2026-06-25
2561,무기샐러드,일반음식점,2024-11-25,,40.07,"경기도 화성시 동탄구 동탄신리천로2길66,근린생활시설동지1층B111호(신동,동탄2신동포레경기행복주택)",경기도 화성시 동탄구 신동638동탄2신동포레경기행복주택,2026-06-25
2562,흑마늘누룽지닭강정,일반음식점,2024-11-26,,40,"경기도 화성시 동탄구 남여울3길3,중앙프라자1층101호(능동)",경기도 화성시 동탄구 능동1153-1,2026-06-25
2563,치킨인류동탄2신도시점,일반음식점,2024-11-26,,93.24,"경기도 화성시 동탄구 동탄대로시범길134,1층1087,1088호(청계동,동탄역시범반도유보라아이비파크4.0)",경기도 화성시 동탄구 청계동536동탄역시범반도유보라아이비파크4.0,2026-06-25
2564,대박마라탕,일반음식점,2024-11-27,,49.37,"경기도 화성시 동탄구 동탄순환대로253,모닝그레이스빌딩1동1층101호(산척동)",경기도 화성시 동탄구 산척동724-2,2026-06-25
2565,장준도,일반음식점,2024-11-28,,172.38,"경기도 화성시 동탄구 동탄대로6길23,수피안프라자1층108,109,110,111호(산척동)",경기도 화성시 동탄구 산척동727-7수피안프라자,2026-06-25
2566,노작진성아구찜동탄본점,일반음식점,2024-11-29,,167.41,"경기도 화성시 동탄구 노작로1길14,1층전체호(반송동)",경기도 화성시 동탄구 반송동124-14,2026-06-25
2567,우리동네포차,일반음식점,2024-12-02,,116.76,"경기도 화성시 동탄구 동탄순환대로14길82-8,더이룸하우스주건축물제1동1층전체호(산척동)",경기도 화성시 동탄구 산척동829-4더이룸하우스,2026-06-25
2568,일냉집,일반음식점,2024-12-02,,94.66,"경기도 화성시 동탄구 동탄하나1길47-7,1층107,108호(능동)",경기도 화성시 동탄구 능동1063-4,2026-06-25
2569,온담향,일반음식점,2024-12-02,,56.22,"경기도 화성시 동탄구 동탄공원로3길18-20,1층일부호(반송동)",경기도 화성시 동탄구 반송동49-8,2026-06-25
2570,자작나무갈비무봉산점(주)올킹,일반음식점,2024-12-05,031-377-3763,334.24,"경기도 화성시 동탄구 풀무골로110번길22,1층전체호(중동)",경기도 화성시 동탄구 중동248,2026-06-25
2571,브릭노작,일반음식점,2024-12-05,,116.25,"경기도 화성시 동탄구 노작로2길4-1,1층전체호(반송동)",경기도 화성시 동탄구 반송동125-10,2026-06-25
2572,인생아구찜동탄테크노점,일반음식점,2024-12-06,,39.14,"경기도 화성시 동탄구 동탄영천로81-5,골든프라자1층103호(영천동)",경기도 화성시 동탄구 영천동880-6,2026-06-25
2573,"공간,",일반음식점,2024-12-09,,46,"경기도 화성시 동탄구 지산2길23,1층일부(102)호(영천동)",경기도 화성시 동탄구 영천동704-12,2026-06-25
2574,인생맛죽동탄역점,일반음식점,2024-12-09,,39,"경기도 화성시 동탄구 지산2길3-8,1층일부(101)호(영천동)",경기도 화성시 동탄구 영천동702-1,2026-06-25
2575,우린탕,일반음식점,2024-12-10,,145.55,"경기도 화성시 동탄구 동탄첨단산업1로27,금강펜테리움IX타워지하1층MB73호~MB76호(영천동)",경기도 화성시 동탄구 영천동823-6금강펜테리움IX타워,2026-06-25
2576,복마니네술집,일반음식점,2024-12-10,,56.97,"경기도 화성시 동탄구 메타폴리스로53,스타프라자1층107호(반송동)",경기도 화성시 동탄구 반송동92-7스타프라자,2026-06-25
2577,옛날경성순대국동탄역점,일반음식점,2024-12-11,,64.12,"경기도 화성시 동탄구 동탄역로128,1층101호(여울동)",경기도 화성시 동탄구 여울동968-7,2026-06-25
2578,청담명품부대찌개,일반음식점,2024-12-12,,205.18,"경기도 화성시 동탄구 동탄순환대로830,동탄SKV1center1층125,126,127,128호(영천동)",경기도 화성시 동탄구 영천동853-1동탄SKV1center,2026-06-25
2579,창터골추어탕본점,일반음식점,2024-12-12,,158.66,"경기도 화성시 동탄구 동탄순환대로14길38,1층전체호(산척동)",경기도 화성시 동탄구 산척동821-2,2026-06-25
2580,주류상회Be_동탄호수공원점,일반음식점,2024-12-12,,58.38,"경기도 화성시 동탄구 동탄대로5길21,라크몽1층E125호,E126호(송동)",경기도 화성시 동탄구 송동726-1,2026-06-25
2581,누구나홀딱반한닭동탄반송점,일반음식점,2024-12-13,,85.85,"경기도 화성시 동탄구 동탄중앙로68,샹그릴라1층103호,104호(반송동)",경기도 화성시 동탄구 반송동216-2샹그릴라,2026-06-25
2582,오군포차,일반음식점,2024-12-13,,70.93,"경기도 화성시 동탄구 동탄대로5길15,더샵동탄센텀폴리스1단지그랑파사쥬동1층1095,1096호(송동)",경기도 화성시 동탄구 송동725-4더샵동탄센텀폴리스1단지,2026-06-25
2583,대동회수산,일반음식점,2024-12-16,,14,"경기도 화성시 동탄구 동탄역로102,판매시설동1층1016호일부호(여울동,동탄역린스트라우스)",경기도 화성시 동탄구 여울동1020동탄역린스트라우스,2026-06-25
2584,대동수산,일반음식점,2024-12-16,,18.95,"경기도 화성시 동탄구 동탄역로102,판매시설동1층1016호일부호(여울동,동탄역린스트라우스)",경기도 화성시 동탄구 여울동1020동탄역린스트라우스,2026-06-25
2585,문래동냉삼반송점,일반음식점,2024-12-16,,81.92,"경기도 화성시 동탄구 동탄반송1길15,1층일부(101)호(반송동)",경기도 화성시 동탄구 반송동38-11,2026-06-25
2586,나길,일반음식점,2024-12-16,,44.46,"경기도 화성시 동탄구 10용사로343-10,정문빌딩1층일부(103)호(능동)",경기도 화성시 동탄구 능동1152-7정문빌딩,2026-06-25
2587,우수미회센타,일반음식점,2024-12-17,031-377-2770,260.4,"경기도 화성시 동탄구 동탄기흥로447-14,1층101,102,103,104,105,106호(여울동)",경기도 화성시 동탄구 여울동976-7,2026-06-25
2588,어벤져스,일반음식점,2024-12-18,,116.83,"경기도 화성시 동탄구 동탄기흥로257번나길4-12,1층전체호(방교동)",경기도 화성시 동탄구 방교동751-1,2026-06-25
2589,자작나무갈비영빈관점(주)올킹,일반음식점,2024-12-19,,165,"경기도 화성시 동탄구 풀무골로110번길22,2층(중동)",경기도 화성시 동탄구 중동248,2026-06-25
2590,숙성고기육칠이동탄호수점,일반음식점,2024-12-23,,37.65,"경기도 화성시 동탄구 동탄대로8길60,1동1층117호일부호(산척동)",경기도 화성시 동탄구 산척동725-2,2026-06-25
2591,도리담다,일반음식점,2024-12-23,,103,"경기도 화성시 동탄구 동탄반송1길50-1,1층전체호(반송동)",경기도 화성시 동탄구 반송동3-5,2026-06-25
2592,유현불냉면,일반음식점,2024-12-23,,103,"경기도 화성시 동탄구 동탄반송1길50-1,1층전체호(반송동)",경기도 화성시 동탄구 반송동3-5,2026-06-25
2593,샐러드샾,일반음식점,2024-12-23,,103,"경기도 화성시 동탄구 동탄반송1길50-1,1층전체호(반송동)",경기도 화성시 동탄구 반송동3-5,2026-06-25
2594,유현삼계탕,일반음식점,2024-12-23,,103,"경기도 화성시 동탄구 동탄반송1길50-1,1층전체호(반송동)",경기도 화성시 동탄구 반송동3-5,2026-06-25
2595,유현죽집,일반음식점,2024-12-23,,103,"경기도 화성시 동탄구 동탄반송1길50-1,1층전체호(반송동)",경기도 화성시 동탄구 반송동3-5,2026-06-25
2596,리나키친,일반음식점,2024-12-24,,33.96,"경기도 화성시 동탄구 동탄공원로3길13-1,1층일부(101)호(반송동)",경기도 화성시 동탄구 반송동44-9,2026-06-25
2597,파이널나인동탄북광장점,일반음식점,2024-12-27,,141.41,"경기도 화성시 동탄구 동탄중심상가2길7,씨티플러스3층301호(반송동)",경기도 화성시 동탄구 반송동88-11씨티플러스,2026-06-25
2598,스시퐁싱싱회직거래수산,일반음식점,2024-12-30,,16.5,"경기도 화성시 동탄구 동탄반송2길25-9,1층일부(2)호(반송동)",경기도 화성시 동탄구 반송동31-2,2026-06-25
2599,카페홀로,일반음식점,2024-01-25,,107.44,"경기도 화성시 동탄구 왕배산3길28,1층전체호(목동)",경기도 화성시 동탄구 목동455-8,2026-06-25
2600,뉴욕기사식당2,일반음식점,2025-01-02,,23.38,"경기도 화성시 동탄구 동탄대로5길21,라크몽지1층C11호일부(C-45)호(송동)",경기도 화성시 동탄구 송동726-1,2026-06-25
2601,파스타아이2동탄점,일반음식점,2025-01-02,,29.57,"경기도 화성시 동탄구 동탄장지천6길63,1층일부호(장지동)",경기도 화성시 동탄구 장지동1016-1,2026-06-25
2602,맛승대구왕뽈찜,일반음식점,2025-01-02,,99.16,"경기도 화성시 동탄구 동탄기흥로565,1층115호,116호(영천동)",경기도 화성시 동탄구 영천동834-1,2026-06-25
2603,깡우동동탄나루마을점,일반음식점,2025-01-03,,50.4,"경기도 화성시 동탄구 동탄솔빛로62,리첸프라자1층112호(반송동)",경기도 화성시 동탄구 반송동217-1리첸프라자,2026-06-25
2604,배부장찌개현대실리콘앨리점,일반음식점,2025-01-07,,96,"경기도 화성시 동탄구 동탄영천로150,현대실리콘앨리동탄S동1층129,130호(영천동)",경기도 화성시 동탄구 영천동844-1,2026-06-25
2605,덴키카츠,일반음식점,2025-01-07,,42.8,"경기도 화성시 동탄구 동탄역로160,롯데백화점동탄점지하1층일부호(여울동)",경기도 화성시 동탄구 여울동1089동탄역롯데캐슬,2026-06-25
2606,홀리앤졸리동탄점,일반음식점,2025-01-10,,47.88,"경기도 화성시 동탄구 메타폴리스로42,디앤씨빌딩1층103호(반송동)",경기도 화성시 동탄구 반송동103-3디앤씨빌딩,2026-06-25
2607,바다홍게,일반음식점,2025-01-10,,46.8,"경기도 화성시 동탄구 동탄대로636-3,동탄역메가비즈타워C동1층112호(영천동)",경기도 화성시 동탄구 영천동873-4,2026-06-25
2608,카페페리스휠,일반음식점,2025-01-13,,49.14,"경기도 화성시 동탄구 동탄하나1길61,1층121호(능동)",경기도 화성시 동탄구 능동1065-1,2026-06-25
2609,목포항생선찜동탄점,일반음식점,2025-01-15,,62.81,"경기도 화성시 동탄구 왕배산1길3-13,1층103호,104호(목동)",경기도 화성시 동탄구 목동447-8,2026-06-25
2610,베네파스타하우스동탄2신동포레점,일반음식점,2025-01-15,,74.67,"경기도 화성시 동탄구 동탄신리천로2길66,지1층B109호(신동,동탄2신동포레경기행복주택)",경기도 화성시 동탄구 신동638동탄2신동포레경기행복주택,2026-06-25
2611,이탈리안테이블동탄,일반음식점,2025-01-17,,127.15,"경기도 화성시 동탄구 동탄순환대로5길5-25,1층(송동)",경기도 화성시 동탄구 송동719-1,2026-06-25
2612,인생아구찜2동탄점,일반음식점,2025-01-17,,40.25,"경기도 화성시 동탄구 왕배산3길22,1층일부(102)호(목동)",경기도 화성시 동탄구 목동455-5,2026-06-25
2613,둘리네푸드까페,일반음식점,2025-01-20,,41.04,"경기도 화성시 동탄구 동학산1길6-22,1층일부(102)호(석우동)",경기도 화성시 동탄구 석우동16-8,2026-06-25
2614,라홍방마라탕동탄역점,일반음식점,2025-01-20,,49.4,"경기도 화성시 동탄구 동탄대로537,1층1056호(여울동)",경기도 화성시 동탄구 여울동1019,2026-06-25
2615,교동면옥동탄레이크꼬모점,일반음식점,2025-01-21,,271.64,"경기도 화성시 동탄구 동탄대로181,B동1층C109,C110호(송동,동탄린스트라우스더레이크)",경기도 화성시 동탄구 송동694동탄린스트라우스더레이크,2026-06-25
2616,"더롤드,더건강한쌈도회푸드동탄센트럴파크점",일반음식점,2025-01-21,,50,"경기도 화성시 동탄구 동탄반송길6,1층일부(103)호(반송동)",경기도 화성시 동탄구 반송동34-11,2026-06-25
2617,통큰칼국수,일반음식점,2025-01-23,031-372-4708,65,"경기도 화성시 동탄구 동탄대로시범길134,지하층105일부호(청계동,동탄역시범반도유보라아이비파크4.0)",경기도 화성시 동탄구 청계동536동탄역시범반도유보라아이비파크4.0,2026-06-25
2618,대방푸드,일반음식점,2025-01-24,,231,,경기도 화성시 동탄구 여울동582,2026-06-25
2619,팔천푸드,일반음식점,2025-02-03,031-378-3757,35.4,"경기도 화성시 동탄구 동탄순환대로19길59,402동지하1층112호(목동,힐스테이트동탄)",경기도 화성시 동탄구 목동491힐스테이트동탄,2026-06-25
2620,카페레이들,일반음식점,2025-02-05,,84,"경기도 화성시 동탄구 동탄순환대로5길13,1층일부(101)호(송동)",경기도 화성시 동탄구 송동720-5,2026-06-25
2621,분식을품다,일반음식점,2025-02-05,,47.88,"경기도 화성시 동탄구 메타폴리스로42,디앤씨빌딩1층102호(반송동)",경기도 화성시 동탄구 반송동103-3디앤씨빌딩,2026-06-25
2622,트윈스코리아푸드,일반음식점,2025-02-05,,23.98,"경기도 화성시 동탄구 여울로4길70,3층301호(능동)",경기도 화성시 동탄구 능동1100-13,2026-06-25
2623,맘스키친,일반음식점,2025-02-05,,38.76,"경기도 화성시 동탄구 동탄대로587,1층108호(영천동)",경기도 화성시 동탄구 영천동658-6,2026-06-25
2624,HIPEST힙이스트,일반음식점,2025-02-06,,134.84,"경기도 화성시 동탄구 지산2길20-15,1층전체호(영천동)",경기도 화성시 동탄구 영천동709-8,2026-06-25
2625,담가화로구이,일반음식점,2025-02-06,,136.8,"경기도 화성시 동탄구 동탄순환대로400,우성스타시티A1층111,112,113호(목동)",경기도 화성시 동탄구 목동487-2,2026-06-25
2626,씨티씨커피동탄점,일반음식점,2025-02-07,,82.6,"경기도 화성시 동탄구 왕배산1길3-5,1층일부(101)호(목동)",경기도 화성시 동탄구 목동447-4,2026-06-25
2627,탄탄탄,일반음식점,2025-02-07,,47.96,"경기도 화성시 동탄구 여울로4길70,배달극장주건축물제1동2층201호(능동)",경기도 화성시 동탄구 능동1100-13,2026-06-25
2628,을지로연탄구이동탄호수공원점,일반음식점,2025-02-11,,130.42,"경기도 화성시 동탄구 동탄대로5길29,대방엘리움레이크파크판매시설동1층133,134,135,136호(송동)",경기도 화성시 동탄구 송동725-9대방엘리움레이크파크,2026-06-25
2629,"삼대김치찌개,김치찜",일반음식점,2025-02-12,,13,"경기도 화성시 동탄구 동탄순환대로29길60,3층301일부(16)호(영천동)",경기도 화성시 동탄구 영천동675-4,2026-06-25
2630,정가푸드,일반음식점,2025-02-12,,13,"경기도 화성시 동탄구 동탄순환대로29길60,3층301일부(12)호(영천동)",경기도 화성시 동탄구 영천동675-4,2026-06-25
2631,천가마라탕,일반음식점,2025-02-12,,42.18,"경기도 화성시 동탄구 동탄순환대로127-5,우성센트럴타워1층104호(산척동)",경기도 화성시 동탄구 산척동728-6우성센트럴타워,2026-06-25
2632,블랙앤레드영천직영점,일반음식점,2025-02-12,,153.12,"경기도 화성시 동탄구 지산1길4-5,1층전체호(영천동)",경기도 화성시 동탄구 영천동692-5,2026-06-25
2633,MerciKeto(메르시키토),일반음식점,2025-02-12,,44.72,"경기도 화성시 동탄구 동탄대로23길121,우미뉴브1층121호(영천동)",경기도 화성시 동탄구 영천동851우미뉴브,2026-06-25
2634,아르밀베이크샵,일반음식점,2025-02-13,,44.37,"경기도 화성시 동탄구 동탄원천로289-10,동탄능동마을주공아파트나상가동1층101호(능동)",경기도 화성시 동탄구 능동1083동탄능동마을주공아파트,2026-06-25
2635,효돈까스동탄점,일반음식점,2025-02-13,,106.19,"경기도 화성시 동탄구 동탄순환대로14길14,주건축물제1동1층전체호(산척동)",경기도 화성시 동탄구 산척동824-5,2026-06-25
2636,VIVO본점(비보),일반음식점,2025-02-13,,113.11,"경기도 화성시 동탄구 왕배산3길3,차윤희씨점포주택1동1층전체호(목동)",경기도 화성시 동탄구 목동456-3,2026-06-25
2637,탄탄탄,일반음식점,2025-02-14,,42.18,"경기도 화성시 동탄구 여울로4길70,배달극장주건축물제1동2층203호(능동)",경기도 화성시 동탄구 능동1100-13,2026-06-25
2638,선비칼국수동탄방교점,일반음식점,2025-02-14,,73.61,"경기도 화성시 동탄구 동탄기흥로147-11,CH리베로오피스텔1층105호,106호(방교동)",경기도 화성시 동탄구 방교동829-5,2026-06-25
2639,고기어때,일반음식점,2025-02-14,,91.15,"경기도 화성시 동탄구 동탄대로5길15,더샵동탄센텀폴리스1단지1층1097,1098호(송동)",경기도 화성시 동탄구 송동725-4더샵동탄센텀폴리스1단지,2026-06-25
2640,장짜장,일반음식점,2025-02-17,,48.6,"경기도 화성시 동탄구 동탄광역환승로63,106동1층117호(여울동,동탄역반도유보라아이비파크7.0)",경기도 화성시 동탄구 여울동971동탄역반도유보라아이비파크7.0,2026-06-25
2641,신가게맥주동탄영천점,일반음식점,2025-02-17,,22.92,"경기도 화성시 동탄구 지산2길20-2,1층일부(102)호(영천동)",경기도 화성시 동탄구 영천동710-1,2026-06-25
2642,이화수전통육개장동탄영천점,일반음식점,2025-02-19,,91.35,"경기도 화성시 동탄구 동탄영천로150,현대실리콘앨리동탄S동지1층B124,B125호(영천동)",경기도 화성시 동탄구 영천동844-1,2026-06-25
2643,정남옥,일반음식점,2025-02-19,,95.04,"경기도 화성시 동탄구 동탄첨단산업2로88,상가동1층110,111,112호(영천동,동탄2신도시4차동원로얄듀크포레)",경기도 화성시 동탄구 영천동859-1동탄2신도시4차동원로얄듀크포레,2026-06-25
2644,돼지삼총사,일반음식점,2025-02-19,,117.4,"경기도 화성시 동탄구 동탄기흥로447-28,1층108일부,109,110호(여울동)",경기도 화성시 동탄구 여울동976-3,2026-06-25
2645,한식연구소,일반음식점,2025-02-20,,35.42,"경기도 화성시 동탄구 동탄순환대로10길88,3627동지1층B139호(산척동,레이크힐반도유보라아이비파크10.2)",경기도 화성시 동탄구 산척동745레이크힐반도유보라아이비파크10.2,2026-06-25
2646,더노벰버라운지동탄점,일반음식점,2025-02-20,,292.55,"경기도 화성시 동탄구 동탄기흥로593-37,더좋은사람빌딩1층일부(101호)호(영천동)",경기도 화성시 동탄구 영천동833-2,2026-06-25
2647,풍뉴,일반음식점,2025-02-20,,221.27,"경기도 화성시 동탄구 동탄대로446,동탄역그란비아스타1층1045호~1049호(청계동)",경기도 화성시 동탄구 청계동564동탄역그란비아스타,2026-06-25
2648,돈기부여동탄목동점,일반음식점,2025-02-20,,59.2,"경기도 화성시 동탄구 동탄신리천로408,M메디컬프라자1동1층101호(목동)",경기도 화성시 동탄구 목동496-4,2026-06-25
2649,온정부대찌개동탄직영점,일반음식점,2025-02-21,,40,"경기도 화성시 동탄구 동탄시범한빛길15,1층일부(101)호(반송동)",경기도 화성시 동탄구 반송동22-6,2026-06-25
2650,사이공소울(SaigonSoul),일반음식점,2025-02-21,,47.81,"경기도 화성시 동탄구 동탄역로128,동탄KTX중앙파크뷰1층102호(여울동)",경기도 화성시 동탄구 여울동968-7,2026-06-25
2651,갓잇동탄목동점(GODEAT),일반음식점,2025-02-21,,108.86,"경기도 화성시 동탄구 왕배산1길8-4,1층전체호(목동)",경기도 화성시 동탄구 목동452-2,2026-06-25
2652,키키샌드,일반음식점,2025-02-25,,25,"경기도 화성시 동탄구 동탄시범한빛길29,1층일부(102)호(반송동)",경기도 화성시 동탄구 반송동18-5,2026-06-25
2653,이레가마솥,일반음식점,2025-02-26,,205.88,"경기도 화성시 동탄구 동탄기흥로147-15,1층108,109호(방교동)",경기도 화성시 동탄구 방교동829-3,2026-06-25
2654,석암생소금구이,일반음식점,2025-02-26,,158.22,"경기도 화성시 동탄구 지산2길8,1층(영천동)",경기도 화성시 동탄구 영천동701-5,2026-06-25
2655,주식회사올드림동탄목동점,일반음식점,2025-02-26,,362.62,"경기도 화성시 동탄구 왕배산길7,오션타워1층107,108,109,110,111,112호(목동)",경기도 화성시 동탄구 목동496-1,2026-06-25
2656,본죽&비빔밥동탄꼬모점,일반음식점,2025-02-27,,45.6,"경기도 화성시 동탄구 동탄대로198,드림타워1층102호(산척동)",경기도 화성시 동탄구 산척동717-1,2026-06-25
2657,파스타예요동탄중앙점,일반음식점,2025-02-28,,28.04,"경기도 화성시 동탄구 동탄역로196,1층L1-180호(여울동,동탄역예미지시그너스)",경기도 화성시 동탄구 여울동967-62동탄역예미지시그너스,2026-06-25
2658,루키라떼,일반음식점,2025-03-04,,29.75,"경기도 화성시 동탄구 동탄산척로2가길12,1층일부호(산척동)",경기도 화성시 동탄구 산척동713-7,2026-06-25
2659,우담돈,일반음식점,2025-03-04,,78,"경기도 화성시 동탄구 동탄중심상가1길33,동탄미래도프라자1층106,107호(반송동)",경기도 화성시 동탄구 반송동104-3동탄미래도프라자,2026-06-25
2660,쭈돼집,일반음식점,2025-03-04,,71.32,"경기도 화성시 동탄구 동탄오산로86-3,동탄역엠케이타워1동1층103호(여울동)",경기도 화성시 동탄구 여울동969-1,2026-06-25
2661,썬크랩,일반음식점,2025-03-05,,140.7,"경기도 화성시 동탄구 동탄대로21가길4-16,1층전체호(영천동)",경기도 화성시 동탄구 영천동654-2,2026-06-25
2662,호돌키친,일반음식점,2025-03-06,,12.08,"경기도 화성시 동탄구 동탄반송1길40-20,1층일부(102)호(반송동)",경기도 화성시 동탄구 반송동4-7,2026-06-25
2663,호키키친,일반음식점,2025-03-06,,12.08,"경기도 화성시 동탄구 동탄반송1길40-20,1층일부(102)호(반송동)",경기도 화성시 동탄구 반송동4-7,2026-06-25
2664,모돌키친,일반음식점,2025-03-06,,12.08,"경기도 화성시 동탄구 동탄반송1길40-20,1층일부(102)호(반송동)",경기도 화성시 동탄구 반송동4-7,2026-06-25
2665,째돌키친,일반음식점,2025-03-06,,12.08,"경기도 화성시 동탄구 동탄반송1길40-20,1층일부(102)호(반송동)",경기도 화성시 동탄구 반송동4-7,2026-06-25
2666,봄담아동탄목동점,일반음식점,2025-03-07,,260.12,"경기도 화성시 동탄구 동탄신리천로411,2층215,216,217,218,219호(목동)",경기도 화성시 동탄구 목동487-5,2026-06-25
2667,참토스트동탄북광장점,일반음식점,2025-03-10,,30,"경기도 화성시 동탄구 동탄원천로163,위너스타1층108호일부호(반송동)",경기도 화성시 동탄구 반송동86-4위너스타,2026-06-25
2668,라와마라탕(기흥동탄점),일반음식점,2025-03-10,,75.18,"경기도 화성시 동탄구 동탄영천로131,동탄코너원스마트타워1층105,106호(영천동)",경기도 화성시 동탄구 영천동875-1,2026-06-25
2669,다이키미치,일반음식점,2025-03-10,,66,"경기도 화성시 동탄구 동탄순환대로14길82-16,1층일부호(산척동)",경기도 화성시 동탄구 산척동828-3,2026-06-25
2670,샐러링동탄실리콘앨리점,일반음식점,2025-03-12,,29.06,"경기도 화성시 동탄구 동탄영천로150,현대실리콘앨리동탄S동1층143호(영천동)",경기도 화성시 동탄구 영천동844-1,2026-06-25
2671,블리스데이,일반음식점,2025-03-13,,52,"경기도 화성시 동탄구 동탄치동천로1길22-20,1층일부(102)호(영천동)",경기도 화성시 동탄구 영천동748-5,2026-06-25
2672,쿠우쿠우동탄점,일반음식점,2025-03-13,031-613-6274,1250.92,"경기도 화성시 동탄구 노작로1가길8,나루프라자3층(반송동)",경기도 화성시 동탄구 반송동760,2026-06-25
2673,대동회포차,일반음식점,2025-03-14,,47.08,"경기도 화성시 동탄구 동탄역로102,1층1017호(여울동,동탄역린스트라우스)",경기도 화성시 동탄구 여울동1020동탄역린스트라우스,2026-06-25
2674,피나치공동탄산척점,일반음식점,2025-03-14,,36.63,"경기도 화성시 동탄구 동탄대로8길58,파케이드아크1층108호(산척동)",경기도 화성시 동탄구 산척동725-1,2026-06-25
2675,오닭꼬치동탄청계점,일반음식점,2025-03-14,,42.57,"경기도 화성시 동탄구 동탄대로시범길148-20,마추프라자지1층B105호(청계동)",경기도 화성시 동탄구 청계동535-5,2026-06-25
2676,여운재동탄본점,일반음식점,2025-03-17,,85.6,"경기도 화성시 동탄구 왕배산길7,오션타워1층115,116호(목동)",경기도 화성시 동탄구 목동496-1,2026-06-25
2677,미술계,일반음식점,2025-03-17,,26.8,"경기도 화성시 동탄구 동탄역로160,동탄역롯데캐슬롯데백화점동탄점동지하1층일부호(여울동)",경기도 화성시 동탄구 여울동1089동탄역롯데캐슬,2026-06-25
2678,오늘(ONEUL),일반음식점,2025-03-19,,55.65,"경기도 화성시 동탄구 동탄순환대로3길28-17,1층일부(우측상가)호(송동)",경기도 화성시 동탄구 송동704-5,2026-06-25
2679,닭발생각동탄점,일반음식점,2025-03-20,,52.5,"경기도 화성시 동탄구 노작로2길6,1층일부(102)호(반송동)",경기도 화성시 동탄구 반송동125-11,2026-06-25
2680,임혜영새우장연어장,일반음식점,2025-03-20,,42.31,"경기도 화성시 동탄구 삼성1로5길6,원희캐슬동탄2층210호일부호(석우동)",경기도 화성시 동탄구 석우동1-9,2026-06-25
2681,우마주동탄역점,일반음식점,2025-03-24,,87.4,"경기도 화성시 동탄구 동탄기흥로447-28,여울시티11층105,106호(여울동)",경기도 화성시 동탄구 여울동976-3,2026-06-25
2682,블루팟(Bluepot),일반음식점,2025-03-24,,93.6,"경기도 화성시 동탄구 삼성1로5길5,2층207호(석우동)",경기도 화성시 동탄구 석우동3-1,2026-06-25
2683,큰손닭강정동탄점,일반음식점,2025-03-24,,25.63,"경기도 화성시 동탄구 동탄대로5길21,라크몽1층E143호(송동)",경기도 화성시 동탄구 송동726-1,2026-06-25
2684,동탄동양푸드,일반음식점,2025-03-24,,486.02,,경기도 화성시 동탄구 신동536화성동탄2지구A-58블럭,2026-06-25
2685,야곱의축복,일반음식점,2025-03-25,,140.81,"경기도 화성시 동탄구 동탄순환대로16길14-26,MARS1동1층전체호(산척동)",경기도 화성시 동탄구 산척동807-7,2026-06-25
2686,본우리반상동탄한림대성심병원점,일반음식점,2025-03-26,,346.12,"경기도 화성시 동탄구 큰재봉길7,한림대학교동탄성심병원본관4층일부호(석우동)",경기도 화성시 동탄구 석우동40,2026-06-25
2687,소문난장충동왕족발보쌈,일반음식점,2025-03-26,,81.48,"경기도 화성시 동탄구 동탄대로6길19,파케이드스타2층201,202호(산척동)",경기도 화성시 동탄구 산척동727-6,2026-06-25
2688,미듬카츠,일반음식점,2025-03-27,,39.9,"경기도 화성시 동탄구 동탄순환대로257,종산타워1동1층111호(산척동)",경기도 화성시 동탄구 산척동724-1,2026-06-25
2689,明백반전문점,일반음식점,2025-03-28,,44.67,"경기도 화성시 동탄구 동탄반송1길36-20,1층일부(101호)호(반송동)",경기도 화성시 동탄구 반송동36-7,2026-06-25
2690,메가박스동탄역점,일반음식점,2025-03-31,,86.54,"경기도 화성시 동탄구 동탄오산로29,동탄2신도시동탄역디에트르퍼스티지문화및집회시설동지하1층영화관매점호(여울동)",경기도 화성시 동탄구 여울동979,2026-06-25
2691,봉쉐프참치,일반음식점,2025-03-31,,74.76,"경기도 화성시 동탄구 동탄중심상가1길33,동탄미래도프라자1층111,112호(반송동)",경기도 화성시 동탄구 반송동104-3동탄미래도프라자,2026-06-25
2692,스시퐁싱싱회수산,일반음식점,2025-04-01,,134.84,"경기도 화성시 동탄구 동탄반송2길21-14,1층전체호(반송동)",경기도 화성시 동탄구 반송동31-10,2026-06-25
2693,투부네국수촌,일반음식점,2025-04-01,,46.8,"경기도 화성시 동탄구 동탄반석로120,제일프라자1층117호(반송동)",경기도 화성시 동탄구 반송동107-8제일프라자,2026-06-25
2694,충무김밥,일반음식점,2025-04-01,,31.17,"경기도 화성시 동탄구 동탄첨단산업2로14,214동지하1층B103호(영천동,동탄역동원로얄듀크1차)",경기도 화성시 동탄구 영천동879동탄역동원로얄듀크1차,2026-06-25
2695,괜찮은감자탕(동탄점),일반음식점,2025-04-01,,147.64,"경기도 화성시 동탄구 동탄하나3길11,1층전체호(능동)",경기도 화성시 동탄구 능동1079-6,2026-06-25
2696,물너울,일반음식점,2025-04-02,,40.66,"경기도 화성시 동탄구 동탄대로시범길148-16,명산프라자1층115호(청계동)",경기도 화성시 동탄구 청계동535-4,2026-06-25
2697,메가혼밥남동탄점,일반음식점,2025-04-02,,35.27,"경기도 화성시 동탄구 동탄순환대로14길31,1동1층일부(102호의일부)호(산척동)",경기도 화성시 동탄구 산척동819-10,2026-06-25
2698,bhc동탄신동점,일반음식점,2025-04-02,,84.37,"경기도 화성시 동탄구 동탄신리천로4길47,지하1층B105,B106호(신동,힐스테이트동탄포레)",경기도 화성시 동탄구 신동561-1힐스테이트동탄포레,2026-06-25
2699,포찬,일반음식점,2025-04-02,,58.5,"경기도 화성시 동탄구 동탄오산로29,동탄2신도시동탄역디에트르퍼스티지판매시설동1층A-104호(여울동)",경기도 화성시 동탄구 여울동979,2026-06-25
2700,교동짬뽕1986동탄송동점,일반음식점,2025-04-02,,192.73,"경기도 화성시 동탄구 동탄순환대로3,지오프라자1층일부(106,107,108)호(송동)",경기도 화성시 동탄구 송동717-1,2026-06-25
2701,왓더버거동탄역점,일반음식점,2025-04-03,,69.84,"경기도 화성시 동탄구 동탄기흥로447-14,동탄역씨에이치리베로오피스텔주건축물제1동1층109호,110호(여울동)",경기도 화성시 동탄구 여울동976-7,2026-06-25
2702,여울,일반음식점,2025-04-03,,53.82,"경기도 화성시 동탄구 동탄기흥로447-14,동탄역씨에이치리베로오피스텔주건축물제1동1층113호(여울동)",경기도 화성시 동탄구 여울동976-7,2026-06-25
2703,스시릿빠,일반음식점,2025-04-04,,49.78,"경기도 화성시 동탄구 동탄반석로172,1층139호(반송동,동탄파라곤)",경기도 화성시 동탄구 반송동93-3동탄파라곤,2026-06-25
2704,보드람치킨동탄디에트르점,일반음식점,2025-04-07,,53.62,"경기도 화성시 동탄구 동탄오산로29,동탄2신도시동탄역디에트르퍼스티지판매시설동1층B-146호(여울동)",경기도 화성시 동탄구 여울동979,2026-06-25
2705,화성영천점샹떼PC2,일반음식점,2025-04-08,,39.6,"경기도 화성시 동탄구 동탄순환대로685,602일부호(영천동)",경기도 화성시 동탄구 영천동678-7,2026-06-25
2706,반장즉석떡볶이,일반음식점,2025-04-09,,85.3,"경기도 화성시 동탄구 동탄장지천2길22-16,1층일부호(장지동)",경기도 화성시 동탄구 장지동940-4,2026-06-25
2707,국밥특공대,일반음식점,2025-04-09,,149.93,"경기도 화성시 동탄구 동탄순환대로3가길3,1층전체호(송동)",경기도 화성시 동탄구 송동710-1,2026-06-25
2708,달맘,일반음식점,2025-04-09,,46.02,"경기도 화성시 동탄구 동탄대로636-3,동탄역메가비즈타워C동1층117호(영천동)",경기도 화성시 동탄구 영천동873-4,2026-06-25
2709,반기스가온동탄점,일반음식점,2025-04-10,,314.95,"경기도 화성시 동탄구 동탄중앙로200,상가(타임테라스B)동1층102호(반송동,메타폴리스)",경기도 화성시 동탄구 반송동98메타폴리스,2026-06-25
2710,동탄혼술바잔담,일반음식점,2025-04-11,,33.46,"경기도 화성시 동탄구 동탄원천로157,오피스타워1층109호(반송동)",경기도 화성시 동탄구 반송동86-7오피스타워,2026-06-25
2711,텍사스랜치스모크앤그릴,일반음식점,2025-04-11,,426.62,"경기도 화성시 동탄구 동탄대로5길32,루나갤러리3층310호(송동)",경기도 화성시 동탄구 송동723-1,2026-06-25
2712,미태리파스타동탄산척점,일반음식점,2025-04-14,,89.28,"경기도 화성시 동탄구 동탄순환대로14길45-13,주건축물제1동1층전체호(산척동)",경기도 화성시 동탄구 산척동820-5,2026-06-25
2713,엄마네김치찜방교점,일반음식점,2025-04-14,,117.54,"경기도 화성시 동탄구 동탄기흥로257번가길19,동탄프리미엄아울렛G동1층107호,108호(방교동)",경기도 화성시 동탄구 방교동779-3,2026-06-25
2714,금메달수산,일반음식점,2025-04-14,,147.44,"경기도 화성시 동탄구 동탄기흥로447-28,여울시티11층113호,114호,115호,116호(여울동)",경기도 화성시 동탄구 여울동976-3,2026-06-25
2715,육회바른연어동탄11자상가점,일반음식점,2025-04-16,,46.02,"경기도 화성시 동탄구 동탄순환대로702,성산B타워1층108호(영천동)",경기도 화성시 동탄구 영천동681-4,2026-06-25
2716,나물과돼지에만남,일반음식점,2025-04-16,,88.24,"경기도 화성시 동탄구 여울로2길21-17,1층(능동)",경기도 화성시 동탄구 능동1140-81층,2026-06-25
2717,왕소녀매운갈비찜,일반음식점,2025-04-16,,51.3,"경기도 화성시 동탄구 동탄기흥로559,으뜸U-테크밸리1층105호(영천동)",경기도 화성시 동탄구 영천동834-2,2026-06-25
2718,생생장어,일반음식점,2025-04-16,,131.59,"경기도 화성시 동탄구 동탄기흥로614,더퍼스트타워투1층144호(영천동)",경기도 화성시 동탄구 영천동835-1,2026-06-25
2719,불티나꼬막짬뽕동탄남광장점,일반음식점,2025-04-17,,185.32,"경기도 화성시 동탄구 노작로149,화성동탄JO프라자1층107,108,109,110,111호(반송동)",경기도 화성시 동탄구 반송동106-2화성동탄JO프라자,2026-06-25
2720,해방,일반음식점,2025-04-17,,38.81,"경기도 화성시 동탄구 동탄역로128,동탄KTX중앙파크뷰1층111호(여울동)",경기도 화성시 동탄구 여울동968-7,2026-06-25
2721,53집,일반음식점,2025-04-18,,57.95,"경기도 화성시 동탄구 동탄첨단산업1로27,금강펜테리움IX타워근린생활시설지1층MB98호(영천동)",경기도 화성시 동탄구 영천동823-6금강펜테리움IX타워,2026-06-25
2722,갓포유유,일반음식점,2025-04-18,,72.76,"경기도 화성시 동탄구 동탄역로102,2층2024호(여울동,동탄역린스트라우스)",경기도 화성시 동탄구 여울동1020동탄역린스트라우스,2026-06-25
2723,666버거동탄반송점,일반음식점,2025-04-18,,49.74,"경기도 화성시 동탄구 동탄지성로17,1층115호(반송동,동탄위버폴리스)",경기도 화성시 동탄구 반송동93-1동탄위버폴리스,2026-06-25
2724,서울붕어빵,일반음식점,2025-04-18,,29.39,"경기도 화성시 동탄구 동탄대로5길15,더샵동탄센텀폴리스1단지그랑파사쥬지1층B008호(송동)",경기도 화성시 동탄구 송동725-4더샵동탄센텀폴리스1단지,2026-06-25
2725,옛날경성순대국(남사점),일반음식점,2025-04-18,,123.75,"경기도 화성시 동탄구 경기동로536,1층전체호(장지동)",경기도 화성시 동탄구 장지동864-6,2026-06-25
2726,육끝산척점,일반음식점,2025-04-21,,104.7,"경기도 화성시 동탄구 동탄순환대로10길88,3627동지1층B134,B135,B136호(산척동,레이크힐반도유보라아이비파크10.2)",경기도 화성시 동탄구 산척동745레이크힐반도유보라아이비파크10.2,2026-06-25
2727,바베큐그라운드,일반음식점,2025-04-22,,149.72,"경기도 화성시 동탄구 장지로60-36,가동1층일부호(장지동)",경기도 화성시 동탄구 장지동484,2026-06-25
2728,능동주막,일반음식점,2025-04-22,,164.03,"경기도 화성시 동탄구 여울로2길23,1층전체호(능동)",경기도 화성시 동탄구 능동1141-5,2026-06-25
2729,무인초밥,일반음식점,2025-04-23,,22.91,"경기도 화성시 동탄구 동탄첨단산업1로27,금강펜테리움IX타워지하1층MB64호(영천동)",경기도 화성시 동탄구 영천동823-6금강펜테리움IX타워,2026-06-25
2730,미옥,일반음식점,2025-04-23,,51.48,"경기도 화성시 동탄구 동탄중심상가1길8,워터밸리1층110호(반송동)",경기도 화성시 동탄구 반송동107-2워터밸리,2026-06-25
2731,강순자옛맛김치찌개테크노벨리점,일반음식점,2025-04-23,,95.94,"경기도 화성시 동탄구 동탄대로637,1층116,117호(영천동)",경기도 화성시 동탄구 영천동852-2,2026-06-25
2732,탕화쿵푸마라탕(동탄영천점),일반음식점,2025-04-24,,119.56,"경기도 화성시 동탄구 지산1길7-3,1층(영천동)",경기도 화성시 동탄구 영천동693-2,2026-06-25
2733,브런치에이프릴,일반음식점,2025-04-24,,46.87,"경기도 화성시 동탄구 지산1길21-3,1층일부(103)호(영천동)",경기도 화성시 동탄구 영천동686-2,2026-06-25
2734,넹무오봉,일반음식점,2025-04-24,,185.64,"경기도 화성시 동탄구 동탄대로446,동탄역그란비아스타1층1041,1042,1043,1044호(청계동)",경기도 화성시 동탄구 청계동564동탄역그란비아스타,2026-06-25
2735,열정국밥동탄반송점,일반음식점,2025-04-24,,33.24,"경기도 화성시 동탄구 동탄반석로193,동탄시범한빛마을동탄아이파크상가동지1층110호(반송동)",경기도 화성시 동탄구 반송동85동탄시범한빛마을동탄아이파크,2026-06-25
2736,드림삼계탕,일반음식점,2025-04-24,,161.99,"경기도 화성시 동탄구 동탄역로128,동탄KTX중앙파크뷰2층201호(여울동)",경기도 화성시 동탄구 여울동968-7,2026-06-25
2737,핏제리아오동탄점,일반음식점,2025-04-25,,641.48,"경기도 화성시 동탄구 노작로1가길10,웨이브빌딩주건축물제1동3층전체호(반송동)",경기도 화성시 동탄구 반송동763,2026-06-25
2738,슈퍼크리스피동탄나루마을점,일반음식점,2025-04-25,,50.75,"경기도 화성시 동탄구 동탄솔빛로64,가희프라자21층101호(반송동)",경기도 화성시 동탄구 반송동218-2가희프라자2,2026-06-25
2739,여울전사랑,일반음식점,2025-04-29,,27.8,"경기도 화성시 동탄구 동탄감배산로143,203(근린생활시설)동1층160호(여울동,동탄역유림노르웨이숲)",경기도 화성시 동탄구 여울동978동탄역유림노르웨이숲,2026-06-25
2740,짬뽕일도,일반음식점,2025-04-30,,49.14,"경기도 화성시 동탄구 동탄반송3길8,동탄타워1층138호(반송동)",경기도 화성시 동탄구 반송동27동탄타워,2026-06-25
2741,우아정육식당,일반음식점,2025-05-07,,165.52,"경기도 화성시 동탄구 동탄반송2길56,1층(반송동)",경기도 화성시 동탄구 반송동7-5,2026-06-25
2742,에스커피로스터리,일반음식점,2025-05-08,,46.98,"경기도 화성시 동탄구 동탄오산로29,동탄2신도시동탄역디에트르퍼스티지판매시설동1층D-125호(여울동)",경기도 화성시 동탄구 여울동979,2026-06-25
2743,램미가양갈비양꼬치(동탄5호점),일반음식점,2025-05-08,,126.32,"경기도 화성시 동탄구 동탄반송2길41-13,1층(반송동)",경기도 화성시 동탄구 반송동10-1,2026-06-25
2744,길동우동동탄호수공원점,일반음식점,2025-05-09,,42.7,"경기도 화성시 동탄구 동탄순환대로127-19,동탄에스비타운1층115호(산척동)",경기도 화성시 동탄구 산척동728-3동탄에스비타운,2026-06-25
2745,북산,일반음식점,2025-05-12,,181.38,"경기도 화성시 동탄구 동탄오산로29,동탄2신도시동탄역디에트르퍼스티지판매시설1층c-102,103,104호(여울동)",경기도 화성시 동탄구 여울동979,2026-06-25
2746,고향옥얼큰순대국화성동탄점,일반음식점,2025-05-12,,109.31,"경기도 화성시 동탄구 동탄지성로11,동탄SRGOLDPLAZA1층103,104호(반송동)",경기도 화성시 동탄구 반송동93-2동탄SRGOLDPLAZA,2026-06-25
2747,최배달케이푸드분식,일반음식점,2025-05-12,,45.6,"경기도 화성시 동탄구 동탄지성로94,하나로오피스텔1층108호(반송동)",경기도 화성시 동탄구 반송동42-5하나로오피스텔,2026-06-25
2748,우마주동탄영천점,일반음식점,2025-05-13,,133.43,"경기도 화성시 동탄구 동탄대로23안길30,201동1층136,137,138,139호(영천동,동탄역금강펜테리움더시글로)",경기도 화성시 동탄구 영천동849동탄역금강펜테리움더시글로,2026-06-25
2749,1984그수육집칼국수동탄센트럴파크점,일반음식점,2025-05-14,,111.69,"경기도 화성시 동탄구 동탄반송3길22-6,1층(반송동)",경기도 화성시 동탄구 반송동26-2,2026-06-25
2750,텍사스랜치(TexasRanch),일반음식점,2025-05-14,,132.05,"경기도 화성시 동탄구 동탄오산로29,동탄2신도시동탄역디에트르퍼스티지판매시설동지하1층E-B101호(여울동)",경기도 화성시 동탄구 여울동979,2026-06-25
2751,놀부포차,일반음식점,2025-05-15,,52.48,"경기도 화성시 동탄구 동탄중심상가1길8,워터밸리1층105호(반송동)",경기도 화성시 동탄구 반송동107-2워터밸리,2026-06-25
2752,브라더한정식도시락동탄2신도시점,일반음식점,2025-05-15,,39.48,"경기도 화성시 동탄구 동탄대로23길121,우미뉴브1층139호(영천동)",경기도 화성시 동탄구 영천동851우미뉴브,2026-06-25
2753,강참치,일반음식점,2025-05-15,,37.29,"경기도 화성시 동탄구 지산1길8-3,1층일부(103)호(영천동)",경기도 화성시 동탄구 영천동691-4,2026-06-25
2754,인생닭강정동탄칸타빌점,일반음식점,2025-05-15,,9.9,"경기도 화성시 동탄구 동탄순환대로22길14,근린생활시설2동지1층111호일부호(청계동,동탄역대원칸타빌포레지움)",경기도 화성시 동탄구 청계동558동탄역대원칸타빌포레지움,2026-06-25
2755,차림,일반음식점,2025-05-15,,43.13,"경기도 화성시 동탄구 동탄신리천로278,리더스뷰프라자1층117호(여울동)",경기도 화성시 동탄구 여울동1040-4,2026-06-25
2756,진부엉이꼬마김밥동탄대로점,일반음식점,2025-05-16,,39.6,"경기도 화성시 동탄구 동탄첨단산업2로87,힐스테이트동탄르센텀101동1층123호(영천동)",경기도 화성시 동탄구 영천동858,2026-06-25
2757,담가화로구이동탄센트럴파크점,일반음식점,2025-05-16,,459.77,"경기도 화성시 동탄구 동탄지성로118,1동1층전체호(반송동)",경기도 화성시 동탄구 반송동41-4,2026-06-25
2758,짬뽕관이마트트레이더스동탄점,일반음식점,2025-05-16,,111.66,경기도 화성시 동탄구 동탄대로451(주)이마트트레이더스동탄점1층일부(1204)호(여울동),경기도 화성시 동탄구 여울동1022,2026-06-25
2759,고메정식당동탄호수공원직영점,일반음식점,2025-05-16,,317.12,"경기도 화성시 동탄구 동탄대로181,판매시설B동지3층CB301,CB302,CB303,CB304,CB305호(송동,동탄린스트라우스더레이크)",경기도 화성시 동탄구 송동694동탄린스트라우스더레이크,2026-06-25
2760,푸드팩토리,일반음식점,2025-05-19,,40.19,"경기도 화성시 동탄구 동탄기흥로602,더퍼스트타워Ⅲ1층126호(영천동)",경기도 화성시 동탄구 영천동836-1더퍼스트타워,2026-06-25
2761,돈돈,일반음식점,2025-05-20,,44.46,"경기도 화성시 동탄구 큰재봉길23-11,동탄삼성쉐르빌1층132호(석우동)",경기도 화성시 동탄구 석우동36-1동탄삼성쉐르빌,2026-06-25
2762,신주옥미동탄영천점,일반음식점,2025-05-20,,142.96,"경기도 화성시 동탄구 지산2길12-13,1층(영천동)",경기도 화성시 동탄구 영천동703-7,2026-06-25
2763,스텔라떡볶이경기동탄역점,일반음식점,2025-05-20,,64.2,"경기도 화성시 동탄구 동탄역로196,지하1층L1-B103호(여울동,동탄역예미지시그너스)",경기도 화성시 동탄구 여울동967-62동탄역예미지시그너스,2026-06-25
2764,오투닭갈비&부대찌개여울공원점,일반음식점,2025-05-21,,78.72,"경기도 화성시 동탄구 동탄오산로29,동탄2신도시동탄역디에트르퍼스티지판매시설1층B-142,B-143호(여울동)",경기도 화성시 동탄구 여울동979,2026-06-25
2765,금통닭,일반음식점,2025-05-21,,44.32,"경기도 화성시 동탄구 동탄신리천로1길73,호반프라자1층101호(산척동)",경기도 화성시 동탄구 산척동787-1,2026-06-25
2766,일품양평해장국동탄금강IX타워점,일반음식점,2025-05-21,,93.48,"경기도 화성시 동탄구 동탄첨단산업1로27,금강펜테리움IX타워근린생활시설지1층MB39,MB40호(영천동)",경기도 화성시 동탄구 영천동823-6금강펜테리움IX타워,2026-06-25
2767,해온초밥참치,일반음식점,2025-05-22,,54.12,"경기도 화성시 동탄구 동탄순환대로14길21-1,1층일부(101)호(산척동)",경기도 화성시 동탄구 산척동818-6,2026-06-25
2768,국밥철학동탄점,일반음식점,2025-05-22,,36.45,"경기도 화성시 동탄구 동탄순환대로823,에이팩시티1층112호(영천동)",경기도 화성시 동탄구 영천동652-4에이팩시티,2026-06-25
2769,영천순대국,일반음식점,2025-05-26,,62.7,"경기도 화성시 동탄구 지산1길3-2,1층일부호(영천동)",경기도 화성시 동탄구 영천동693-4,2026-06-25
2770,동탄숯불가든,일반음식점,2025-05-26,,300.68,"경기도 화성시 동탄구 동탄대로446,동탄역그란비아스타1층1103,1104,1105,1106,1107,1108호(청계동)",경기도 화성시 동탄구 청계동564동탄역그란비아스타,2026-06-25
2771,식어도바삭한동서재닭강정,일반음식점,2025-05-26,,36,"경기도 화성시 동탄구 동탄산척로2나길10-5,1층일부(106)호(산척동)",경기도 화성시 동탄구 산척동707-5,2026-06-25
2772,닭다리순살하나만제대로하는집,일반음식점,2025-05-26,,36,"경기도 화성시 동탄구 동탄산척로2나길10-5,1층일부(101)호(산척동)",경기도 화성시 동탄구 산척동707-5,2026-06-25
2773,청연,일반음식점,2025-05-26,,36,"경기도 화성시 동탄구 동탄산척로2나길10-5,1층일부(103)호(산척동)",경기도 화성시 동탄구 산척동707-5,2026-06-25
2774,육회를사랑한연어,일반음식점,2025-05-26,,36,"경기도 화성시 동탄구 동탄산척로2나길10-5,1층일부(104)호(산척동)",경기도 화성시 동탄구 산척동707-5,2026-06-25
2775,퍽퍽살이싫어내가만든치킨집,일반음식점,2025-05-26,,36,"경기도 화성시 동탄구 동탄산척로2나길10-5,1층일부(105)호(산척동)",경기도 화성시 동탄구 산척동707-5,2026-06-25
2776,엣지,일반음식점,2025-05-27,,92,"경기도 화성시 동탄구 동탄중심상가2길29,세림프라자5층503호일부호(반송동)",경기도 화성시 동탄구 반송동88-6세림프라자,2026-06-25
2777,소담촌동탄반송점,일반음식점,2025-05-28,,495.87,"경기도 화성시 동탄구 메타폴리스로53,스타프라자6층601호일부호(반송동)",경기도 화성시 동탄구 반송동92-7스타프라자,2026-06-25
2778,기영이숯불두마리치킨동탄센트럴파크점,일반음식점,2025-05-28,,44.68,"경기도 화성시 동탄구 동탄반송길30-1,1층일부(102)호(반송동)",경기도 화성시 동탄구 반송동6-2,2026-06-25
2779,슬로우캘리동탄역점,일반음식점,2025-05-29,,41.85,"경기도 화성시 동탄구 동탄오산로29,동탄2신도시동탄역디에트르퍼스티지판매시설1층C-115호(여울동)",경기도 화성시 동탄구 여울동979,2026-06-25
2780,사랑과우정사이,일반음식점,2025-05-29,,45.1,"경기도 화성시 동탄구 동탄문화센터로61,아시아프라자1층113호(반송동)",경기도 화성시 동탄구 반송동107-7아시아프라자,2026-06-25
2781,램미가양갈비양꼬치,일반음식점,2025-05-29,,144.6,"경기도 화성시 동탄구 동탄오산로29,동탄2신도시동탄역디에트르퍼스티지판매시설1층B-130,131,132호(여울동)",경기도 화성시 동탄구 여울동979,2026-06-25
2782,심양양갈비양꼬치능동점,일반음식점,2025-05-30,,71.37,"경기도 화성시 동탄구 남여울2길16,1층일부호(능동)",경기도 화성시 동탄구 능동1164-5,2026-06-25
2783,완벌집동탄목동점,일반음식점,2025-05-30,,82.5,"경기도 화성시 동탄구 왕배산2길3-2,동탄2택지개발지구410-1101점포주택주건축물제1동1층일부(101)호(목동)",경기도 화성시 동탄구 목동462-1,2026-06-25
2784,반주人전라도(반주인전라도),일반음식점,2025-05-30,,40.5,"경기도 화성시 동탄구 동탄대로6길19,파케이드스타1층110호(산척동)",경기도 화성시 동탄구 산척동727-6,2026-06-25
2785,묵은집,일반음식점,2025-05-30,,60.53,"경기도 화성시 동탄구 지산2길17,1층일부호(영천동)",경기도 화성시 동탄구 영천동704-15,2026-06-25
2786,카라비어,일반음식점,2025-06-02,,61.91,"경기도 화성시 동탄구 메타폴리스로47-25,센트럴S타운지1층B11호(반송동)",경기도 화성시 동탄구 반송동93-6센트럴S타운,2026-06-25
2787,능동상회,일반음식점,2025-06-02,,70.28,"경기도 화성시 동탄구 동탄원천로354-8,동탄ARZEN오피스텔1층109,110호(능동)",경기도 화성시 동탄구 능동1066-1,2026-06-25
2788,온카츠,일반음식점,2025-06-02,,56.56,"경기도 화성시 동탄구 지산1길18-3,1층일부(101)호(영천동)",경기도 화성시 동탄구 영천동687-11,2026-06-25
2789,의리감자탕,일반음식점,2025-06-04,,42.8,"경기도 화성시 동탄구 동탄영천로150,현대실리콘앨리동탄S동지1층B166호(영천동)",경기도 화성시 동탄구 영천동844-1,2026-06-25
2790,기세,일반음식점,2025-06-04,,119.01,"경기도 화성시 동탄구 동탄역로102,판매시설동1층1093,1094호(여울동,동탄역린스트라우스)",경기도 화성시 동탄구 여울동1020동탄역린스트라우스,2026-06-25
2791,가비옥,일반음식점,2025-06-04,,93.37,"경기도 화성시 동탄구 동탄첨단산업1로27,금강펜테리움IX타워근린생활시설지1층MB62,MB63호(영천동)",경기도 화성시 동탄구 영천동823-6금강펜테리움IX타워,2026-06-25
2792,동경규동동탄역디에트르점,일반음식점,2025-06-04,,32.07,"경기도 화성시 동탄구 동탄오산로29,동탄2신도시동탄역디에트르퍼스티지판매시설1층A-116호(여울동)",경기도 화성시 동탄구 여울동979,2026-06-25
2793,카페오즈,일반음식점,2025-06-05,,61.33,"경기도 화성시 동탄구 동탄감배산로143,203동지1층B115호(여울동,동탄역유림노르웨이숲)",경기도 화성시 동탄구 여울동978동탄역유림노르웨이숲,2026-06-25
2794,피자마루산척점,일반음식점,2025-06-09,,35.84,"경기도 화성시 동탄구 동탄순환대로10길20,근린생활시설동1층110호(산척동,동탄호수공원경기행복주택)",경기도 화성시 동탄구 산척동750동탄호수공원경기행복주택,2026-06-25
2795,밀랩커피하우스,일반음식점,2025-06-10,,45,"경기도 화성시 동탄구 동탄장지천3길7-10,1층일부(103)호(장지동)",경기도 화성시 동탄구 장지동931-1,2026-06-25
2796,할매푸드,일반음식점,2025-06-10,,82.8,"경기도 화성시 동탄구 동탄공원로1길6-5,1층일부호(반송동)",경기도 화성시 동탄구 반송동70-2,2026-06-25
2797,오코코(okoko),일반음식점,2025-06-11,,144.08,"경기도 화성시 동탄구 남여울1길5-37,1층전체호(능동)",경기도 화성시 동탄구 능동1164-13,2026-06-25
2798,멘부쿠제면소동탄센트럴파크점,일반음식점,2025-06-11,,117.61,"경기도 화성시 동탄구 동탄공원로3길24,1층전체호(반송동)",경기도 화성시 동탄구 반송동45-11,2026-06-25
2799,화성한우장터국밥,일반음식점,2025-06-11,,65.07,"경기도 화성시 동탄구 큰재봉길23-4,석진블루체오피스텔1층104호(석우동)",경기도 화성시 동탄구 석우동33-2,2026-06-25
2800,갓포핫슨,일반음식점,2025-06-11,,62.37,"경기도 화성시 동탄구 동탄역로102,1층1114호(여울동,동탄역린스트라우스)",경기도 화성시 동탄구 여울동1020동탄역린스트라우스,2026-06-25
2801,오늘은분식먹는날,일반음식점,2025-06-11,,33.24,"경기도 화성시 동탄구 동탄순환대로19길59,402동지1층137호(목동,힐스테이트동탄)",경기도 화성시 동탄구 목동491힐스테이트동탄,2026-06-25
2802,양가네푸드동탄점,일반음식점,2025-06-11,,20,"경기도 화성시 동탄구 동탄기흥로393-20,1층141호일부호(여울동,동탄역파라곤)",경기도 화성시 동탄구 여울동985동탄역파라곤,2026-06-25
2803,와이디푸드동탄점,일반음식점,2025-06-11,,17.36,"경기도 화성시 동탄구 동탄기흥로393-20,1층141호일부호(여울동,동탄역파라곤)",경기도 화성시 동탄구 여울동985동탄역파라곤,2026-06-25
2804,고진사영천직영점,일반음식점,2025-06-11,,143.82,"경기도 화성시 동탄구 지산1길11-7,1층전체호(영천동)",경기도 화성시 동탄구 영천동690-2,2026-06-25
2805,한신우동석우점,일반음식점,2025-06-12,,49.98,"경기도 화성시 동탄구 삼성1로156,이너매스플래티늄1층113호(석우동)",경기도 화성시 동탄구 석우동31-3,2026-06-25
2806,양평해장국동탄점,일반음식점,2025-06-12,,127.64,"경기도 화성시 동탄구 동탄기흥로41,1층일부(107,108)호(방교동)",경기도 화성시 동탄구 방교동844-2,2026-06-25
2807,짱구100%순메밀막국수&짱구전선생동탄역점,일반음식점,2025-06-12,,55.48,"경기도 화성시 동탄구 동탄광역환승로63,106동1층111호(여울동,동탄역반도유보라아이비파크7.0)",경기도 화성시 동탄구 여울동971동탄역반도유보라아이비파크7.0,2026-06-25
2808,가네샤(Ganesha),일반음식점,2025-06-12,,53.79,"경기도 화성시 동탄구 동탄순환대로27길20,1층107호(영천동)",경기도 화성시 동탄구 영천동679-7,2026-06-25
2809,파올(paol),일반음식점,2025-06-12,,52.21,"경기도 화성시 동탄구 동탄오산로29,동탄2신도시동탄역디에트르퍼스티지판매시설1층A-105호(여울동)",경기도 화성시 동탄구 여울동979,2026-06-25
2810,마라탕전문점샹츠마라동탄역점,일반음식점,2025-06-12,,47.5,"경기도 화성시 동탄구 동탄대로537,라스플로레스1층1038호(여울동)",경기도 화성시 동탄구 여울동1019,2026-06-25
2811,보니바니베이커리,일반음식점,2025-06-13,,146.33,"경기도 화성시 동탄구 동탄첨단산업2로88,상가동1층101호,102호,103호,104호(영천동,동탄2신도시4차동원로얄듀크포레)",경기도 화성시 동탄구 영천동859-1동탄2신도시4차동원로얄듀크포레,2026-06-25
2812,또봉이통닭동탄영천점,일반음식점,2025-06-16,,86.39,"경기도 화성시 동탄구 동탄대로683,SHSQUAREII1층114,114-1,115호(영천동)",경기도 화성시 동탄구 영천동846-2,2026-06-25
2813,유박사차이니즈동탄목동점,일반음식점,2025-06-16,,104.14,"경기도 화성시 동탄구 왕배산길7,오션타워1층118,119호(목동)",경기도 화성시 동탄구 목동496-1,2026-06-25
2814,DUSK(더스크),일반음식점,2025-06-18,,52.25,"경기도 화성시 동탄구 동탄역로102,판매시설동1층1045호(여울동,동탄역린스트라우스)",경기도 화성시 동탄구 여울동1020동탄역린스트라우스,2026-06-25
2815,동탄에트르오마카세,일반음식점,2025-06-18,,62.58,"경기도 화성시 동탄구 동탄오산로29,동탄2신도시동탄역디에트르퍼스티지판매시설동지1층C-B101호(여울동)",경기도 화성시 동탄구 여울동979,2026-06-25
2816,신가게맥주남광장점,일반음식점,2025-06-18,,76.75,"경기도 화성시 동탄구 동탄중심상가1길9,월드프라자1층103호,104호(반송동)",경기도 화성시 동탄구 반송동104-11월드프라자,2026-06-25
2817,봄봄카페,일반음식점,2025-06-19,,25,"경기도 화성시 동탄구 동탄역로54,112동1층1114호일부호(여울동,동탄역헤리엇)",경기도 화성시 동탄구 여울동1023동탄역헤리엇,2026-06-25
2818,유미타코동탄호수공원점,일반음식점,2025-06-20,,42.08,"경기도 화성시 동탄구 동탄대로5길32,루나갤러리1층101호(송동)",경기도 화성시 동탄구 송동723-1,2026-06-25
2819,미담갈비,일반음식점,2025-06-20,,62.7,"경기도 화성시 동탄구 동탄반송1길26-5,1층일부(101)호(반송동)",경기도 화성시 동탄구 반송동37-13,2026-06-25
2820,마누키친,일반음식점,2025-06-20,,52.34,"경기도 화성시 동탄구 동탄기흥로585,1층102호(영천동,힐스테이트동탄역)",경기도 화성시 동탄구 영천동833힐스테이트동탄역,2026-06-25
2821,백채김치찌개동탄역점,일반음식점,2025-06-23,,44.08,"경기도 화성시 동탄구 동탄오산로86-10,동탄역리코빌1층110호(여울동)",경기도 화성시 동탄구 여울동968-4,2026-06-25
2822,온기밥상,일반음식점,2025-06-23,,63.69,"경기도 화성시 동탄구 왕배산3길19-1,1층일부(101)호(목동)",경기도 화성시 동탄구 목동454-6,2026-06-25
2823,이순실평양명가,일반음식점,2025-06-23,,221.04,"경기도 화성시 동탄구 동탄대로시범길148-20,마추프라자지1층B110,B111,B112호(청계동)",경기도 화성시 동탄구 청계동535-5,2026-06-25
2824,문쓰맘꼬마김밥영천본점,일반음식점,2025-06-24,,44.46,"경기도 화성시 동탄구 동탄순환대로690,애플스퀘어1층106호(영천동)",경기도 화성시 동탄구 영천동681-7,2026-06-25
2825,누구나홀딱반한닭동탄장지점,일반음식점,2025-06-24,,82.07,"경기도 화성시 동탄구 동탄대로2길49,근린생활시설동지1층상가1호,상가2호(장지동,동탄2롯데캐슬)",경기도 화성시 동탄구 장지동975동탄2롯데캐슬,2026-06-25
2826,동탄수제맥주,일반음식점,2025-06-24,,39,"경기도 화성시 동탄구 동탄문화센터로65,에이스타운1층131호(반송동)",경기도 화성시 동탄구 반송동107-3에이스타운,2026-06-25
2827,호주에서온스시,일반음식점,2025-06-24,,90.36,"경기도 화성시 동탄구 여울로191,1층일부호(능동)",경기도 화성시 동탄구 능동1092-10,2026-06-25
2828,도야짬뽕동탄석우점,일반음식점,2025-06-25,,204.79,"경기도 화성시 동탄구 삼성전자로12,프리언스오피스텔1층101,102,103,104호(석우동)",경기도 화성시 동탄구 석우동32-4프리언스오피스텔,2026-06-25
2829,육담,일반음식점,2025-06-26,,45.24,"경기도 화성시 동탄구 동탄치동천로3길28-1,1층일부(102호)호(영천동)",경기도 화성시 동탄구 영천동745-4,2026-06-25
2830,봉급날,일반음식점,2025-06-26,,84.13,"경기도 화성시 동탄구 동탄순환대로14길35,1층전체호(산척동)",경기도 화성시 동탄구 산척동820-16,2026-06-25
2831,(주)더블유앤컬쳐,일반음식점,2025-06-27,031-8052-8432,150.48,"경기도 화성시 동탄구 동탄산단8길20,이레타워1층일부(104,105,106)호(방교동)",경기도 화성시 동탄구 방교동833-2,2026-06-25
2832,인사동냉삼집,일반음식점,2025-06-27,,139.55,"경기도 화성시 동탄구 동탄기흥로257번가길24-13,1층전체호(방교동)",경기도 화성시 동탄구 방교동771-3,2026-06-25
2833,파스까스파스타&돈까스,일반음식점,2025-06-27,,37.05,"경기도 화성시 동탄구 동탄기흥로393-20,근린생활시설1층136호(여울동,동탄역파라곤)",경기도 화성시 동탄구 여울동985동탄역파라곤,2026-06-25
2834,데이롱실리콘앨리점(커피앤하이볼),일반음식점,2025-06-30,,40.95,"경기도 화성시 동탄구 동탄영천로150,현대실리콘앨리동탄S동1층175호(영천동)",경기도 화성시 동탄구 영천동844-1,2026-06-25
2835,어부네코다리조림,일반음식점,2025-06-30,,141.37,"경기도 화성시 동탄구 동탄대로14길5-41,1층전체호(여울동)",경기도 화성시 동탄구 여울동1032-5,2026-06-25
2836,돌깨마을맷돌순두부,일반음식점,2025-06-30,,44.57,"경기도 화성시 동탄구 동탄중심상가2길5,리더스프라자1층104호(반송동)",경기도 화성시 동탄구 반송동88-12리더스프라자,2026-06-25
2837,응급실국물떡볶이화성2동탄점,일반음식점,2025-06-30,,33.66,"경기도 화성시 동탄구 동탄신리천로278,리더스뷰프라자1층111호(여울동)",경기도 화성시 동탄구 여울동1040-4,2026-06-25
2838,멸치국수가(멸치국수家),일반음식점,2025-07-01,,47.71,"경기도 화성시 동탄구 동탄대로683,SHSQUAREII1층129호(영천동)",경기도 화성시 동탄구 영천동846-2,2026-06-25
2839,염소장군,일반음식점,2025-07-01,,57.1,"경기도 화성시 동탄구 동탄대로6길9,지1층B103호(산척동)",경기도 화성시 동탄구 산척동727-2,2026-06-25
2840,누구나홀딱반한닭동탄여울공원점,일반음식점,2025-07-02,,78.14,"경기도 화성시 동탄구 동탄오산로29,동탄2신도시동탄역디에트르퍼스티지판매시설동1층A-111,A-112호(여울동)",경기도 화성시 동탄구 여울동979,2026-06-25
2841,선비칼국수화성석우점,일반음식점,2025-07-02,,112.48,"경기도 화성시 동탄구 삼성1로150,석진파아란오피스텔1층107호(석우동)",경기도 화성시 동탄구 석우동31-6석진파아란오피스텔,2026-06-25
2842,이춘명숙성회동탄역점,일반음식점,2025-07-02,,83.33,"경기도 화성시 동탄구 동탄역로102,판매시설동1층1102,1103호(여울동,동탄역린스트라우스)",경기도 화성시 동탄구 여울동1020동탄역린스트라우스,2026-06-25
2843,족발보쌈,일반음식점,2025-07-02,,30.02,"경기도 화성시 동탄구 동탄기흥로447-28,여울시티11층117호(여울동)",경기도 화성시 동탄구 여울동976-3,2026-06-25
2844,와다,일반음식점,2025-07-03,,40.11,"경기도 화성시 동탄구 동탄반석로160,동탄지웰에스테이트1층127호(반송동)",경기도 화성시 동탄구 반송동93-10동탄지웰에스테이트,2026-06-25
2845,더힐,일반음식점,2025-07-03,,82.32,"경기도 화성시 동탄구 동탄역로102,1층1009,1010호(여울동,동탄역린스트라우스)",경기도 화성시 동탄구 여울동1020동탄역린스트라우스,2026-06-25
2846,케이에프씨(KFC)동탄역점,일반음식점,2025-07-04,,138.89,"경기도 화성시 동탄구 동탄역로150,분양상가-B동1층B111호,B112호,B113호(여울동,동탄역롯데캐슬)",경기도 화성시 동탄구 여울동1089동탄역롯데캐슬,2026-06-25
2847,백전,일반음식점,2025-07-04,,43.29,"경기도 화성시 동탄구 동탄중심상가1길31,광장타워주건축물제1동1층107호(반송동)",경기도 화성시 동탄구 반송동104-5광장타워,2026-06-25
2848,황금마을코다리,일반음식점,2025-07-07,,133.04,"경기도 화성시 동탄구 동탄순환대로14길82-4,성강청안채주건축물제1동1층전체호(산척동)",경기도 화성시 동탄구 산척동829-2,2026-06-25
2849,메가후르츠,일반음식점,2025-07-07,,45.89,"경기도 화성시 동탄구 동탄순환대로29길60,강산프라자1층105호일부호(영천동)",경기도 화성시 동탄구 영천동675-4,2026-06-25
2850,사운드39,일반음식점,2025-07-07,,44.36,"경기도 화성시 동탄구 동탄감배산로143,203동1층128호(여울동,동탄역유림노르웨이숲)",경기도 화성시 동탄구 여울동978동탄역유림노르웨이숲,2026-06-25
2851,온육집2동탄점,일반음식점,2025-07-08,,40.8,"경기도 화성시 동탄구 동탄순환대로14길77,동탄트램프라자1층111호(산척동)",경기도 화성시 동탄구 산척동830-1,2026-06-25
2852,연프로돌짜장,일반음식점,2025-07-08,,187.54,"경기도 화성시 동탄구 동탄감배산로124-6,이너매스여울숲1층117,118,119,120호(여울동)",경기도 화성시 동탄구 여울동982-1,2026-06-25
2853,40년전통춘천닭갈비,일반음식점,2025-07-09,,52.5,"경기도 화성시 동탄구 지산1길12-2,1층일부(101)호(영천동)",경기도 화성시 동탄구 영천동691-1,2026-06-25
2854,멤피스,일반음식점,2025-07-10,,88.75,"경기도 화성시 동탄구 큰재봉길23-4,석진블루체오피스텔1층107호(석우동)",경기도 화성시 동탄구 석우동33-2,2026-06-25
2855,양은이네동탄호수공원점,일반음식점,2025-07-14,,104.63,"경기도 화성시 동탄구 동탄대로181,판매시설B동지2층CB201호일부(05)호(송동,동탄린스트라우스더레이크)",경기도 화성시 동탄구 송동694동탄린스트라우스더레이크,2026-06-25
2856,엄니한식,일반음식점,2025-07-14,,50.4,"경기도 화성시 동탄구 동탄첨단산업2로14,213동지1층B213호(영천동,동탄역동원로얄듀크1차)",경기도 화성시 동탄구 영천동879동탄역동원로얄듀크1차,2026-06-25
2857,쪼꼬미,일반음식점,2025-07-15,,104.53,"경기도 화성시 동탄구 왕배산1길5,1층전체호(목동)",경기도 화성시 동탄구 목동449-1,2026-06-25
2858,찌개공방2동탄점,일반음식점,2025-07-15,,54,"경기도 화성시 동탄구 동탄산척로2길56,지하3층102호(산척동,동탄호수공원금강펜테리움센트럴파크II)",경기도 화성시 동탄구 산척동789동탄호수공원금강펜테리움센트럴파크II,2026-06-25
2859,로운샤브프리미엄스타필드마켓동탄점,일반음식점,2025-07-16,,591.11,"경기도 화성시 동탄구 동탄중앙로376,화성동탄이마트지하1층일부호(석우동)",경기도 화성시 동탄구 석우동44화성동탄이마트,2026-06-25
2860,우이동멸치국수,일반음식점,2025-07-16,,35.42,"경기도 화성시 동탄구 동탄순환대로10길88,3627동지1층B141호(산척동,레이크힐반도유보라아이비파크10.2)",경기도 화성시 동탄구 산척동745레이크힐반도유보라아이비파크10.2,2026-06-25
2861,투맨피자능동점,일반음식점,2025-07-16,,36,"경기도 화성시 동탄구 여울로4길59-10,1층일부(101)호(능동)",경기도 화성시 동탄구 능동1102-4,2026-06-25
2862,외계인피자동탄점,일반음식점,2025-07-17,,36.72,"경기도 화성시 동탄구 동탄공원로28,지송프라자1층105호(반송동)",경기도 화성시 동탄구 반송동61-8지송프라자,2026-06-25
2863,짜글이대가&뽁순이볶음밥동탄점,일반음식점,2025-07-18,,47.7,"경기도 화성시 동탄구 동탄신리천로2길66,1층113호(신동,동탄2신동포레경기행복주택)",경기도 화성시 동탄구 신동638동탄2신동포레경기행복주택,2026-06-25
2864,병아리김밥동탄레이크꼬모점,일반음식점,2025-07-18,,34.52,"경기도 화성시 동탄구 동탄대로181,판매시설A동1층182호(송동,동탄린스트라우스더레이크)",경기도 화성시 동탄구 송동694동탄린스트라우스더레이크,2026-06-25
2865,계돈이네,일반음식점,2025-07-21,,88.16,"경기도 화성시 동탄구 동탄오산로86-10,동탄역리코빌1층107,108호(여울동)",경기도 화성시 동탄구 여울동968-4,2026-06-25
2866,냉삼이닭,일반음식점,2025-07-21,,116.48,"경기도 화성시 동탄구 삼성1로160,디지털스테이션1층114,115호(석우동)",경기도 화성시 동탄구 석우동31-2디지털스테이션,2026-06-25
2867,김싸당,일반음식점,2025-07-21,,69.42,"경기도 화성시 동탄구 동탄기흥로125,태흥프라자1층102호일부호(방교동)",경기도 화성시 동탄구 방교동833-6,2026-06-25
2868,냉면가준동탄본점,일반음식점,2025-07-22,,111.36,"경기도 화성시 동탄구 동탄대로5길32,루나갤러리2층207,208호(송동)",경기도 화성시 동탄구 송동723-1,2026-06-25
2869,엉클까르보,일반음식점,2025-07-22,,52.68,"경기도 화성시 동탄구 동탄산척로2가길10-4,1층일부(102)호(산척동)",경기도 화성시 동탄구 산척동714-8,2026-06-25
2870,갓텐스시스타필드마켓동탄점,일반음식점,2025-07-23,,184.06,"경기도 화성시 동탄구 동탄중앙로376,화성동탄이마트2층일부호(석우동)",경기도 화성시 동탄구 석우동44화성동탄이마트,2026-06-25
2871,천향,일반음식점,2025-07-23,,192.26,"경기도 화성시 동탄구 동탄중앙로376,화성동탄이마트2층일부호(석우동)",경기도 화성시 동탄구 석우동44화성동탄이마트,2026-06-25
2872,피멘토,일반음식점,2025-07-23,,54.31,"경기도 화성시 동탄구 왕배산1길3-12,1층일부(101)호(목동)",경기도 화성시 동탄구 목동449-6,2026-06-25
2873,막리단길동탄호수공원점,일반음식점,2025-07-23,,40.5,"경기도 화성시 동탄구 동탄대로6길19,파케이드스타1층107호(산척동)",경기도 화성시 동탄구 산척동727-6,2026-06-25
2874,두번먹는명인김치찜본점,일반음식점,2025-07-23,,25,"경기도 화성시 동탄구 10용사로336-19,2동2층일부호(능동)",경기도 화성시 동탄구 능동803,2026-06-25
2875,명월김치찌개본점,일반음식점,2025-07-23,,42,"경기도 화성시 동탄구 10용사로336-19,2동2층일부호(능동)",경기도 화성시 동탄구 능동803,2026-06-25
2876,30년불멸의닭발본점,일반음식점,2025-07-23,,42,"경기도 화성시 동탄구 10용사로336-19,2동2층일부호(능동)",경기도 화성시 동탄구 능동803,2026-06-25
2877,하남해장국동탄점,일반음식점,2025-07-23,,75.12,"경기도 화성시 동탄구 동탄기흥로447-54,동탄역스타디움블루1층114,115호(여울동)",경기도 화성시 동탄구 여울동977-3,2026-06-25
2878,어린시절떡볶이,일반음식점,2025-07-25,,132.04,"경기도 화성시 동탄구 동탄순환대로3가길42,1층전체호(송동)",경기도 화성시 동탄구 송동707-4,2026-06-25
2879,미삼집,일반음식점,2025-07-25,,149.56,"경기도 화성시 동탄구 동탄순환대로14길82-12,1층전체호(산척동)",경기도 화성시 동탄구 산척동828-1,2026-06-25
2880,슈퍼크리스피동탄카림점,일반음식점,2025-07-25,,35.23,"경기도 화성시 동탄구 동탄대로시범길134,1층1109호(청계동,동탄역시범반도유보라아이비파크4.0)",경기도 화성시 동탄구 청계동536동탄역시범반도유보라아이비파크4.0,2026-06-25
2881,사토규카츠스타필드마켓동탄점,일반음식점,2025-07-25,,136,"경기도 화성시 동탄구 동탄중앙로376,화성동탄이마트2층일부호(석우동)",경기도 화성시 동탄구 석우동44화성동탄이마트,2026-06-25
2882,올데이플레이팅,일반음식점,2025-07-28,,60.25,"경기도 화성시 동탄구 동탄대로5길9,더샵동탄센텀폴리스2단지그랑파사쥬동5층5013호전체,5014호의일부호(송동)",경기도 화성시 동탄구 송동725-1더샵동탄센텀폴리스2단지,2026-06-25
2883,빙수당동탄북광장점,일반음식점,2025-07-28,,52.8,"경기도 화성시 동탄구 동탄중심상가2길8,로하스애비뉴1층101호(반송동)",경기도 화성시 동탄구 반송동91-2로하스애비뉴,2026-06-25
2884,학씨치킨,일반음식점,2025-07-29,,33.41,"경기도 화성시 동탄구 동탄순환대로823,에이팩시티1층111호(영천동)",경기도 화성시 동탄구 영천동652-4에이팩시티,2026-06-25
2885,신의주찹쌀순대(동탄산척점),일반음식점,2025-08-01,,141.58,"경기도 화성시 동탄구 동탄순환대로16길88-5,춘수정주건축물제1동1층(산척동)",경기도 화성시 동탄구 산척동810-3,2026-06-25
2886,안정민샤브갤러리정심샤브샤브,일반음식점,2025-08-01,,43.77,"경기도 화성시 동탄구 동탄대로5길21,라크몽1층W155호(송동)",경기도 화성시 동탄구 송동726-1,2026-06-25
2887,홉닭푸드,일반음식점,2025-08-01,,245.53,"경기도 화성시 동탄구 동탄대로446,동탄역그란비아스타1층1071,1072,1073,1074,1081호(청계동)",경기도 화성시 동탄구 청계동564동탄역그란비아스타,2026-06-25
2888,그집에,일반음식점,2025-08-04,,31.59,"경기도 화성시 동탄구 동탄하나1길47-8,익현오피스텔1층104호(능동)",경기도 화성시 동탄구 능동1064-4익현오피스텔,2026-06-25
2889,샐러디치오도씨,일반음식점,2025-08-05,,36.07,"경기도 화성시 동탄구 동탄첨단산업1로27,금강펜테리움IX타워지하1층MB22호(영천동)",경기도 화성시 동탄구 영천동823-6금강펜테리움IX타워,2026-06-25
2890,기대만족,일반음식점,2025-08-06,,16.8,"경기도 화성시 동탄구 동탄순환대로27길30,동탄농수산물종합유통센터가동1층일부호(영천동)",경기도 화성시 동탄구 영천동603-1,2026-06-25
2891,브륀커피,일반음식점,2025-08-08,,30.65,"경기도 화성시 동탄구 동탄대로5길15,더샵동탄센텀폴리스1단지그랑파사쥬1층1011호(송동)",경기도 화성시 동탄구 송동725-4더샵동탄센텀폴리스1단지,2026-06-25
2892,맛있는셰프초밥,일반음식점,2025-08-13,,29.21,"경기도 화성시 동탄구 동탄순환대로823,에이팩시티1층110호(영천동)",경기도 화성시 동탄구 영천동652-4에이팩시티,2026-06-25
2893,미스터푸드,일반음식점,2025-08-13,,40,"경기도 화성시 동탄구 동탄반송2길25-7,1층일부(101호)호(반송동)",경기도 화성시 동탄구 반송동31-3,2026-06-25
2894,어스앤빈,일반음식점,2025-08-14,,29.93,"경기도 화성시 동탄구 동탄대로6길19,파케이드스타지2층B-203호일부호(산척동)",경기도 화성시 동탄구 산척동727-6,2026-06-25
2895,백연게장동탄2신도시점,일반음식점,2025-08-14,,32.28,"경기도 화성시 동탄구 동탄산척로2가길10-9,1층일부(102)호(산척동)",경기도 화성시 동탄구 산척동713-3,2026-06-25
2896,포크파스타동탄호수공원점,일반음식점,2025-08-14,,43.04,"경기도 화성시 동탄구 동탄산척로2가길10-9,1층일부(102)호(산척동)",경기도 화성시 동탄구 산척동713-3,2026-06-25
2897,압해곱창,일반음식점,2025-08-18,,99,"경기도 화성시 동탄구 지산1길8-4,1층일부(102)호(영천동)",경기도 화성시 동탄구 영천동692-2,2026-06-25
2898,청담장어마켓,일반음식점,2025-08-18,,370.76,"경기도 화성시 동탄구 동탄대로446,동탄역그란비아스타1층1002~1006,1009,1010호(청계동)",경기도 화성시 동탄구 청계동564동탄역그란비아스타,2026-06-25
2899,모모식탁동탄카림애비뉴점,일반음식점,2025-08-20,,124.8,"경기도 화성시 동탄구 동탄대로시범길134,판매시설동1층1133,1134,1135,1136호(청계동,동탄역시범반도유보라아이비파크4.0)",경기도 화성시 동탄구 청계동536동탄역시범반도유보라아이비파크4.0,2026-06-25
2900,모이,일반음식점,2025-08-20,,94.67,"경기도 화성시 동탄구 동탄오산로29,동탄2신도시동탄역디에트르퍼스티지1층134,135호(여울동)",경기도 화성시 동탄구 여울동979,2026-06-25
2901,232스시동탄1호점,일반음식점,2025-08-20,,37.13,"경기도 화성시 동탄구 동탄기흥로585,1층114호(영천동,힐스테이트동탄역)",경기도 화성시 동탄구 영천동833힐스테이트동탄역,2026-06-25
2902,칼포니,일반음식점,2025-08-21,,70.86,"경기도 화성시 동탄구 동탄반송3길36-6,1층일부(101호,102호)호(반송동)",경기도 화성시 동탄구 반송동23-2,2026-06-25
2903,오공김밥,일반음식점,2025-08-22,,49.4,"경기도 화성시 동탄구 동탄솔빛로54,엔타워1층109호(반송동)",경기도 화성시 동탄구 반송동217-4엔타워,2026-06-25
2904,일품비빔밥,일반음식점,2025-08-22,,23.49,"경기도 화성시 동탄구 동탄첨단산업1로27,금강펜테리움IX타워1층M16호(영천동)",경기도 화성시 동탄구 영천동823-6금강펜테리움IX타워,2026-06-25
2905,반올림피자샵동탄점,일반음식점,2025-08-22,,112.63,"경기도 화성시 동탄구 동탄반송1길20-7,1층전체(101)호(반송동)",경기도 화성시 동탄구 반송동39-12,2026-06-25
2906,떡분에떡볶이,일반음식점,2025-08-22,,38.5,"경기도 화성시 동탄구 동탄원천로163,위너스타1층107호(반송동)",경기도 화성시 동탄구 반송동86-4위너스타,2026-06-25
2907,범스시,일반음식점,2025-08-25,,53.04,"경기도 화성시 동탄구 동탄치동천로1길22-20,1층일부(101)호(영천동)",경기도 화성시 동탄구 영천동748-5,2026-06-25
2908,피제리아레그나(PIZZERIALEGNA),일반음식점,2025-08-25,,93.72,"경기도 화성시 동탄구 동탄순환대로14길45-7,1층(산척동)",경기도 화성시 동탄구 산척동820-8,2026-06-25
2909,대동생막창동탄직영점,일반음식점,2025-08-25,,50.79,"경기도 화성시 동탄구 동탄오산로29,동탄2신도시동탄역디에트르퍼스티지판매시설동1층B-133호(여울동)",경기도 화성시 동탄구 여울동979,2026-06-25
2910,피자스웨그동탄점,일반음식점,2025-08-25,,36,"경기도 화성시 동탄구 동탄순환대로16길31,1층일부호(산척동)",경기도 화성시 동탄구 산척동802-3,2026-06-25
2911,라치몬트동탄그랑파사쥬점,일반음식점,2025-08-26,,38.86,"경기도 화성시 동탄구 동탄대로5길15,더샵동탄센텀폴리스1단지4층4026호(송동)",경기도 화성시 동탄구 송동725-4더샵동탄센텀폴리스1단지,2026-06-25
2912,매머드커피익스프레스동탄더큐브온에어,일반음식점,2025-08-27,,69.6,"경기도 화성시 동탄구 동탄대로23안길31,1층117호(영천동)",경기도 화성시 동탄구 영천동847-3,2026-06-25
2913,만월,일반음식점,2025-08-27,,120.56,"경기도 화성시 동탄구 동탄치동천로4길6-41,1층전체호(영천동)",경기도 화성시 동탄구 영천동765-4,2026-06-25
2914,베어스타코동탄호수점,일반음식점,2025-08-27,,40.05,"경기도 화성시 동탄구 동탄대로181,지하3층CB335호(송동,동탄린스트라우스더레이크)",경기도 화성시 동탄구 송동694동탄린스트라우스더레이크,2026-06-25
2915,정오처럼,일반음식점,2025-08-27,,73,"경기도 화성시 동탄구 동탄치동천로3길3-13,1층일부(102,103)호(영천동)",경기도 화성시 동탄구 영천동742-6,2026-06-25
2916,냉삼꼬,일반음식점,2025-08-28,,90.85,"경기도 화성시 동탄구 동탄기흥로447-28,여울시티11층101,102호(여울동)",경기도 화성시 동탄구 여울동976-3,2026-06-25
2917,에버그린,일반음식점,2025-08-28,,52.47,"경기도 화성시 동탄구 동탄반송2길50-1,1층일부(101)호(반송동)",경기도 화성시 동탄구 반송동7-10,2026-06-25
2918,우이산,일반음식점,2025-08-28,,53.4,"경기도 화성시 동탄구 동탄대로677-5,비젼IT타워1층114호(영천동)",경기도 화성시 동탄구 영천동848-1,2026-06-25
2919,비스트로네오(비스트로NEO),일반음식점,2025-08-28,,71.67,"경기도 화성시 동탄구 동탄지성로11,동탄SRGOLDPLAZA1층120,121호(반송동)",경기도 화성시 동탄구 반송동93-2동탄SRGOLDPLAZA,2026-06-25
2920,우짱베기동탄호수공원점,일반음식점,2025-09-01,,45.2,"경기도 화성시 동탄구 동탄대로6길17,레이크스카이지2층B205호(산척동)",경기도 화성시 동탄구 산척동727-5,2026-06-25
2921,부대찌개대사관동탄남광장점,일반음식점,2025-09-01,,80.85,"경기도 화성시 동탄구 메타폴리스로47-7,1층102,103,104호(반송동,서해더블루)",경기도 화성시 동탄구 반송동93-8서해더블루,2026-06-25
2922,도쿄집,일반음식점,2025-09-02,,46.8,"경기도 화성시 동탄구 동탄첨단산업1로27,금강펜테리움IX타워근린생활시설지1층MB20호(영천동)",경기도 화성시 동탄구 영천동823-6금강펜테리움IX타워,2026-06-25
2923,육대장동탄한림대점,일반음식점,2025-09-02,,91.45,"경기도 화성시 동탄구 큰재봉길23-12,펠리스타1층126호(석우동)",경기도 화성시 동탄구 석우동34-5펠리스타,2026-06-25
2924,샤브20동탄2신도시점,일반음식점,2025-09-03,031-377-4920,601.5,"경기도 화성시 동탄구 동탄순환대로27길30,동탄농수산물종합유통센터2층일부호(영천동)",경기도 화성시 동탄구 영천동603-1,2026-06-25
2925,푸롤리더폴라타임테라스점,일반음식점,2025-09-03,,40.15,"경기도 화성시 동탄구 동탄중앙로220,상가동동1층B블럭107호(반송동,메타폴리스)",경기도 화성시 동탄구 반송동96메타폴리스,2026-06-25
2926,핫플컴퍼니,일반음식점,2025-09-04,,48.25,"경기도 화성시 동탄구 동탄대로10나길7,Hot-PLACE1층105,106일부호(산척동)",경기도 화성시 동탄구 산척동706-1,2026-06-25
2927,진전복삼계탕(롯데백화점동탄점),일반음식점,2025-09-04,,45.95,"경기도 화성시 동탄구 동탄역로160,롯데백화점동탄점지하1층일부호(여울동)",경기도 화성시 동탄구 여울동1089동탄역롯데캐슬,2026-06-25
2928,가마치통닭동탄산척점,일반음식점,2025-09-05,,39.68,"경기도 화성시 동탄구 동탄순환대로12길85,3654동지1층B127호(산척동,그린힐반도유보라아이비파크10)",경기도 화성시 동탄구 산척동744그린힐반도유보라아이비파크10,2026-06-25
2929,마실통닭동탄여울공원지점,일반음식점,2025-09-08,,57.91,"경기도 화성시 동탄구 동탄광역환승로73,207동지1층E027호(여울동,동탄역반도유보라아이비파크8.0)",경기도 화성시 동탄구 여울동973동탄역반도유보라아이비파크8.0,2026-06-25
2930,마음담은찬,일반음식점,2025-09-08,,32.07,"경기도 화성시 동탄구 동탄오산로29,동탄2신도시동탄역디에트르퍼스티지판매시설1층A-115호(여울동)",경기도 화성시 동탄구 여울동979,2026-06-25
2931,우인촌,일반음식점,2025-09-08,,39.78,"경기도 화성시 동탄구 동탄대로6길23,수피안프라자지3층B302호(산척동)",경기도 화성시 동탄구 산척동727-7수피안프라자,2026-06-25
2932,크랩킹,일반음식점,2025-09-08,,147.56,"경기도 화성시 동탄구 동탄장지천2길16,1층전체호(장지동)",경기도 화성시 동탄구 장지동941-4,2026-06-25
2933,풍월주인,일반음식점,2025-09-08,,58,"경기도 화성시 동탄구 지산1길18-14,1층일부(101)호(영천동)",경기도 화성시 동탄구 영천동688-2,2026-06-25
2934,1키로탕수육동탄호수공원점,일반음식점,2025-09-09,,22.2,"경기도 화성시 동탄구 동탄순환대로127-19,동탄에스비타운2층211일부호(산척동)",경기도 화성시 동탄구 산척동728-3동탄에스비타운,2026-06-25
2935,깨봉이국물떡볶이동탄호수공원점,일반음식점,2025-09-09,,22.2,"경기도 화성시 동탄구 동탄순환대로127-19,동탄에스비타운2층211일부호(산척동)",경기도 화성시 동탄구 산척동728-3동탄에스비타운,2026-06-25
2936,풍미한식뷔페,일반음식점,2025-09-10,,250.42,"경기도 화성시 동탄구 동탄영천로150,현대실리콘앨리동탄S동1층106,107,108,109,110호(영천동)",경기도 화성시 동탄구 영천동844-1,2026-06-25
2937,꼬숑,일반음식점,2025-09-10,,130.96,"경기도 화성시 동탄구 동탄기흥로257번나길24-11,1층(방교동)",경기도 화성시 동탄구 방교동757-1,2026-06-25
2938,정담등갈비찜,일반음식점,2025-09-11,,33,"경기도 화성시 동탄구 지산2길17,1층일부(103호)호(영천동)",경기도 화성시 동탄구 영천동704-15,2026-06-25
2939,송림복장어민물장어무한리필동탄3호점,일반음식점,2025-09-11,,100,"경기도 화성시 동탄구 동탄기흥로247번길9-14,1층일부호(방교동)",경기도 화성시 동탄구 방교동768-1,2026-06-25
2940,슈토,일반음식점,2025-09-11,,78.54,"경기도 화성시 동탄구 동탄대로6길23,수피안프라자1층106호,107호(산척동)",경기도 화성시 동탄구 산척동727-7수피안프라자,2026-06-25
2941,산척동주,일반음식점,2025-09-12,,63,"경기도 화성시 동탄구 동탄순환대로14길86-17,휴하우스1층일부(102)호(산척동)",경기도 화성시 동탄구 산척동823-7,2026-06-25
2942,복자김밥,일반음식점,2025-09-12,,29.19,"경기도 화성시 동탄구 동탄대로5길21,라크몽1층E122호(송동)",경기도 화성시 동탄구 송동726-1,2026-06-25
2943,스타피쉬살롱(starfishsalon),일반음식점,2025-09-12,,43,"경기도 화성시 동탄구 동탄공원로3길27,1층일부(103)호(반송동)",경기도 화성시 동탄구 반송동44-1,2026-06-25
2944,영천리국수,일반음식점,2025-09-15,031-784-8452,47.26,"경기도 화성시 동탄구 동탄첨단산업1로27,금강펜테리움IX타워지1층MB84호(영천동)",경기도 화성시 동탄구 영천동823-6금강펜테리움IX타워,2026-06-25
2945,별동오징어엔덮밥,일반음식점,2025-09-15,,36.07,"경기도 화성시 동탄구 동탄첨단산업1로27,금강펜테리움IX타워지하1층MB34호(영천동)",경기도 화성시 동탄구 영천동823-6금강펜테리움IX타워,2026-06-25
2946,꾸메뜨락직화쭈꾸미,일반음식점,2025-09-15,,294.84,"경기도 화성시 동탄구 풀무골로19-4,1층1호(중동)",경기도 화성시 동탄구 중동371,2026-06-25
2947,스테이,일반음식점,2025-09-15,,144.9,"경기도 화성시 동탄구 동탄중심상가2길16,3층303,304호(반송동)",경기도 화성시 동탄구 반송동91-6,2026-06-25
2948,윤카페,일반음식점,2025-09-16,,47.97,"경기도 화성시 동탄구 동탄대로637,1층112호(영천동)",경기도 화성시 동탄구 영천동852-2,2026-06-25
2949,손의손1동탄나루마을점,일반음식점,2025-09-16,,192.78,"경기도 화성시 동탄구 노작로1가길8,나루프라자1층113,114,115,116호(반송동)",경기도 화성시 동탄구 반송동760,2026-06-25
2950,보돌미역동탄점(레이크꼬모),일반음식점,2025-09-18,,171.4,"경기도 화성시 동탄구 동탄대로181,판매시설B동지2층CB201호일부호(송동,동탄린스트라우스더레이크)",경기도 화성시 동탄구 송동694동탄린스트라우스더레이크,2026-06-25
2951,해오름,일반음식점,2025-09-18,,13,"경기도 화성시 동탄구 동탄순환대로29길60,강산프라자3층301호일부(4)호(영천동)",경기도 화성시 동탄구 영천동675-4,2026-06-25
2952,허떡1977동탄호수점,일반음식점,2025-09-22,,34.11,"경기도 화성시 동탄구 동탄대로5길15,더샵동탄센텀폴리스1단지그랑파사쥬5층5049호(송동)",경기도 화성시 동탄구 송동725-4더샵동탄센텀폴리스1단지,2026-06-25
2953,식자재연구하는사람들동탄역점,일반음식점,2025-09-22,,13.2,"경기도 화성시 동탄구 동탄오산로86-7,광장프리미엄빌Ⅱ1층103호일부호(여울동)",경기도 화성시 동탄구 여울동969-6,2026-06-25
2954,진미덮밥,일반음식점,2025-09-23,,30.42,"경기도 화성시 동탄구 동탄대로677-10,1층114호(영천동)",경기도 화성시 동탄구 영천동846-3,2026-06-25
2955,카케야(CAKEYA),일반음식점,2025-09-23,,133.5,"경기도 화성시 동탄구 동탄오산로29,판매시설동1층B-119,B-124,B-125호(여울동,동탄2신도시동탄역디에트르퍼스티지)",경기도 화성시 동탄구 여울동979동탄2신도시동탄역디에트르퍼스티지,2026-06-25
2956,전라도한식뷔페(동탄점),일반음식점,2025-09-23,,139.73,"경기도 화성시 동탄구 동탄순환대로14길36,1층전체호(산척동)",경기도 화성시 동탄구 산척동821-1,2026-06-25
2957,안녕치킨동탄점,일반음식점,2025-09-24,,82.67,"경기도 화성시 동탄구 동탄기흥로447-32,동탄헤미쉬1층110,111호(여울동)",경기도 화성시 동탄구 여울동976-1,2026-06-25
2958,백암뼈해장국,일반음식점,2025-09-25,,55.6,"경기도 화성시 동탄구 동탄첨단산업1로58,FIRSTKOREA1층115,140호(영천동)",경기도 화성시 동탄구 영천동827-1,2026-06-25
2959,순삭곱창동탄역점,일반음식점,2025-09-26,,49.2,"경기도 화성시 동탄구 동탄대로19길10,신유메디프라자1층112호(여울동)",경기도 화성시 동탄구 여울동969-4,2026-06-25
2960,수원닭강정,일반음식점,2025-09-26,,24.8,"경기도 화성시 동탄구 동탄반송2길25-9,1층일부(101호)호(반송동)",경기도 화성시 동탄구 반송동31-2,2026-06-25
2961,오쌈각,일반음식점,2025-09-29,,108.54,"경기도 화성시 동탄구 왕배산3길20,1층(목동)",경기도 화성시 동탄구 목동455-4,2026-06-25
2962,은행골,일반음식점,2025-09-29,,131.76,"경기도 화성시 동탄구 왕배산2길4-2,1층(목동)",경기도 화성시 동탄구 목동458-5,2026-06-25
2963,목포항생선찜카림2차점,일반음식점,2025-10-01,,47.79,"경기도 화성시 동탄구 동탄광역환승로63,106동1층139호(여울동,동탄역반도유보라아이비파크7.0)",경기도 화성시 동탄구 여울동971동탄역반도유보라아이비파크7.0,2026-06-25
2964,동탄장수촌,일반음식점,2025-10-01,,122.76,"경기도 화성시 동탄구 동탄기흥로257번나길34-11,1층전체호(방교동)",경기도 화성시 동탄구 방교동760-1,2026-06-25
2965,카페품,일반음식점,2025-10-01,,67.91,"경기도 화성시 동탄구 동탄대로24길117,지2층59호(영천동,동탄파크자이)",경기도 화성시 동탄구 영천동892동탄파크자이,2026-06-25
2966,카이센동호리,일반음식점,2025-10-01,,271.31,"경기도 화성시 동탄구 삼성1로5길6,원희캐슬동탄지1층B105호,B106호(석우동)",경기도 화성시 동탄구 석우동1-9,2026-06-25
2967,뱃놈포차,일반음식점,2025-10-02,,124.71,"경기도 화성시 동탄구 지산1길8-6,주건축물제1동1층전체호(영천동)",경기도 화성시 동탄구 영천동692-3,2026-06-25
2968,정지영커피로스터즈동탄롯데점,일반음식점,2025-10-10,,89.6,"경기도 화성시 동탄구 동탄역로160,롯데백화점동탄점지1층일부호(여울동)",경기도 화성시 동탄구 여울동1089동탄역롯데캐슬,2026-06-25
2969,탕화쿵푸청계점,일반음식점,2025-10-10,,85.86,"경기도 화성시 동탄구 동탄대로시범길134,1층1152,1153호(청계동,동탄역시범반도유보라아이비파크4.0)",경기도 화성시 동탄구 청계동536동탄역시범반도유보라아이비파크4.0,2026-06-25
2970,초이다이닝동탄라크몽점,일반음식점,2025-10-10,,28.27,"경기도 화성시 동탄구 동탄대로5길21,라크몽지하1층C11일부(C35)호(송동)",경기도 화성시 동탄구 송동726-1,2026-06-25
2971,갓잇동탄센트럴파크점(GODEAT),일반음식점,2025-10-13,,148.75,"경기도 화성시 동탄구 동탄지성로92,센트럴프라자1층105,106,107호(반송동)",경기도 화성시 동탄구 반송동42-6센트럴프라자,2026-06-25
2972,연담채,일반음식점,2025-10-13,,389.78,"경기도 화성시 동탄구 노작로1가길10,웨이브빌딩2층(반송동)",경기도 화성시 동탄구 반송동763,2026-06-25
2973,바이브캠퍼스,일반음식점,2025-10-13,,16.8,"경기도 화성시 동탄구 동탄대로5길21,라크몽1층E133호(송동)",경기도 화성시 동탄구 송동726-1,2026-06-25
2974,에델바이스,일반음식점,2025-10-14,,39.63,"경기도 화성시 동탄구 동탄오산로29,동탄2신도시동탄역디에트르퍼스티지판매시설1층B-129호(여울동)",경기도 화성시 동탄구 여울동979,2026-06-25
2975,야별초,일반음식점,2025-10-15,,56.62,"경기도 화성시 동탄구 동탄대로4길18,1층A108호(장지동,동탄호수우남더테라스)",경기도 화성시 동탄구 장지동964동탄호수우남더테라스,2026-06-25
2976,쩡스비어(쩡'sBEER),일반음식점,2025-10-15,,69.51,"경기도 화성시 동탄구 동탄기흥로257번가길24-4,1층일부(102)호(방교동)",경기도 화성시 동탄구 방교동770-10,2026-06-25
2977,행복한찜닭2동탄점,일반음식점,2025-10-15,,33,"경기도 화성시 동탄구 왕배산3길24,1층일부(103)호(목동)",경기도 화성시 동탄구 목동455-6,2026-06-25
2978,풍천민물장어,일반음식점,2025-10-15,,32.88,"경기도 화성시 동탄구 동탄문화센터로75,1층114호(반송동,서해더블루럭스)",경기도 화성시 동탄구 반송동106-7서해더블루럭스,2026-06-25
2979,불어부로뎅동탄점,일반음식점,2025-10-16,,50.02,"경기도 화성시 동탄구 동탄지성로112,반송프라자1층103호(반송동)",경기도 화성시 동탄구 반송동41-6,2026-06-25
2980,미도강호,일반음식점,2025-10-16,,47.39,"경기도 화성시 동탄구 동탄감배산로143,지하1층B112호(여울동,동탄역유림노르웨이숲)",경기도 화성시 동탄구 여울동978동탄역유림노르웨이숲,2026-06-25
2981,동탄이모네쭈꾸미,일반음식점,2025-10-17,,52.57,"경기도 화성시 동탄구 동탄지성로11,동탄SRGOLDPLAZA1층105호(반송동)",경기도 화성시 동탄구 반송동93-2동탄SRGOLDPLAZA,2026-06-25
2982,제주돔베옥,일반음식점,2025-10-17,031-680-1177,142.88,"경기도 화성시 동탄구 동탄영천로131,동탄코너원스마트타워지하1층B103,B104호(영천동)",경기도 화성시 동탄구 영천동875-1,2026-06-25
2983,소김소김,일반음식점,2025-10-17,,142.66,"경기도 화성시 동탄구 동탄역로102,판매시설동1층1028,1029,1030호(여울동,동탄역린스트라우스)",경기도 화성시 동탄구 여울동1020동탄역린스트라우스,2026-06-25
2984,맘찬도시락,일반음식점,2025-10-20,,50,"경기도 화성시 동탄구 동탄기흥로147-15,1동4층403호일부호(방교동)",경기도 화성시 동탄구 방교동829-3,2026-06-25
2985,달주막,일반음식점,2025-10-20,,44.12,"경기도 화성시 동탄구 동탄치동천로3길3-13,1층일부(101)호(영천동)",경기도 화성시 동탄구 영천동742-6,2026-06-25
2986,뚝심집동탄남광장점,일반음식점,2025-10-21,,101.6,"경기도 화성시 동탄구 동탄중심상가1길8,워터밸리1층116호,117호(반송동)",경기도 화성시 동탄구 반송동107-2워터밸리,2026-06-25
2987,늘온바베큐치킨동탄본점,일반음식점,2025-10-21,,30,"경기도 화성시 동탄구 동탄반송3길50-17,1층일부(102호)호(반송동)",경기도 화성시 동탄구 반송동13-8,2026-06-25
2988,쁄라피자치킨,일반음식점,2025-10-21,,55.3,"경기도 화성시 동탄구 동탄신리천로278,리더스뷰프라자1층112호(여울동)",경기도 화성시 동탄구 여울동1040-4,2026-06-25
2989,돼지땡큐,일반음식점,2025-10-22,,81.18,"경기도 화성시 동탄구 동탄대로시범길148-20,마추프라자1층106호(청계동)",경기도 화성시 동탄구 청계동535-5,2026-06-25
2990,오리야미(동탄점),일반음식점,2025-10-22,,57.67,"경기도 화성시 동탄구 동탄반송2길21-6,1층일부(102)호(반송동)",경기도 화성시 동탄구 반송동31-7,2026-06-25
2991,30년불멸의닭발동탄호수점,일반음식점,2025-10-22,,58.82,"경기도 화성시 동탄구 동탄신리천로270,청아2층203호일부호(여울동)",경기도 화성시 동탄구 여울동1040-2,2026-06-25
2992,두번먹는명인김치찜동탄호수점,일반음식점,2025-10-22,,58.82,"경기도 화성시 동탄구 동탄신리천로270,청아2층203호일부호(여울동)",경기도 화성시 동탄구 여울동1040-2,2026-06-25
2993,슬로우캘리동탄라크몽,일반음식점,2025-10-22,,26.97,"경기도 화성시 동탄구 동탄대로5길21,라크몽지하1층C11일부(C-42)호(송동)",경기도 화성시 동탄구 송동726-1,2026-06-25
2994,진짜손만두,일반음식점,2025-10-23,,46.8,"경기도 화성시 동탄구 동탄반석로124,쎈타프라자1층102호(반송동)",경기도 화성시 동탄구 반송동107-1쎈타프라자,2026-06-25
2995,돌탄순댓국동탄테크노밸리점,일반음식점,2025-10-23,,123.58,"경기도 화성시 동탄구 동탄기흥로520번가길26,1층전체호(영천동)",경기도 화성시 동탄구 영천동794-4,2026-06-25
2996,유희,일반음식점,2025-10-23,,137.76,"경기도 화성시 동탄구 동탄반송1길25-1,1층전체호(반송동)",경기도 화성시 동탄구 반송동38-4,2026-06-25
2997,오색정성비빔밥앤볶음밥,일반음식점,2025-10-23,,25.9,"경기도 화성시 동탄구 동탄대로636-14,상가동지1층D-M111호(영천동,동탄역대방디엠시티더센텀)",경기도 화성시 동탄구 영천동874동탄역대방디엠시티더센텀,2026-06-25
2998,이가직화(이家직화),일반음식점,2025-10-27,,103.14,"경기도 화성시 동탄구 동탄순환대로3가길15,1층전체호(송동)",경기도 화성시 동탄구 송동711-4,2026-06-25
2999,동탄매운등갈비찜돈심,일반음식점,2025-10-27,,44.36,"경기도 화성시 동탄구 동탄역로102,1층1039호(여울동,동탄역린스트라우스)",경기도 화성시 동탄구 여울동1020동탄역린스트라우스,2026-06-25
3000,카츠한끼,일반음식점,2025-10-27,,38.22,"경기도 화성시 동탄구 동탄중심상가2길26-31,가희프라자1층106호(반송동)",경기도 화성시 동탄구 반송동87-1가희프라자,2026-06-25
3001,"egg,plant(에그플렌트)",일반음식점,2025-10-29,,129.05,"경기도 화성시 동탄구 동탄순환대로3길27-42,1층전체호(송동)",경기도 화성시 동탄구 송동714-1,2026-06-25
3002,원조할매양평해장국,일반음식점,2025-10-29,,91.2,"경기도 화성시 동탄구 동탄기흥로565,YK퍼스트타워1층122,123호(영천동)",경기도 화성시 동탄구 영천동834-1,2026-06-25
3003,내맘이다,일반음식점,2025-10-29,,32.49,"경기도 화성시 동탄구 동탄신리천로5길90,1층4호(신동,동탄2LH38단지)",경기도 화성시 동탄구 신동747동탄2LH38단지,2026-06-25
3004,백청우칼국수,일반음식점,2025-10-29,,135.65,"경기도 화성시 동탄구 동탄반송2길50,1층(반송동)",경기도 화성시 동탄구 반송동7-11,2026-06-25
3005,보데가진유당,일반음식점,2025-10-30,,34.32,"경기도 화성시 동탄구 여울로187,1층일부(102호)호(능동)",경기도 화성시 동탄구 능동1104-1,2026-06-25
3006,훈씨해물상회,일반음식점,2025-10-30,,50.42,"경기도 화성시 동탄구 동탄원천로354-11,동탄퍼스트빌스타1층115호(능동)",경기도 화성시 동탄구 능동1065-2,2026-06-25
3007,우도막국수동탄2신도시점,일반음식점,2025-10-30,,56.1,"경기도 화성시 동탄구 왕배산3길18,밝은빛누리빌1층일부(102호)호(목동)",경기도 화성시 동탄구 목동455-3,2026-06-25
3008,텐동쇼쿠도,일반음식점,2025-10-31,,33.8,"경기도 화성시 동탄구 동탄대로181,판매시설B동지3층CB322호(송동,동탄린스트라우스더레이크)",경기도 화성시 동탄구 송동694동탄린스트라우스더레이크,2026-06-25
3009,세이프앤사운드동탄(SAFEandSOUND),일반음식점,2025-10-31,,86,"경기도 화성시 동탄구 동탄순환대로5길5-17,1층일부호(송동)",경기도 화성시 동탄구 송동719-5,2026-06-25
3010,수영냉삼동탄직영점,일반음식점,2025-10-31,,129.2,"경기도 화성시 동탄구 지산2길28,1층전체호(영천동)",경기도 화성시 동탄구 영천동709-4,2026-06-25
3011,제육의법칙동탄영천점,일반음식점,2025-10-31,,32.8,"경기도 화성시 동탄구 동탄첨단산업2로14,213동지1층B205호(영천동,동탄역동원로얄듀크1차)",경기도 화성시 동탄구 영천동879동탄역동원로얄듀크1차,2026-06-25
3012,오렌지식당,일반음식점,2025-11-03,,72.38,"경기도 화성시 동탄구 동탄순환대로10길88,3625동1층113,114호(산척동,레이크힐반도유보라아이비파크10.2)",경기도 화성시 동탄구 산척동745레이크힐반도유보라아이비파크10.2,2026-06-25
3013,오렌지식당,일반음식점,2025-11-03,,36.57,"경기도 화성시 동탄구 동탄순환대로10길88,3625동지1층B111호(산척동,레이크힐반도유보라아이비파크10.2)",경기도 화성시 동탄구 산척동745레이크힐반도유보라아이비파크10.2,2026-06-25
3014,그놈의에프앤비동탄점,일반음식점,2025-11-04,,70.47,"경기도 화성시 동탄구 동탄공원로1길12-7,그린주차빌딩1층102호(반송동)",경기도 화성시 동탄구 반송동66-1그린주차빌딩,2026-06-25
3015,육미본,일반음식점,2025-11-04,,140.92,"경기도 화성시 동탄구 동탄오산로29,동탄2신도시동탄역디에트르퍼스티지판매시설1층E-124,125,126,127호(여울동)",경기도 화성시 동탄구 여울동979,2026-06-25
3016,투다리,일반음식점,2025-11-04,,66,"경기도 화성시 동탄구 지산1길21-12,1층일부(102)호(영천동)",경기도 화성시 동탄구 영천동685-8,2026-06-25
3017,혜안닭칼국수동탄점,일반음식점,2025-11-04,,43.14,"경기도 화성시 동탄구 동탄대로5길29,대방엘리움레이크파크판매시설1층판매2-125호일부,126호(송동)",경기도 화성시 동탄구 송동725-9대방엘리움레이크파크,2026-06-25
3018,혜안,일반음식점,2025-11-04,,46.1,"경기도 화성시 동탄구 동탄대로5길29,대방엘리움레이크파크판매시설1층판매2-125호,126호일부호(송동)",경기도 화성시 동탄구 송동725-9대방엘리움레이크파크,2026-06-25
3019,브롱스베이글,일반음식점,2025-11-04,,78.36,"경기도 화성시 동탄구 동탄대로181,판매시설B동지3층CB332,CB333호(송동,동탄린스트라우스더레이크)",경기도 화성시 동탄구 송동694동탄린스트라우스더레이크,2026-06-25
3020,산척한우정육식당,일반음식점,2025-11-05,,72.72,"경기도 화성시 동탄구 동탄순환대로14길26,주건축물제1동1층일부호(산척동)",경기도 화성시 동탄구 산척동822-2,2026-06-25
3021,무드(mood),일반음식점,2025-11-06,,55.48,"경기도 화성시 동탄구 동탄광역환승로63,106동1층114호(여울동,동탄역반도유보라아이비파크7.0)",경기도 화성시 동탄구 여울동971동탄역반도유보라아이비파크7.0,2026-06-25
3022,민들레상점동탄점,일반음식점,2025-11-06,,55.96,"경기도 화성시 동탄구 동탄산척로2가길18,1층일부(101)호(산척동)",경기도 화성시 동탄구 산척동713-9,2026-06-25
3023,단막동탄호수점,일반음식점,2025-11-06,,117.39,"경기도 화성시 동탄구 동탄대로5길21,라크몽1층W151,W152,W153,W158,W159호(송동)",경기도 화성시 동탄구 송동726-1,2026-06-25
3024,몽글푸드,일반음식점,2025-11-07,,13.2,"경기도 화성시 동탄구 동탄순환대로29길60,강산프라자3층일부(2)호(영천동)",경기도 화성시 동탄구 영천동675-4,2026-06-25
3025,호호분식,일반음식점,2025-11-07,031-375-3851,41.78,"경기도 화성시 동탄구 동탄역로54,1층1092,1093호(여울동,동탄역헤리엇)",경기도 화성시 동탄구 여울동1023동탄역헤리엇,2026-06-25
3026,릴라,일반음식점,2025-11-10,,60,"경기도 화성시 동탄구 지산1길11-6,1층일부(101)호(영천동)",경기도 화성시 동탄구 영천동689-9,2026-06-25
3027,디포유,일반음식점,2025-11-10,,93.58,"경기도 화성시 동탄구 동탄순환대로3가길14-14,주건축물제1동1층일부호(송동)",경기도 화성시 동탄구 송동707-14,2026-06-25
3028,우린탕동탄에스케이브이원점(우린탕동탄SKV1점),일반음식점,2025-11-10,,102.76,"경기도 화성시 동탄구 동탄순환대로830,동탄SKV1center1층170,171호(영천동)",경기도 화성시 동탄구 영천동853-1동탄SKV1center,2026-06-25
3029,새롬한식뷔페,일반음식점,2025-11-12,,269.2,"경기도 화성시 동탄구 동탄대로23안길31,동탄더큐브온에어지1층B102호(영천동)",경기도 화성시 동탄구 영천동847-3,2026-06-25
3030,송도만두동탄청계점,일반음식점,2025-11-13,,51.77,"경기도 화성시 동탄구 동탄대로시범길134,지1층0021호(청계동,동탄역시범반도유보라아이비파크4.0)",경기도 화성시 동탄구 청계동536동탄역시범반도유보라아이비파크4.0,2026-06-25
3031,안정교자,일반음식점,2025-11-14,,64.05,"경기도 화성시 동탄구 동탄순환대로5길11,1층일부(102)호(송동)",경기도 화성시 동탄구 송동720-6,2026-06-25
3032,행컵,일반음식점,2025-11-14,,35.23,"경기도 화성시 동탄구 동탄대로시범길134,1층1115호(청계동,동탄역시범반도유보라아이비파크4.0)",경기도 화성시 동탄구 청계동536동탄역시범반도유보라아이비파크4.0,2026-06-25
3033,리얼냉삼,일반음식점,2025-11-17,,138.75,"경기도 화성시 동탄구 지산2길20-3,1층전체호(영천동)",경기도 화성시 동탄구 영천동709-1,2026-06-25
3034,달떡볶이동탄점,일반음식점,2025-11-19,,34.33,"경기도 화성시 동탄구 동탄광역환승로73,207동지1층E049호(여울동,동탄역반도유보라아이비파크8.0)",경기도 화성시 동탄구 여울동973동탄역반도유보라아이비파크8.0,2026-06-25
3035,탑골순대국,일반음식점,2025-11-19,,116.18,"경기도 화성시 동탄구 동탄대로21가길4-8,1층전체호(영천동)",경기도 화성시 동탄구 영천동654-6,2026-06-25
3036,화목쪽갈비,일반음식점,2025-11-20,,132.47,"경기도 화성시 동탄구 동탄오산로29,동탄2신도시동탄역디에트르퍼스티지판매시설1층B-126,B-127,B-128호(여울동)",경기도 화성시 동탄구 여울동979,2026-06-25
3037,옛날통닭,일반음식점,2025-11-21,,51.4,"경기도 화성시 동탄구 동탄역로102,판매시설동1층1058호(여울동,동탄역린스트라우스)",경기도 화성시 동탄구 여울동1020동탄역린스트라우스,2026-06-25
3038,르미라미,일반음식점,2025-11-21,,100,"경기도 화성시 동탄구 동탄순환대로3길27-31,1층일부호(송동)",경기도 화성시 동탄구 송동712-6,2026-06-25
3039,정든집동탄호수공원점,일반음식점,2025-11-24,,84.63,"경기도 화성시 동탄구 동탄대로5길15,더샵동탄센텀폴리스1단지1층1043,1043-1,1044,1044-1호(송동)",경기도 화성시 동탄구 송동725-4더샵동탄센텀폴리스1단지,2026-06-25
3040,고기왕김치찜동탄호수공원점,일반음식점,2025-11-24,,26.71,"경기도 화성시 동탄구 동탄대로5길15,더샵동탄센텀폴리스1단지1층1043,1043-1,1044,1044-1일부호(송동)",경기도 화성시 동탄구 송동725-4더샵동탄센텀폴리스1단지,2026-06-25
3041,동양솥밥동탄호수공원점,일반음식점,2025-11-25,,32.13,"경기도 화성시 동탄구 동탄대로5길21,라크몽지1층C11호일부(C-34)호(송동)",경기도 화성시 동탄구 송동726-1,2026-06-25
3042,틈새라면동탄점,일반음식점,2025-11-25,,29.88,"경기도 화성시 동탄구 동탄신리천로411,우성스타타워1층110호(목동)",경기도 화성시 동탄구 목동487-5우성스타타워,2026-06-25
3043,보드람치킨동탄목동점,일반음식점,2025-11-26,,74.5,"경기도 화성시 동탄구 왕배산1길20-3,1층일부(101호,102호)호(목동)",경기도 화성시 동탄구 목동453-2,2026-06-25
3044,콩온지블러,일반음식점,2025-11-26,,71.81,"경기도 화성시 동탄구 동탄대로23길121,우미뉴브1층107호,108호(영천동)",경기도 화성시 동탄구 영천동851우미뉴브,2026-06-25
3045,브뤼셀프라이동탄라크몽점,일반음식점,2025-11-26,,19.49,"경기도 화성시 동탄구 동탄대로5길21,라크몽지1층C11호일부(C-46)호(송동)",경기도 화성시 동탄구 송동726-1,2026-06-25
3046,중화요리연동탄센트럴파크점,일반음식점,2025-11-26,,56,"경기도 화성시 동탄구 동탄반송1길20-10,패밀리타운1층122호(반송동)",경기도 화성시 동탄구 반송동40패밀리타운,2026-06-25
3047,백돈동탄점,일반음식점,2025-11-27,,49.91,"경기도 화성시 동탄구 동탄반송길30-1,1층일부(103)호(반송동)",경기도 화성시 동탄구 반송동6-2,2026-06-25
3048,정희동탄목동점,일반음식점,2025-12-01,,139.76,"경기도 화성시 동탄구 왕배산1길14-3,1층전체호(목동)",경기도 화성시 동탄구 목동451-3,2026-06-25
3049,1992덮밥&짜글이동탄라크몽점,일반음식점,2025-12-01,,19.47,"경기도 화성시 동탄구 동탄대로5길21,라크몽지1층C11호일부(C-24)호(송동)",경기도 화성시 동탄구 송동726-1,2026-06-25
3050,카사데타코동탄라크몽점,일반음식점,2025-12-01,,22.81,"경기도 화성시 동탄구 동탄대로5길21,라크몽지1층C11호일부(C-21)호(송동)",경기도 화성시 동탄구 송동726-1,2026-06-25
3051,백세호두,일반음식점,2025-12-02,,29.55,"경기도 화성시 동탄구 동탄대로5길15,더샵동탄센텀폴리스1단지1층1022호(송동)",경기도 화성시 동탄구 송동725-4더샵동탄센텀폴리스1단지,2026-06-25
3052,강깍집동탄호수공원점,일반음식점,2025-12-02,,82.17,"경기도 화성시 동탄구 동탄대로5길32,루나갤러리1층113호,114호(송동)",경기도 화성시 동탄구 송동723-1,2026-06-25
3053,그랜마스동탄호수공원점,일반음식점,2025-12-02,,45.01,"경기도 화성시 동탄구 동탄대로5길9,더샵동탄센텀폴리스2단지그랑파사쥬동1층1052호(송동)",경기도 화성시 동탄구 송동725-1더샵동탄센텀폴리스2단지,2026-06-25
3054,케밥익스(KEBABIX),일반음식점,2025-12-03,,44.85,"경기도 화성시 동탄구 삼성전자로12,프리언스오피스텔1층109호(석우동)",경기도 화성시 동탄구 석우동32-4프리언스오피스텔,2026-06-25
3055,달빛회포차,일반음식점,2025-12-03,,82.17,"경기도 화성시 동탄구 동탄대로5길32,루나갤러리1층117,118호(송동)",경기도 화성시 동탄구 송동723-1,2026-06-25
3056,찜미락2동탄점,일반음식점,2025-12-03,,62,"경기도 화성시 동탄구 동탄대로21가길14-36,1층일부호(영천동)",경기도 화성시 동탄구 영천동655-6,2026-06-25
3057,교촌치킨동탄2영천점,일반음식점,2025-12-05,,147.02,"경기도 화성시 동탄구 지산2길4-7,1층전체호(영천동)",경기도 화성시 동탄구 영천동701-1,2026-06-25
3058,미분당,일반음식점,2025-12-05,,50.8,"경기도 화성시 동탄구 동탄대로495,동탄역리치안1층109호(여울동)",경기도 화성시 동탄구 여울동969-2,2026-06-25
3059,하노이쌀국수그리고카레,일반음식점,2025-12-08,,37.74,"경기도 화성시 동탄구 동탄신리천로414,1동1층111호(목동)",경기도 화성시 동탄구 목동496-5,2026-06-25
3060,위클리베이글(동탄점),일반음식점,2025-12-08,,58.22,"경기도 화성시 동탄구 동탄반석로172,지1층B08호(반송동,동탄파라곤)",경기도 화성시 동탄구 반송동93-3동탄파라곤,2026-06-25
3061,딱구포차동탄북광장점,일반음식점,2025-12-08,,80.67,"경기도 화성시 동탄구 동탄반석로172,1층147호일부,148호(반송동,동탄파라곤)",경기도 화성시 동탄구 반송동93-3동탄파라곤,2026-06-25
3062,삐삐테이블(PippiTable),일반음식점,2025-12-08,,44.29,"경기도 화성시 동탄구 동탄하나1길47-3,에이치오엔빌딩1층101호(능동)",경기도 화성시 동탄구 능동1063-1에이치오엔빌딩,2026-06-25
3063,남촌황소곱창동탄산척,일반음식점,2025-12-09,,136.01,"경기도 화성시 동탄구 동탄순환대로14길82-18,주건축물제1동1층전체호(산척동)",경기도 화성시 동탄구 산척동828-4,2026-06-25
3064,샤오마라마라탕&마라꼬치동탄호수공원점,일반음식점,2025-12-10,,54.54,"경기도 화성시 동탄구 동탄순환대로127-23,동탄2우성에듀파크1층109호(산척동)",경기도 화성시 동탄구 산척동728-2우성에듀파크,2026-06-25
3065,오시리,일반음식점,2025-12-10,,42.82,"경기도 화성시 동탄구 동탄역로102,판매시설동1층1026호(여울동,동탄역린스트라우스)",경기도 화성시 동탄구 여울동1020동탄역린스트라우스,2026-06-25
3066,함바그또카레야(동탄직영점),일반음식점,2025-12-10,,44.7,"경기도 화성시 동탄구 동탄첨단산업1로27,금강펜테리움IX타워근린생활시설동1층M80호(영천동)",경기도 화성시 동탄구 영천동823-6금강펜테리움IX타워,2026-06-25
3067,명랑부대찌개낙곱새동탄호수공원점,일반음식점,2025-12-12,,45.6,"경기도 화성시 동탄구 동탄대로198,1층110호(산척동)",경기도 화성시 동탄구 산척동717-1,2026-06-25
3068,도야짬뽕동탄반송점,일반음식점,2025-12-15,,96.3,"경기도 화성시 동탄구 동탄솔빛로62,리첸프라자1층113,114호(반송동)",경기도 화성시 동탄구 반송동217-1리첸프라자,2026-06-25
3069,부원냉삼집동탄역점,일반음식점,2025-12-15,,54.21,"경기도 화성시 동탄구 동탄오산로86-3,동탄역엠케이타워1동1층102호(여울동)",경기도 화성시 동탄구 여울동969-1,2026-06-25
3070,춘천미식닭갈비,일반음식점,2025-12-15,,50.52,"경기도 화성시 동탄구 동탄오산로29,동탄2신도시동탄역디에트르퍼스티지판매시설1층C-108호(여울동)",경기도 화성시 동탄구 여울동979,2026-06-25
3071,가마치통닭(동탄역점),일반음식점,2025-12-16,,74.2,"경기도 화성시 동탄구 동탄오산로29,동탄2신도시동탄역디에트르퍼스티지판매시설동지1층C-B103호,C-B104호(여울동)",경기도 화성시 동탄구 여울동979,2026-06-25
3072,원조강뚝꼬치구이전문점동탄점,일반음식점,2025-12-16,,170.82,"경기도 화성시 동탄구 동탄중심상가2길29,세림프라자2층202호(반송동)",경기도 화성시 동탄구 반송동88-6세림프라자,2026-06-25
3073,스시토로동탄본점,일반음식점,2025-12-16,,136.01,"경기도 화성시 동탄구 동탄오산로29,동탄2신도시동탄역디에트르퍼스티지판매시설동1층C-105호,C-106,C-107호(여울동)",경기도 화성시 동탄구 여울동979,2026-06-25
3074,889푸드동탄,일반음식점,2025-12-17,,56,"경기도 화성시 동탄구 동탄반송1길20-10,패밀리타운1층142호일부호(반송동)",경기도 화성시 동탄구 반송동40패밀리타운,2026-06-25
3075,뼈앓이감자탕동탄점,일반음식점,2025-12-17,,56,"경기도 화성시 동탄구 동탄반송1길20-10,패밀리타운1층140호(반송동)",경기도 화성시 동탄구 반송동40패밀리타운,2026-06-25
3076,굽네치킨&피자동탄2동점,일반음식점,2025-12-17,,54,"경기도 화성시 동탄구 동탄반석로14,동탄나루마을동탄역U.BORA여울숲1.0상가동지하1층B106호(반송동)",경기도 화성시 동탄구 반송동224동탄나루마을동탄역U.BORA여울숲1.0,2026-06-25
3077,오늘통닭&77맥주동탄호수공원점,일반음식점,2025-12-19,,71.58,"경기도 화성시 동탄구 동탄대로5길32,루나갤러리지2층B209호(송동)",경기도 화성시 동탄구 송동723-1,2026-06-25
3078,샤브야키동탄호수공원점,일반음식점,2025-12-22,,321.14,"경기도 화성시 동탄구 동탄대로5길21,라크몽지하1층B12,B13호(송동)",경기도 화성시 동탄구 송동726-1,2026-06-25
3079,창심관,일반음식점,2025-12-22,,270.07,"경기도 화성시 동탄구 노작로193,삼성프라자1층101,102,103,104,105호(반송동)",경기도 화성시 동탄구 반송동90-8삼성프라자,2026-06-25
3080,라리타코,일반음식점,2025-12-22,,34.57,"경기도 화성시 동탄구 동탄대로551-16,동탄역푸르지오시티1층119호(여울동)",경기도 화성시 동탄구 여울동1088-1동탄역푸르지오시티,2026-06-25
3081,톤톤스(TONTON'S),일반음식점,2025-12-22,,90.66,"경기도 화성시 동탄구 동탄순환대로14길50-16,1동1층일부호(산척동)",경기도 화성시 동탄구 산척동822-9,2026-06-25
3082,또봉이통닭(동탄센트럴써밋점),일반음식점,2025-12-23,,49.34,"경기도 화성시 동탄구 동탄신리천로786,상가동1층104호(산척동,센트럴써밋)",경기도 화성시 동탄구 산척동796센트럴써밋,2026-06-25
3083,손수비빔밥두번째집,일반음식점,2025-12-24,,67.79,"경기도 화성시 동탄구 동탄기흥로557,금강펜테리움IT타워1층131호(영천동)",경기도 화성시 동탄구 영천동832-2금강펜테리움IT타워,2026-06-25
3084,유평리생선집동탄본점,일반음식점,2025-12-24,,360.41,"경기도 화성시 동탄구 동탄대로5길21,라크몽지1층B11호(송동)",경기도 화성시 동탄구 송동726-1,2026-06-25
3085,동탄에프엔비,일반음식점,2025-12-26,,54.6,"경기도 화성시 동탄구 동탄기흥로520번가길7,1층일부호(영천동)",경기도 화성시 동탄구 영천동797-3,2026-06-25
3086,할미김치찜&찌개,일반음식점,2025-12-29,,53.05,"경기도 화성시 동탄구 동탄대로5길32,루나갤러리2층214호(송동)",경기도 화성시 동탄구 송동723-1,2026-06-25
3087,행운마켓,일반음식점,2025-12-30,,56,"경기도 화성시 동탄구 동탄반송1길20-10,패밀리타운1층142호일부호(반송동)",경기도 화성시 동탄구 반송동40패밀리타운,2026-06-25
3088,소소김밥,일반음식점,2025-12-30,,32,"경기도 화성시 동탄구 동탄신리천로3길71,상가동지1층104호(신동,동탄숨마데시앙)",경기도 화성시 동탄구 신동729동탄숨마데시앙,2026-06-25
3089,커피나인동탄,일반음식점,2025-12-30,,45.54,"경기도 화성시 동탄구 큰재봉길23-11,동탄삼성쉐르빌1층117호(석우동)",경기도 화성시 동탄구 석우동36-1동탄삼성쉐르빌,2026-06-25
3090,동탄솥뚜껑미나리삼겹살,일반음식점,2025-12-31,,96.72,"경기도 화성시 동탄구 동탄첨단산업1로20,삼성테크노타워1층111,112호(영천동)",경기도 화성시 동탄구 영천동831-1,2026-06-25
3091,매드캣(madcat),일반음식점,2025-12-31,,131.98,"경기도 화성시 동탄구 동탄대로6길29,에비뉴223프라자지하3층B310,B311,B312호(산척동)",경기도 화성시 동탄구 산척동727-9,2026-06-25
3092,60계치킨경기동탄신동점,일반음식점,2026-01-02,,32.2,"경기도 화성시 동탄구 동탄신리천로3길71,상가동지1층108호(신동,동탄숨마데시앙)",경기도 화성시 동탄구 신동729동탄숨마데시앙,2026-06-25
3093,천년닭강정화성동탄점,일반음식점,2026-01-02,,55.61,"경기도 화성시 동탄구 동탄반송3길8,동탄타워1층129호(반송동)",경기도 화성시 동탄구 반송동27동탄타워,2026-06-25
3094,최고당돈가스남동탄점,일반음식점,2026-01-05,,50.82,"경기도 화성시 동탄구 동탄장지천5길4-13,1층일부(103)호(장지동)",경기도 화성시 동탄구 장지동962-2,2026-06-25
3095,란이네야채찜&샤브샤브,일반음식점,2026-01-05,,13.22,"경기도 화성시 동탄구 동탄순환대로29길60,강산프라자3층301호일부(7호)호(영천동)",경기도 화성시 동탄구 영천동675-4,2026-06-25
3096,덮정너,일반음식점,2026-01-05,,48.26,"경기도 화성시 동탄구 메타폴리스로38,천년프라자1층102호(반송동)",경기도 화성시 동탄구 반송동103-2천년프라자,2026-06-25
3097,과일픽,일반음식점,2026-01-05,,40,"경기도 화성시 동탄구 동탄순환대로10,지웰3빌딩1층104호(장지동)",경기도 화성시 동탄구 장지동912-4,2026-06-25
3098,쉬시오라데,일반음식점,2026-01-06,,87.98,"경기도 화성시 동탄구 동탄대로5길32,루나갤러리지1층B103호(송동)",경기도 화성시 동탄구 송동723-1,2026-06-25
3099,교동짬뽕석우점,일반음식점,2026-01-06,,111.6,"경기도 화성시 동탄구 삼성1로160,디지털스테이션1층110,111호(석우동)",경기도 화성시 동탄구 석우동31-2디지털스테이션,2026-06-25
3100,노랑강정동탄호수공원점,일반음식점,2026-01-06,,50.05,"경기도 화성시 동탄구 동탄순환대로127-19,동탄에스비타운1층118호(산척동)",경기도 화성시 동탄구 산척동728-3동탄에스비타운,2026-06-25
3101,알로하와동탄센트럴파크점,일반음식점,2026-01-06,,50,"경기도 화성시 동탄구 동탄공원로3길10-13,1층일부(102)호(반송동)",경기도 화성시 동탄구 반송동50-16,2026-06-25
3102,마루,일반음식점,2026-01-07,,72.44,"경기도 화성시 동탄구 동탄대로23길121,우미뉴브1층110,111호(영천동)",경기도 화성시 동탄구 영천동851우미뉴브,2026-06-25
3103,토핑몬스터피자,일반음식점,2026-01-07,,112.52,"경기도 화성시 동탄구 동탄하나3길3-5,1층전체호(능동)",경기도 화성시 동탄구 능동1078-8,2026-06-25
3104,redbig(레드빅),일반음식점,2026-01-08,,18.45,"경기도 화성시 동탄구 동탄대로181,판매시설A동1층169호일부호(송동,동탄린스트라우스더레이크)",경기도 화성시 동탄구 송동694동탄린스트라우스더레이크,2026-06-25
3105,101번지남산돈까스,일반음식점,2026-01-08,,79.1,"경기도 화성시 동탄구 동탄대로4길47,AJ프라자1층101호,102호(장지동)",경기도 화성시 동탄구 장지동971-4,2026-06-25
3106,제주아홉혼술바동탄북광장점,일반음식점,2026-01-08,,44.25,"경기도 화성시 동탄구 동탄원천로157,오피스타워1층101호(반송동)",경기도 화성시 동탄구 반송동86-7오피스타워,2026-06-25
3107,더티래빗동탄점,일반음식점,2026-01-09,,123.03,"경기도 화성시 동탄구 동탄오산로29,판매시설동1층D-115,D-116,D-117호(여울동,동탄2신도시동탄역디에트르퍼스티지)",경기도 화성시 동탄구 여울동979동탄2신도시동탄역디에트르퍼스티지,2026-06-25
3108,소들녘진해장,일반음식점,2026-01-09,,128.94,"경기도 화성시 동탄구 동탄반송2길41-1,1층(반송동)",경기도 화성시 동탄구 반송동10-5,2026-06-25
3109,고기울림동탄본점,일반음식점,2026-01-09,,46,"경기도 화성시 동탄구 동탄반송1길20-10,패밀리타운1층144호일부호(반송동)",경기도 화성시 동탄구 반송동40패밀리타운,2026-06-25
3110,제육고집동탄본점,일반음식점,2026-01-09,,46,"경기도 화성시 동탄구 동탄반송1길20-10,패밀리타운1층144호일부호(반송동)",경기도 화성시 동탄구 반송동40패밀리타운,2026-06-25
3111,어린시절떡볶이동탄2카림애비뉴점,일반음식점,2026-01-12,,51.84,"경기도 화성시 동탄구 동탄대로시범길134,지1층0037호(청계동,동탄역시범반도유보라아이비파크4.0)",경기도 화성시 동탄구 청계동536동탄역시범반도유보라아이비파크4.0,2026-06-25
3112,지티커피(GT커피)동탄산척점,일반음식점,2026-01-12,,134.6,"경기도 화성시 동탄구 동탄순환대로14길86-19,1층전체호(산척동)",경기도 화성시 동탄구 산척동823-6,2026-06-25
3113,동탄진설렁탕,일반음식점,2026-01-13,,118.08,"경기도 화성시 동탄구 동탄신리천로268,베라프라자1층101,102,103호(여울동)",경기도 화성시 동탄구 여울동1040-1,2026-06-25
3114,청라어보동탄점,일반음식점,2026-01-13,,393.75,"경기도 화성시 동탄구 동탄오산로29,1층E-101~E-108호(여울동,동탄2신도시동탄역디에트르퍼스티지)",경기도 화성시 동탄구 여울동979동탄2신도시동탄역디에트르퍼스티지,2026-06-25
3115,마시조은푸드,일반음식점,2026-01-14,,174.42,"경기도 화성시 동탄구 동탄하나1길66-11,이너매스골드1층109호,110호,111호,112호(능동)",경기도 화성시 동탄구 능동1052-4,2026-06-25
3116,도자기공방카페,일반음식점,2026-01-15,,60,"경기도 화성시 동탄구 동탄대로4길136-13,1층일부호(장지동)",경기도 화성시 동탄구 장지동1006-2,2026-06-25
3117,프랑킨바베큐치킨동탄호수공원점,일반음식점,2026-01-15,,46.3,"경기도 화성시 동탄구 동탄산척로2가길33,1층일부호(산척동)",경기도 화성시 동탄구 산척동712-6,2026-06-25
3118,리얼펍살얼음맥주동탄2시범카림점,일반음식점,2026-01-15,,93.24,"경기도 화성시 동탄구 동탄대로시범길134,1층1089,1090호(청계동,동탄역시범반도유보라아이비파크4.0)",경기도 화성시 동탄구 청계동536동탄역시범반도유보라아이비파크4.0,2026-06-25
3119,수경수제만두,일반음식점,2026-01-15,,41.41,"경기도 화성시 동탄구 동탄순환대로706,에듀프라자21층108호(영천동)",경기도 화성시 동탄구 영천동681-2,2026-06-25
3120,뜨돈,일반음식점,2026-01-16,,87,"경기도 화성시 동탄구 동탄대로181,판매시설B동지1층CB101,CB102,CB103,CB104호(송동,동탄린스트라우스더레이크)",경기도 화성시 동탄구 송동694동탄린스트라우스더레이크,2026-06-25
3121,더차림,일반음식점,2026-01-19,,38.81,"경기도 화성시 동탄구 동탄순환대로719,1동1층108호(영천동)",경기도 화성시 동탄구 영천동679-3,2026-06-25
3122,호수경양식1821,일반음식점,2026-01-20,,80.46,"경기도 화성시 동탄구 동탄순환대로3가길13,1층일부(101)호(송동)",경기도 화성시 동탄구 송동711-3,2026-06-25
3123,찬장,일반음식점,2026-01-21,,50.01,"경기도 화성시 동탄구 동탄순환대로20길118,우성스타파크B1층101호(목동)",경기도 화성시 동탄구 목동487-9우성스타파크B,2026-06-25
3124,와플촌동탄점,일반음식점,2026-01-21,,32.8,"경기도 화성시 동탄구 동탄중심상가1길5,동탄프라자1층108호(반송동)",경기도 화성시 동탄구 반송동104-12동탄프라자,2026-06-25
3125,까망고래,일반음식점,2026-01-22,,51.6,"경기도 화성시 동탄구 동탄감배산로143,203동1층181호(여울동,동탄역유림노르웨이숲)",경기도 화성시 동탄구 여울동978동탄역유림노르웨이숲,2026-06-25
3126,한촌설렁탕동탄목동점,일반음식점,2026-01-23,,173.94,"경기도 화성시 동탄구 왕배산2길3-8,1층전체호(목동)",경기도 화성시 동탄구 목동462-3,2026-06-25
3127,깐부치킨동탄역점,일반음식점,2026-01-23,,94.48,"경기도 화성시 동탄구 동탄오산로29,판매시설동지1층B102호(여울동,동탄2신도시동탄역디에트르퍼스티지)",경기도 화성시 동탄구 여울동979동탄2신도시동탄역디에트르퍼스티지,2026-06-25
3128,보드람치킨동탄호수공원점,일반음식점,2026-01-23,,91.98,"경기도 화성시 동탄구 동탄대로5길21,1층W149,W150,W160,W161호(송동)",경기도 화성시 동탄구 송동726-1,2026-06-25
3129,샐러링동탄IX타워점,일반음식점,2026-01-27,,58.21,"경기도 화성시 동탄구 동탄첨단산업1로27,금강펜테리움IX타워1층M31,M53호(영천동)",경기도 화성시 동탄구 영천동823-6금강펜테리움IX타워,2026-06-25
3130,서울감자탕,일반음식점,2026-01-29,,119.62,"경기도 화성시 동탄구 노작로203,1층118호(반송동,서해더블루)",경기도 화성시 동탄구 반송동90-2서해더블루,2026-06-25
3131,스팀앤도우,일반음식점,2026-01-30,,35.42,"경기도 화성시 동탄구 동탄순환대로10길88,3627동지1층B137호(산척동,레이크힐반도유보라아이비파크10.2)",경기도 화성시 동탄구 산척동745레이크힐반도유보라아이비파크10.2,2026-06-25
3132,히든파티오HIDDENPATIO,일반음식점,2026-01-30,,47.58,"경기도 화성시 동탄구 지산1길22-4,지1층전체호(영천동)",경기도 화성시 동탄구 영천동687-2,2026-06-25
3133,도우또동탄방교점,일반음식점,2026-01-30,,95.42,"경기도 화성시 동탄구 동탄기흥로257번가길23,동탄프리미엄아울렛E동1층107호(방교동)",경기도 화성시 동탄구 방교동779-5,2026-06-25
3134,OGGI오지지아이,일반음식점,2026-02-02,,116.02,"경기도 화성시 동탄구 동탄대로551-16,동탄역푸르지오시티1층103호,104호,105호(여울동)",경기도 화성시 동탄구 여울동1088-1동탄역푸르지오시티,2026-06-25
3135,선영이네,일반음식점,2026-02-02,,42.93,"경기도 화성시 동탄구 동탄대로시범길134,1층1054호(청계동,동탄역시범반도유보라아이비파크4.0)",경기도 화성시 동탄구 청계동536동탄역시범반도유보라아이비파크4.0,2026-06-25
3136,분식집가자,일반음식점,2026-02-02,,49.58,"경기도 화성시 동탄구 동탄산척로2가길31,1층일부(101)호(산척동)",경기도 화성시 동탄구 산척동712-5,2026-06-25
3137,더타코부스동탄금강IX타워점,일반음식점,2026-02-03,,122.16,"경기도 화성시 동탄구 동탄첨단산업1로27,금강펜테리움IX타워B동1층M12호(영천동)",경기도 화성시 동탄구 영천동823-6금강펜테리움IX타워,2026-06-25
3138,금메달수산,일반음식점,2026-02-03,,66.6,"경기도 화성시 동탄구 동탄기흥로447-54,동탄역스타디움블루1층103호,104호(여울동)",경기도 화성시 동탄구 여울동977-3,2026-06-25
3139,Azit(아지트),일반음식점,2026-02-04,,42.52,"경기도 화성시 동탄구 동탄순환대로245,SMP타워지하1층B01호(산척동)",경기도 화성시 동탄구 산척동724-4,2026-06-25
3140,찌개랑보리밥이랑,일반음식점,2026-02-04,,26.45,"경기도 화성시 동탄구 동탄순환대로29길60,강산프라자301일부(10호)호(영천동)",경기도 화성시 동탄구 영천동675-4,2026-06-25
3141,돈카춘동탄센트럴파크점,일반음식점,2026-02-04,,42.92,"경기도 화성시 동탄구 동탄반송1길20-10,패밀리타운1층117호(반송동)",경기도 화성시 동탄구 반송동40패밀리타운,2026-06-25
3142,곽장어동탄직영점,일반음식점,2026-02-04,,385.37,"경기도 화성시 동탄구 풀무골로60번길2,1층전체호(중동)",경기도 화성시 동탄구 중동833-52,2026-06-25
3143,데이투나잇키친,일반음식점,2026-02-04,,63.37,"경기도 화성시 동탄구 10용사로343-10,정문빌딩1층106호(능동)",경기도 화성시 동탄구 능동1152-7정문빌딩,2026-06-25
3144,파스까스파스타&돈까스,일반음식점,2026-02-06,,40,"경기도 화성시 동탄구 여울로4길65-9,1층일부(101)호(능동)",경기도 화성시 동탄구 능동1102-11,2026-06-25
3145,다정한쌈,일반음식점,2026-02-09,,153.09,"경기도 화성시 동탄구 동탄순환대로830,동탄SKV1center1층165,166,167호(영천동)",경기도 화성시 동탄구 영천동853-1동탄SKV1center,2026-06-25
3146,프랭크버거동탄장지점,일반음식점,2026-02-12,,43.26,"경기도 화성시 동탄구 동탄대로4길18,근린생활시설동1층A103호(장지동,동탄호수우남더테라스)",경기도 화성시 동탄구 장지동964동탄호수우남더테라스,2026-06-25
3147,루블,일반음식점,2026-02-12,,44.8,"경기도 화성시 동탄구 동탄첨단산업1로27,금강펜테리움IX타워근린생활시설동지1층MB97호(영천동)",경기도 화성시 동탄구 영천동823-6금강펜테리움IX타워,2026-06-25
3148,망쥬(Mangez),일반음식점,2026-02-12,,39.6,"경기도 화성시 동탄구 동탄대로700,샹보르줌타워1층120호(영천동)",경기도 화성시 동탄구 영천동862-3,2026-06-25
3149,동탄3스타한우고기집,일반음식점,2026-02-13,,46.2,"경기도 화성시 동탄구 동탄중심상가1길30,타래프라자1층101호(반송동)",경기도 화성시 동탄구 반송동103-8타래프라자,2026-06-25
3150,긴자료코동탄영천점,일반음식점,2026-02-13,,43.29,"경기도 화성시 동탄구 동탄순환대로686,삼우메디타워1층101호(영천동)",경기도 화성시 동탄구 영천동681-8,2026-06-25
3151,빌리언박스동탄호수공원점,일반음식점,2026-02-19,,41.72,"경기도 화성시 동탄구 동탄대로5길32,루나갤러리지하2층B210호(송동)",경기도 화성시 동탄구 송동723-1,2026-06-25
3152,가마치통닭동탄반송점,일반음식점,2026-02-19,,49.4,"경기도 화성시 동탄구 동탄솔빛로54,엔타워1층102호(반송동)",경기도 화성시 동탄구 반송동217-4엔타워,2026-06-25
3153,슈퍼크리스피동탄목동점,일반음식점,2026-02-19,,48.71,"경기도 화성시 동탄구 동탄신리천로407,동탄더리더스1층101호(목동)",경기도 화성시 동탄구 목동487-4,2026-06-25
3154,그라츠커피랩동탄코벤트가든본점,일반음식점,2026-02-20,,38.12,"경기도 화성시 동탄구 동탄첨단산업1로27,금강펜테리움IX타워1층M82호(영천동)",경기도 화성시 동탄구 영천동823-6금강펜테리움IX타워,2026-06-25
3155,대한식육점,일반음식점,2026-02-20,,78.39,"경기도 화성시 동탄구 노작로203,1층104,105호(반송동,서해더블루)",경기도 화성시 동탄구 반송동90-2서해더블루,2026-06-25
3156,육회바른연어동탄목동점,일반음식점,2026-02-23,,43.66,"경기도 화성시 동탄구 동탄신리천로406,동탄리더스퀘어1층120호(목동)",경기도 화성시 동탄구 목동496-2,2026-06-25
3157,메종드빈,일반음식점,2026-02-23,,35.69,"경기도 화성시 동탄구 동탄문화센터로65,에이스타운1층111호(반송동)",경기도 화성시 동탄구 반송동107-3에이스타운,2026-06-25
3158,동경규동동탄카림점,일반음식점,2026-02-24,,54.6,"경기도 화성시 동탄구 동탄대로시범길142,센텀프라자1층115호(청계동)",경기도 화성시 동탄구 청계동535-2,2026-06-25
3159,한국의밥상,일반음식점,2026-02-24,,133.05,"경기도 화성시 동탄구 지산2길3-10,1층전체호(영천동)",경기도 화성시 동탄구 영천동702-2,2026-06-25
3160,품격짬뽕,일반음식점,2026-02-25,,41.66,"경기도 화성시 동탄구 동탄역로150,1층A115호(여울동,동탄역롯데캐슬)",경기도 화성시 동탄구 여울동1089동탄역롯데캐슬,2026-06-25
3161,왕조양꼬치,일반음식점,2026-02-25,,73,"경기도 화성시 동탄구 동탄순환대로14길20,1층일부(101호)호(산척동)",경기도 화성시 동탄구 산척동823-3,2026-06-25
3162,구워줄께먹기만해,일반음식점,2026-02-26,,44,"경기도 화성시 동탄구 동탄반송1길20-10,패밀리타운1층106호(반송동)",경기도 화성시 동탄구 반송동40패밀리타운,2026-06-25
3163,정이가칼국수,일반음식점,2026-02-26,,83.8,"경기도 화성시 동탄구 동탄순환대로12길9,나인원동탄1층전체호(산척동)",경기도 화성시 동탄구 산척동831-2,2026-06-25
3164,오군포차,일반음식점,2026-02-26,,56.39,"경기도 화성시 동탄구 메타폴리스로47-25,센트럴S타운1층113호(반송동)",경기도 화성시 동탄구 반송동93-6센트럴S타운,2026-06-25
3165,데스파파예(Deapapaye),일반음식점,2026-02-26,,48.41,"경기도 화성시 동탄구 남여울1길11,1동1층일부호(능동)",경기도 화성시 동탄구 능동1156-1,2026-06-25
3166,오늘뭐먹지?,일반음식점,2026-02-26,,45.86,"경기도 화성시 동탄구 동탄공원로1길12-7,그린주차빌딩1층103호일부호(반송동)",경기도 화성시 동탄구 반송동66-1그린주차빌딩,2026-06-25
3167,대구반야월막창동탄호수공원점,일반음식점,2026-02-26,031-3726-676,78.54,"경기도 화성시 동탄구 동탄대로6길13,수프라자B303,B304호(산척동)",경기도 화성시 동탄구 산척동727-3수프라자,2026-06-25
3168,먹태감성동탄목동직영점,일반음식점,2026-02-27,,63,"경기도 화성시 동탄구 왕배산2길7-5,1층일부(103호)호(목동)",경기도 화성시 동탄구 목동462-4,2026-06-25
3169,예술피자동탄점,일반음식점,2026-02-27,,51.98,"경기도 화성시 동탄구 동탄지성로125,토마토프라자1층103호(반송동)",경기도 화성시 동탄구 반송동43-1토마토프라자,2026-06-25
3170,숯담,일반음식점,2026-02-27,,85.28,"경기도 화성시 동탄구 동탄중심상가1길33,동탄미래도프라자1층109,110호(반송동)",경기도 화성시 동탄구 반송동104-3동탄미래도프라자,2026-06-25
3171,청년다방동탄센트럴파크점,일반음식점,2026-03-03,,66,"경기도 화성시 동탄구 동탄공원로3길10-13,동탄공원로3길10-131층101호(반송동)",경기도 화성시 동탄구 반송동50-16,2026-06-25
3172,도화브,일반음식점,2026-03-03,,120.57,"경기도 화성시 동탄구 노작로1길37,노작로1길371층전체호(반송동)",경기도 화성시 동탄구 반송동123-1,2026-06-25
3173,제주곤이칼국수동탄역점,일반음식점,2026-03-03,,55.48,"경기도 화성시 동탄구 동탄광역환승로63,106동1층110호(여울동,동탄역반도유보라아이비파크7.0)",경기도 화성시 동탄구 여울동971동탄역반도유보라아이비파크7.0,2026-06-25
3174,삼동소바동탄호수공원점,일반음식점,2026-03-03,,108.73,"경기도 화성시 동탄구 동탄대로5길32,루나갤러리1층111,112호(송동)",경기도 화성시 동탄구 송동723-1,2026-06-25
3175,백옥,일반음식점,2026-03-03,,30.1,"경기도 화성시 동탄구 동탄역로160,롯데백화점동탄점지하1층일부호(여울동)",경기도 화성시 동탄구 여울동1089동탄역롯데캐슬,2026-06-25
3176,모모김밥&샌드위치,일반음식점,2026-03-03,,12.47,"경기도 화성시 동탄구 동탄첨단산업1로27,금강펜테리움IX타워지하1층MB65호(영천동)",경기도 화성시 동탄구 영천동823-6금강펜테리움IX타워,2026-06-25
3177,반값족발동탄점,일반음식점,2026-03-03,,44,"경기도 화성시 동탄구 동탄반송1길20-10,패밀리타운1층105호(반송동)",경기도 화성시 동탄구 반송동40패밀리타운,2026-06-25
3178,멜로피자동탄영천점,일반음식점,2026-03-03,,47.97,"경기도 화성시 동탄구 동탄대로637,삼성어반타워1층109호(영천동)",경기도 화성시 동탄구 영천동852-2,2026-06-25
3179,돼통령동탄호수점,일반음식점,2026-03-04,,94.16,"경기도 화성시 동탄구 동탄대로5길29,대방엘리움레이크파크판매시설동1층판매2-117,판매2-118,판매2-119호(송동)",경기도 화성시 동탄구 송동725-9대방엘리움레이크파크,2026-06-25
3180,효현푸드,일반음식점,2026-03-05,,78.62,"경기도 화성시 동탄구 동탄순환대로14길45-15,1층전체호(산척동)",경기도 화성시 동탄구 산척동820-4,2026-06-25
3181,올리비(olibee),일반음식점,2026-03-05,,47.36,"경기도 화성시 동탄구 동탄장지천2길14-10,1층일부(102)호(장지동)",경기도 화성시 동탄구 장지동939-1,2026-06-25
3182,능동광장,일반음식점,2026-03-06,,91.77,"경기도 화성시 동탄구 동탄원천로360,동탄푸르지오시티1층115호(능동)",경기도 화성시 동탄구 능동1065-3동탄푸르지오시티,2026-06-25
3183,회가대표초밥24동탄점,일반음식점,2026-03-06,,45.36,"경기도 화성시 동탄구 동탄대로시범길134,판매시설동1층1074호(청계동,동탄역시범반도유보라아이비파크4.0)",경기도 화성시 동탄구 청계동536동탄역시범반도유보라아이비파크4.0,2026-06-25
3184,짱구포차동탄영천점,일반음식점,2026-03-06,,145.21,"경기도 화성시 동탄구 지산2길11-10,1층전체호(영천동)",경기도 화성시 동탄구 영천동704-5,2026-06-25
3185,국밥특공대,일반음식점,2026-03-06,,133.7,"경기도 화성시 동탄구 동탄대로23안길30,201동1층140호,141호,142호,143호(영천동,동탄역금강펜테리움더시글로)",경기도 화성시 동탄구 영천동849동탄역금강펜테리움더시글로,2026-06-25
3186,교촌치킨동탄2호,일반음식점,2026-03-06,,88.8,"경기도 화성시 동탄구 10용사3길21,1층일부(102호)호(반송동)",경기도 화성시 동탄구 반송동154-1,2026-06-25
3187,본선,일반음식점,2026-03-06,,60.9,"경기도 화성시 동탄구 동탄광역환승로73,207동1층E151호(여울동,동탄역반도유보라아이비파크8.0)",경기도 화성시 동탄구 여울동973동탄역반도유보라아이비파크8.0,2026-06-25
3188,밥풀릭스(BAPULIX),일반음식점,2026-03-06,,43.68,"경기도 화성시 동탄구 동탄순환대로14길77,동탄트램프라자주건축물제1동1층107,108,109호일부호(산척동)",경기도 화성시 동탄구 산척동830-1,2026-06-25
3189,고북선곱창,일반음식점,2026-03-06,,38.71,"경기도 화성시 동탄구 동탄순환대로14길77,동탄트램프라자주건축물제1동1층107,108,109호일부호(산척동)",경기도 화성시 동탄구 산척동830-1,2026-06-25
3190,뼈고다,일반음식점,2026-03-06,,38.71,"경기도 화성시 동탄구 동탄순환대로14길77,동탄트램프라자주건축물제1동1층107,108,109호일부호(산척동)",경기도 화성시 동탄구 산척동830-1,2026-06-25
3191,락희복만두,일반음식점,2026-03-09,,16.5,"경기도 화성시 동탄구 동탄중심상가1길34,동탄중심상가1길341층102호일부호(반송동)",경기도 화성시 동탄구 반송동103-9,2026-06-25
3192,야화혼술바동탄점,일반음식점,2026-03-09,,62.45,"경기도 화성시 동탄구 동탄중심상가2길37,필프라자3층302호(반송동)",경기도 화성시 동탄구 반송동88-2필프라자,2026-06-25
3193,메가푸드남동탄점,일반음식점,2026-03-10,,32.27,"경기도 화성시 동탄구 동탄순환대로14길31,1동1층일부(102호의일부)호(산척동)",경기도 화성시 동탄구 산척동819-10,2026-06-25
3194,또오소,일반음식점,2026-03-10,,101.24,"경기도 화성시 동탄구 동탄기흥로257번길9,1층전체(101호)호(방교동)",경기도 화성시 동탄구 방교동765-7,2026-06-25
3195,요우정,일반음식점,2026-03-10,,132.12,"경기도 화성시 동탄구 동탄대로537,라스플로레스D동5층502호(여울동)",경기도 화성시 동탄구 여울동1019,2026-06-25
3196,야자수동탄점,일반음식점,2026-03-11,,207.82,"경기도 화성시 동탄구 노작로193,삼성프라자2층202일부호(반송동)",경기도 화성시 동탄구 반송동90-8삼성프라자,2026-06-25
3197,석우동온담,일반음식점,2026-03-11,,56,"경기도 화성시 동탄구 동학산1길6-17,동학산1길6-171층101호(석우동)",경기도 화성시 동탄구 석우동12-19,2026-06-25
3198,애프터눈탭(afternoontap),일반음식점,2026-03-11,,49.81,"경기도 화성시 동탄구 동탄감배산로143,203동지1층B125호(여울동,동탄역유림노르웨이숲)",경기도 화성시 동탄구 여울동978동탄역유림노르웨이숲,2026-06-25
3199,봄날한상,일반음식점,2026-03-11,,130.2,"경기도 화성시 동탄구 지산1길18-13,1층전체호(영천동)",경기도 화성시 동탄구 영천동687-9,2026-06-25
3200,고뎅,일반음식점,2026-03-11,,49.5,"경기도 화성시 동탄구 동탄순환대로14길7-16,1층일부(101)호(산척동)",경기도 화성시 동탄구 산척동818-1,2026-06-25
3201,돼지게티동탄장지점,일반음식점,2026-03-12,,15,"경기도 화성시 동탄구 동탄대로4길143,상가동1층103호일부호(장지동,동탄2아이파크)",경기도 화성시 동탄구 장지동1011동탄2아이파크,2026-06-25
3202,응큼떡볶이동탄호수공원점,일반음식점,2026-03-13,,64.96,"경기도 화성시 동탄구 동탄대로5길9,더샵동탄센텀폴리스2단지3층3034,3035호(송동)",경기도 화성시 동탄구 송동725-1더샵동탄센텀폴리스2단지,2026-06-25
3203,하루끼우동동탄호수공원점,일반음식점,2026-03-13,,35.02,"경기도 화성시 동탄구 동탄대로5길9,더샵동탄센텀폴리스2단지3층3036호(송동)",경기도 화성시 동탄구 송동725-1더샵동탄센텀폴리스2단지,2026-06-25
3204,보배반점동탄호수공원점,일반음식점,2026-03-16,,137.5,"경기도 화성시 동탄구 동탄대로5길15,더샵동탄센텀폴리스1단지1층1056~1058,1056-1,1057-1,1058-1호(송동)",경기도 화성시 동탄구 송동725-4더샵동탄센텀폴리스1단지,2026-06-25
3205,피크동탄점,일반음식점,2026-03-16,,94.71,"경기도 화성시 동탄구 동탄중심상가2길11,삼성파크뷰3층303호(반송동)",경기도 화성시 동탄구 반송동88-9삼성파크뷰,2026-06-25
3206,요모동탄점,일반음식점,2026-03-16,,66,"경기도 화성시 동탄구 지산1길11-8,1층일부(102)호(영천동)",경기도 화성시 동탄구 영천동689-10,2026-06-25
3207,분분동탄영천점,일반음식점,2026-03-16,,83.6,"경기도 화성시 동탄구 동탄영천로81-5,1층118,119호(영천동)",경기도 화성시 동탄구 영천동880-5,2026-06-25
3208,초선마라,일반음식점,2026-03-16,,60,"경기도 화성시 동탄구 동탄대로14길5-20,1층일부(102)호(여울동)",경기도 화성시 동탄구 여울동1031-3,2026-06-25
3209,에스와이푸드,일반음식점,2026-03-17,,46.06,"경기도 화성시 동탄구 동탄대로6길9,2층206호의일부호(산척동)",경기도 화성시 동탄구 산척동727-2,2026-06-25
3210,와인팜,일반음식점,2026-03-18,,32.67,"경기도 화성시 동탄구 동탄지성로94,하나로오피스텔2층204호일부호(반송동)",경기도 화성시 동탄구 반송동42-5하나로오피스텔,2026-06-25
3211,스쿨푸드동탄호수점,일반음식점,2026-03-19,,15,"경기도 화성시 동탄구 동탄순환대로3길5-24,1동1층일부호(송동)",경기도 화성시 동탄구 송동709-10,2026-06-25
3212,동탄호수포차,일반음식점,2026-03-19,,56,"경기도 화성시 동탄구 동탄순환대로3길5-24,1동1층일부호(송동)",경기도 화성시 동탄구 송동709-10,2026-06-25
3213,야키토리소비(동탄북광장점),일반음식점,2026-03-19,,57.01,"경기도 화성시 동탄구 동탄원천로153,1층111,112호(반송동)",경기도 화성시 동탄구 반송동86-8,2026-06-25
3214,양은이네동탄석우점,일반음식점,2026-03-19,,131.62,"경기도 화성시 동탄구 큰재봉길23-12,펠리스타1층106,107호(석우동)",경기도 화성시 동탄구 석우동34-5펠리스타,2026-06-25
3215,제주아홉혼술바동탄역점,일반음식점,2026-03-19,,52.89,"경기도 화성시 동탄구 동탄대로19길10,신유메디프라자1층110호(여울동)",경기도 화성시 동탄구 여울동969-4,2026-06-25
3216,관악정카페테리아(후문동),일반음식점,2026-03-20,,391.2,"경기도 화성시 동탄구 중리길183,리베라CC클럽하우스후문동1층일부호(청계동)",경기도 화성시 동탄구 청계동510-385리베라CC클럽하우스,2026-06-25
3217,진부엉이꼬마김밥산척점,일반음식점,2026-03-20,,40.66,"경기도 화성시 동탄구 동탄순환대로263,풍산리치안타워1층106호(산척동)",경기도 화성시 동탄구 산척동723,2026-06-25
3218,진현푸드,일반음식점,2026-03-20,,36.52,"경기도 화성시 동탄구 지산2길20-6,1층일부(101호일부)호(영천동)",경기도 화성시 동탄구 영천동710-3,2026-06-25
3219,서내칼국수,일반음식점,2026-03-23,,116.3,"경기도 화성시 동탄구 동탄공원로2길27-15,동탄공원로2길27-151층전체호(반송동)",경기도 화성시 동탄구 반송동52-6,2026-06-25
3220,엠버앤오크(Amber&Oak),일반음식점,2026-03-23,,83.79,"경기도 화성시 동탄구 동탄중심상가2길8,로하스애비뉴4층404호(반송동)",경기도 화성시 동탄구 반송동91-2로하스애비뉴,2026-06-25
3221,두껍집동탄영천점,일반음식점,2026-03-23,,106.91,"경기도 화성시 동탄구 지산1길9,1층전체호(영천동)",경기도 화성시 동탄구 영천동690-3,2026-06-25
3222,솥국동탄점,일반음식점,2026-03-24,,49.4,"경기도 화성시 동탄구 동탄솔빛로54,엔타워1층105호(반송동)",경기도 화성시 동탄구 반송동217-4엔타워,2026-06-25
3223,아페,일반음식점,2026-03-25,,39.07,"경기도 화성시 동탄구 동탄역로102,1층1081호(여울동,동탄역린스트라우스)",경기도 화성시 동탄구 여울동1020동탄역린스트라우스,2026-06-25
3224,미소복권&닭's,일반음식점,2026-03-25,,36.28,"경기도 화성시 동탄구 동탄순환대로8길16,1층110일부호(장지동)",경기도 화성시 동탄구 장지동968,2026-06-25
3225,효운초밥,일반음식점,2026-03-26,,41.07,"경기도 화성시 동탄구 동탄대로23길121,우미뉴브1층126호(영천동)",경기도 화성시 동탄구 영천동851우미뉴브,2026-06-25
3226,달빛에구운고등어동탄2신도시점,일반음식점,2026-03-26,,253.49,"경기도 화성시 동탄구 동탄순환대로16길15,무진타워주건축물제1동1층106,107,108,109,110호(산척동)",경기도 화성시 동탄구 산척동734-1,2026-06-25
3227,대파촌동탄호수공원상회,일반음식점,2026-03-26,,67.86,"경기도 화성시 동탄구 동탄대로8길58,파케이드아크지하3층B305,B306호(산척동)",경기도 화성시 동탄구 산척동725-1,2026-06-25
3228,태양곱창동탄영천점,일반음식점,2026-03-27,,63,"경기도 화성시 동탄구 지산1길8-2,지산1길8-21층102호일부호(영천동)",경기도 화성시 동탄구 영천동692-1,2026-06-25
3229,동대문불닭엽기떡볶이,일반음식점,2026-03-30,,93.6,"경기도 화성시 동탄구 동탄반석로120,제일프라자1층115호,116호(반송동)",경기도 화성시 동탄구 반송동107-8제일프라자,2026-06-25
3230,토토리,일반음식점,2026-04-01,,49.6,"경기도 화성시 동탄구 동탄공원로3길18-5,1층일부(가운데)호(반송동)",경기도 화성시 동탄구 반송동45-7,2026-06-25
3231,육식사관학교동탄역점,일반음식점,2026-04-02,,50,"경기도 화성시 동탄구 동탄대로21가길4-31,1층일부(104호)호(영천동)",경기도 화성시 동탄구 영천동656-11,2026-06-25
3232,돌판으로간오징어,일반음식점,2026-04-02,,146.37,"경기도 화성시 동탄구 동탄공원로2길27-16,1층전체호(반송동)",경기도 화성시 동탄구 반송동50-15,2026-06-25
3233,유니네포차(UNINEPOCHA),일반음식점,2026-04-02,,42,"경기도 화성시 동탄구 동탄순환대로10,지웰3빌딩1층101호(장지동)",경기도 화성시 동탄구 장지동912-4,2026-06-25
3234,능두네동탄퍼스트점,일반음식점,2026-04-02,,54.4,"경기도 화성시 동탄구 동탄대로21길10,더퍼스트타워1층166호(영천동)",경기도 화성시 동탄구 영천동652-5,2026-06-25
3235,마라섬마라탕&딤섬동탄청계점,일반음식점,2026-04-03,,78,"경기도 화성시 동탄구 동탄대로시범길148-20,마추프라자2층206호(청계동)",경기도 화성시 동탄구 청계동535-5,2026-06-25
3236,대구통닭,일반음식점,2026-04-06,,83.15,"경기도 화성시 동탄구 10용사1길41,1층101호-102호(반송동)",경기도 화성시 동탄구 반송동150-17,2026-06-25
3237,투썸플레이스동탄센트럴파크점,일반음식점,2026-04-06,,260.91,"경기도 화성시 동탄구 동탄지성로116,강남프라자1층일부호(반송동)",경기도 화성시 동탄구 반송동41-5강남프라자,2026-06-25
3238,은이감자탕,일반음식점,2026-04-07,,72.13,"경기도 화성시 동탄구 동탄첨단산업1로27,금강펜테리움IX타워근린생활시설지1층MB27호(영천동)",경기도 화성시 동탄구 영천동823-6금강펜테리움IX타워,2026-06-25
3239,비비펍,일반음식점,2026-04-07,,98.28,"경기도 화성시 동탄구 동탄지성로12,월드프라자5층501호(반송동)",경기도 화성시 동탄구 반송동91-7월드프라자,2026-06-25
3240,스시오,일반음식점,2026-04-08,,66,"경기도 화성시 동탄구 왕배산2길11-4,왕배산2길11-41층101호(목동)",경기도 화성시 동탄구 목동463-8,2026-06-25
3241,아궁이돌판집,일반음식점,2026-04-08,,151.43,"경기도 화성시 동탄구 동탄순환대로14길16,1층전체호(산척동)",경기도 화성시 동탄구 산척동823-1,2026-06-25
3242,청록미나리식당동탄2신도시점,일반음식점,2026-04-08,,81.54,"경기도 화성시 동탄구 동탄순환대로29길33,에스제이프라자1층101호(영천동)",경기도 화성시 동탄구 영천동673-2,2026-06-25
3243,직도락,일반음식점,2026-04-09,,172.6,"경기도 화성시 동탄구 남여울1길24,1층(능동)",경기도 화성시 동탄구 능동1168-1,2026-06-25
3244,굽네치킨동탄역점,일반음식점,2026-04-09,,57.14,"경기도 화성시 동탄구 동탄광역환승로63,106동1층115호(여울동,동탄역반도유보라아이비파크7.0)",경기도 화성시 동탄구 여울동971동탄역반도유보라아이비파크7.0,2026-06-25
3245,봉구스밥버거영천점,일반음식점,2026-04-09,,37.44,"경기도 화성시 동탄구 동탄순환대로693,대성메디컬프라자1층110호(영천동)",경기도 화성시 동탄구 영천동678-5,2026-06-25
3246,빡센민물장어동탄호수공원점,일반음식점,2026-04-10,,98.04,"경기도 화성시 동탄구 동탄대로5길29,대방엘리움레이크파크판매시설층판매1-110,111,112호(송동)",경기도 화성시 동탄구 송동725-9대방엘리움레이크파크,2026-06-25
3247,김밥킹,일반음식점,2026-04-13,,83,"경기도 화성시 동탄구 동탄산척로2가길4-5,1층일부(102호)호(산척동)",경기도 화성시 동탄구 산척동714-4,2026-06-25
3248,킹콩크랩앤씨푸드동탄점,일반음식점,2026-04-13,,121.25,"경기도 화성시 동탄구 동탄지성로2,1층101호,102호,103호(반송동,동탄플래티넘)",경기도 화성시 동탄구 반송동90-9동탄플래티넘,2026-06-25
3249,여니네횟집,일반음식점,2026-04-14,,101.77,"경기도 화성시 동탄구 동탄순환대로12길21,주건축물제1동1층전체호(산척동)",경기도 화성시 동탄구 산척동832-4,2026-06-25
3250,산아래토종닭도리탕,일반음식점,2026-04-14,,122,"경기도 화성시 동탄구 노작로4길18-37,노작로4길18-371층전체호(반송동)",경기도 화성시 동탄구 반송동112-2,2026-06-25
3251,가락,일반음식점,2026-04-14,,51.84,"경기도 화성시 동탄구 동탄대로시범길134,지1층39호(청계동,동탄역시범반도유보라아이비파크4.0)",경기도 화성시 동탄구 청계동536동탄역시범반도유보라아이비파크4.0,2026-06-25
3252,메인트레이(MAINTRAY),일반음식점,2026-04-15,,112.91,"경기도 화성시 동탄구 동탄순환대로16길58-24,1층전체호(산척동)",경기도 화성시 동탄구 산척동811-1,2026-06-25
3253,자수성가,일반음식점,2026-04-15,,54.11,"경기도 화성시 동탄구 동탄대로23길121,우미뉴브1층129호(영천동)",경기도 화성시 동탄구 영천동851우미뉴브,2026-06-25
3254,59반점,일반음식점,2026-04-16,,101.16,"경기도 화성시 동탄구 메타폴리스로53,스타프라자1층101호,102호(반송동)",경기도 화성시 동탄구 반송동92-7스타프라자,2026-06-25
3255,은희수산,일반음식점,2026-04-17,,47.56,"경기도 화성시 동탄구 동탄대로시범길253,서진프라자1층107호(청계동)",경기도 화성시 동탄구 청계동514-2,2026-06-25
3256,이안돈카츠,일반음식점,2026-04-17,,94.8,"경기도 화성시 동탄구 동탄하나2길30-4,1층(능동)",경기도 화성시 동탄구 능동1071-2,2026-06-25
3257,에스엠푸드동탄,일반음식점,2026-04-17,,43,"경기도 화성시 동탄구 동탄산척로2가길11,1층일부(101호)호(산척동)",경기도 화성시 동탄구 산척동716-2,2026-06-25
3258,전통맛집할매순대국(화성동탄점),일반음식점,2026-04-17,,55.82,"경기도 화성시 동탄구 동탄기흥로247번길1,케이프라자1층108호(방교동)",경기도 화성시 동탄구 방교동779-1,2026-06-25
3259,에스엠푸드,일반음식점,2026-04-20,,43.24,"경기도 화성시 동탄구 동탄산척로2가길11,산척로2가길111층101호(산척동)",경기도 화성시 동탄구 산척동716-2,2026-06-25
3260,걱정돼지,일반음식점,2026-04-21,,39.48,"경기도 화성시 동탄구 동탄대로23길121,우미뉴브1층137호(영천동)",경기도 화성시 동탄구 영천동851우미뉴브,2026-06-25
3261,강호랭이분식동탄점,일반음식점,2026-04-21,,32.2,"경기도 화성시 동탄구 동탄감배산로143,203동지하1층B144호(여울동,동탄역유림노르웨이숲)",경기도 화성시 동탄구 여울동978동탄역유림노르웨이숲,2026-06-25
3262,1973코요태,일반음식점,2026-04-22,,36,"경기도 화성시 동탄구 지산1길5,1층일부(103)호(영천동)",경기도 화성시 동탄구 영천동693-3,2026-06-25
3263,웅돼지,일반음식점,2026-04-22,,86.4,"경기도 화성시 동탄구 동탄감배산로124-6,이너매스여울숲1층108,109호(여울동)",경기도 화성시 동탄구 여울동982-1,2026-06-25
3264,영천동금장어,일반음식점,2026-04-24,,136.36,"경기도 화성시 동탄구 지산2길11-6,파인하우스1동1층(영천동)",경기도 화성시 동탄구 영천동704-3,2026-06-25
3265,컴포트레시피,일반음식점,2026-04-24,,33,"경기도 화성시 동탄구 동탄치동천로2길3-3,동탄치동천로2길3-31층102호(영천동)",경기도 화성시 동탄구 영천동747-2,2026-06-25
3266,따봉불짬뽕,일반음식점,2026-04-27,,119.46,"경기도 화성시 동탄구 동탄대로14길5-50,동탄대로14길5-501층전체호(여울동)",경기도 화성시 동탄구 여울동1033-7,2026-06-25
3267,저팔계연탄막창동탄점,일반음식점,2026-04-29,,149.86,"경기도 화성시 동탄구 지산1길4-7,1층(영천동)",경기도 화성시 동탄구 영천동692-4,2026-06-25
3268,이번역은돈카츠입니다.,일반음식점,2026-04-29,,51.48,"경기도 화성시 동탄구 동탄순환대로29길56,1층103호(영천동)",경기도 화성시 동탄구 영천동675-3,2026-06-25
3269,메가후르츠동탄삼성반도체점,일반음식점,2026-05-04,,41.34,"경기도 화성시 동탄구 삼성전자로8,1층108호(석우동)",경기도 화성시 동탄구 석우동32-5,2026-06-25
3270,여울감자탕,일반음식점,2026-05-06,,87.08,"경기도 화성시 동탄구 여울로1길3-11,1층전체호(능동)",경기도 화성시 동탄구 능동1149-2,2026-06-25
3271,청순고등어,일반음식점,2026-05-06,,222.9,"경기도 화성시 동탄구 동탄대로446,동탄역그란비아스타2층2013호,2014호(청계동)",경기도 화성시 동탄구 청계동564동탄역그란비아스타,2026-06-25
3272,영칼로리포케&샐러드동탄카림점(YOUNGKCAL),일반음식점,2026-05-06,,49.14,"경기도 화성시 동탄구 동탄대로시범길146,1층115호(청계동)",경기도 화성시 동탄구 청계동535-1,2026-06-25
3273,계돈이네동탄호수공원점,일반음식점,2026-05-06,,80.5,"경기도 화성시 동탄구 동탄순환대로127-23,우성에듀파크1층103호,104호(산척동)",경기도 화성시 동탄구 산척동728-2우성에듀파크,2026-06-25
3274,썸타는치킨찜닭,일반음식점,2026-05-06,,68.2,"경기도 화성시 동탄구 동탄문화센터로61,아시아프라자1층108호(반송동)",경기도 화성시 동탄구 반송동107-7아시아프라자,2026-06-25
3275,솥국동탄카림애비뉴점,일반음식점,2026-05-06,,36.4,"경기도 화성시 동탄구 동탄대로시범길134,판매시설동1층1067호(청계동,동탄역시범반도유보라아이비파크4.0)",경기도 화성시 동탄구 청계동536동탄역시범반도유보라아이비파크4.0,2026-06-25
3276,Daily(데일리),일반음식점,2026-05-07,,53.82,"경기도 화성시 동탄구 동탄대로683,SHSQUAREⅡ1층128호,128-1호(영천동)",경기도 화성시 동탄구 영천동846-2,2026-06-25
3277,마라섬동탄호수공원점,일반음식점,2026-05-08,,93.71,"경기도 화성시 동탄구 동탄순환대로127-9,우성애비뉴타워2층207호(산척동)",경기도 화성시 동탄구 산척동728-5우성애비뉴타워,2026-06-25
3278,다과익선,일반음식점,2026-05-08,,49.06,"경기도 화성시 동탄구 동탄순환대로823,에이팩시티1층125호(영천동)",경기도 화성시 동탄구 영천동652-4에이팩시티,2026-06-25
3279,새미닭강정&새우강정동탄1호점,일반음식점,2026-05-08,,37.31,"경기도 화성시 동탄구 동탄신리천로2길65,1층103호(신동,동탄2디에트르포레)",경기도 화성시 동탄구 신동898동탄2디에트르포레,2026-06-25
3280,야화혼술바동탄역점,일반음식점,2026-05-08,,34.71,"경기도 화성시 동탄구 동탄오산로86-11,1층112호(여울동)",경기도 화성시 동탄구 여울동969-5,2026-06-25
3281,오퍼스240,일반음식점,2026-05-08,,328.1,"경기도 화성시 동탄구 동탄대로23안길30,1층110,111,112,113,114,115,116호(영천동,동탄역금강펜테리움더시글로)",경기도 화성시 동탄구 영천동849동탄역금강펜테리움더시글로,2026-06-25
3282,제비파스타,일반음식점,2026-05-11,,67.2,"경기도 화성시 동탄구 노작로177,마젤란오피스텔1층119호,120호(반송동)",경기도 화성시 동탄구 반송동92-2마젤란오피스텔,2026-06-25
3283,낭만밀면가,일반음식점,2026-05-11,,51.12,"경기도 화성시 동탄구 동탄첨단산업1로20,1층101호(영천동)",경기도 화성시 동탄구 영천동831-1,2026-06-25
3284,프리메로,일반음식점,2026-05-12,,612.29,"경기도 화성시 동탄구 동탄대로5길21,라크몽지하1층T13,T14,T15,T16전부호,T17일부호(송동)","경기도 화성시 동탄구 송동726-1T13,T14,T15,T16전부호,T17일부호",2026-06-25
3285,에제트(AZ)앵그리제로푸드,일반음식점,2026-05-12,,37.5,"경기도 화성시 동탄구 동탄산척로2나길4-12,1층일부(101호)호(산척동)",경기도 화성시 동탄구 산척동711-2,2026-06-25
3286,동탄홍대김밥,일반음식점,2026-05-13,,55.87,"경기도 화성시 동탄구 동탄순환대로249,효천프라자1층102호(산척동)",경기도 화성시 동탄구 산척동724-3,2026-06-25
3287,호호솥밥동탄점,일반음식점,2026-05-13,,28.64,"경기도 화성시 동탄구 동탄기흥로353번길99-7,동탄안강프라이빗에듀1층106호(여울동)",경기도 화성시 동탄구 여울동997-3,2026-06-25
3288,왁버거동탄목동,일반음식점,2026-05-13,,52.42,"경기도 화성시 동탄구 동탄신리천로407,동탄더리더스주건축물1층112호(목동)",경기도 화성시 동탄구 목동487-4,2026-06-25
3289,바람난칼제비,일반음식점,2026-05-13,,91.08,"경기도 화성시 동탄구 동탄지성로2,1층108호,109호(반송동,동탄플래티넘)",경기도 화성시 동탄구 반송동90-9동탄플래티넘,2026-06-25
3290,푸라닭화성동탄역점,일반음식점,2026-05-13,,55.48,"경기도 화성시 동탄구 동탄광역환승로63,106동1층112호(여울동,동탄역반도유보라아이비파크7.0)",경기도 화성시 동탄구 여울동971동탄역반도유보라아이비파크7.0,2026-06-25
3291,서오릉피자동탄호수점,일반음식점,2026-05-13,,45.15,"경기도 화성시 동탄구 동탄순환대로12길8,1동1층101호(산척동)",경기도 화성시 동탄구 산척동738-2,2026-06-25
3292,닭게소문동탄점,일반음식점,2026-05-14,,45.7,"경기도 화성시 동탄구 동탄역로196,지하1층116호(여울동,동탄역예미지시그너스)",경기도 화성시 동탄구 여울동1091동탄역예미지시그너스,2026-06-25
3293,달달한오늘,일반음식점,2026-05-14,,49.5,"경기도 화성시 동탄구 왕배산2길4-6,1층일부(101호)호(목동)",경기도 화성시 동탄구 목동458-3,2026-06-25
3294,파이샵,일반음식점,2026-05-14,,40.09,"경기도 화성시 동탄구 동탄첨단산업1로27,금강펜테리움IX타워지하1층MB51호(영천동)",경기도 화성시 동탄구 영천동823-6금강펜테리움IX타워,2026-06-25
3295,아치아치,일반음식점,2026-05-14,,138.51,"경기도 화성시 동탄구 동탄대로시범길134,1층1146,1147,1148호(청계동,동탄역시범반도유보라아이비파크4.0)",경기도 화성시 동탄구 청계동536동탄역시범반도유보라아이비파크4.0,2026-06-25
3296,파이널나인홀덤펍동탄역점,일반음식점,2026-05-15,,129.32,"경기도 화성시 동탄구 동탄오산로86-11,GTX광장프라자4층402호(여울동)",경기도 화성시 동탄구 여울동969-5,2026-06-25
3297,도래곱창동탄점,일반음식점,2026-05-15,,47.5,"경기도 화성시 동탄구 동탄하나2길21,1층일부호(능동)",경기도 화성시 동탄구 능동1072-3,2026-06-25
3298,구백냥곱창동탄점,일반음식점,2026-05-15,,47.5,"경기도 화성시 동탄구 동탄하나2길21,1층일부호(능동)",경기도 화성시 동탄구 능동1072-3,2026-06-25
3299,막창굽는할매동탄점,일반음식점,2026-05-15,,47.5,"경기도 화성시 동탄구 동탄하나2길21,1층일부호(능동)",경기도 화성시 동탄구 능동1072-3,2026-06-25
3300,외길곱창동탄점,일반음식점,2026-05-15,,47.5,"경기도 화성시 동탄구 동탄하나2길21,1층일부호(능동)",경기도 화성시 동탄구 능동1072-3,2026-06-25
3301,곱창의전설동탄점,일반음식점,2026-05-15,,47.5,"경기도 화성시 동탄구 동탄하나2길21,1층일부호(능동)",경기도 화성시 동탄구 능동1072-3,2026-06-25
3302,엄마곱창,일반음식점,2026-05-15,,42.9,"경기도 화성시 동탄구 동탄산척로2나길4-6,1층일부(101호)호(산척동)",경기도 화성시 동탄구 산척동711-5,2026-06-25
3303,라라마라탕,일반음식점,2026-05-18,,32,"경기도 화성시 동탄구 지산1길21-12,1층일부(104호)호(영천동)",경기도 화성시 동탄구 영천동685-8,2026-06-25
3304,원테이블(WONTABLE),일반음식점,2026-05-19,,57,"경기도 화성시 동탄구 동탄공원로2길23-1,1층일부(102호)호(반송동)",경기도 화성시 동탄구 반송동53-3,2026-06-25
3305,아이원쌈도시락(동탄여울공원점),일반음식점,2026-05-19,,32.8,"경기도 화성시 동탄구 동탄광역환승로73,207동지1층E020호(여울동,동탄역반도유보라아이비파크8.0)",경기도 화성시 동탄구 여울동973동탄역반도유보라아이비파크8.0,2026-06-25
3306,꼬뎅동탄점,일반음식점,2026-05-20,,67.84,"경기도 화성시 동탄구 동탄기흥로447-14,1층107호,108호(여울동)",경기도 화성시 동탄구 여울동976-7,2026-06-25
3307,상하이마라꼬치동탄카림점,일반음식점,2026-05-22,,42.93,"경기도 화성시 동탄구 동탄대로시범길134,판매시설동1층1050호(청계동,동탄역시범반도유보라아이비파크4.0)",경기도 화성시 동탄구 청계동536동탄역시범반도유보라아이비파크4.0,2026-06-25
3308,러브앤피스,일반음식점,2026-05-26,,120.93,"경기도 화성시 동탄구 동탄순환대로14길50-8,주건축물제1동1층전체호(산척동)",경기도 화성시 동탄구 산척동821-11,2026-06-25
3309,오프감성포차,일반음식점,2026-05-26,,51,"경기도 화성시 동탄구 동탄중심상가1길8,워터밸리1층106일부호(반송동)",경기도 화성시 동탄구 반송동107-2워터밸리,2026-06-25
3310,낭만,일반음식점,2026-05-26,,66.6,"경기도 화성시 동탄구 동탄기흥로447-54,동탄역스타디움블루1층105호,106호(여울동)",경기도 화성시 동탄구 여울동977-3,2026-06-25
3311,"참치,세꼬시,방앗간",일반음식점,2026-05-26,,25.62,"경기도 화성시 동탄구 동탄문화센터로65,에이스타운1층115호(반송동)",경기도 화성시 동탄구 반송동107-3에이스타운,2026-06-25
3312,BBQ동탄영천점,일반음식점,2026-05-27,,53.21,"경기도 화성시 동탄구 동탄영천로150,현대실리콘앨리동탄S동1층137호(영천동)",경기도 화성시 동탄구 영천동844-1,2026-06-25
3313,구례감자탕,일반음식점,2026-05-28,,93.3,"경기도 화성시 동탄구 동탄대로643,동탄역센테라아이티타워1층104,105호(영천동)",경기도 화성시 동탄구 영천동852-1,2026-06-25
3314,정담명품제육,일반음식점,2026-05-29,,29.7,"경기도 화성시 동탄구 여울로191,1층일부호(능동)",경기도 화성시 동탄구 능동1092-10,2026-06-25
3315,고향엄마손생바지락칼국수힐스테이트동탄역점,일반음식점,2026-05-29,,72.2,"경기도 화성시 동탄구 동탄기흥로585,판매시설동1층158호,159호(영천동,힐스테이트동탄역)",경기도 화성시 동탄구 영천동833힐스테이트동탄역,2026-06-25
3316,사무소,일반음식점,2026-05-29,,37.85,"경기도 화성시 동탄구 동탄대로636-14,상가동1층C118호(영천동,동탄역대방디엠시티더센텀)",경기도 화성시 동탄구 영천동874동탄역대방디엠시티더센텀,2026-06-25
3317,태국집,일반음식점,2026-05-29,,31.5,"경기도 화성시 동탄구 동탄원천로338-12,동탄능동마을주공아파트상가동1층101호(능동)",경기도 화성시 동탄구 능동1062동탄능동마을주공아파트,2026-06-25
3318,땅땅치킨동탄남광장점,일반음식점,2026-05-29,,37.24,"경기도 화성시 동탄구 동탄문화센터로65,에이스타운1층107호(반송동)",경기도 화성시 동탄구 반송동107-3에이스타운,2026-06-25
3319,경성면옥동탄라크몽직영점,일반음식점,2026-05-29,,148.34,"경기도 화성시 동탄구 동탄대로5길21,지하1층B15호(송동)",경기도 화성시 동탄구 송동726-1,2026-06-25
3320,맘스터치동탄산척점,일반음식점,2026-06-01,,77.38,"경기도 화성시 동탄구 동탄순환대로14길77,동탄트램프라자주건축물제1동1층101호,102호(산척동)",경기도 화성시 동탄구 산척동830-1,2026-06-25
3321,삼동소바동탄IX타워점,일반음식점,2026-06-01,,112.75,"경기도 화성시 동탄구 동탄첨단산업1로27,금강펜테리움IX타워C동1층M7호(영천동)",경기도 화성시 동탄구 영천동823-6금강펜테리움IX타워,2026-06-25
3322,토핑몬스터피자남동탄점,일반음식점,2026-06-02,,72,"경기도 화성시 동탄구 동탄산척로2가길18,1층일부(102호)호(산척동)",경기도 화성시 동탄구 산척동713-9,2026-06-25
3323,핵밥동탄반송점,일반음식점,2026-06-04,,60.1,"경기도 화성시 동탄구 동탄원천로163,위너스타1층118호(반송동)",경기도 화성시 동탄구 반송동86-4위너스타,2026-06-25
3324,맥주대학,일반음식점,2026-06-04,,63,"경기도 화성시 동탄구 동탄반송2길31-13,1층일부호(반송동)",경기도 화성시 동탄구 반송동30-1,2026-06-25
3325,코코스키이자카야동탄점,일반음식점,2026-06-05,,39.9,"경기도 화성시 동탄구 동탄문화센터로65,1층127호(반송동)",경기도 화성시 동탄구 반송동107-3,2026-06-25
3326,더무기themoogie,일반음식점,2026-06-05,,58.08,"경기도 화성시 동탄구 동탄감배산로143,203동지1층B101호(여울동,동탄역유림노르웨이숲)",경기도 화성시 동탄구 여울동978동탄역유림노르웨이숲,2026-06-25
3327,쿄코코스타필드마켓동탄점,일반음식점,2026-06-08,,64.12,"경기도 화성시 동탄구 동탄영천로150,현대실리콘앨리동탄S동B178호(영천동)",경기도 화성시 동탄구 영천동844-1,2026-06-25
3328,크리스앤벨라화성예술의전당점,일반음식점,2026-06-08,,189.86,"경기도 화성시 동탄구 노작로11,근린공원10호방문자센터1층일부호(여울동)",경기도 화성시 동탄구 여울동567,2026-06-25
3329,더누아르(THENOIR),일반음식점,2026-06-09,,98.42,"경기도 화성시 동탄구 동탄반송3길26-6,1층전체호(반송동)",경기도 화성시 동탄구 반송동25-2,2026-06-25
3330,(주)스퀘어마블스동탄케밥,일반음식점,2026-06-10,,60.89,"경기도 화성시 동탄구 동탄영천로150,실리콘앨리동탄S동지하1층B189호(영천동)",경기도 화성시 동탄구 영천동844-1,2026-06-25
3331,하루포케동탄라스플로레스점,일반음식점,2026-06-10,,23.01,"경기도 화성시 동탄구 동탄대로537,라스플로레스1층1032호(여울동)",경기도 화성시 동탄구 여울동1019,2026-06-25
3332,신라숯불돼지갈비,일반음식점,2026-06-10,,76.95,"경기도 화성시 동탄구 동탄대로5길32,루나갤러리3층312호(송동)",경기도 화성시 동탄구 송동723-1,2026-06-25
3333,오지베이글(OGBAGEL),일반음식점,2026-06-11,,41.18,"경기도 화성시 동탄구 동탄대로5길21,라크몽1층E137호(송동)",경기도 화성시 동탄구 송동726-1,2026-06-25
3334,일프로바,일반음식점,2026-06-11,,80.52,"경기도 화성시 동탄구 동탄오산로86-11,GTX광장프라자2층204호(여울동)",경기도 화성시 동탄구 여울동969-5,2026-06-25
3335,한성양꼬치,일반음식점,2026-06-11,,122.25,"경기도 화성시 동탄구 지산1길7-4,1층(영천동)",경기도 화성시 동탄구 영천동690-5,2026-06-25
3336,능동대왕감자탕&직화뼈구이,일반음식점,2026-06-12,,62.89,"경기도 화성시 동탄구 동탄하나1길47-7,세가프라자1층104호(능동)",경기도 화성시 동탄구 능동1063-4,2026-06-25
3337,더타코부스동탄남광장점,일반음식점,2026-06-12,,39.9,"경기도 화성시 동탄구 동탄반석로156,1층116호(반송동,동탄현대하이페리온)",경기도 화성시 동탄구 반송동93-9동탄현대하이페리온,2026-06-25
3338,아지트,일반음식점,2026-06-12,,35.64,"경기도 화성시 동탄구 동탄중심상가2길26-15,지성프라자1층106호(반송동)",경기도 화성시 동탄구 반송동87-4지성프라자,2026-06-25
3339,슬로우캘리동탄카림에비뉴점,일반음식점,2026-06-15,,46.17,"경기도 화성시 동탄구 동탄대로시범길134,판매시설동1층1138호(청계동,동탄역시범반도유보라아이비파크4.0)",경기도 화성시 동탄구 청계동536동탄역시범반도유보라아이비파크4.0,2026-06-25
3340,비비큐치킨동탄신동점,일반음식점,2026-06-15,,48,"경기도 화성시 동탄구 동탄신리천로5길43,동탄파크릭스A55BL아파트근린생활시설-1동1층104-1호(신동,동탄파크릭스A55BL아파트)",경기도 화성시 동탄구 신동735동탄파크릭스A55BL아파트,2026-06-25
3341,국밥백서동탄반송점,일반음식점,2026-06-16,,25,"경기도 화성시 동탄구 동탄반송1길40-14,1층일부호(102)호(반송동)",경기도 화성시 동탄구 반송동4-5,2026-06-25
3342,스모피,일반음식점,2026-06-16,,35.49,"경기도 화성시 동탄구 동탄순환대로25길24,1층104호(영천동)",경기도 화성시 동탄구 영천동675-7,2026-06-25
3343,리파인가로수길점,일반음식점,2026-06-16,,3.3,"경기도 화성시 동탄구 동탄역로160,롯데백화점동탄점지하1층일부호(여울동)",경기도 화성시 동탄구 여울동1089동탄역롯데캐슬,2026-06-25
3344,파&돈동탄호수공원점,일반음식점,2026-06-16,,37.8,"경기도 화성시 동탄구 동탄순환대로26,골든프라자21층103호(장지동)",경기도 화성시 동탄구 장지동912-9,2026-06-25
3345,설악푸드동탄점,일반음식점,2026-06-16,,82.55,"경기도 화성시 동탄구 동탄반송3길30-6,1층전체호(반송동)",경기도 화성시 동탄구 반송동24-2,2026-06-25
3346,베어베이킹(BearBaking),휴게음식점,2024-01-02,,88.56,"경기도 화성시 동탄구 지산2길34-8,덕회P타워1층103,104호(영천동)",경기도 화성시 동탄구 영천동707-5,2026-06-25
3347,BLEND(블렌드),휴게음식점,2024-01-03,,106.14,"경기도 화성시 동탄구 동탄공원로3길14-3,1층전체호(반송동)",경기도 화성시 동탄구 반송동49-161층전체호,2026-06-25
3348,스타벅스동탄산단DT,휴게음식점,2024-01-04,031-375-4280,613.2,"경기도 화성시 동탄구 동탄산단2길7-36,주건축물제1동1,2,3층전체호(방교동)",경기도 화성시 동탄구 방교동844-1,2026-06-25
3349,매점갈시간,휴게음식점,2024-01-04,,25,"경기도 화성시 동탄구 동탄순환대로27길30,동탄하나로마트1층일부(영천동)",경기도 화성시 동탄구 영천동603-1동탄하나로마트1층일부,2026-06-25
3350,모퉁이책방,휴게음식점,2024-01-04,,46.94,"경기도 화성시 동탄구 동탄역로196,2층L2-223호(여울동,동탄역예미지시그너스)",경기도 화성시 동탄구 여울동967-62동탄역예미지시그너스,2026-06-25
3351,GS25동탄리슈빌점,휴게음식점,2024-01-12,,3.3,"경기도 화성시 동탄구 동탄순환대로689,삼성프라자111호일부(영천동)",경기도 화성시 동탄구 영천동678-6삼성프라자111호일부,2026-06-25
3352,빽다방동탄서연점,휴게음식점,2024-01-18,,39.55,"경기도 화성시 동탄구 동탄대로4길47,AJ프라자1층106호(장지동)",경기도 화성시 동탄구 장지동971-4,2026-06-25
3353,던킨동탄나루마을점,휴게음식점,2024-01-19,,95,"경기도 화성시 동탄구 동탄솔빛로64,가희프라자21층111호(반송동)",경기도 화성시 동탄구 반송동218-2가희프라자2,2026-06-25
3354,참새빵집,휴게음식점,2024-01-24,,39.15,"경기도 화성시 동탄구 동탄기흥로393-20,판매시설동지하1층B101호(여울동,동탄역파라곤)",경기도 화성시 동탄구 여울동985동탄역파라곤,2026-06-25
3355,노아외식산업,휴게음식점,2024-01-26,,4.8,"경기도 화성시 동탄구 동탄중앙로376,화성동탄이마트지하1층일부호(석우동)",경기도 화성시 동탄구 석우동44화성동탄이마트,2026-06-25
3356,오세요책방,휴게음식점,2024-01-29,,43,"경기도 화성시 동탄구 동탄장지천1길6,1층101호(장지동)",경기도 화성시 동탄구 장지동933-1,2026-06-25
3357,파티드랩,휴게음식점,2024-01-30,,123.54,"경기도 화성시 동탄구 동탄치동천로2길4-13,1층101호일부호(영천동)",경기도 화성시 동탄구 영천동750-5101호읿호,2026-06-25
3358,히어로보드게임카페동탄호수공원점,휴게음식점,2024-02-02,,10.8,"경기도 화성시 동탄구 동탄대로5길15,더샵동탄센텀폴리스1단지그랑파사쥬2층2016호,2017호,2018호일부호(송동)",경기도 화성시 동탄구 송동725-4더샵동탄센텀폴리스1단지,2026-06-25
3359,에코맘산골이유식,휴게음식점,2024-02-02,,11.78,"경기도 화성시 동탄구 동탄역로160,동탄역롯데캐슬지하1층일부호(여울동)",경기도 화성시 동탄구 여울동1089동탄역롯데캐슬,2026-06-25
3360,아메리칸트레일러롯데백화점동탄점,휴게음식점,2024-02-06,,56.2,"경기도 화성시 동탄구 동탄역로160,동탄역롯데캐슬지1층일부호(여울동)",경기도 화성시 동탄구 여울동1089동탄역롯데캐슬지1일부호,2026-06-25
3361,카페그림,휴게음식점,2024-02-07,,38.3,"경기도 화성시 동탄구 왕배산3길24,1층일부(101호)(목동)",경기도 화성시 동탄구 목동455-6,2026-06-25
3362,보리,휴게음식점,2024-02-07,,9,,"경기도 화성시 동탄구 신동화성동탄2A-55,현장식당동1층일부",2026-06-25
3363,못난이꽈배기동탄호수공원점,휴게음식점,2024-02-14,031-373-3380,39.75,"경기도 화성시 동탄구 동탄순환대로245,SMP타워주건축물제1동1층103호(산척동)",경기도 화성시 동탄구 산척동724-4,2026-06-25
3364,피자앨리,휴게음식점,2024-02-14,,37.2,"경기도 화성시 동탄구 동탄순환대로788,W프라자1동1층113호(영천동)",경기도 화성시 동탄구 영천동880-21동113호,2026-06-25
3365,버거킹동탄역CGV점,휴게음식점,2024-02-15,,148.2,"경기도 화성시 동탄구 동탄대로537,라스플로레스1층1111,1112,1113호(여울동)",경기도 화성시 동탄구 여울동10191111~호,2026-06-25
3366,요거트퍼플,휴게음식점,2024-02-16,,32.19,"경기도 화성시 동탄구 동탄기흥로393-20,근린생활시설동1층195호(여울동,동탄역파라곤)",경기도 화성시 동탄구 여울동985동탄역파라곤,2026-06-25
3367,그레이핍플커피동탄센트럴파크점,휴게음식점,2024-02-19,,45.65,"경기도 화성시 동탄구 동탄지성로125,토마토프라자1층110호(반송동)",경기도 화성시 동탄구 반송동43-1토마토프라자,2026-06-25
3368,"SEM,ICOFFEE(세미커피)",휴게음식점,2024-02-22,,46.8,"경기도 화성시 동탄구 삼성1로5길5,113호(석우동)",경기도 화성시 동탄구 석우동3-1113호,2026-06-25
3369,이맘때과일,휴게음식점,2024-02-23,,36.3,"경기도 화성시 동탄구 동탄대로14길12,1층일부(102)호(여울동)",경기도 화성시 동탄구 여울동1034-3,2026-06-25
3370,커피에반하다(동탄방교점),휴게음식점,2024-02-27,,41.61,"경기도 화성시 동탄구 동탄기흥로41,1층104호(방교동)",경기도 화성시 동탄구 방교동844-2104호,2026-06-25
3371,컴포즈커피동탄숲속마을점,휴게음식점,2024-02-28,,43.68,"경기도 화성시 동탄구 동탄지성로145,영화프라자1층103호(능동)",경기도 화성시 동탄구 능동1114-1,2026-06-25
3372,premiumpc2.0(프리미엄피씨2.0),휴게음식점,2024-02-29,,16.5,"경기도 화성시 동탄구 동탄역로124,동탄역윤정프라자206호일부호(여울동)",경기도 화성시 동탄구 여울동968-6동탄역윤정프라자206호일부,2026-06-25
3373,노브랜드버거동탄산척점,휴게음식점,2024-02-29,,86.29,"경기도 화성시 동탄구 동탄순환대로12길7,1층전체(산척동)",경기도 화성시 동탄구 산척동831-11층전체,2026-06-25
3374,해쉬커피,휴게음식점,2024-03-05,,55.8,"경기도 화성시 동탄구 동탄순환대로689,삼성프라자107호(영천동)",경기도 화성시 동탄구 영천동678-6삼성프라자107호,2026-06-25
3375,prana(프라나),휴게음식점,2024-03-05,,37.59,"경기도 화성시 동탄구 동탄영천로131,동탄코너원스마트타워지1층B105호(영천동)",경기도 화성시 동탄구 영천동875-1,2026-06-25
3376,이오김밥동탄목동점,휴게음식점,2024-03-07,,32.4,"경기도 화성시 동탄구 왕배산1길3-13,1층일부(102호)(목동)",경기도 화성시 동탄구 목동447-81층일부(102호),2026-06-25
3377,시쥬,휴게음식점,2024-03-08,,27.13,"경기도 화성시 동탄구 동탄기흥로393-20,지1층B171호(여울동,동탄역파라곤)",경기도 화성시 동탄구 여울동985동탄역파라곤,2026-06-25
3378,씨유동탄신동스마일점,휴게음식점,2024-03-08,,3.3,"경기도 화성시 동탄구 동탄신리천로8길15,상가동1층1,2호일부호(신동,동탄2엘에이치40단지)",경기도 화성시 동탄구 신동512동탄2엘에이치40단지,2026-06-25
3379,후퍼커피,휴게음식점,2024-03-08,,46.08,"경기도 화성시 동탄구 동탄대로시범길134,지1층0050호(청계동,동탄역시범반도유보라아이비파크4.0)",경기도 화성시 동탄구 청계동536동탄역시범반도유보라아이비파크4.0,2026-06-25
3380,메가엠지씨커피동탄에듀몰점,휴게음식점,2024-03-08,,43.03,"경기도 화성시 동탄구 동탄기흥로353번길99-5,이지빌딩1층107호(여울동)",경기도 화성시 동탄구 여울동997-2,2026-06-25
3381,와플대학동탄카림애비뉴,휴게음식점,2024-03-11,031-377-1706,35.23,"경기도 화성시 동탄구 동탄대로시범길134,1층1111호(청계동,동탄역시범반도유보라아이비파크4.0)",경기도 화성시 동탄구 청계동536동탄역시범반도유보라아이비파크4.0판매시설1111호,2026-06-25
3382,디엘스PC남광장점,휴게음식점,2024-03-13,,43,"경기도 화성시 동탄구 동탄중심상가1길27,프라임빌딩5층일부호(반송동)",경기도 화성시 동탄구 반송동104-6프라임빌딩,2026-06-25
3383,더라곰24무인카페,휴게음식점,2024-03-14,,48,"경기도 화성시 동탄구 동탄기흥로614,1층130호(영천동)",경기도 화성시 동탄구 영천동835-1,2026-06-25
3384,오떡분식,휴게음식점,2024-03-15,,35.7,"경기도 화성시 동탄구 동탄순환대로22,에프엠타워1층108호(장지동)",경기도 화성시 동탄구 장지동912-8108호,2026-06-25
3385,디저트굽는모카곰,휴게음식점,2024-03-19,,8.4,"경기도 화성시 동탄구 동탄대로537,1층1133호(여울동)",경기도 화성시 동탄구 여울동1019,2026-06-25
3386,참토스트,휴게음식점,2024-03-19,,28.21,"경기도 화성시 동탄구 동탄대로5길15,더샵동탄센텀폴리스1단지1층1010-1호(송동)",경기도 화성시 동탄구 송동725-4더샵동탄센텀폴리스1단지,2026-06-25
3387,꾸덕,휴게음식점,2024-03-20,,63.82,"경기도 화성시 동탄구 지산1길21-2,지하1층전체호(영천동)",경기도 화성시 동탄구 영천동685-4지1호,2026-06-25
3388,메가엠지씨커피동탄디에트르포레점,휴게음식점,2024-03-25,,36.4,"경기도 화성시 동탄구 동탄신리천로2길65,1층105호(신동,동탄2디에트르포레)",경기도 화성시 동탄구 신동산185-1동탄2디에트르포레,2026-06-25
3389,핸즈베이커리,휴게음식점,2024-03-28,,39.75,"경기도 화성시 동탄구 동탄공원로3길21,1층101호일부호(반송동)",경기도 화성시 동탄구 반송동44-4101일부호,2026-06-25
3390,은스페셜티커피랩,휴게음식점,2024-03-28,,36.75,"경기도 화성시 동탄구 동탄대로700,샹보르줌타워1층128호(영천동)",경기도 화성시 동탄구 영천동862-3샹보르줌타워128호,2026-06-25
3391,플랑케이크,휴게음식점,2024-03-28,,39,"경기도 화성시 동탄구 지산1길22-6,1층일부(101호)호(영천동)",경기도 화성시 동탄구 영천동687-3101호,2026-06-25
3392,세븐일레븐동탄센터점,휴게음식점,2024-03-29,,3.3,"경기도 화성시 동탄구 지산1길11-10,1층일부호(영천동)",경기도 화성시 동탄구 영천동689-11,2026-06-25
3393,씨유(CU)동탄포스코점,휴게음식점,2024-04-01,,10,"경기도 화성시 동탄구 동탄공원로21-14,푸른마을포스코더샾2차상가동지1층101일부호(능동)",경기도 화성시 동탄구 능동1134푸른마을포스코더샾2차지1층101일부호,2026-06-25
3394,메머드익스프레스동탄퍼스트코리아점,휴게음식점,2024-04-05,,56.76,"경기도 화성시 동탄구 동탄첨단산업1로58,FIRSTKOREA1층124호(영천동)",경기도 화성시 동탄구 영천동827-1,2026-06-25
3395,102커피(coffee),휴게음식점,2024-04-11,,94.71,"경기도 화성시 동탄구 금곡로251-1,1층일부호(금곡동)",경기도 화성시 동탄구 금곡동146-11층일부호,2026-06-25
3396,그릭또(GREEKDDo),휴게음식점,2024-04-11,,35,"경기도 화성시 동탄구 지산2길4-6,1층일부(102호)호(영천동)",경기도 화성시 동탄구 영천동700-2,2026-06-25
3397,하늘채식품,휴게음식점,2024-04-11,,10,"경기도 화성시 동탄구 동탄공원로2길22,동탄센트럴파크일원(반송동)",경기도 화성시 동탄구 반송동59동탄센트럴파크일원,2026-06-25
3398,꼬꼬킹강정,휴게음식점,2024-04-12,,3,"경기도 화성시 동탄구 동탄공원로2길22,센트럴파크일원(반송동)",경기도 화성시 동탄구 반송동59,2026-06-25
3399,오센,휴게음식점,2024-04-12,,3,"경기도 화성시 동탄구 동탄공원로2길22,센트럴파크일원(반송동)",경기도 화성시 동탄구 반송동59,2026-06-25
3400,라라24,휴게음식점,2024-04-12,,34,"경기도 화성시 동탄구 동탄반석로171,지하1층B112호(반송동)",경기도 화성시 동탄구 반송동94,2026-06-25
3401,많적아줌씨,휴게음식점,2024-04-15,,3,"경기도 화성시 동탄구 동탄공원로2길22,센트럴파크(반송동)",경기도 화성시 동탄구 반송동59,2026-06-25
3402,스타벅스동탄북광장점,휴게음식점,2024-04-15,,238.94,"경기도 화성시 동탄구 동탄원천로153,현대프라힐스더밀레마1층105~110호(반송동)",경기도 화성시 동탄구 반송동86-8,2026-06-25
3403,주식회사디피오리,휴게음식점,2024-04-15,,11,"경기도 화성시 동탄구 동탄역로160,동탄역롯데캐슬지하1층식품관일부호(여울동)",경기도 화성시 동탄구 여울동1089동탄역롯데캐슬,2026-06-25
3404,더함박,휴게음식점,2024-04-16,,48.5,"경기도 화성시 동탄구 동탄역로160,동탄역롯데캐슬롯데백화점동지하1층일부호(여울동)",경기도 화성시 동탄구 여울동1089동탄역롯데캐슬,2026-06-25
3405,카페위드어스,휴게음식점,2024-04-16,,56.95,"경기도 화성시 동탄구 동탄대로677-5,비젼IT타워1층118호(영천동)",경기도 화성시 동탄구 영천동848-1,2026-06-25
3406,씨유동탄헤리움점,휴게음식점,2024-04-16,,3.3,"경기도 화성시 동탄구 동탄대로411번길7,1층109,110호의일부호(여울동)",경기도 화성시 동탄구 여울동1025,2026-06-25
3407,텐퍼센트스페셜티커피동탄서연점,휴게음식점,2024-04-19,,36.56,"경기도 화성시 동탄구 동탄대로4길39,포트센트럴파크1층112호(장지동)",경기도 화성시 동탄구 장지동971-1,2026-06-25
3408,캣플동탄점,휴게음식점,2024-04-19,,82,"경기도 화성시 동탄구 동탄대로5길21,E417호(송동)",경기도 화성시 동탄구 송동726-1,2026-06-25
3409,카페인오후,휴게음식점,2024-04-19,,47.94,"경기도 화성시 동탄구 동탄순환대로823,에이팩시티1층135호(영천동)",경기도 화성시 동탄구 영천동652-4에이팩시티,2026-06-25
3410,카페레오,휴게음식점,2024-04-19,,80.2,"경기도 화성시 동탄구 동탄대로557-9,우성르보아시티A동212호(여울동)",경기도 화성시 동탄구 여울동1088-2우성르보아시티,2026-06-25
3411,휘잉,휴게음식점,2024-04-24,,61.78,"경기도 화성시 동탄구 지산2길16-10,1층102호(영천동)",경기도 화성시 동탄구 영천동703-10,2026-06-25
3412,아마존버블(Amazonbubble),휴게음식점,2024-04-24,,33.12,"경기도 화성시 동탄구 지산1길7-6,1층102호(영천동)",경기도 화성시 동탄구 영천동690-6,2026-06-25
3413,곱창좋은날,휴게음식점,2024-04-25,,10,"경기도 화성시 동탄구 동탄공원로2길22,동탄센트럴파크광장(반송동)",경기도 화성시 동탄구 반송동59,2026-06-25
3414,텐퍼센트커피동탄우미뉴브점,휴게음식점,2024-05-01,,48.88,"경기도 화성시 동탄구 동탄대로23길121,1층122호(영천동)",경기도 화성시 동탄구 영천동851,2026-06-25
3415,잇디저트데이(Eatdessertday),휴게음식점,2024-05-01,,40.6,"경기도 화성시 동탄구 동탄순환대로823,에이팩시티1층122호(영천동)",경기도 화성시 동탄구 영천동652-4에이팩시티,2026-06-25
3416,진보,휴게음식점,2024-05-03,,26.4,"경기도 화성시 동탄구 동탄순환대로27길30,1층일부호(영천동)",경기도 화성시 동탄구 영천동603-1,2026-06-25
3417,우지커피동탄역점,휴게음식점,2024-05-07,031-8043-3360,49.53,"경기도 화성시 동탄구 동탄대로489,동탄역우성타워1층106호(여울동)",경기도 화성시 동탄구 여울동969-3동탄역우성타워106호,2026-06-25
3418,무구삼육(MUGU36),휴게음식점,2024-05-08,,27.69,"경기도 화성시 동탄구 동탄지성로121,1층111호(반송동)",경기도 화성시 동탄구 반송동43-2,2026-06-25
3419,뿌띠케키,휴게음식점,2024-05-10,,45.27,"경기도 화성시 동탄구 동탄문화센터로75,2층207호(반송동,서해더블루럭스)",경기도 화성시 동탄구 반송동106-7서해더블루럭스,2026-06-25
3420,공차솔빛나루점,휴게음식점,2024-05-14,,50.91,"경기도 화성시 동탄구 동탄솔빛로47,능동프라자1층105호(반송동)",경기도 화성시 동탄구 반송동220-7능동프라자,2026-06-25
3421,리스,휴게음식점,2024-05-14,,49.4,"경기도 화성시 동탄구 여울로2길4,1층104,105호(능동)",경기도 화성시 동탄구 능동1143-12,2026-06-25
3422,자미당,휴게음식점,2024-05-16,,45.6,"경기도 화성시 동탄구 삼성1로144-9,1층105호(석우동)",경기도 화성시 동탄구 석우동31-7,2026-06-25
3423,텐퍼센트커피(TENPERCENT)동탄목동점,휴게음식점,2024-05-16,,40.66,"경기도 화성시 동탄구 동탄순환대로20길124,우성스타파크A1층120호(목동)",경기도 화성시 동탄구 목동487-8우성스타파크A,2026-06-25
3424,과일루팡,휴게음식점,2024-05-20,,40.79,"경기도 화성시 동탄구 노작로175,1층107호(반송동)",경기도 화성시 동탄구 반송동92-3,2026-06-25
3425,지정환피자동탄점,휴게음식점,2024-05-22,,19,"경기도 화성시 동탄구 동탄하나1길61,동탄헤리움1층102호일부호(능동)",경기도 화성시 동탄구 능동1065-1,2026-06-25
3426,CU동탄아이원점,휴게음식점,2024-05-23,,3.3,"경기도 화성시 동탄구 동탄대로1길20,1층일부(101)호(장지동)",경기도 화성시 동탄구 장지동928,2026-06-25
3427,카페(cafe)공간,휴게음식점,2024-05-27,,64.58,"경기도 화성시 동탄구 동탄기흥로257번나길14-2,1층일부(101)호(방교동)",경기도 화성시 동탄구 방교동754-5,2026-06-25
3428,우지커피동탄남광장점,휴게음식점,2024-05-30,,39.5,"경기도 화성시 동탄구 동탄중심상가1길33,동탄미래도프라자1층104호(반송동)",경기도 화성시 동탄구 반송동104-3동탄미래도프라자,2026-06-25
3429,제헤즈커피(JEHE'SCOFFEE),휴게음식점,2024-05-31,,37.31,"경기도 화성시 동탄구 동탄공원로3길19,1층일부(103)호(반송동)",경기도 화성시 동탄구 반송동44-6,2026-06-25
3430,SogoodCoffeeHouse(쏘굳커피하우스),휴게음식점,2024-06-04,,52,"경기도 화성시 동탄구 동탄치동천로3길26,1층일부(101호)호(영천동)",경기도 화성시 동탄구 영천동739-9,2026-06-25
3431,GS25동탄성심병원점,휴게음식점,2024-06-04,,3.3,"경기도 화성시 동탄구 큰재봉길7,지하1층GS25동탄성심병원점일부호(석우동)",경기도 화성시 동탄구 석우동40,2026-06-25
3432,오늘의커피,휴게음식점,2024-06-04,,31.52,"경기도 화성시 동탄구 동탄역로102,판매시설동2층2002호일부호(여울동,동탄역린스트라우스)",경기도 화성시 동탄구 여울동1020동탄역린스트라우스,2026-06-25
3433,(주)바스타미,휴게음식점,2024-06-04,,1764.6,"경기도 화성시 동탄구 풀무골로128-3,바스타미주건축물제1동1층일부,2,3,4층(중동)",경기도 화성시 동탄구 중동833-239,2026-06-25
3434,사랑해베이글동탄신도시점,휴게음식점,2024-06-07,,60.51,"경기도 화성시 동탄구 동탄산척로2가길29,1층101호(산척동)",경기도 화성시 동탄구 산척동712-4,2026-06-25
3435,공차동탄영천점,휴게음식점,2024-06-14,,41,"경기도 화성시 동탄구 동탄순환대로696,경서프라자1층106호(영천동)",경기도 화성시 동탄구 영천동681-5,2026-06-25
3436,공차롯데시네마동탄점,휴게음식점,2024-06-17,,41.8,"경기도 화성시 동탄구 동탄역로160,동탄역롯데캐슬롯데시네마동탄점동7층일부호(여울동)",경기도 화성시 동탄구 여울동1089동탄역롯데캐슬,2026-06-25
3437,꿈꾸는다섯손가락2관,휴게음식점,2024-06-18,,109.72,"경기도 화성시 동탄구 동탄순환대로3길42,1층전체호(송동)",경기도 화성시 동탄구 송동704-12,2026-06-25
3438,사거리커피,휴게음식점,2024-06-19,,31.8,"경기도 화성시 동탄구 동탄기흥로147-13,1층107호(방교동)",경기도 화성시 동탄구 방교동829-4,2026-06-25
3439,동원산업주식회사,휴게음식점,2024-06-19,02-589-3332,28.3,"경기도 화성시 동탄구 동탄중앙로376,화성동탄이마트1층일부호(석우동)",경기도 화성시 동탄구 석우동44화성동탄이마트,2026-06-25
3440,피자스쿨동탄여울공원점,휴게음식점,2024-06-20,,34.12,"경기도 화성시 동탄구 동탄광역환승로62,201동1층108호(여울동,동탄역삼정그린코아)",경기도 화성시 동탄구 여울동975동탄역삼정그린코아,2026-06-25
3441,동리카페,휴게음식점,2024-06-24,,95,"경기도 화성시 동탄구 동탄신리천로5가길83,2층(신동)",경기도 화성시 동탄구 신동74-1,2026-06-25
3442,세어니네스콘,휴게음식점,2024-06-26,,29.1,"경기도 화성시 동탄구 동탄하나2길30-10,1층102호(능동)",경기도 화성시 동탄구 능동1071-3,2026-06-25
3443,베니베이글,휴게음식점,2024-06-26,,42.93,"경기도 화성시 동탄구 동탄대로시범길134,1059호(청계동,동탄역시범반도유보라아이비파크4.0)",경기도 화성시 동탄구 청계동536동탄역시범반도유보라아이비파크4.0,2026-06-25
3444,GS25동탄이편한점,휴게음식점,2024-06-26,,3.3,"경기도 화성시 동탄구 동탄순환대로8길27,상가1동지하1층B101,B102호(장지동,동탄레이크파크자연&e편한세상)",경기도 화성시 동탄구 장지동970동탄레이크파크자연&e편한세상,2026-06-25
3445,지에스25동탄새강마을점,휴게음식점,2024-06-27,,3.3,"경기도 화성시 동탄구 10용사로463,동탄센트럴포레스트1층101,102호(반송동)",경기도 화성시 동탄구 반송동141동탄센트럴포레스트,2026-06-25
3446,별난매점,휴게음식점,2024-07-01,,25.2,"경기도 화성시 동탄구 지산2길3-5,1층일부(#01)호(영천동)",경기도 화성시 동탄구 영천동699-3,2026-06-25
3447,이마트24동탄이든앤스페이스점,휴게음식점,2024-07-02,,3.3,"경기도 화성시 동탄구 동탄영천로105,지하1층B112일부호(영천동)",경기도 화성시 동탄구 영천동878-2,2026-06-25
3448,레터프롬레몬,휴게음식점,2024-07-04,,35.28,"경기도 화성시 동탄구 여울로3길2,1층일부(103)호(능동)",경기도 화성시 동탄구 능동1104-13,2026-06-25
3449,빵빵웃음베이킹스튜디오,휴게음식점,2024-07-05,,33,"경기도 화성시 동탄구 노작로3길12,1층일부(103호,104호)호(반송동)",경기도 화성시 동탄구 반송동127-10,2026-06-25
3450,무무커피남동탄부영점,휴게음식점,2024-07-05,,30.66,"경기도 화성시 동탄구 동탄대로6길50,2층203일부호(산척동,더레이크시티부영5단지)",경기도 화성시 동탄구 산척동730더레이크시티부영5단지,2026-06-25
3451,아워시즌능동점,휴게음식점,2024-07-08,,75.95,"경기도 화성시 동탄구 여울로1길24,1층103,104호(능동)",경기도 화성시 동탄구 능동1145-1,2026-06-25
3452,이디야커피동탄장지점,휴게음식점,2024-07-10,,87,"경기도 화성시 동탄구 동탄장지천5길4-20,1층일부(103,104)호(장지동)",경기도 화성시 동탄구 장지동960-1,2026-06-25
3453,이가김밥,휴게음식점,2024-07-12,,31.73,"경기도 화성시 동탄구 동탄장지천5길4-10,1층일부호(101)호(장지동)",경기도 화성시 동탄구 장지동960-6,2026-06-25
3454,더넛코,휴게음식점,2024-07-15,,52,"경기도 화성시 동탄구 동탄공원로1길16-18,1층일부호(반송동)",경기도 화성시 동탄구 반송동67-1,2026-06-25
3455,세븐일레븐동탄석우점,휴게음식점,2024-07-15,,3.3,"경기도 화성시 동탄구 삼성1로156,이너매스플래티늄1층107호일부호(석우동)",경기도 화성시 동탄구 석우동31-3,2026-06-25
3456,이태겸커피,휴게음식점,2024-07-16,,46.98,"경기도 화성시 동탄구 동탄첨단산업1로27,금강펜테리움IX타워근린생활시설1층M32호,M33호(영천동)",경기도 화성시 동탄구 영천동823-6금강펜테리움IX타워,2026-06-25
3457,더벤티커피동탄G타워점,휴게음식점,2024-07-16,,44.07,"경기도 화성시 동탄구 동탄첨단산업2로43,동탄G타워지식산업센터1층117호(영천동)",경기도 화성시 동탄구 영천동875-2,2026-06-25
3458,좋은날(베이커리),휴게음식점,2024-07-17,,48.5,"경기도 화성시 동탄구 동탄순환대로14길21,1층102호(산척동)",경기도 화성시 동탄구 산척동818-7,2026-06-25
3459,세븐일레븐동탄멀티점,휴게음식점,2024-07-18,,3.3,"경기도 화성시 동탄구 동탄대로676,힐스테이트동탄역멀티플라이어근린생활시설지1층비128호,비129호(영천동)",경기도 화성시 동탄구 영천동872,2026-06-25
3460,프린샌드위치(prinsandwich)동탄센트럴파크점,휴게음식점,2024-07-18,,49.77,"경기도 화성시 동탄구 동탄공원로3길4-12,1층일부(102)호(반송동)",경기도 화성시 동탄구 반송동54-1,2026-06-25
3461,센팍놀터보드게임카페,휴게음식점,2024-07-22,,29,"경기도 화성시 동탄구 동탄지성로108,동탄삼성프라자3층302호일부호(반송동)",경기도 화성시 동탄구 반송동42-1동탄삼성프라자,2026-06-25
3462,소미담동탄이솔점,휴게음식점,2024-07-25,,28.66,"경기도 화성시 동탄구 동탄순환대로8길27,상가1동1층101호(장지동,동탄레이크파크자연&e편한세상)",경기도 화성시 동탄구 장지동970동탄레이크파크자연&e편한세상,2026-06-25
3463,서울은마꽈배기동탄나루점,휴게음식점,2024-07-26,,49.14,"경기도 화성시 동탄구 동탄솔빛로62,리첸프라자1층103호(반송동)",경기도 화성시 동탄구 반송동217-1리첸프라자,2026-06-25
3464,메가엠지씨커피동탄공원로사거리점,휴게음식점,2024-07-30,,75,"경기도 화성시 동탄구 동탄공원로24,덕천메디칼프라자1층일부(102)호(반송동)",경기도 화성시 동탄구 반송동61-11덕천메디칼프라자,2026-06-25
3465,단짝,휴게음식점,2024-08-06,,46.36,"경기도 화성시 동탄구 동탄솔빛로51,인창프라자1층106호(반송동)",경기도 화성시 동탄구 반송동220-5인창프라자,2026-06-25
3466,그린밸런스,휴게음식점,2024-08-07,,50.13,"경기도 화성시 동탄구 동탄반석로172,지1층B42호(반송동,동탄파라곤)",경기도 화성시 동탄구 반송동93-3동탄파라곤,2026-06-25
3467,우지커피동탄나루마을점,휴게음식점,2024-08-09,,50.75,"경기도 화성시 동탄구 동탄솔빛로64,가희프라자21층103호(반송동)",경기도 화성시 동탄구 반송동218-2가희프라자2,2026-06-25
3468,김종구부산어묵동탄나루마을점,휴게음식점,2024-08-09,,43.2,"경기도 화성시 동탄구 동탄솔빛로65,정림프라자1층104호(반송동)",경기도 화성시 동탄구 반송동219-3정림프라자,2026-06-25
3469,마리에김밥,휴게음식점,2024-08-12,,43.29,"경기도 화성시 동탄구 동탄순환대로696,경서프라자1층109호(영천동)",경기도 화성시 동탄구 영천동681-5,2026-06-25
3470,카페요아정동탄목동점,휴게음식점,2024-08-13,,39.22,"경기도 화성시 동탄구 왕배산3길29,1층일부(102호)호(목동)",경기도 화성시 동탄구 목동457-3,2026-06-25
3471,제로백PC동탄북광장점,휴게음식점,2024-08-14,,21,"경기도 화성시 동탄구 동탄중심상가2길29,세림프라자3층302,303일부호(반송동)",경기도 화성시 동탄구 반송동88-6세림프라자,2026-06-25
3472,달롱도르요거트아이스크림서동탄점,휴게음식점,2024-08-16,,40,"경기도 화성시 동탄구 동탄공원로1길22-20,1층일부(103)호(반송동)",경기도 화성시 동탄구 반송동64-1,2026-06-25
3473,꾹꾹샌드&꾹꾹싸매스튜디오,휴게음식점,2024-08-19,,54.52,"경기도 화성시 동탄구 동탄대로677-10,동탄IT밸리지식산업센터1층106호,106-1호(영천동)",경기도 화성시 동탄구 영천동846-3,2026-06-25
3474,해쉬커피동탄금강IX타워점,휴게음식점,2024-08-20,,48.52,"경기도 화성시 동탄구 동탄첨단산업1로27,금강펜테리움IX타워근린생활시설동1층M28,M50호(영천동)",경기도 화성시 동탄구 영천동823-6금강펜테리움IX타워,2026-06-25
3475,콩카페동탄레이크꼬모점,휴게음식점,2024-08-21,,69.18,"경기도 화성시 동탄구 동탄대로181,판매시설A동2층257호,258호(송동,동탄린스트라우스더레이크)",경기도 화성시 동탄구 송동694동탄린스트라우스더레이크,2026-06-25
3476,지에스25동탄금호점,휴게음식점,2024-08-21,,3.3,"경기도 화성시 동탄구 동탄중앙로213-1,동탄시범한빛마을금호어울림아파트상가동동1층103일부호(반송동)",경기도 화성시 동탄구 반송동82동탄시범한빛마을금호어울림아파트,2026-06-25
3477,GS25신동포레점,휴게음식점,2024-08-21,,3.3,"경기도 화성시 동탄구 동탄신리천로2길66,115일부호(신동,동탄2신동포레경기행복주택)",경기도 화성시 동탄구 신동638동탄2신동포레경기행복주택,2026-06-25
3478,냠냠쿠키,휴게음식점,2024-08-21,,40.02,"경기도 화성시 동탄구 동탄순환대로10길88,지1층B146호(산척동,레이크힐반도유보라아이비파크10.2)",경기도 화성시 동탄구 산척동745레이크힐반도유보라아이비파크10.2,2026-06-25
3479,메가엠지씨커피능동숲속마을점,휴게음식점,2024-08-22,,47.25,"경기도 화성시 동탄구 동탄숲속로98,동탄숲속마을모아미래도1단지상가동지1층108호(능동)",경기도 화성시 동탄구 능동1132동탄숲속마을모아미래도1단지,2026-06-25
3480,야다카페,휴게음식점,2024-08-28,,191.27,"경기도 화성시 동탄구 여울로4길66,1층전체호(능동)",경기도 화성시 동탄구 능동1100-10,2026-06-25
3481,뉴욕꽈배기동탄역점,휴게음식점,2024-08-28,,49.08,"경기도 화성시 동탄구 동탄대로557-9,우성르보아시티A동1층107호(여울동)",경기도 화성시 동탄구 여울동1088-2우성르보아시티,2026-06-25
3482,카페요아정동탄석우점,휴게음식점,2024-08-28,,49.92,"경기도 화성시 동탄구 큰재봉길23-11,동탄삼성쉐르빌1층128호(석우동)",경기도 화성시 동탄구 석우동36-1동탄삼성쉐르빌,2026-06-25
3483,아스데코,휴게음식점,2024-08-30,,134.64,"경기도 화성시 동탄구 10용사3길7,1층(반송동)",경기도 화성시 동탄구 반송동145-6,2026-06-25
3484,메가엠지씨커피동탄산업단지점,휴게음식점,2024-09-03,,57.38,"경기도 화성시 동탄구 동탄기흥로147-15,1동1층105호(방교동)",경기도 화성시 동탄구 방교동829-3,2026-06-25
3485,신전떡볶이,휴게음식점,2024-09-05,,47.58,"경기도 화성시 동탄구 동탄지성로148,제이스프라자1층108호(능동)",경기도 화성시 동탄구 능동1113-1제이스프라자,2026-06-25
3486,달롱도르요거트아이스크림산척점,휴게음식점,2024-09-06,,18.31,"경기도 화성시 동탄구 동탄대로8길58,파케이드아크1층107호일부호(산척동)",경기도 화성시 동탄구 산척동725-1,2026-06-25
3487,화채한박스산척점,휴게음식점,2024-09-06,,18.31,"경기도 화성시 동탄구 동탄대로8길58,파케이드아크1층107호일부호(산척동)",경기도 화성시 동탄구 산척동725-1,2026-06-25
3488,떡기리동탄호수공원점,휴게음식점,2024-09-11,,92.84,"경기도 화성시 동탄구 동탄대로181,판매시설B동지하2층CB212,213호(송동,동탄린스트라우스더레이크)",경기도 화성시 동탄구 송동694동탄린스트라우스더레이크,2026-06-25
3489,GS25서동탄역점,휴게음식점,2024-09-24,,3,"경기도 화성시 동탄구 남여울2길25,1층일부호(능동)",경기도 화성시 동탄구 능동1163-6,2026-06-25
3490,씨유동탄비전IT타워점,휴게음식점,2024-09-25,,3.3,"경기도 화성시 동탄구 동탄대로677-5,1층109호(영천동)",경기도 화성시 동탄구 영천동848-1,2026-06-25
3491,커피타임능동점,휴게음식점,2024-09-26,,22.5,"경기도 화성시 동탄구 동탄공원로21-14,푸른마을포스코더샾2차상가동지1층103-1호(능동)",경기도 화성시 동탄구 능동1134푸른마을포스코더샾2차,2026-06-25
3492,스마일꽈배기,휴게음식점,2024-09-30,,34.71,"경기도 화성시 동탄구 동탄순환대로704,1층108호(영천동)",경기도 화성시 동탄구 영천동681-3,2026-06-25
3493,발도스커피동탄역점,휴게음식점,2024-10-02,,49.24,"경기도 화성시 동탄구 동탄대로676,지하1층B124호(영천동)",경기도 화성시 동탄구 영천동872,2026-06-25
3494,지에스25동탄유보라점,휴게음식점,2024-10-04,,3.3,"경기도 화성시 동탄구 동탄순환대로26길55,416동지1층203호일부호(영천동,동탄역반도유보라아이비파크2.0)",경기도 화성시 동탄구 영천동716동탄역반도유보라아이비파크2.0,2026-06-25
3495,집나갔던며느리의생선구이,휴게음식점,2024-10-10,,32.2,"경기도 화성시 동탄구 동탄순환대로12길85,3655동지하1층B138호(산척동,그린힐반도유보라아이비파크10)",경기도 화성시 동탄구 산척동744그린힐반도유보라아이비파크10,2026-06-25
3496,카페요아정동탄카림시범단지점,휴게음식점,2024-10-10,,45.04,"경기도 화성시 동탄구 동탄대로시범길148-58,1층102호(청계동)",경기도 화성시 동탄구 청계동534-2,2026-06-25
3497,메가엠지씨커피동탄호반써밋점,휴게음식점,2024-10-15,,46.17,"경기도 화성시 동탄구 동탄신리천로4길48,근린생활시설1동1층109호(신동,호반써밋동탄)",경기도 화성시 동탄구 신동산179호반써밋동탄,2026-06-25
3498,차뜨락심리상담센터,휴게음식점,2024-10-15,,20.2,"경기도 화성시 동탄구 동탄기흥로257번가길20-14,1층일부호(방교동)",경기도 화성시 동탄구 방교동769-10,2026-06-25
3499,그라츠커피랩동탄여울공원점,휴게음식점,2024-10-16,,47.88,"경기도 화성시 동탄구 동탄광역환승로62,더시티201동1층115호(여울동,동탄역삼정그린코아)",경기도 화성시 동탄구 여울동975동탄역삼정그린코아,2026-06-25
3500,우지커피동탄타임스퀘어점,휴게음식점,2024-10-21,,58.76,"경기도 화성시 동탄구 동탄대로683,SHSQUARⅡ1층130호(영천동)",경기도 화성시 동탄구 영천동846-2,2026-06-25
3501,씨유능동주공점,휴게음식점,2024-10-23,,3.3,"경기도 화성시 동탄구 동탄원천로338-12,동탄능동마을주공아파트상가동1층104,105호(능동)",경기도 화성시 동탄구 능동1062동탄능동마을주공아파트,2026-06-25
3502,델리시유,휴게음식점,2024-10-25,,30.03,"경기도 화성시 동탄구 동탄대로677-12,효성아이씨티타워지식산업센터효성ICT타워1층131호(영천동)",경기도 화성시 동탄구 영천동846-1,2026-06-25
3503,씨유동탄G타워점,휴게음식점,2024-10-28,,3.3,"경기도 화성시 동탄구 동탄첨단산업2로43,1층121호(영천동)",경기도 화성시 동탄구 영천동875-2,2026-06-25
3504,한잎꼬마김밥청계점,휴게음식점,2024-10-28,,46.17,"경기도 화성시 동탄구 동탄대로시범길134,판매시설동1층1140호(청계동,동탄역시범반도유보라아이비파크4.0)",경기도 화성시 동탄구 청계동536동탄역시범반도유보라아이비파크4.0,2026-06-25
3505,이삭토스트화성동탄나루마을점,휴게음식점,2024-10-30,,49.14,"경기도 화성시 동탄구 동탄솔빛로61,훼미리빌딩1층107호(반송동)",경기도 화성시 동탄구 반송동220-1훼미리빌딩,2026-06-25
3506,요거피플동탄신도시점,휴게음식점,2024-10-30,,21.2,"경기도 화성시 동탄구 동탄대로21길10,1층117호(영천동)",경기도 화성시 동탄구 영천동652-5,2026-06-25
3507,GS25동탄일등점,휴게음식점,2024-10-31,,3.3,"경기도 화성시 동탄구 동탄기흥로520번나길2,1층일부호(영천동)",경기도 화성시 동탄구 영천동801-1,2026-06-25
3508,와플레이,휴게음식점,2024-11-01,,43.29,"경기도 화성시 동탄구 동탄대로시범길193,1층105호(청계동)",경기도 화성시 동탄구 청계동531-4,2026-06-25
3509,루솔,휴게음식점,2024-11-01,,23.1,"경기도 화성시 동탄구 동탄역로160,롯데백화점동탄점지하1층일부(여울동)",경기도 화성시 동탄구 여울동1089동탄역롯데캐슬,2026-06-25
3510,치즈당동탄카림센텀점,휴게음식점,2024-11-04,,48.6,"경기도 화성시 동탄구 동탄대로시범길142,1층104호(청계동)",경기도 화성시 동탄구 청계동535-2,2026-06-25
3511,메가엠지씨커피동탄라크몽점,휴게음식점,2024-11-05,,44.26,"경기도 화성시 동탄구 동탄대로5길21,라크몽1층W125호(송동)",경기도 화성시 동탄구 송동726-1,2026-06-25
3512,유녹,휴게음식점,2024-11-08,,116.57,"경기도 화성시 동탄구 여울로1길3-9,1층(능동)",경기도 화성시 동탄구 능동1149-3,2026-06-25
3513,주식회사빅바이트컴퍼니잠바주스롯데동탄점,휴게음식점,2024-11-08,,109.8,"경기도 화성시 동탄구 동탄역로160,롯데백화점동탄점지하1층일부(여울동)",경기도 화성시 동탄구 여울동1089동탄역롯데캐슬,2026-06-25
3514,잣품은그집호두과자,휴게음식점,2024-11-11,,21.4,"경기도 화성시 동탄구 동탄역로160,동탄역롯데캐슬판매시설동지1층일부호(여울동)",경기도 화성시 동탄구 여울동1089동탄역롯데캐슬,2026-06-25
3515,매머드익스프레스동탄방교점,휴게음식점,2024-11-12,,68,"경기도 화성시 동탄구 동탄기흥로31,1층111호(방교동)",경기도 화성시 동탄구 방교동844-4,2026-06-25
3516,미미호두과자그란비아스타점,휴게음식점,2024-11-25,,13.03,"경기도 화성시 동탄구 동탄대로446,동탄역그란비아스타1층1139호(청계동)",경기도 화성시 동탄구 청계동564동탄역그란비아스타,2026-06-25
3517,꼬뭉요거트,휴게음식점,2024-11-25,,9.88,"경기도 화성시 동탄구 동탄첨단산업1로27,금강펜테리움IX타워근린생활시설동지1층MB46호(영천동)",경기도 화성시 동탄구 영천동823-6금강펜테리움IX타워,2026-06-25
3518,하루베이크동탄점,휴게음식점,2024-11-25,,32.57,"경기도 화성시 동탄구 동탄반송3길46-18,1층일부(101)호(반송동)",경기도 화성시 동탄구 반송동16-7,2026-06-25
3519,팝업가이즈,휴게음식점,2024-11-26,,12.87,"경기도 화성시 동탄구 동탄첨단산업1로27,금강펜테리움IX타워근린생활시설동지하1층MB45호(영천동)",경기도 화성시 동탄구 영천동823-6금강펜테리움IX타워,2026-06-25
3520,코브라운지,휴게음식점,2024-12-04,,22.75,"경기도 화성시 동탄구 동탄중앙로220,상가동B블럭2층일부(203호)호(반송동,메타폴리스)",경기도 화성시 동탄구 반송동96메타폴리스,2026-06-25
3521,한국맥도날드(유)동탄2DT점,휴게음식점,2024-12-06,,497.4,"경기도 화성시 동탄구 동탄순환대로754-9,맥도날드동탄2DT1층,2층(영천동)",경기도 화성시 동탄구 영천동871-4,2026-06-25
3522,붕어빵,휴게음식점,2024-12-09,,41.45,"경기도 화성시 동탄구 동탄순환대로17길31,상가3동지하1층126호(산척동,중흥에스클래스에듀하이)",경기도 화성시 동탄구 산척동791중흥에스클래스에듀하이,2026-06-25
3523,쩡이네분식,휴게음식점,2024-12-09,,3.3,"경기도 화성시 동탄구 동탄대로10길20,B동지1층B10일부호(산척동,동탄더샵레이크에듀타운)",경기도 화성시 동탄구 산척동699동탄더샵레이크에듀타운,2026-06-25
3524,미쓰족발,휴게음식점,2024-12-10,,10.63,"경기도 화성시 동탄구 동탄중앙로376,이마트동탄점지하1층일부호(석우동)",경기도 화성시 동탄구 석우동44화성동탄이마트,2026-06-25
3525,24시무인카페만월경동탄청계점,휴게음식점,2024-12-11,,24.96,"경기도 화성시 동탄구 동탄순환대로22길46,상가1동1층111호(청계동,동탄역더힐)",경기도 화성시 동탄구 청계동556동탄역더힐,2026-06-25
3526,던킨동탄하나로점,휴게음식점,2024-12-13,,56.1,"경기도 화성시 동탄구 동탄순환대로27길30,가동2층일부호(영천동)",경기도 화성시 동탄구 영천동603-1,2026-06-25
3527,투썸플레이스화성능동점,휴게음식점,2024-12-16,,272.97,"경기도 화성시 동탄구 여울로3길22,1층일부호(능동)",경기도 화성시 동탄구 능동1100-12,2026-06-25
3528,아이키친동탄점,휴게음식점,2024-12-19,,79.5,"경기도 화성시 동탄구 동탄대로시범길134,2층2056,2057호(청계동,동탄역시범반도유보라아이비파크4.0)",경기도 화성시 동탄구 청계동536동탄역시범반도유보라아이비파크4.0,2026-06-25
3529,빙동댕남동탄점,휴게음식점,2024-12-19,,31.98,"경기도 화성시 동탄구 동탄산척로2나길16-8,1층일부(103호)호(산척동)",경기도 화성시 동탄구 산척동707-11,2026-06-25
3530,어니언수제어묵,휴게음식점,2024-12-19,,44.2,"경기도 화성시 동탄구 동탄역로160,롯데백화점동탄점지하1층일부호(여울동)",경기도 화성시 동탄구 여울동1089동탄역롯데캐슬,2026-06-25
3531,GS25신동행복점,휴게음식점,2024-12-20,,3.3,"경기도 화성시 동탄구 동탄신리천로5가길35,상가2동1층101,102호(신동,동탄(2)38단지행복주택)",경기도 화성시 동탄구 신동111-1동탄(2)38단지행복주택,2026-06-25
3532,메가엠지씨커피동탄신리천공원교차로점,휴게음식점,2024-12-24,,54.4,"경기도 화성시 동탄구 왕배산길7,1층105호(목동)",경기도 화성시 동탄구 목동496-1,2026-06-25
3533,투썸플레이스동탄테크노밸리점,휴게음식점,2024-12-26,,165.3,"경기도 화성시 동탄구 동탄순환대로878,동탄IT타워1층108호,109호,110호(영천동)",경기도 화성시 동탄구 영천동832-3,2026-06-25
3534,지에스25센트럴힐즈점,휴게음식점,2024-12-30,,3.3,"경기도 화성시 동탄구 동탄대로12길71,1층101,102일부호(여울동,화성동탄2센트럴힐즈동탄아파트)",경기도 화성시 동탄구 여울동1046화성동탄2센트럴힐즈동탄아파트,2026-06-25
3535,GS25동탄레이크점,휴게음식점,2024-12-31,,3.3,"경기도 화성시 동탄구 동탄대로9길20,상가동1층101,102호(송동,동탄2LH26단지아파트A65BL)",경기도 화성시 동탄구 송동692동탄2LH26단지아파트A65BL,2026-06-25
3536,든든한김밥,휴게음식점,2025-01-02,,38.4,"경기도 화성시 동탄구 동탄순환대로701,SR리버스빌주건축물제1동1층109호(영천동)",경기도 화성시 동탄구 영천동678-3,2026-06-25
3537,씨유동탄삼성어반점,휴게음식점,2025-01-02,,3.3,"경기도 화성시 동탄구 동탄대로637,삼성어반타워1층121호일부호(영천동)",경기도 화성시 동탄구 영천동852-2,2026-06-25
3538,욜로PC방화성반송점,휴게음식점,2025-01-10,,20.4,"경기도 화성시 동탄구 동탄지성로109,골드프라자3층303호일부호(반송동)",경기도 화성시 동탄구 반송동43-6골드프라자,2026-06-25
3539,현스베이글스퀘어,휴게음식점,2025-01-10,,67.42,"경기도 화성시 동탄구 동탄문화센터로75,1층116호(반송동,서해더블루럭스)",경기도 화성시 동탄구 반송동106-7서해더블루럭스,2026-06-25
3540,브레인푸딩,휴게음식점,2025-01-13,,72.69,"경기도 화성시 동탄구 동탄대로537,라스플로레스B동2층215호(여울동)",경기도 화성시 동탄구 여울동1019,2026-06-25
3541,수자씨,휴게음식점,2025-01-15,,29.85,"경기도 화성시 동탄구 동탄원천로315-18,상가동1층102호(능동,동탄능동마을상록예가아파트)",경기도 화성시 동탄구 능동1087동탄능동마을상록예가아파트,2026-06-25
3542,메가원탑PC방-동탄점,휴게음식점,2025-01-15,,30.56,"경기도 화성시 동탄구 동탄기흥로447-32,동탄헤미쉬2층205,206,207일부호(여울동)",경기도 화성시 동탄구 여울동976-1,2026-06-25
3543,(주)더블유앤컬쳐,휴게음식점,2025-01-20,,50.16,"경기도 화성시 동탄구 동탄산단8길20,이레타워1층일부(103호)호(방교동)",경기도 화성시 동탄구 방교동833-2,2026-06-25
3544,아이센스블랙라벨PC존동탄북광장점,휴게음식점,2025-01-20,,28.7,"경기도 화성시 동탄구 동탄중심상가2길35,중앙프라자4층403호일부호(반송동)",경기도 화성시 동탄구 반송동88-3중앙프라자,2026-06-25
3545,카페만월경반송점,휴게음식점,2025-01-23,,30.37,"경기도 화성시 동탄구 동탄반석로39,동탄나루마을신도브래뉴1층105호(반송동)",경기도 화성시 동탄구 반송동215동탄나루마을신도브래뉴,2026-06-25
3546,행복카페,휴게음식점,2025-01-24,,44,"경기도 화성시 동탄구 동탄순환대로28길17,317동(상가-2)지1층B102호(영천동,동탄역이지더원)",경기도 화성시 동탄구 영천동672동탄역이지더원,2026-06-25
3547,모모케이크,휴게음식점,2025-01-24,,40.56,"경기도 화성시 동탄구 동탄순환대로400,우성스타시티A1층117호(목동)",경기도 화성시 동탄구 목동487-2,2026-06-25
3548,빨라쪼델프레도농협동탄유통센터점,휴게음식점,2025-02-06,,13.2,"경기도 화성시 동탄구 동탄순환대로27길30,1층일부호(영천동)",경기도 화성시 동탄구 영천동603-1,2026-06-25
3549,요거트월드동탄호수공원점,휴게음식점,2025-02-06,,43.92,"경기도 화성시 동탄구 동탄순환대로127-19,동탄에스비타운1층117호(산척동)",경기도 화성시 동탄구 산척동728-3동탄에스비타운,2026-06-25
3550,스톨른아워즈(StolenHours),휴게음식점,2025-02-07,,32.39,"경기도 화성시 동탄구 동탄대로5길29,대방엘리움레이크파크판매시설동1층판매3-129호(송동)",경기도 화성시 동탄구 송동725-9대방엘리움레이크파크,2026-06-25
3551,Lake카페,휴게음식점,2025-02-07,,72.7,"경기도 화성시 동탄구 동탄장지천2길2-7,1층일부(102)호(장지동)",경기도 화성시 동탄구 장지동938-3,2026-06-25
3552,카페루멘,휴게음식점,2025-02-14,,120,"경기도 화성시 동탄구 노작로226-7,동탄산타플러스1층103,106호(석우동)",경기도 화성시 동탄구 석우동59-5,2026-06-25
3553,메가엠지씨커피동탄역디에트르퍼스티지점,휴게음식점,2025-02-19,,43.16,"경기도 화성시 동탄구 동탄오산로29,동탄역디에트르퍼스티지판매시설1층D-119호(여울동)",경기도 화성시 동탄구 여울동979,2026-06-25
3554,커피랑김밥12,휴게음식점,2025-02-21,,37.74,"경기도 화성시 동탄구 동탄신리천로414,1동1층110호(목동)",경기도 화성시 동탄구 목동496-5,2026-06-25
3555,빽다방동탄역디에트르더마당점,휴게음식점,2025-02-21,,37.1,"경기도 화성시 동탄구 동탄오산로29,동탄2신도시동탄역디에트르퍼스티지판매시설지하1층C-B106호(여울동)",경기도 화성시 동탄구 여울동979,2026-06-25
3556,컴포즈커피동탄대방디에트르점,휴게음식점,2025-02-25,,45.73,"경기도 화성시 동탄구 동탄오산로29,동탄2신도시동탄역디에트르퍼스티지판매시설1층D-123호(여울동)",경기도 화성시 동탄구 여울동979,2026-06-25
3557,짱구네떡볶이,휴게음식점,2025-02-27,,48.18,"경기도 화성시 동탄구 동탄대로시범길142,센텀프라자1층105호(청계동)",경기도 화성시 동탄구 청계동535-2,2026-06-25
3558,투비커피(ToBeCoffee),휴게음식점,2025-03-04,,46.8,"경기도 화성시 동탄구 동탄첨단산업1로27,금강펜테리움IX타워지1층MB16호(영천동)",경기도 화성시 동탄구 영천동823-6금강펜테리움IX타워,2026-06-25
3559,메가엠지씨커피동탄금강펜테리움센트럴점,휴게음식점,2025-03-04,,39.5,"경기도 화성시 동탄구 동탄대로12길64,근린생활시설동1층107호(여울동,동탄2신도시금강펜테리움센트럴파크Ⅰ)",경기도 화성시 동탄구 여울동1047동탄2신도시금강펜테리움센트럴파크Ⅰ,2026-06-25
3560,해피베어데이,휴게음식점,2025-03-05,,18.7,"경기도 화성시 동탄구 동탄역로160,롯데백화점동탄점지하1층일부호(여울동)",경기도 화성시 동탄구 여울동1089동탄역롯데캐슬,2026-06-25
3561,씨유동탄대방디에트르점,휴게음식점,2025-03-05,,3.3,"경기도 화성시 동탄구 동탄오산로29,동탄2신도시동탄역디에트르퍼스티지판매시설동1층D-120호(여울동)",경기도 화성시 동탄구 여울동979,2026-06-25
3562,디저트연구소동탄점,휴게음식점,2025-03-06,,20.8,"경기도 화성시 동탄구 동탄대로21가길4-3,영천주차타워1동1층116호(영천동)",경기도 화성시 동탄구 영천동657-1,2026-06-25
3563,GS25동탄엘크루점,휴게음식점,2025-03-07,,3.3,"경기도 화성시 동탄구 동탄대로1길92,엔에이치에프엘크루상가동1층101,102,103일부호(장지동)",경기도 화성시 동탄구 장지동914,2026-06-25
3564,관악정카페테리아(후문동),휴게음식점,2025-03-10,,391.2,"경기도 화성시 동탄구 중리길183,리베라CC클럽하우스후문동1층일부호(청계동)",경기도 화성시 동탄구 청계동510-385리베라CC클럽하우스,2026-06-25
3565,요거트퍼플동탄반송점,휴게음식점,2025-03-10,,21.49,"경기도 화성시 동탄구 동탄반송길28,1층일부호(반송동)",경기도 화성시 동탄구 반송동6-4,2026-06-25
3566,요거트월드동탄솔빛나루점,휴게음식점,2025-03-11,,49.14,"경기도 화성시 동탄구 동탄솔빛로62,리첸프라자1층106호(반송동)",경기도 화성시 동탄구 반송동217-1리첸프라자,2026-06-25
3567,포트캔커피동탄리베라cc점,휴게음식점,2025-03-11,,47.6,"경기도 화성시 동탄구 동탄대로14길5-19,1동1층일부(101호)호(여울동)",경기도 화성시 동탄구 여울동1030-9,2026-06-25
3568,장지동865커피집,휴게음식점,2025-03-11,,79.65,"경기도 화성시 동탄구 경기동로538,1층(장지동)",경기도 화성시 동탄구 장지동865,2026-06-25
3569,테이스팅독,휴게음식점,2025-03-11,,40.9,"경기도 화성시 동탄구 동탄순환대로29길52,신세계프라자지하1층B01호(영천동)",경기도 화성시 동탄구 영천동675-1,2026-06-25
3570,카페포레,휴게음식점,2025-03-12,,141.27,"경기도 화성시 동탄구 삼성1로84,동탄삼희프라자1층105호(석우동)",경기도 화성시 동탄구 석우동46,2026-06-25
3571,카페요아정동탄북광장점,휴게음식점,2025-03-13,,72.54,"경기도 화성시 동탄구 동탄중심상가2길36,네오프라자2층203호(반송동)",경기도 화성시 동탄구 반송동87-7네오프라자,2026-06-25
3572,빽다방동탄산업단지점,휴게음식점,2025-03-13,,45.51,"경기도 화성시 동탄구 동탄기흥로147-13,센터프라자1층101호(방교동)",경기도 화성시 동탄구 방교동829-4,2026-06-25
3573,카운팅스타동탄레이크꼬모점,휴게음식점,2025-03-13,,26.8,"경기도 화성시 동탄구 동탄대로181,판매시설A동1층168호일부호(송동,동탄린스트라우스더레이크)",경기도 화성시 동탄구 송동694동탄린스트라우스더레이크,2026-06-25
3574,GS25동탄아너스점,휴게음식점,2025-03-14,,3.3,"경기도 화성시 동탄구 동탄신리천로7길47,근린생활시설동지1층6호일부호(신동,e편한세상동탄파크아너스)",경기도 화성시 동탄구 신동0e편한세상동탄파크아너스,2026-06-25
3575,매머드익스프레스동탄원희캐슬점,휴게음식점,2025-03-17,,57.72,"경기도 화성시 동탄구 삼성1로5길6,원희캐슬동탄1층102호(석우동)",경기도 화성시 동탄구 석우동1-9,2026-06-25
3576,악어떡볶이동탄점,휴게음식점,2025-03-17,,26.2,"경기도 화성시 동탄구 동탄역로160,롯데백화점동탄점지하1층일부(여울동)",경기도 화성시 동탄구 여울동1089동탄역롯데캐슬,2026-06-25
3577,디저트동글,휴게음식점,2025-03-17,,46.57,"경기도 화성시 동탄구 동탄신리천로2길66,근린생활시설동지1층B106호일부호(신동,동탄2신동포레경기행복주택)",경기도 화성시 동탄구 신동638동탄2신동포레경기행복주택,2026-06-25
3578,우지커피동탄북광장점,휴게음식점,2025-03-18,,48.5,"경기도 화성시 동탄구 동탄중심상가2길7,씨티플러스1층102호(반송동)",경기도 화성시 동탄구 반송동88-11씨티플러스,2026-06-25
3579,이모네떡볶이,휴게음식점,2025-03-19,031-372-2263,38.61,"경기도 화성시 동탄구 동탄순환대로18길16,동탄센터프라자1동1층102호(목동)",경기도 화성시 동탄구 목동488-2,2026-06-25
3580,디저트연구소영천점,휴게음식점,2025-03-19,,26,"경기도 화성시 동탄구 동탄대로21가길4-3,영천주차타워1동1층116일부호(영천동)",경기도 화성시 동탄구 영천동657-1,2026-06-25
3581,일퍼센트커피,휴게음식점,2025-03-21,,41.34,"경기도 화성시 동탄구 삼성전자로8,세비앙오피스텔1층112호(석우동)",경기도 화성시 동탄구 석우동32-5,2026-06-25
3582,카페만월경동탄산척점,휴게음식점,2025-03-26,,27.19,"경기도 화성시 동탄구 동탄순환대로10길88,지하1층B107호(산척동,레이크힐반도유보라아이비파크10.2)",경기도 화성시 동탄구 산척동745레이크힐반도유보라아이비파크10.2,2026-06-25
3583,다온카빙,휴게음식점,2025-03-28,,91.98,"경기도 화성시 동탄구 노작로2길7,1층전체호(반송동)",경기도 화성시 동탄구 반송동127-3,2026-06-25
3584,허브(HUB),휴게음식점,2025-03-31,,33,"경기도 화성시 동탄구 동탄순환대로22길46,상가1동1층105호일부호(청계동,동탄역더힐)",경기도 화성시 동탄구 청계동556동탄역더힐,2026-06-25
3585,티투스티하우스(Titus),휴게음식점,2025-03-31,,37.9,"경기도 화성시 동탄구 동탄대로5길15,더샵동탄센텀폴리스1단지그랑파사쥬동4층4057호일부호(송동)",경기도 화성시 동탄구 송동725-4더샵동탄센텀폴리스1단지,2026-06-25
3586,쉴만한물가,휴게음식점,2025-04-02,,18,"경기도 화성시 동탄구 동탄대로489,동탄역우성타워11층1101일부호(여울동)",경기도 화성시 동탄구 여울동969-3동탄역우성타워,2026-06-25
3587,백억커피동탄목동점,휴게음식점,2025-04-03,,41.41,"경기도 화성시 동탄구 동탄신리천로411,우성스타타워1층101호(목동)",경기도 화성시 동탄구 목동487-5,2026-06-25
3588,정다함25호,휴게음식점,2025-04-03,,3.5,"경기도 화성시 동탄구 동탄대로4길123,동탄2아이파크1단지정문옆상가뒷라인호(장지동,동탄2아이파크)",경기도 화성시 동탄구 장지동1010동탄2아이파크,2026-06-25
3589,프루케본점,휴게음식점,2025-04-07,,33.82,"경기도 화성시 동탄구 동탄대로587,1층104호(영천동)",경기도 화성시 동탄구 영천동658-6,2026-06-25
3590,달콤하우스,휴게음식점,2025-04-08,,41.32,"경기도 화성시 동탄구 동탄광역환승로73,207동1층E143호(여울동,동탄역반도유보라아이비파크8.0)",경기도 화성시 동탄구 여울동973동탄역반도유보라아이비파크8.0,2026-06-25
3591,씨유동탄리더스타워점,휴게음식점,2025-04-08,,3.3,"경기도 화성시 동탄구 동탄신리천로407,1층103일부호(목동)",경기도 화성시 동탄구 목동487-4,2026-06-25
3592,엘라디저트,휴게음식점,2025-04-09,,34.4,"경기도 화성시 동탄구 동탄대로5길29,대방엘리움레이크파크판매시설2층판매1-208호(송동)",경기도 화성시 동탄구 송동725-9대방엘리움레이크파크,2026-06-25
3593,카페라르고,휴게음식점,2025-04-09,,45.7,"경기도 화성시 동탄구 동탄오산로29,동탄2신도시동탄역디에트르퍼스티지판매시설지1층C-B102호(여울동)",경기도 화성시 동탄구 여울동979,2026-06-25
3594,우지커피동탄센트럴파크점,휴게음식점,2025-04-10,,98.28,"경기도 화성시 동탄구 동탄지성로94,하나로오피스텔1층102,103호(반송동)",경기도 화성시 동탄구 반송동42-5하나로오피스텔,2026-06-25
3595,유아트(YOUART),휴게음식점,2025-04-10,,47.72,"경기도 화성시 동탄구 동탄대로5길21,라크몽2층E225호(송동)",경기도 화성시 동탄구 송동726-1,2026-06-25
3596,요아정동탄이산점,휴게음식점,2025-04-15,,40.24,"경기도 화성시 동탄구 동탄기흥로353번길99-7,동탄안강프라이빗에듀1층101호(여울동)",경기도 화성시 동탄구 여울동997-3,2026-06-25
3597,컴포즈커피동탄장지점,휴게음식점,2025-04-15,,72.6,"경기도 화성시 동탄구 동탄장지천6길62,1층일부호(장지동)",경기도 화성시 동탄구 장지동1014-3,2026-06-25
3598,매머드익스프레스동탄루체스타비즈점,휴게음식점,2025-04-17,,88.3,"경기도 화성시 동탄구 동탄기흥로594-7,루체스타비즈1층108,109호(영천동)",경기도 화성시 동탄구 영천동836-2루체스타비즈,2026-06-25
3599,메가엠지씨커피동탄우미뉴브점,휴게음식점,2025-04-17,,39.48,"경기도 화성시 동탄구 동탄대로23길121,우미뉴브1층140호(영천동)",경기도 화성시 동탄구 영천동851우미뉴브,2026-06-25
3600,맘스피자동탄2신도시점,휴게음식점,2025-04-22,,50.9,"경기도 화성시 동탄구 동탄대로시범길134,판매시설동1층1052,1053호일부호(청계동,동탄역시범반도유보라아이비파크4.0)",경기도 화성시 동탄구 청계동536동탄역시범반도유보라아이비파크4.0,2026-06-25
3601,화이트스노우동탄점,휴게음식점,2025-04-23,,40.65,"경기도 화성시 동탄구 동탄순환대로686,삼우메디타워1층109호(영천동)",경기도 화성시 동탄구 영천동681-8,2026-06-25
3602,파머스포케동탄그란비아스타점,휴게음식점,2025-04-24,,144.64,"경기도 화성시 동탄구 동탄대로446,동탄역그란비아스타4층4002호(청계동)",경기도 화성시 동탄구 청계동564동탄역그란비아스타,2026-06-25
3603,대박국수,휴게음식점,2025-04-25,,46,"경기도 화성시 동탄구 동탄역로196,1층L1-103호(여울동,동탄역예미지시그너스)",경기도 화성시 동탄구 여울동967-62동탄역예미지시그너스,2026-06-25
3604,매머드커피익스프레스동탄실리콘앨리,휴게음식점,2025-04-25,,39.52,"경기도 화성시 동탄구 동탄영천로150,현대실리콘앨리동탄S동지1층B130호(영천동)",경기도 화성시 동탄구 영천동844-1,2026-06-25
3605,메종원스이어,휴게음식점,2025-04-28,,9.91,"경기도 화성시 동탄구 동탄역로160,롯데백화점동탄점지하1층일부호(여울동)",경기도 화성시 동탄구 여울동1089동탄역롯데캐슬,2026-06-25
3606,(주)동춘당동탄IX타워점,휴게음식점,2025-04-28,,23.49,"경기도 화성시 동탄구 동탄첨단산업1로27,금강펜테리움IX타워1층M36호(영천동)",경기도 화성시 동탄구 영천동823-6금강펜테리움IX타워,2026-06-25
3607,우지커피동탄역르보아시티점,휴게음식점,2025-04-30,,45.44,"경기도 화성시 동탄구 동탄대로557-9,우성르보아시티B동(상가동)1층121호(여울동)",경기도 화성시 동탄구 여울동1088-2우성르보아시티,2026-06-25
3608,사과당동탄카림애비뉴점,휴게음식점,2025-05-07,,42.93,"경기도 화성시 동탄구 동탄대로시범길134,1층1049호(청계동,동탄역시범반도유보라아이비파크4.0)",경기도 화성시 동탄구 청계동536동탄역시범반도유보라아이비파크4.0,2026-06-25
3609,던킨동탄호수공원점,휴게음식점,2025-05-08,,46.36,"경기도 화성시 동탄구 동탄순환대로127-9,우성애비뉴타워1층102호(산척동)",경기도 화성시 동탄구 산척동728-5우성애비뉴타워,2026-06-25
3610,StresseD(스트레스드),휴게음식점,2025-05-08,,55.59,"경기도 화성시 동탄구 왕배산1길3-12,1층일부(102)호(목동)",경기도 화성시 동탄구 목동449-6,2026-06-25
3611,매머드커피익스프레스동탄역디에트르점,휴게음식점,2025-05-08,,41.77,"경기도 화성시 동탄구 동탄오산로29,동탄2신도시동탄역디에트르퍼스티지판매시설동1층D-126호(여울동)",경기도 화성시 동탄구 여울동979,2026-06-25
3612,스택빈동탄점,휴게음식점,2025-05-09,,13.72,"경기도 화성시 동탄구 동탄대로14길5-25,1동1층일부(103호)호(여울동)",경기도 화성시 동탄구 여울동1030-12,2026-06-25
3613,씨유동탄하우스디레이크점,휴게음식점,2025-05-19,,3.3,"경기도 화성시 동탄구 동탄대로9길19,상가1동1층101호일부호(송동,동탄2신도시하우스디더레이크)",경기도 화성시 동탄구 송동693동탄2신도시하우스디더레이크,2026-06-25
3614,씨유(CU)동탄나래울점,휴게음식점,2025-05-19,,3.3,"경기도 화성시 동탄구 여울로2길34,1층일부호(능동)",경기도 화성시 동탄구 능동1138-1,2026-06-25
3615,투썸플레이스동탄여울공원점,휴게음식점,2025-05-20,,170.9,"경기도 화성시 동탄구 동탄기흥로447-32,1층104,105,106,107,108호(여울동)",경기도 화성시 동탄구 여울동976-1,2026-06-25
3616,삼성SDI동탄투썸플레이스점,휴게음식점,2025-05-20,02-3400-7788,50.42,"경기도 화성시 동탄구 동탄오산로29,동탄2신도시동탄역디에트로퍼스티지판매시설1층E-114호(여울동)",경기도 화성시 동탄구 여울동979,2026-06-25
3617,우지커피동탄역디에트르점,휴게음식점,2025-05-20,,43.15,"경기도 화성시 동탄구 동탄오산로29,동탄2신도시동탄역디에트르퍼스티지판매시설1층C-111호(여울동)",경기도 화성시 동탄구 여울동979,2026-06-25
3618,땡큐꼬마김밥동탄역점,휴게음식점,2025-05-21,,28.29,"경기도 화성시 동탄구 동탄역로54,112동1층1166호(여울동,동탄역헤리엇)",경기도 화성시 동탄구 여울동1023동탄역헤리엇,2026-06-25
3619,세븐일레븐화성반송점,휴게음식점,2025-05-21,,3.3,"경기도 화성시 동탄구 동탄반송3길30-1,1층일부호(반송동)",경기도 화성시 동탄구 반송동23-13,2026-06-25
3620,쿠케키크,휴게음식점,2025-05-22,,32.12,"경기도 화성시 동탄구 동탄오산로29,동탄2신도시동탄역디에트르퍼스티지판매시설동지1층C-B107호(여울동)",경기도 화성시 동탄구 여울동979,2026-06-25
3621,크크머핀,휴게음식점,2025-05-30,,36.72,"경기도 화성시 동탄구 동탄신리천로414,1동1층120호(목동)",경기도 화성시 동탄구 목동496-5,2026-06-25
3622,피에이알케이,휴게음식점,2025-06-02,,13.87,"경기도 화성시 동탄구 동탄대로677-10,동탄IT밸리지식산업센터1층101-1호(영천동)",경기도 화성시 동탄구 영천동846-3,2026-06-25
3623,올드페리도넛동탄점,휴게음식점,2025-06-02,031-8059-8150,36.85,"경기도 화성시 동탄구 동탄반석로196,아이프라자1층107호(반송동)",경기도 화성시 동탄구 반송동88-13아이프라자,2026-06-25
3624,씨유동탄35단지점,휴게음식점,2025-06-02,,3.3,"경기도 화성시 동탄구 동탄순환대로10길42,화성동탄2엘에이치35단지상가동1층101호일부호(산척동)",경기도 화성시 동탄구 산척동747,2026-06-25
3625,이삭토스트화성동탄능동점,휴게음식점,2025-06-04,,42.58,"경기도 화성시 동탄구 동탄지성로135,동탄엠플렉스1층102호(능동)",경기도 화성시 동탄구 능동1114-5동탄엠플렉스,2026-06-25
3626,메가엠지씨커피동탄나루교사거리점,휴게음식점,2025-06-04,,36.36,"경기도 화성시 동탄구 노작로3길3,1층일부(101)호(반송동)",경기도 화성시 동탄구 반송동126-3,2026-06-25
3627,씨유동탄상록점,휴게음식점,2025-06-05,,3.3,"경기도 화성시 동탄구 동탄원천로315-18,상가동지1층104호일부호(능동,동탄능동마을상록예가아파트)",경기도 화성시 동탄구 능동1087동탄능동마을상록예가아파트,2026-06-25
3628,꿈꾸는다섯손가락동탄호수공원점,휴게음식점,2025-06-09,,146.4,"경기도 화성시 동탄구 동탄순환대로3길42-1,1층전체호(송동)",경기도 화성시 동탄구 송동704-13,2026-06-25
3629,스프링롤명가동탄2신도시점,휴게음식점,2025-06-10,,36.93,"경기도 화성시 동탄구 동탄대로591,1층102호(영천동)",경기도 화성시 동탄구 영천동658-4,2026-06-25
3630,헤이보울(HeiBowl),휴게음식점,2025-06-10,,38.18,"경기도 화성시 동탄구 동탄신리천로411,우성스타타워1층102호(목동)",경기도 화성시 동탄구 목동487-5,2026-06-25
3631,궁꽈배기센트럴파크반송점,휴게음식점,2025-06-10,,41.81,"경기도 화성시 동탄구 동탄지성로125,토마토프라자1층106호(반송동)",경기도 화성시 동탄구 반송동43-1토마토프라자,2026-06-25
3632,새미로소금빵,휴게음식점,2025-06-13,,46.8,"경기도 화성시 동탄구 동탄기흥로447-32,동탄헤미쉬1층101호(여울동)",경기도 화성시 동탄구 여울동976-1,2026-06-25
3633,매머드커피익스프레스동탄카림점,휴게음식점,2025-06-17,,46.11,"경기도 화성시 동탄구 동탄대로시범길134,판매시설동1층1055호(청계동,동탄역시범반도유보라아이비파크4.0)",경기도 화성시 동탄구 청계동536동탄역시범반도유보라아이비파크4.0,2026-06-25
3634,파티센타동탄농협CK,휴게음식점,2025-06-17,,94.5,"경기도 화성시 동탄구 동탄순환대로27길30,동탄농수산물종합유통센터가동5층일부호(영천동)",경기도 화성시 동탄구 영천동603-1,2026-06-25
3635,빅원2호,휴게음식점,2025-06-20,,10,"경기도 화성시 동탄구 동탄순환대로29길38,치동천체육공원(영천동)",경기도 화성시 동탄구 영천동670-2,2026-06-25
3636,CREVIANG(크레비앙),휴게음식점,2025-06-24,,27.46,"경기도 화성시 동탄구 동탄대로5길15,더샵동탄센텀폴리스1단지1층1026호(송동)",경기도 화성시 동탄구 송동725-4더샵동탄센텀폴리스1단지,2026-06-25
3637,우지커피동탄삼성반도체점,휴게음식점,2025-06-25,,99.2,"경기도 화성시 동탄구 삼성1로160,디지털스테이션1층102,103호(석우동)",경기도 화성시 동탄구 석우동31-2디지털스테이션,2026-06-25
3638,배스킨라빈스동탄스타필드마켓점,휴게음식점,2025-07-01,,35.48,"경기도 화성시 동탄구 동탄중앙로376,화성동탄이마트2층일부호(석우동)",경기도 화성시 동탄구 석우동44화성동탄이마트,2026-06-25
3639,리틀꼬마김밥동탄나루마을점,휴게음식점,2025-07-02,,42,"경기도 화성시 동탄구 동탄솔빛로65,정림프라자1층107호(반송동)",경기도 화성시 동탄구 반송동219-3정림프라자,2026-06-25
3640,호두당동탄역디에트르점,휴게음식점,2025-07-04,,27.32,"경기도 화성시 동탄구 동탄오산로29,동탄2신도시동탄역디에트르퍼스티지판매시설1층A-113호(여울동)",경기도 화성시 동탄구 여울동979,2026-06-25
3641,카페인중독동탄점,휴게음식점,2025-07-04,,49.24,"경기도 화성시 동탄구 동탄대로676,힐스테이트동탄역멀티플라이어근린생활시설동지하1층B123호(영천동)",경기도 화성시 동탄구 영천동872힐스테이트동탄역멀티플라이어,2026-06-25
3642,삼맛종합분식동탄스타필드마켓,휴게음식점,2025-07-11,,51.46,"경기도 화성시 동탄구 동탄중앙로376,화성동탄E-Mart2층일부호(석우동)",경기도 화성시 동탄구 석우동44화성동탄이마트,2026-06-25
3643,(주)이마트동탄점,휴게음식점,2025-07-14,,35.31,"경기도 화성시 동탄구 동탄중앙로376,화성동탄이마트지하1층일부(회코너)호(석우동)",경기도 화성시 동탄구 석우동44화성동탄이마트,2026-06-25
3644,우지커피동탄삼성어반타워점,휴게음식점,2025-07-14,,49.81,"경기도 화성시 동탄구 동탄대로637,삼성어반타워1층108호(영천동)",경기도 화성시 동탄구 영천동852-2,2026-06-25
3645,지에스25동탄호수길점,휴게음식점,2025-07-15,,3.3,"경기도 화성시 동탄구 동탄대로6길84,상가동1층101일부호(산척동,더레이크시티부영6단지)",경기도 화성시 동탄구 산척동733더레이크시티부영6단지,2026-06-25
3646,달빛과일(동탄점),휴게음식점,2025-07-15,,51.59,"경기도 화성시 동탄구 지산1길17-8,1층102호(영천동)",경기도 화성시 동탄구 영천동686-6,2026-06-25
3647,지에스25뉴동탄영천점,휴게음식점,2025-07-16,,3.3,"경기도 화성시 동탄구 지산2길3-1,1층일부호(영천동)",경기도 화성시 동탄구 영천동699-1,2026-06-25
3648,씨유뉴동탄강산프라자점,휴게음식점,2025-07-24,,3.3,"경기도 화성시 동탄구 동탄순환대로29길62,디스퀘어리버1층103,104일부호(영천동)",경기도 화성시 동탄구 영천동675-5,2026-06-25
3649,이사부족발,휴게음식점,2025-07-25,,9.9,"경기도 화성시 동탄구 동탄역로160,롯데백화점동탄점지1층일부호(여울동)",경기도 화성시 동탄구 여울동1089동탄역롯데캐슬,2026-06-25
3650,메가엠지씨커피동탄예당마을점,휴게음식점,2025-07-28,,31.5,"경기도 화성시 동탄구 동탄반석로230,동탄예당마을신일유토빌상가동1층111호(석우동)",경기도 화성시 동탄구 석우동56동탄예당마을신일유토빌,2026-06-25
3651,컴포즈커피동탄영천골드프라자점,휴게음식점,2025-07-28,,39.14,"경기도 화성시 동탄구 동탄영천로81-5,골든프라자1층111호(영천동)",경기도 화성시 동탄구 영천동880-6,2026-06-25
3652,지에스25동탄방교리1점,휴게음식점,2025-07-31,,3.3,경기도 화성시 동탄구 동탄기흥로31(주)제이앤에스1층108호일부호(방교동),경기도 화성시 동탄구 방교동844-4,2026-06-25
3653,24시무인카페만월경동탄행복점,휴게음식점,2025-07-31,,68.64,"경기도 화성시 동탄구 동탄기흥로277번길12,상가동1층110호일부호(여울동,동탄2LHC26단지)",경기도 화성시 동탄구 여울동1017동탄2LHC26단지,2026-06-25
3654,24시무인카페하루종일,휴게음식점,2025-08-01,,46.43,"경기도 화성시 동탄구 동탄대로14길6-18,1층일부(101)호(여울동)",경기도 화성시 동탄구 여울동1036-8,2026-06-25
3655,커피사피엔스동탄삼성DSR점,휴게음식점,2025-08-01,,56.28,"경기도 화성시 동탄구 삼성1로5길7-7,우석LODESTAR오피스텔1층111,112호(석우동)",경기도 화성시 동탄구 석우동3-2,2026-06-25
3656,기기커피솔빛나루점,휴게음식점,2025-08-05,,49.14,"경기도 화성시 동탄구 동탄솔빛로62,리첸프라자1층107호(반송동)",경기도 화성시 동탄구 반송동217-1리첸프라자,2026-06-25
3657,앤티앤스동탄레이크꼬모점,휴게음식점,2025-08-07,,20.98,"경기도 화성시 동탄구 동탄대로181,판매시설A동1층176호(송동,동탄린스트라우스더레이크)",경기도 화성시 동탄구 송동694동탄린스트라우스더레이크,2026-06-25
3658,지에스25동탄푸르지오,휴게음식점,2025-08-08,,3.3,"경기도 화성시 동탄구 동탄순환대로26길81,동탄행복마을푸르지오근린생활시설동지2층B208호일부호(영천동,동탄행복마을푸르지오)",경기도 화성시 동탄구 영천동718동탄행복마을푸르지오,2026-06-25
3659,온커피로스터스,휴게음식점,2025-08-12,,23.35,"경기도 화성시 동탄구 동탄기흥로614,더퍼스트타워투1층124호일부호(영천동)",경기도 화성시 동탄구 영천동835-1,2026-06-25
3660,CoffeeConnect(커피커넥트ASML화성),휴게음식점,2025-08-18,,38,"경기도 화성시 동탄구 동탄대로9가길47,ASML화성뉴캠퍼스P11층일부호(송동)",경기도 화성시 동탄구 송동682-2ASML화성뉴캠퍼스P1,2026-06-25
3661,이삭토스트화성동탄역점,휴게음식점,2025-08-18,,35.72,"경기도 화성시 동탄구 동탄대로489,동탄역우성타워1층103호(여울동)",경기도 화성시 동탄구 여울동969-3동탄역우성타워,2026-06-25
3662,씨유동탄파크릭스점,휴게음식점,2025-08-19,,3.3,"경기도 화성시 동탄구 동탄신리천로5길79,지하1층108,109일부호(신동,동탄파크릭스A52BL아파트)",경기도 화성시 동탄구 신동0동탄파크릭스A52BL아파트,2026-06-25
3663,씨유신동힐스포레점,휴게음식점,2025-08-21,,3.3,"경기도 화성시 동탄구 동탄신리천로4길47,근린생활시설동지1층B102,B103호일부호(신동,힐스테이트동탄포레)",경기도 화성시 동탄구 신동561-1힐스테이트동탄포레,2026-06-25
3664,풀동네,휴게음식점,2025-08-25,,51,"경기도 화성시 동탄구 동탄대로14길5-71,1층일부호(여울동)",경기도 화성시 동탄구 여울동1038-9,2026-06-25
3665,우지커피동탄산척점,휴게음식점,2025-08-28,,56.68,"경기도 화성시 동탄구 동탄순환대로263,풍산리치안타워1층104호(산척동)",경기도 화성시 동탄구 산척동723,2026-06-25
3666,야시장,휴게음식점,2025-08-28,,16.8,"경기도 화성시 동탄구 동탄순환대로27길30,동탄농수산물종합유통센터가동1층일부호(영천동)",경기도 화성시 동탄구 영천동603-1,2026-06-25
3667,(주)아워홈아이텍반도체화성점,휴게음식점,2025-08-28,,3.3,"경기도 화성시 동탄구 동탄산단4길9-15,아이텍반도체(주)2동복지동1층일부호(방교동)",경기도 화성시 동탄구 방교동839-4아이텍반도체(주),2026-06-25
3668,유즈(yuj),휴게음식점,2025-08-29,,49.5,"경기도 화성시 동탄구 동탄대로14길6-2,1층일부(102)호(여울동)",경기도 화성시 동탄구 여울동1036-1,2026-06-25
3669,포텐슈타인,휴게음식점,2025-09-01,,118.56,"경기도 화성시 동탄구 여울로4길31-13,1층전체호(능동)",경기도 화성시 동탄구 능동1095-19,2026-06-25
3670,설빙(동탄목동점),휴게음식점,2025-09-01,,148.74,"경기도 화성시 동탄구 동탄신리천로414,1동지상2층205호(목동)",경기도 화성시 동탄구 목동496-5,2026-06-25
3671,에밀리아젤라또동탄영천점,휴게음식점,2025-09-04,,31.6,"경기도 화성시 동탄구 동탄첨단산업1로27,금강펜테리움IX타워근린생활시설동1층M66호(영천동)",경기도 화성시 동탄구 영천동823-6금강펜테리움IX타워,2026-06-25
3672,그레이핍플청계점,휴게음식점,2025-09-04,,42.66,"경기도 화성시 동탄구 동탄대로시범길148-14,인터프라임1동1층107호(청계동)",경기도 화성시 동탄구 청계동535-3,2026-06-25
3673,사과당동탄호수공원점,휴게음식점,2025-09-08,,30.81,"경기도 화성시 동탄구 동탄대로5길15,더샵동탄센텀폴리스1단지그랑파사쥬1층1017호(송동)",경기도 화성시 동탄구 송동725-4더샵동탄센텀폴리스1단지,2026-06-25
3674,네모와동그라미,휴게음식점,2025-09-08,,49.4,"경기도 화성시 동탄구 동탄솔빛로54,엔타워1층108호(반송동)",경기도 화성시 동탄구 반송동217-4엔타워,2026-06-25
3675,오늘모찌,휴게음식점,2025-09-09,,30,"경기도 화성시 동탄구 동탄대로19길10,신유메디프라자1층105일부호(여울동)",경기도 화성시 동탄구 여울동969-4,2026-06-25
3676,하이드뷰hydeview,휴게음식점,2025-09-11,,272.35,"경기도 화성시 동탄구 노작로1가길10,웨이브빌딩주건축물제1동1층전체호(반송동)",경기도 화성시 동탄구 반송동763,2026-06-25
3677,노스커피바(Noscoffeebar),휴게음식점,2025-09-12,,43.66,"경기도 화성시 동탄구 동탄신리천로406,동탄리더스퀘어1층121호(목동)",경기도 화성시 동탄구 목동496-2,2026-06-25
3678,블럭팡앤꼬마자동차,휴게음식점,2025-09-16,,30,"경기도 화성시 동탄구 동탄대로8길60,리버파크1동지3층B306,B307호일부호(산척동)",경기도 화성시 동탄구 산척동725-2,2026-06-25
3679,사과당YY,휴게음식점,2025-09-19,,64.22,"경기도 화성시 동탄구 동탄중앙로220,A블럭동3층304-2호(반송동,메타폴리스)",경기도 화성시 동탄구 반송동96메타폴리스,2026-06-25
3680,인사이드커피랩,휴게음식점,2025-09-19,,30,"경기도 화성시 동탄구 노작로2길20-1,1층일부(101)호(반송동)",경기도 화성시 동탄구 반송동123-20,2026-06-25
3681,씨유신동파크릭스점,휴게음식점,2025-09-19,,3.3,"경기도 화성시 동탄구 동탄신리천로5길111,지하2층일부호(신동,동탄파크릭스A51-2BL아파트)",경기도 화성시 동탄구 신동167-1동탄파크릭스A51-2BL아파트,2026-06-25
3682,헤라PC,휴게음식점,2025-09-19,,24,"경기도 화성시 동탄구 동탄순환대로127-23,우성에듀파크6층601~605일부호(산척동)",경기도 화성시 동탄구 산척동728-2우성에듀파크,2026-06-25
3683,씨유동탄푸르지오시티점,휴게음식점,2025-09-22,,3.3,"경기도 화성시 동탄구 동탄대로551-16,동탄역푸르지오시티1층122호,123호일부호(여울동)",경기도 화성시 동탄구 여울동1088-1동탄역푸르지오시티,2026-06-25
3684,머쉬멜트,휴게음식점,2025-09-25,,39.2,"경기도 화성시 동탄구 동탄첨단산업1로58,FIRSTKOREA1층152,153호(영천동)",경기도 화성시 동탄구 영천동827-1,2026-06-25
3685,라피나플라워앤케이크,휴게음식점,2025-09-25,,26.4,"경기도 화성시 동탄구 동탄장지천5길16-10,1층일부(103)호(장지동)",경기도 화성시 동탄구 장지동956-7,2026-06-25
3686,이르미비르,휴게음식점,2025-09-26,,52,"경기도 화성시 동탄구 동탄치동천로3길34,1층일부(102호)호(영천동)",경기도 화성시 동탄구 영천동745-7,2026-06-25
3687,온무드커피,휴게음식점,2025-09-29,,81.09,"경기도 화성시 동탄구 동탄대로14길27,1층일부(102)호(여울동)",경기도 화성시 동탄구 여울동1033-9,2026-06-25
3688,달아스토어,휴게음식점,2025-10-02,,6.6,"경기도 화성시 동탄구 동탄중앙로101,동탄새강마을휴먼시아아파트나상가동1층102호(반송동)",경기도 화성시 동탄구 반송동159동탄새강마을휴먼시아아파트,2026-06-25
3689,우지커피동탄삼성디오네점,휴게음식점,2025-10-10,,88.55,"경기도 화성시 동탄구 삼성1로209,1층107,108호(석우동)",경기도 화성시 동탄구 석우동18-4,2026-06-25
3690,테라커피(동탄카림점),휴게음식점,2025-10-13,,51.84,"경기도 화성시 동탄구 동탄대로시범길134,판매시설동지1층34호(청계동,동탄역시범반도유보라아이비파크4.0)",경기도 화성시 동탄구 청계동536동탄역시범반도유보라아이비파크4.0,2026-06-25
3691,우지커피동탄파크릭스점,휴게음식점,2025-10-13,,40.74,"경기도 화성시 동탄구 동탄신리천로5길43,근린생활시설-1동지1층103호(신동,동탄파크릭스A55BL아파트)",경기도 화성시 동탄구 신동735동탄파크릭스A55BL아파트,2026-06-25
3692,나나온열카페,휴게음식점,2025-10-14,,38,"경기도 화성시 동탄구 동탄공원로3길9,1층일부(101호)호(반송동)",경기도 화성시 동탄구 반송동51-1,2026-06-25
3693,스타푸드,휴게음식점,2025-10-15,,10,경기도 화성시 동탄구 동부대로1063-2(여울동),경기도 화성시 동탄구 여울동1060동탄여울공원축구장일원,2026-06-25
3694,우지커피동탄방교점,휴게음식점,2025-10-16,,81.14,"경기도 화성시 동탄구 동탄기흥로257번가길7,프리모코아1층107호(방교동)",경기도 화성시 동탄구 방교동778-3,2026-06-25
3695,바나타이거동탄금곡점,휴게음식점,2025-10-16,,64.8,"경기도 화성시 동탄구 금곡로257,1층일부호(금곡동)",경기도 화성시 동탄구 금곡동146-7,2026-06-25
3696,씨유동탄센트럴푸르지오점,휴게음식점,2025-10-21,,3.3,"경기도 화성시 동탄구 동탄순환대로21길54,근린생활시설동지1층213,214호일부호(청계동,동탄역센트럴푸르지오)",경기도 화성시 동탄구 청계동538동탄역센트럴푸르지오,2026-06-25
3697,차고달고아이스크림,휴게음식점,2025-10-23,,35.2,"경기도 화성시 동탄구 동탄대로시범길168,지1층102호(청계동,동탄역시범반도유보라아이비파크1.0)",경기도 화성시 동탄구 청계동533동탄역시범반도유보라아이비파크1.0,2026-06-25
3698,씨유동탄나루마을점,휴게음식점,2025-10-27,,3.3,"경기도 화성시 동탄구 동탄반석로44,동탄나루마을한화꿈에그린우림필유상가동1층101,102일부호(반송동)",경기도 화성시 동탄구 반송동222동탄나루마을한화꿈에그린우림필유,2026-06-25
3699,지에스25동탄휴먼시아점,휴게음식점,2025-10-29,,3.3,"경기도 화성시 동탄구 동탄중앙로101,동탄새강마을휴먼시아아파트나상가동1층103,104호일부호(반송동)",경기도 화성시 동탄구 반송동159동탄새강마을휴먼시아아파트,2026-06-25
3700,포우즈데이(PawsDay),휴게음식점,2025-10-30,,128.41,"경기도 화성시 동탄구 동탄순환대로16길14-3,1층전체호(산척동)",경기도 화성시 동탄구 산척동804-11,2026-06-25
3701,ACECOFFEE에이스커피,휴게음식점,2025-10-30,,47.25,"경기도 화성시 동탄구 동탄영천로150,현대실리콘앨리동탄S동지1층B123호(영천동)",경기도 화성시 동탄구 영천동844-1,2026-06-25
3702,화성시니어클럽노노카페화성동탄중앙도서관점,휴게음식점,2025-10-31,,25,"경기도 화성시 동탄구 동탄중앙로120,화성동탄중앙도서관2층일부호(반송동)",경기도 화성시 동탄구 반송동139화성동탄중앙도서관,2026-06-25
3703,씨제이프레시웨이(주)쿠팡동탄1센터점카페,휴게음식점,2025-11-03,,26,"경기도 화성시 동탄구 동탄물류1로13,화성동탄물류단지(A블럭)지하1층일부,4층일부호(신동)",경기도 화성시 동탄구 신동703,2026-06-25
3704,블랑제리르가르쏭(BoulangerieLEGARCON),휴게음식점,2025-11-04,,136.17,"경기도 화성시 동탄구 동탄순환대로3길28-6,1층전체호(송동)",경기도 화성시 동탄구 송동703-13,2026-06-25
3705,컴포즈숨마데시앙점,휴게음식점,2025-11-04,,64,"경기도 화성시 동탄구 동탄신리천로3길71,상가동지1층105,106호(신동)",경기도 화성시 동탄구 신동729,2026-06-25
3706,세븐일레븐동탄능동중앙점,휴게음식점,2025-11-06,,3.3,"경기도 화성시 동탄구 동탄원천로289-10,동탄능동마을주공아파트나상가동1층102호(능동)",경기도 화성시 동탄구 능동1083동탄능동마을주공아파트,2026-06-25
3707,붕학당,휴게음식점,2025-11-10,,39.2,"경기도 화성시 동탄구 동탄순환대로696,경서프라자1층105호(영천동)",경기도 화성시 동탄구 영천동681-5,2026-06-25
3708,러블리츄로스,휴게음식점,2025-11-12,,9,,"경기도 화성시 동탄구 산척동674-30,왕배산체육공원",2026-06-25
3709,지에스25레이크반도점,휴게음식점,2025-11-12,,3.3,"경기도 화성시 동탄구 동탄대로4길95,3418동지1층B106~B109호(장지동,레이크반도유보라아이비파크9.0)",경기도 화성시 동탄구 장지동1009레이크반도유보라아이비파크9.0,2026-06-25
3710,더벤티동탄장지점,휴게음식점,2025-11-13,,45,"경기도 화성시 동탄구 동탄장지천5길4-1,1층일부(102)호(장지동)",경기도 화성시 동탄구 장지동962-5,2026-06-25
3711,카페샬롬,휴게음식점,2025-11-14,,36.64,"경기도 화성시 동탄구 동탄영천로150,현대실리콘앨리동탄S동1층140호(영천동)",경기도 화성시 동탄구 영천동844-1,2026-06-25
3712,다다팡25시셀프편의점,휴게음식점,2025-11-14,,9.9,"경기도 화성시 동탄구 동탄대로시범길253,서진프라자1층106호일부호(청계동)",경기도 화성시 동탄구 청계동514-2,2026-06-25
3713,라면먹고갈래,휴게음식점,2025-11-14,,6.6,"경기도 화성시 동탄구 동탄대로6길29,에비뉴223프라자지3층B307호일부호(산척동)",경기도 화성시 동탄구 산척동727-9,2026-06-25
3714,지에스25동탄솔빛마을점,휴게음식점,2025-11-18,,3.3,"경기도 화성시 동탄구 동탄반석로94,동탄솔빛마을경남아너스빌상가동1층102,103,104호(반송동)",경기도 화성시 동탄구 반송동132동탄솔빛마을경남아너스빌,2026-06-25
3715,이지브루잉커피동탄목동점,휴게음식점,2025-11-24,,43.81,"경기도 화성시 동탄구 동탄신리천로408,M메디컬프라자1층107호(목동)",경기도 화성시 동탄구 목동496-4,2026-06-25
3716,장미꽃떡볶이라면,휴게음식점,2025-11-24,,34.83,"경기도 화성시 동탄구 동탄신리천로407,동탄더리더스1층110호(목동)",경기도 화성시 동탄구 목동487-4,2026-06-25
3717,씨유동탄산업단지점,휴게음식점,2025-11-24,,3.3,"경기도 화성시 동탄구 동탄기흥로125,태흥프라자1층103일부호(방교동)",경기도 화성시 동탄구 방교동833-6,2026-06-25
3718,동탄김밥&샌드위치,휴게음식점,2025-11-24,,35.13,"경기도 화성시 동탄구 동탄신리천로4길48,근린생활시설-2동지1층113호(신동,호반써밋동탄)",경기도 화성시 동탄구 신동885호반써밋동탄,2026-06-25
3719,주식회사매머드익스프레스동탄프리미엄아울렛점,휴게음식점,2025-11-26,,91.45,"경기도 화성시 동탄구 동탄기흥로257번가길24-3,1층일부호(방교동)",경기도 화성시 동탄구 방교동771-8,2026-06-25
3720,명장베이커리카페,휴게음식점,2025-11-28,,134.75,"경기도 화성시 동탄구 큰재봉길23-11,동탄삼성쉐르빌1층103,104호(석우동)",경기도 화성시 동탄구 석우동36-1동탄삼성쉐르빌,2026-06-25
3721,우지커피동탄에듀몰점,휴게음식점,2025-11-28,,42.92,"경기도 화성시 동탄구 동탄기흥로353번길99-3,유즈타워주건축물제1동1층105호(여울동)",경기도 화성시 동탄구 여울동997-1,2026-06-25
3722,델리퀸오븐치킨(동탄점),휴게음식점,2025-12-02,,9.9,"경기도 화성시 동탄구 노작로4길12,1층일부호(반송동)",경기도 화성시 동탄구 반송동122-12,2026-06-25
3723,주식회사지에스25동탄아이비,휴게음식점,2025-12-02,,3.3,"경기도 화성시 동탄구 동탄광역환승로63,106동1층151호(여울동,동탄역반도유보라아이비파크7.0)",경기도 화성시 동탄구 여울동971동탄역반도유보라아이비파크7.0,2026-06-25
3724,보따리분식,휴게음식점,2025-12-08,,45.67,"경기도 화성시 동탄구 동탄순환대로127-23,우성에듀파크1층113호(산척동)",경기도 화성시 동탄구 산척동728-2우성에듀파크,2026-06-25
3725,모리,휴게음식점,2025-12-12,,46.53,"경기도 화성시 동탄구 동탄기흥로590,동탄센트럴에이스타워1층171호(영천동)",경기도 화성시 동탄구 영천동837동탄센트럴에이스타워,2026-06-25
3726,커피라운지25,휴게음식점,2025-12-12,,33.05,"경기도 화성시 동탄구 동탄하나3길3-1,1층일부(103)호(능동)",경기도 화성시 동탄구 능동1076-2,2026-06-25
3727,코인워시365,휴게음식점,2025-12-18,,7.14,"경기도 화성시 동탄구 동탄산척로2길56,지3층105호일부호(산척동,동탄호수공원금강펜테리움센트럴파크II)",경기도 화성시 동탄구 산척동789동탄호수공원금강펜테리움센트럴파크II,2026-06-25
3728,우지커피동탄한백점,휴게음식점,2025-12-18,,97.4,"경기도 화성시 동탄구 동탄대로24길198,1층일부(102)호(영천동)",경기도 화성시 동탄구 영천동706-4,2026-06-25
3729,차니케이크,휴게음식점,2025-12-22,,60,"경기도 화성시 동탄구 남여울1길5-4,1층일부(102)호(능동)",경기도 화성시 동탄구 능동1156-4,2026-06-25
3730,심봉사도로케화성동탄파라곤점,휴게음식점,2025-12-22,,32.19,"경기도 화성시 동탄구 동탄기흥로393-20,1층196호(여울동,동탄역파라곤)",경기도 화성시 동탄구 여울동985동탄역파라곤,2026-06-25
3731,동동꽈배기동탄목동점,휴게음식점,2025-12-24,,34.92,"경기도 화성시 동탄구 동탄순환대로20길118,우성스타파크B1층112호(목동)",경기도 화성시 동탄구 목동487-9우성스타파크B,2026-06-25
3732,오마리김밥,휴게음식점,2025-12-24,,60.86,"경기도 화성시 동탄구 동탄역로102,1층1095호(여울동,동탄역린스트라우스)",경기도 화성시 동탄구 여울동1020동탄역린스트라우스,2026-06-25
3733,아트과일,휴게음식점,2025-12-26,,3.3,"경기도 화성시 동탄구 동탄솔빛로54,엔타워1층112일부호(반송동)",경기도 화성시 동탄구 반송동217-4엔타워,2026-06-25
3734,씨유동탄서연점,휴게음식점,2025-12-26,,3.3,"경기도 화성시 동탄구 동탄대로4길18,1층A106,A107일부호(장지동,동탄호수우남더테라스)",경기도 화성시 동탄구 장지동964동탄호수우남더테라스,2026-06-25
3735,지에스25산척레이크점,휴게음식점,2025-12-29,,6.6,"경기도 화성시 동탄구 동탄대로8길35,상가동1층104,105호일부호(산척동,동탄더레이크팰리스)",경기도 화성시 동탄구 산척동718동탄더레이크팰리스,2026-06-25
3736,시모어케이크,휴게음식점,2025-12-29,,65.34,"경기도 화성시 동탄구 동탄순환대로3가길11,1층일부(102호)호(송동)",경기도 화성시 동탄구 송동711-2,2026-06-25
3737,텐퍼센트커피동탄센트럴파크점,휴게음식점,2025-12-30,,31.4,"경기도 화성시 동탄구 동탄지성로117,청윤빌딩1층일부(101)호(반송동)",경기도 화성시 동탄구 반송동43-4,2026-06-25
3738,돌돌케이크,휴게음식점,2026-01-02,,23.04,"경기도 화성시 동탄구 동탄기흥로393-20,근린생활시설동1층155호(여울동,동탄역파라곤)",경기도 화성시 동탄구 여울동985동탄역파라곤,2026-06-25
3739,홀릭바게트,휴게음식점,2026-01-02,,55.11,"경기도 화성시 동탄구 동탄순환대로878,동탄IT타워1층111호(영천동)",경기도 화성시 동탄구 영천동832-3,2026-06-25
3740,세븐일레븐동탄신안점,휴게음식점,2026-01-08,,3.3,"경기도 화성시 동탄구 동탄순환대로21길15,상가동1층101,102호일부호(청계동,동탄역신안인스빌리베라)",경기도 화성시 동탄구 청계동545동탄역신안인스빌리베라,2026-06-25
3741,젠토(JENTO),휴게음식점,2026-01-09,,21.09,"경기도 화성시 동탄구 동탄역로54,112동1층1043호(여울동,동탄역헤리엇)",경기도 화성시 동탄구 여울동1023동탄역헤리엇,2026-06-25
3742,테샤바커피(TESHAVACOFFEE),휴게음식점,2026-01-12,,91.08,"경기도 화성시 동탄구 큰재봉길23-11,동탄삼성쉐르빌1층118호(석우동)",경기도 화성시 동탄구 석우동36-1동탄삼성쉐르빌,2026-06-25
3743,우지커피동탄호반써밋점,휴게음식점,2026-01-13,,69.88,"경기도 화성시 동탄구 동탄신리천로4길48,근린생활시설-2동지1층111,112호(신동,호반써밋동탄)",경기도 화성시 동탄구 신동885호반써밋동탄,2026-06-25
3744,씨유동탄삼성디오네점,휴게음식점,2026-01-13,,3.3,"경기도 화성시 동탄구 삼성1로209,동탄삼성디오네오피스텔1층117,118일부호(석우동)",경기도 화성시 동탄구 석우동18-4,2026-06-25
3745,롯데리아동탄테크노밸리점,휴게음식점,2026-01-14,,146.31,"경기도 화성시 동탄구 동탄대로683,SHSQUAREⅡ1층110호,111호,112호,113호(영천동)",경기도 화성시 동탄구 영천동846-2,2026-06-25
3746,소금달,휴게음식점,2026-01-15,,37.84,"경기도 화성시 동탄구 동탄기흥로393-20,지1층B113호(여울동,동탄역파라곤)",경기도 화성시 동탄구 여울동985동탄역파라곤,2026-06-25
3747,씨유동탄센트럴상록점,휴게음식점,2026-01-16,,3.3,"경기도 화성시 동탄구 동탄대로22길9,상가동1층106호일부호(영천동,동탄역센트럴상록아파트)",경기도 화성시 동탄구 영천동662동탄역센트럴상록아파트,2026-06-25
3748,이디야커피화성동탄남광장점,휴게음식점,2026-01-21,,66.18,"경기도 화성시 동탄구 동탄중심상가1길15,씨티211층103호,104호(반송동)",경기도 화성시 동탄구 반송동104-8씨티21,2026-06-25
3749,남영댁커피24동탄능동점,휴게음식점,2026-01-27,,25.65,"경기도 화성시 동탄구 병점2로140,동탄숲속마을능동역리체더포레스트상가동1층102호(능동)",경기도 화성시 동탄구 능동1126동탄숲속마을풍성신미주아파트,2026-06-25
3750,미스터리,휴게음식점,2026-01-27,,10,"경기도 화성시 동탄구 동탄신리천로4길47(신동,힐스테이트동탄포레)",경기도 화성시 동탄구 신동880힐스테이트동탄포레,2026-06-25
3751,브루클린커피,휴게음식점,2026-01-27,,199.55,"경기도 화성시 동탄구 동탄순환대로20,장지동912-7제2종근린생활시설(주식회사더민아이엔디)주건축물제1동1층101~105호(장지동)",경기도 화성시 동탄구 장지동912-7,2026-06-25
3752,팬팬마라,휴게음식점,2026-01-28,,10,"경기도 화성시 동탄구 동탄신리천로4길47(신동,힐스테이트동탄포레)",경기도 화성시 동탄구 신동880힐스테이트동탄포레,2026-06-25
3753,청화,휴게음식점,2026-01-28,,10,"경기도 화성시 동탄구 동탄신리천로4길47(신동,힐스테이트동탄포레)",경기도 화성시 동탄구 신동880힐스테이트동탄포레,2026-06-25
3754,지에스25동탄포레점,휴게음식점,2026-02-06,,3.3,"경기도 화성시 동탄구 동탄신리천로1길74,1층104,105일부호(목동,호반베르디움센트럴포레)",경기도 화성시 동탄구 목동494호반베르디움센트럴포레,2026-06-25
3755,카페라스유,휴게음식점,2026-02-06,,8.4,"경기도 화성시 동탄구 동탄대로537,라스플로레스1층1124호(여울동)",경기도 화성시 동탄구 여울동1019,2026-06-25
3756,24절기,휴게음식점,2026-02-06,,118.26,"경기도 화성시 동탄구 동탄장지천3길18-1,1동1층(장지동)",경기도 화성시 동탄구 장지동933-12,2026-06-25
3757,피자스쿨동탄목동점,휴게음식점,2026-02-06,,28.05,"경기도 화성시 동탄구 동탄순환대로18길16,동탄센터프라자114호(목동)",경기도 화성시 동탄구 목동488-2동탄센터프라자,2026-06-25
3758,루아흐아뜰리에,휴게음식점,2026-02-10,,107.1,"경기도 화성시 동탄구 동탄반석로172,지1층B34호(반송동,동탄파라곤)",경기도 화성시 동탄구 반송동93-3동탄파라곤,2026-06-25
3759,레드포스PC아레나동탄남광장점,휴게음식점,2026-02-11,,16.53,"경기도 화성시 동탄구 동탄중심상가1길31,광장타워주건축물제1동5층501,502,503,504,505호(반송동)",경기도 화성시 동탄구 반송동104-5광장타워,2026-06-25
3760,이마트24동탄더큐브온에어점,휴게음식점,2026-02-12,,3.3,"경기도 화성시 동탄구 동탄대로23안길31,동탄더큐브온에어1층105호일부호(영천동)",경기도 화성시 동탄구 영천동847-3,2026-06-25
3761,세븐일레븐동탄에듀몰점,휴게음식점,2026-02-13,,3.3,"경기도 화성시 동탄구 동탄기흥로353번길99-7,동탄안강프라이빗에듀1층103호일부호(여울동)",경기도 화성시 동탄구 여울동997-3,2026-06-25
3762,우지커피동탄청계점,휴게음식점,2026-02-20,,49.2,"경기도 화성시 동탄구 동탄대로시범길253,서진프라자1층101호(청계동)",경기도 화성시 동탄구 청계동514-2,2026-06-25
3763,나인블럭동탄삼성SDI점,휴게음식점,2026-02-20,,159.37,"경기도 화성시 동탄구 동탄오산로29,E동1층128.129.130.131호(여울동,동탄2신도시동탄역디에트르퍼스티지)",경기도 화성시 동탄구 여울동979동탄2신도시동탄역디에트르퍼스티지,2026-06-25
3764,아이언앤우드카페,휴게음식점,2026-02-20,,152.4,"경기도 화성시 동탄구 풀무골로134,제2종근린생활시설2층일부호(중동)",경기도 화성시 동탄구 중동172-1,2026-06-25
3765,빵이야,휴게음식점,2026-02-26,,10,"경기도 화성시 동탄구 동탄신리천로4길47(신동,힐스테이트동탄포레)",경기도 화성시 동탄구 신동880힐스테이트동탄포레,2026-06-25
3766,요거트아이스크림의정석,휴게음식점,2026-02-26,,29.23,"경기도 화성시 동탄구 동탄공원로1길22-3,동탄공원로1길22-31층102호(반송동)",경기도 화성시 동탄구 반송동62-12,2026-06-25
3767,지에스25나눔동탄아테라점,휴게음식점,2026-02-27,,3.3,"경기도 화성시 동탄구 동탄신리천로3길59,상가동지3층110호의일부호(신동,동탄아테라파밀리에)",경기도 화성시 동탄구 신동718동탄아테라파밀리에,2026-06-25
3768,매머드커피익스프레스동탄그란비아스타점,휴게음식점,2026-03-04,,52.18,"경기도 화성시 동탄구 동탄대로446,동탄역그란비아스타1층1027호(청계동)",경기도 화성시 동탄구 청계동564동탄역그란비아스타,2026-06-25
3769,메가엠지씨커피동탄금강6차점,휴게음식점,2026-03-04,,32.4,"경기도 화성시 동탄구 동탄신리천로8길46,금강펜테리움6차센트럴파크근린생활시설1동1층108호(신동)",경기도 화성시 동탄구 신동822,2026-06-25
3770,DDOATICAKE(또아티케이크),휴게음식점,2026-03-04,,42.69,"경기도 화성시 동탄구 동탄역로54,112동1층1005호(여울동,동탄역헤리엇)",경기도 화성시 동탄구 여울동1023동탄역헤리엇,2026-06-25
3771,커피포엔(coffee4N),휴게음식점,2026-03-05,,33.67,"경기도 화성시 동탄구 동탄장지천2길14-10,1층일부(102)호(장지동)",경기도 화성시 동탄구 장지동939-1,2026-06-25
3772,씨유동탄레인보우본점,휴게음식점,2026-03-06,,3.3,"경기도 화성시 동탄구 동탄신리천로8길46,금강펜테리움6차센트럴파크근린생활시설1동1층1-110,1-111,1-112호일부호(신동)",경기도 화성시 동탄구 신동822,2026-06-25
3773,리틀꼬마김밥동탄영천점,휴게음식점,2026-03-06,,38.3,"경기도 화성시 동탄구 동탄영천로81-5,골든프라자1층112호(영천동)",경기도 화성시 동탄구 영천동880-5,2026-06-25
3774,커들리버블,휴게음식점,2026-03-10,,24.25,"경기도 화성시 동탄구 동탄중앙로157,동탄시범다은마을우남퍼스트빌상가B동1층102호(반송동)",경기도 화성시 동탄구 반송동79동탄시범다은마을우남퍼스트빌,2026-06-25
3775,지에스25동탄호수자이점,휴게음식점,2026-03-10,,3.3,"경기도 화성시 동탄구 동탄순환대로8길11,근린생활시설동1층101호의일부호(장지동,동탄호수공원자연&자이)",경기도 화성시 동탄구 장지동969동탄호수공원자연&자이,2026-06-25
3776,나루키친,휴게음식점,2026-03-11,,36.3,"경기도 화성시 동탄구 동탄공원로1길8-21,1층일부(101)호(반송동)",경기도 화성시 동탄구 반송동68-12,2026-06-25
3777,카페2222동탄점,휴게음식점,2026-03-12,,58.24,"경기도 화성시 동탄구 동탄장지천6길56,1층일부(101호)호(장지동)",경기도 화성시 동탄구 장지동1014-7,2026-06-25
3778,몽스피자,휴게음식점,2026-03-12,,26.98,"경기도 화성시 동탄구 동탄지성로134,한솔프라자1층110호(능동)",경기도 화성시 동탄구 능동1113-6한솔프라자,2026-06-25
3779,떡의작품동탄호수공원점,휴게음식점,2026-03-18,,48.74,"경기도 화성시 동탄구 동탄대로5길15,더샵동탄센텀폴리스1단지그랑파사쥬1층1027호(송동)",경기도 화성시 동탄구 송동725-4더샵동탄센텀폴리스1단지,2026-06-25
3780,고미베이커동탄라크몽점,휴게음식점,2026-03-18,,143.11,"경기도 화성시 동탄구 동탄대로5길21,라크몽지1층B14호(송동)",경기도 화성시 동탄구 송동726-1,2026-06-25
3781,pieces(피시스),휴게음식점,2026-03-25,,82.6,"경기도 화성시 동탄구 동탄기흥로257번나길24-9,1층일부(101호)호(방교동)",경기도 화성시 동탄구 방교동757-2,2026-06-25
3782,미라클데이,휴게음식점,2026-03-25,,10,"경기도 화성시 동탄구 동탄신리천로4길47(신동,힐스테이트동탄포레)",경기도 화성시 동탄구 신동880힐스테이트동탄포레,2026-06-25
3783,카페인중독동탄힐스테이트점,휴게음식점,2026-03-31,,34.85,"경기도 화성시 동탄구 동탄감배산로124-5,힐스테이트동탄역센트릭101동1층109호(여울동)",경기도 화성시 동탄구 여울동981-1힐스테이트동탄역센트릭,2026-06-25
3784,달인탕수육,휴게음식점,2026-04-01,,10,"경기도 화성시 동탄구 동탄신리천로5길79(신동,동탄파크릭스A52BL아파트)",경기도 화성시 동탄구 신동736동탄파크릭스A52BL아파트,2026-06-25
3785,김종구부산어묵동탄목동점,휴게음식점,2026-04-01,,33.66,"경기도 화성시 동탄구 동탄순환대로18길16,동탄센터프라자1동1층111호(목동)",경기도 화성시 동탄구 목동488-2동탄센터프라자,2026-06-25
3786,아오트케이크,휴게음식점,2026-04-02,,28,"경기도 화성시 동탄구 동탄공원로1길22-9,동탄공원로1길22-91층102호(반송동)",경기도 화성시 동탄구 반송동62-9,2026-06-25
3787,지에스25동탄펜테리움점,휴게음식점,2026-04-13,,3.3,"경기도 화성시 동탄구 동탄신리천로8길46,근린생활시설2동지1층2-B114,2-B115호일부호(신동,금강펜테리움6차센트럴파크)",경기도 화성시 동탄구 신동822금강펜테리움6차센트럴파크,2026-06-25
3788,GS25동탄위브점,휴게음식점,2026-04-13,,3.3,"경기도 화성시 동탄구 동탄공원로21-42,동탄푸른마을두산위브아파트상가동1층103,104호일부호(능동)",경기도 화성시 동탄구 능동1137동탄푸른마을두산위브아파트,2026-06-25
3789,팅글리슬라임,휴게음식점,2026-04-15,,45.99,"경기도 화성시 동탄구 동탄대로5길21,라크몽2층E213호(송동)",경기도 화성시 동탄구 송동726-1,2026-06-25
3790,오늘,휴게음식점,2026-04-16,,40.6,"경기도 화성시 동탄구 10용사1길33,1층일부호(반송동)",경기도 화성시 동탄구 반송동150-22,2026-06-25
3791,분식이네김바비,휴게음식점,2026-04-16,,32,"경기도 화성시 동탄구 동탄순환대로2길13,1층106호(장지동,동탄2엘에이치행복주택28단지)",경기도 화성시 동탄구 장지동913동탄2엘에이치행복주택28단지,2026-06-25
3792,피자스쿨동탄에듀몰점,휴게음식점,2026-04-16,,32,"경기도 화성시 동탄구 동탄기흥로353번길77,1층102호(여울동,동탄역에일린의뜰)",경기도 화성시 동탄구 여울동998동탄역에일린의뜰,2026-06-25
3793,설빙동탄산척점,휴게음식점,2026-04-21,,110.61,"경기도 화성시 동탄구 동탄순환대로249,효천프라자2층201호(산척동)",경기도 화성시 동탄구 산척동724-3,2026-06-25
3794,화성시니어클럽노노카페(동탄9동행정복지센터점),휴게음식점,2026-04-22,,16.48,"경기도 화성시 동탄구 동탄신리천로9길76,동탄9동행정복지센터1층일부호(신동)",경기도 화성시 동탄구 신동728동탄9동행정복지센터,2026-06-25
3795,가드네스(gardness),휴게음식점,2026-04-22,,43,"경기도 화성시 동탄구 동탄공원로3길18-22,1층일부(103)호(반송동)",경기도 화성시 동탄구 반송동49-9,2026-06-25
3796,아크PC방,휴게음식점,2026-04-23,,20,"경기도 화성시 동탄구 동탄솔빛로48,거택프라자2층201,202호일부호(반송동)",경기도 화성시 동탄구 반송동217-6거택프라자,2026-06-25
3797,우지커피동탄산척중앙점,휴게음식점,2026-04-27,,126.02,"경기도 화성시 동탄구 동탄산척로2나길4-4,1층전체호(산척동)",경기도 화성시 동탄구 산척동711-6,2026-06-25
3798,픽베이크,휴게음식점,2026-04-28,,53,"경기도 화성시 동탄구 동탄역로160,롯데백화점동탄점지하1층일부호(여울동)",경기도 화성시 동탄구 여울동1089동탄역롯데캐슬,2026-06-25
3799,소이담소,휴게음식점,2026-04-28,,79.38,"경기도 화성시 동탄구 동탄대로635,SHTIMESQUAREⅠ1층138호(영천동)",경기도 화성시 동탄구 영천동853-3SHTIMESQUAREⅠ,2026-06-25
3800,에스쿠도커피로스터즈,휴게음식점,2026-04-30,,54.9,"경기도 화성시 동탄구 노작로4길25-5,1층일부호(반송동)",경기도 화성시 동탄구 반송동120-9,2026-06-25
3801,도깨비버거,휴게음식점,2026-05-08,,35.57,"경기도 화성시 동탄구 동탄대로643,동탄역센테라아이티타워1층103호(영천동)",경기도 화성시 동탄구 영천동852-1,2026-06-25
3802,그릭베리동탄남광장점,휴게음식점,2026-05-11,,33.22,"경기도 화성시 동탄구 동탄중심상가1길11,SM프라자1층101호(반송동)",경기도 화성시 동탄구 반송동104-9SM프라자,2026-06-25
3803,순살치킨홀릭,휴게음식점,2026-05-11,,29.93,"경기도 화성시 동탄구 지산2길34-1,1층일부(101호)호(영천동)",경기도 화성시 동탄구 영천동707-1,2026-06-25
3804,따숨온열힐링카페,휴게음식점,2026-05-14,,25,"경기도 화성시 동탄구 동탄공원로1길26-4,1층102호일부호(반송동)",경기도 화성시 동탄구 반송동62-1,2026-06-25
3805,우지커피동탄에이스타워점,휴게음식점,2026-05-14,,46.8,"경기도 화성시 동탄구 동탄기흥로590,동탄센트럴에이스타워1층113호(영천동)",경기도 화성시 동탄구 영천동837동탄센트럴에이스타워,2026-06-25
3806,디어마이시즌,휴게음식점,2026-05-15,,42.39,"경기도 화성시 동탄구 동탄산척로2나길4-8,1층일부(103호)호(산척동)",경기도 화성시 동탄구 산척동711-4,2026-06-25
3807,셀라온씨,휴게음식점,2026-05-18,,45.57,"경기도 화성시 동탄구 남여울1길30-11,1층일부호(능동)",경기도 화성시 동탄구 능동1171-6,2026-06-25
3808,청자다방동탄한림대병원점,휴게음식점,2026-05-18,,53.2,"경기도 화성시 동탄구 삼성1로156,이너매스플래티늄1층105호(석우동)",경기도 화성시 동탄구 석우동31-3,2026-06-25
3809,텐퍼센트커피동탄남광장점,휴게음식점,2026-05-21,,46.8,"경기도 화성시 동탄구 동탄반석로120,제일프라자1층108호(반송동)",경기도 화성시 동탄구 반송동107-8제일프라자,2026-06-25
3810,마마롤,휴게음식점,2026-05-26,,32.18,"경기도 화성시 동탄구 동탄대로5길15,더샵동탄센텀폴리스1단지그랑파사쥬동5층5056호(송동)",경기도 화성시 동탄구 송동725-4더샵동탄센텀폴리스1단지,2026-06-25
3811,pickup김밥(픽업김밥),휴게음식점,2026-05-26,,28,"경기도 화성시 동탄구 동탄대로14길5-19,1층일부호(103)호(여울동)",경기도 화성시 동탄구 여울동1030-9,2026-06-25
3812,구오,휴게음식점,2026-05-27,,43.3,"경기도 화성시 동탄구 동탄역로160,롯데백화점동탄점지하1층일부호(여울동)",경기도 화성시 동탄구 여울동1089동탄역롯데캐슬,2026-06-25
3813,매머드익스프레스동탄AP점,휴게음식점,2026-05-28,,53.18,"경기도 화성시 동탄구 동탄산단8길19,1층104호(방교동)",경기도 화성시 동탄구 방교동829-1,2026-06-25
3814,지에스25동탄엠플렉스점,휴게음식점,2026-05-28,,3.3,"경기도 화성시 동탄구 동탄지성로135,동탄엠플렉스1층104호의일부호(능동)",경기도 화성시 동탄구 능동1114-5동탄엠플렉스,2026-06-25
3815,소림사동탄카림점,휴게음식점,2026-06-01,,40.32,"경기도 화성시 동탄구 동탄대로시범길134,1층1045호(청계동,동탄역시범반도유보라아이비파크4.0)",경기도 화성시 동탄구 청계동536동탄역시범반도유보라아이비파크4.0,2026-06-25
3816,더부스트,휴게음식점,2026-06-04,,7.5,"경기도 화성시 동탄구 동탄영천로150,현대실리콘앨리동탄S동지하1층B193호(영천동)",경기도 화성시 동탄구 영천동844-1,2026-06-25
3817,카페델굴,휴게음식점,2026-06-10,,3.3,"경기도 화성시 동탄구 동탄역로160,롯데백화점동탄점지하1층일부호(여울동)",경기도 화성시 동탄구 여울동1089동탄역롯데캐슬,2026-06-25
3818,스타벅스동탄산척점,휴게음식점,2026-06-10,,126.17,"경기도 화성시 동탄구 동탄순환대로257,종산타워1동1층107호,108호(산척동)",경기도 화성시 동탄구 산척동724-1,2026-06-25
3819,와플팡,휴게음식점,2026-06-11,,24.7,"경기도 화성시 동탄구 지산2길34-2,1층일부(102호)호(영천동)",경기도 화성시 동탄구 영천동708-2,2026-06-25
3820,마실,휴게음식점,2026-06-12,,51,"경기도 화성시 동탄구 동탄대로5길15,더샵동탄센텀폴리스1단지그랑파사쥬1층1018,1018-1호(송동)",경기도 화성시 동탄구 송동725-4더샵동탄센텀폴리스1단지,2026-06-25
3821,(주)제이와이에스유통,휴게음식점,2026-06-15,,3.3,"경기도 화성시 동탄구 동탄역로160,롯데백화점동탄점지하1층일부호(여울동)",경기도 화성시 동탄구 여울동1089동탄역롯데캐슬,2026-06-25
3822,어반파티오,휴게음식점,2026-06-15,,185.02,"경기도 화성시 동탄구 왕배산길7,7층704호(목동)",경기도 화성시 동탄구 목동496-1,2026-06-25
3823,나따오비까,휴게음식점,2026-06-15,,12,"경기도 화성시 동탄구 동탄역로160,롯데백화점동탄점지하1층일부호(여울동)",경기도 화성시 동탄구 여울동1089동탄역롯데캐슬,2026-06-25
3824,뚜레쥬르한림대학교동탄성심병원점,제과점영업,2024-01-19,031-8086-2966,220.44,"경기도 화성시 동탄구 큰재봉길7,한림대학교동탄성심병원본관1층일부호(석우동)",경기도 화성시 동탄구 석우동40,2026-06-25
3825,뚜레쥬르동탄목동점,제과점영업,2024-03-18,,99.4,"경기도 화성시 동탄구 동탄순환대로400,우성스타시티A1층107호,108호(목동)",경기도 화성시 동탄구 목동487-2,2026-06-25
3826,91브릭(91brick),제과점영업,2024-04-18,,158.29,"경기도 화성시 동탄구 동탄대로14길6-40,1층(여울동)",경기도 화성시 동탄구 여울동1036-18,2026-06-25
3827,베어베이글,제과점영업,2024-04-22,,28.64,"경기도 화성시 동탄구 동탄기흥로353번길99-7,1층104호(여울동)",경기도 화성시 동탄구 여울동997-3,2026-06-25
3828,노티드동탄롯데,제과점영업,2024-04-24,,134.88,"경기도 화성시 동탄구 동탄역로160,롯데백화점동탄점지하1층일부호(여울동)",경기도 화성시 동탄구 여울동1089동탄역롯데캐슬,2026-06-25
3829,사르보(SARBO),제과점영업,2024-04-29,,11.67,"경기도 화성시 동탄구 동탄대로181,판매시설A동1층166호(송동,동탄린스트라우스더레이크)",경기도 화성시 동탄구 송동694동탄린스트라우스더레이크,2026-06-25
3830,HeyD.(헤이디),제과점영업,2024-05-08,,28,"경기도 화성시 동탄구 동탄기흥로257번나길14-9,1층일부호(방교동)",경기도 화성시 동탄구 방교동755-1,2026-06-25
3831,쿠다산도,제과점영업,2024-05-13,,7.83,"경기도 화성시 동탄구 지산2길34-2,1층일부(101)호(영천동)",경기도 화성시 동탄구 영천동708-2,2026-06-25
3832,케잎크,제과점영업,2024-06-10,,32.38,"경기도 화성시 동탄구 동탄기흥로520번길13,1층일부(102)호(영천동)",경기도 화성시 동탄구 영천동800-4,2026-06-25
3833,엘더프랑동탄점,제과점영업,2024-06-10,,104.26,"경기도 화성시 동탄구 지산1길26-16,1층(영천동)",경기도 화성시 동탄구 영천동684-6,2026-06-25
3834,베이커리코너동탄카림,제과점영업,2024-06-17,,100.3,"경기도 화성시 동탄구 동탄대로시범길134,판매시설동지1층130호일부호(청계동,동탄역시범반도유보라아이비파크4.0)",경기도 화성시 동탄구 청계동536동탄역시범반도유보라아이비파크4.0,2026-06-25
3835,치플레동탄점,제과점영업,2024-06-19,,57.63,"경기도 화성시 동탄구 동탄대로5길9,더샵동탄센텀폴리스2단지그랑파사쥬동1층1045호(송동)",경기도 화성시 동탄구 송동725-1더샵동탄센텀폴리스2단지,2026-06-25
3836,"포이파이,POYPIE",제과점영업,2024-06-24,,50.1,"경기도 화성시 동탄구 지산1길26-1,지하1층(영천동)",경기도 화성시 동탄구 영천동683-1,2026-06-25
3837,브릭샌드본점,제과점영업,2024-08-14,031-377-9673,101.61,"경기도 화성시 동탄구 동탄산척로2나길10-6,1층일부호(산척동)",경기도 화성시 동탄구 산척동708-10,2026-06-25
3838,꿈을파는빵집,제과점영업,2024-09-13,,39.05,"경기도 화성시 동탄구 동탄신리천로2길66,상가동지하1층B101호(신동,동탄2신동포레경기행복주택)",경기도 화성시 동탄구 신동638동탄2신동포레경기행복주택,2026-06-25
3839,베이커리팩토리에브리데이동탄그랑파사쥬점,제과점영업,2024-10-10,02-2276-5129,3.3,"경기도 화성시 동탄구 동탄대로5길15,더샵동탄센텀폴리스1단지에브리데이동탄그랑파사쥬점지하1층B25일부호(송동)",경기도 화성시 동탄구 송동725-4더샵동탄센텀폴리스1단지,2026-06-25
3840,베이커리팩토리에브리데이동탄목동점,제과점영업,2024-10-10,,3.3,"경기도 화성시 동탄구 동탄신리천로1길4,에브리데이동탄목동점내1층일부호(목동)",경기도 화성시 동탄구 목동496-7,2026-06-25
3841,베이커리팩토리에브리데이동탄호수점,제과점영업,2024-10-10,,3.3,"경기도 화성시 동탄구 동탄대로181,B동지하1층일부호(송동,동탄린스트라우스더레이크)",경기도 화성시 동탄구 송동694동탄린스트라우스더레이크,2026-06-25
3842,(주)일리에콩브레,제과점영업,2024-10-11,,44,"경기도 화성시 동탄구 동탄대로700,샹보르줌타워1층117호(영천동)",경기도 화성시 동탄구 영천동862-3,2026-06-25
3843,화이트리에동탄점,제과점영업,2024-10-25,,47.12,"경기도 화성시 동탄구 동탄솔빛로67,성우프라자1층106호(반송동)",경기도 화성시 동탄구 반송동219-1성우프라자,2026-06-25
3844,스윗솔티,제과점영업,2024-11-04,,40,"경기도 화성시 동탄구 동탄영천로108-21,근린생활시설동1층3호,4호일부호(영천동,화성동탄2LH2단지)",경기도 화성시 동탄구 영천동864화성동탄2LH2단지,2026-06-25
3845,씨엘,제과점영업,2024-11-19,,87.45,"경기도 화성시 동탄구 지산2길31,YL151층전체호(영천동)",경기도 화성시 동탄구 영천동705-5YL15,2026-06-25
3846,POT(팟),제과점영업,2024-12-03,,100.4,"경기도 화성시 동탄구 동탄공원로3길5-1,1층전체호(반송동)",경기도 화성시 동탄구 반송동51-4,2026-06-25
3847,오르또커피하우스,제과점영업,2024-12-04,,4.95,"경기도 화성시 동탄구 동탄기흥로520번나길3-3,1층일부호(영천동)",경기도 화성시 동탄구 영천동802-2,2026-06-25
3848,케이키케이키,제과점영업,2024-12-06,,56.34,"경기도 화성시 동탄구 동탄지성로2,1층104호일부,105호(반송동,동탄플래티넘)",경기도 화성시 동탄구 반송동90-9동탄플래티넘,2026-06-25
3849,장미베이커리동탄목동점,제과점영업,2024-12-27,,39.6,"경기도 화성시 동탄구 동탄신리천로414,1층102호(목동)",경기도 화성시 동탄구 목동496-5,2026-06-25
3850,꽃열매맺다본점,제과점영업,2025-01-24,,29.62,"경기도 화성시 동탄구 동탄대로5길15,더샵동탄센텀폴리스1단지그랑파사쥬동1층1020호(송동)",경기도 화성시 동탄구 송동725-4더샵동탄센텀폴리스1단지,2026-06-25
3851,헤이디(HeyD.),제과점영업,2025-02-20,,25.8,"경기도 화성시 동탄구 동탄역로160,롯데백화점동탄점지1층일부호(여울동)",경기도 화성시 동탄구 여울동1089동탄역롯데캐슬,2026-06-25
3852,파리바게뜨동탄샹보르줌타워점,제과점영업,2025-03-05,0507-2093-8339,81.75,"경기도 화성시 동탄구 동탄대로700,샹보르줌타워1층111호(영천동)",경기도 화성시 동탄구 영천동862-3,2026-06-25
3853,아봉당,제과점영업,2025-03-06,,120.83,"경기도 화성시 동탄구 10용사로349-11,위너스프라자1층112호,113호,114호(능동)",경기도 화성시 동탄구 능동1152-1위너스프라자,2026-06-25
3854,고페르,제과점영업,2025-03-17,,76.86,"경기도 화성시 동탄구 동탄순환대로12길8,1동1층103,104호(산척동)",경기도 화성시 동탄구 산척동738-2,2026-06-25
3855,91브릭(91brick),제과점영업,2025-03-31,,67.64,"경기도 화성시 동탄구 동탄신리천로270,청아2층204호(여울동)",경기도 화성시 동탄구 여울동1040-2,2026-06-25
3856,카페바빌,제과점영업,2025-04-24,,8.3,"경기도 화성시 동탄구 동탄공원로3길9,1층1층일부(103호일부)호(반송동)",경기도 화성시 동탄구 반송동51-1,2026-06-25
3857,희담떡,제과점영업,2025-05-01,,60.1,"경기도 화성시 동탄구 동탄원천로163,위너스타1층109호(반송동)",경기도 화성시 동탄구 반송동86-4위너스타,2026-06-25
3858,유밀정케이커리,제과점영업,2025-06-05,,146.99,"경기도 화성시 동탄구 동탄순환대로3길28-10,1층전체호(송동)",경기도 화성시 동탄구 송동703-11,2026-06-25
3859,일리에콩브레,제과점영업,2025-06-11,,185.6,"경기도 화성시 동탄구 동탄대로시범길134,지1층0001호(청계동,동탄역시범반도유보라아이비파크4.0)",경기도 화성시 동탄구 청계동536동탄역시범반도유보라아이비파크4.0,2026-06-25
3860,(주)바스타미,제과점영업,2025-06-16,,66.11,"경기도 화성시 동탄구 풀무골로128-3,바스타미주건축물제1동1층일부호(중동)",경기도 화성시 동탄구 중동833-239,2026-06-25
3861,온쌀빵LH점,제과점영업,2025-06-20,,16.12,"경기도 화성시 동탄구 동탄신리천로8길15,상가동1층4호일부호(신동,동탄2엘에이치40단지)",경기도 화성시 동탄구 신동818동탄2엘에이치40단지,2026-06-25
3862,온쌀빵,제과점영업,2025-06-20,,44.09,"경기도 화성시 동탄구 동탄신리천로4길47,지1층B108호(신동,힐스테이트동탄포레)",경기도 화성시 동탄구 신동561-1힐스테이트동탄포레,2026-06-25
3863,해피메모리(HappyMemory),제과점영업,2025-07-03,,76,"경기도 화성시 동탄구 왕배산3길4,1층일부(102)호(목동)",경기도 화성시 동탄구 목동455-11,2026-06-25
3864,주식회사크렘코드,제과점영업,2025-07-29,,153.7,"경기도 화성시 동탄구 노작로4길22-2,1층(반송동)",경기도 화성시 동탄구 반송동113-8,2026-06-25
3865,카운팅스타동탄레이크꼬모점,제과점영업,2025-08-01,,30.35,"경기도 화성시 동탄구 동탄대로181,판매시설A동1층168호일부호(송동,동탄린스트라우스더레이크)",경기도 화성시 동탄구 송동694동탄린스트라우스더레이크,2026-06-25
3866,어스앤빈,제과점영업,2025-08-18,,22,"경기도 화성시 동탄구 동탄대로6길19,파케이드스타지2층B-203호일부호(산척동)",경기도 화성시 동탄구 산척동727-6,2026-06-25
3867,비밀베이커리동탄테크노밸리점,제과점영업,2025-08-25,,146.59,"경기도 화성시 동탄구 동탄기흥로520번길9,1층(영천동)",경기도 화성시 동탄구 영천동800-2,2026-06-25
3868,비밀베이커리동탄호수공원점,제과점영업,2025-08-28,,46.99,"경기도 화성시 동탄구 동탄순환대로127-17,동탄2우성메디피아1층119호(산척동)",경기도 화성시 동탄구 산척동728-4동탄2우성메디피아,2026-06-25
3869,화이트리에동탄호수공원점,제과점영업,2025-09-01,,46.2,"경기도 화성시 동탄구 동탄순환대로127-9,우성애비뉴타워1층117호(산척동)",경기도 화성시 동탄구 산척동728-5우성애비뉴타워,2026-06-25
3870,솔트앤멜로우,제과점영업,2025-09-15,,58.11,"경기도 화성시 동탄구 동탄대로시범길146,1층101호(청계동)",경기도 화성시 동탄구 청계동535-1,2026-06-25
3871,우하베이글,제과점영업,2025-09-29,,32.43,"경기도 화성시 동탄구 동탄공원로1길22-18,1층일부(102)호(반송동)",경기도 화성시 동탄구 반송동65-6,2026-06-25
3872,앙쥬르케이크,제과점영업,2025-10-17,,26.4,"경기도 화성시 동탄구 지산2길3-5,1층일부(104)호(영천동)",경기도 화성시 동탄구 영천동699-3,2026-06-25
3873,주식회사크렘코드,제과점영업,2025-11-05,,83.58,"경기도 화성시 동탄구 노작로4길22-8,1층전체호(반송동)",경기도 화성시 동탄구 반송동113-10,2026-06-25
3874,PETAL&CREME(페탈앤크렘),제과점영업,2025-12-18,,39,"경기도 화성시 동탄구 동탄반송1길20-13,1층일부(101)호(반송동)",경기도 화성시 동탄구 반송동39-10,2026-06-25
3875,오늘모찌1동탄점,제과점영업,2025-12-23,,36.9,"경기도 화성시 동탄구 동탄원천로163,위너스타1층123호(반송동)",경기도 화성시 동탄구 반송동86-4위너스타,2026-06-25
3876,폴소베이커리(Polsobakery),제과점영업,2025-12-29,,32.38,"경기도 화성시 동탄구 동탄순환대로263,풍산리치안타워1층103-1호(산척동)",경기도 화성시 동탄구 산척동723,2026-06-25
3877,베이글가든(baglegarden),제과점영업,2026-01-20,,42.73,"경기도 화성시 동탄구 동탄순환대로823,에이팩시티1층138호(영천동)",경기도 화성시 동탄구 영천동652-4에이팩시티,2026-06-25
3878,(주)신세계푸드블랑제리동탄점1,제과점영업,2026-01-26,,6.6,"경기도 화성시 동탄구 동탄중앙로376,화성동탄이마트지1층일부호(석우동)",경기도 화성시 동탄구 석우동44화성동탄이마트,2026-06-25
3879,솔트앤멜로우롯데백화점동탄점,제과점영업,2026-02-09,,73.39,"경기도 화성시 동탄구 동탄역로160,동탄역롯데캐슬판매시설지하1층일부호(여울동)",경기도 화성시 동탄구 여울동1089동탄역롯데캐슬,2026-06-25
3880,츄로츄로롯데백화점동탄점,제과점영업,2026-02-25,,26,"경기도 화성시 동탄구 동탄역로160,롯데백화점동탄점지하1층식품관일부호(여울동)",경기도 화성시 동탄구 여울동1089동탄역롯데캐슬,2026-06-25
3881,고페르랩,제과점영업,2026-03-05,,43.86,"경기도 화성시 동탄구 동탄감배산로143,203동1층167호(여울동,동탄역유림노르웨이숲)",경기도 화성시 동탄구 여울동978동탄역유림노르웨이숲,2026-06-25
3882,달곰한하루,제과점영업,2026-04-03,,37.4,"경기도 화성시 동탄구 동탄기흥로393-20,판매시설동지하1층B151호(여울동,동탄역파라곤)",경기도 화성시 동탄구 여울동985동탄역파라곤,2026-06-25
3883,그라니타시칠리아베이커,제과점영업,2026-04-08,,34,"경기도 화성시 동탄구 동탄대로4길136-30,1층일부(101호)호(장지동)",경기도 화성시 동탄구 장지동1007-5,2026-06-25
3884,밀크몽,제과점영업,2026-04-09,,37.8,"경기도 화성시 동탄구 동탄대로시범길253,서진프라자1층104호(청계동)",경기도 화성시 동탄구 청계동514-2,2026-06-25
3885,온(溫),제과점영업,2026-04-10,,32,"경기도 화성시 동탄구 동탄기흥로353번길77,209(상가)동1층105호(여울동,동탄역에일린의뜰)",경기도 화성시 동탄구 여울동998동탄역에일린의뜰,2026-06-25
3886,이치고도,제과점영업,2026-04-20,,43,"경기도 화성시 동탄구 동탄시범한빛길27,동탄시범한빛길271층103호(반송동)",경기도 화성시 동탄구 반송동18-6,2026-06-25
3887,몽스베이커리동탄목동점,제과점영업,2026-04-21,,43.92,"경기도 화성시 동탄구 동탄신리천로407,동탄더리더스1층111호(목동)",경기도 화성시 동탄구 목동487-4,2026-06-25
3888,키치앤크럼,제과점영업,2026-05-06,,42.08,"경기도 화성시 동탄구 남여울1길23,1층일부호(능동)",경기도 화성시 동탄구 능동1167-1,2026-06-25
3889,니은,제과점영업,2026-05-07,,34.71,"경기도 화성시 동탄구 동탄순환대로704,성산A타워1층107호(영천동)",경기도 화성시 동탄구 영천동681-3,2026-06-25
3890,디저트몽글몽글,제과점영업,2026-05-13,,32.2,"경기도 화성시 동탄구 동탄순환대로12길85,3655동지1층B135호(산척동,그린힐반도유보라아이비파크10)",경기도 화성시 동탄구 산척동744그린힐반도유보라아이비파크10,2026-06-25
3891,썬샤인베이크샵,제과점영업,2026-05-19,,55.68,"경기도 화성시 동탄구 동탄공원로3길18-5,1층일부(103호)호(반송동)",경기도 화성시 동탄구 반송동45-7,2026-06-25
3892,대방장동탄역점,제과점영업,2026-05-21,,298.22,"경기도 화성시 동탄구 동탄오산로29,1층D-107~114호(여울동,동탄2신도시동탄역디에트르퍼스티지)",경기도 화성시 동탄구 여울동979동탄2신도시동탄역디에트르퍼스티지,2026-06-25
3893,꾸꾸라빵(CouCouLapin),제과점영업,2026-06-02,,66,"경기도 화성시 동탄구 왕배산1길20-5,1층일부(101호)호(목동)",경기도 화성시 동탄구 목동453-3,2026-06-25
